time,pr,tas,tasmax,tasmin,evspsblpot
1981-01-01,0.0,269.77618,273.5895,264.14432,2.3627065e-06
1981-01-02,0.0,273.40155,278.70483,267.8817,3.554183e-06
1981-01-03,0.0,276.67004,279.51318,269.33743,8.5041975e-06
1981-01-04,0.0,275.73843,278.7537,273.5385,2.535105e-06
1981-01-05,8.182206e-05,273.9155,277.81406,271.7058,1.11155805e-05
1981-01-06,0.0,268.89502,273.84116,266.00977,3.71289e-06
1981-01-07,0.0,268.13098,272.65842,263.055,5.8322094e-06
1981-01-08,0.0,266.88666,271.4666,262.16467,5.656724e-06
1981-01-09,0.0,262.97794,270.37158,259.2469,3.688707e-06
1981-01-10,0.0,262.87933,270.88116,255.63779,1.9806387e-06
1981-01-11,0.0,265.9113,269.72266,258.56018,2.3148148e-06
1981-01-12,0.0,268.36072,274.28992,261.8185,3.4776465e-06
1981-01-13,1.545872e-05,271.8347,273.88287,268.4907,3.398937e-06
1981-01-14,0.00018950277,268.53854,275.12326,264.78253,3.3520555e-06
1981-01-15,0.0,269.87778,272.90063,259.80746,2.3243895e-06
1981-01-16,1.6128834e-06,266.3906,273.98184,261.01447,2.8164895e-06
1981-01-17,0.0,266.13266,275.0574,256.8464,2.3148148e-06
1981-01-18,0.0,268.14185,276.44943,261.56006,3.1665743e-06
1981-01-19,0.0,267.00723,273.94116,260.8493,2.8393658e-06
1981-01-20,7.33693e-07,268.135,273.28638,261.95224,2.5843194e-06
1981-01-21,0.0,272.21466,278.05533,263.21616,6.561784e-06
1981-01-22,0.0,270.15994,275.64117,265.57812,6.2453164e-06
1981-01-23,0.0,267.78598,274.14755,263.29874,3.246036e-06
1981-01-24,0.0,266.78018,274.7876,260.0043,3.2757055e-06
1981-01-25,0.0,267.09625,275.04236,259.07703,3.4722223e-06
1981-01-26,0.0,273.07376,278.4079,264.89844,6.8200934e-06
1981-01-27,0.0,269.64496,276.69583,261.75027,3.5344967e-06
1981-01-28,0.0,267.21152,274.44952,259.462,5.3587405e-06
1981-01-29,0.0,268.0037,275.68295,257.80865,5.4746247e-06
1981-01-30,0.0,270.21704,278.6833,264.35556,5.8566966e-06
1981-01-31,0.0,269.83,278.4591,262.00922,4.399191e-06
1981-02-01,0.0,272.55655,282.49277,265.4519,4.5116717e-06
1981-02-02,0.0,272.915,283.1255,265.87317,4.873251e-06
1981-02-03,0.0,277.3469,284.60468,265.51013,6.733436e-06
1981-02-04,2.4056058e-06,275.52448,279.531,273.5516,4.9949385e-06
1981-02-05,0.00017260834,273.53503,276.9272,271.3034,4.205618e-06
1981-02-06,0.0,271.6563,277.51837,267.20868,5.7628827e-06
1981-02-07,0.0,273.31802,278.6661,266.8959,4.9791206e-06
1981-02-08,0.0,274.78162,284.78793,268.36835,6.8229006e-06
1981-02-09,0.0,275.39944,283.7972,268.11838,5.8391356e-06
1981-02-10,0.0,276.54346,278.57785,271.7224,5.7418274e-06
1981-02-11,9.4722855e-05,273.74664,277.88995,272.24326,5.0933286e-06
1981-02-12,5.818348e-05,272.04144,275.13486,270.31955,5.5441733e-06
1981-02-13,2.4714396e-05,269.20135,275.09805,263.47937,5.7607003e-06
1981-02-14,0.0,268.85916,274.89572,261.90857,5.787037e-06
1981-02-15,0.0,267.9078,274.9789,260.36057,5.9728673e-06
1981-02-16,0.0,269.45383,275.58044,261.15396,6.354436e-06
1981-02-17,0.0,271.1921,275.38376,268.049,7.661511e-06
1981-02-18,2.7788237e-06,271.31723,274.9643,267.61334,7.069258e-06
1981-02-19,1.7653085e-05,269.79767,272.09705,267.58243,5.576973e-06
1981-02-20,7.7326795e-06,269.9762,273.09604,267.5783,5.804902e-06
1981-02-21,0.0,269.4857,271.49313,266.67197,4.2055226e-06
1981-02-22,3.6445363e-05,271.89267,274.48398,269.7369,5.741214e-06
1981-02-23,0.00011206004,272.82993,273.89984,270.81525,4.6818336e-06
1981-02-24,0.00019717887,274.10992,275.53635,272.74768,5.6201447e-06
1981-02-25,1.516973e-05,273.7457,277.12903,270.68317,7.667764e-06
1981-02-26,0.0,271.2104,277.92795,265.22446,1.0358385e-05
1981-02-27,0.0,269.68683,275.38898,261.72433,9.958678e-06
1981-02-28,1.3832366e-06,271.18155,274.43808,266.82953,6.7451642e-06
1981-03-01,1.0476107e-06,272.3567,274.52576,269.9334,5.787037e-06
1981-03-02,0.0,274.1113,276.1719,270.76572,5.787037e-06
1981-03-03,6.753787e-05,276.2464,279.5291,273.30478,6.9444445e-06
1981-03-04,0.00019243265,274.16434,276.72675,273.12573,5.768012e-06
1981-03-05,5.9477166e-05,274.06073,277.58255,271.1469,6.9009843e-06
1981-03-06,0.0,277.65497,282.49225,269.98526,1.1011384e-05
1981-03-07,0.0,278.85452,286.99146,271.9438,1.5929481e-05
1981-03-08,0.0,278.429,283.47495,270.7041,1.1727427e-05
1981-03-09,1.2524371e-06,279.68912,287.558,272.8919,1.6336919e-05
1981-03-10,0.0,280.19006,286.64084,273.3325,1.571876e-05
1981-03-11,0.0,280.23486,283.7275,275.43948,1.1587968e-05
1981-03-12,2.6747412e-06,281.54797,287.3821,277.05298,1.4976149e-05
1981-03-13,0.00013175167,279.86316,284.61334,276.43768,1.0173557e-05
1981-03-14,3.484493e-05,280.39548,287.9829,274.041,1.9737481e-05
1981-03-15,3.369193e-06,279.1858,284.0589,273.7588,1.1656142e-05
1981-03-16,9.744587e-05,278.92535,282.8118,276.61472,1.1352218e-05
1981-03-17,5.1482286e-05,277.58517,282.9951,273.60516,1.325939e-05
1981-03-18,4.541324e-05,276.95444,279.201,274.52298,1.0852095e-05
1981-03-19,3.960554e-05,278.52228,285.0844,274.2544,2.8464532e-05
1981-03-20,0.0,279.0323,288.64258,268.70398,2.3217362e-05
1981-03-21,0.0,281.909,291.3217,272.57098,2.428653e-05
1981-03-22,0.0,281.12253,289.66452,270.78165,2.6767757e-05
1981-03-23,0.0,282.3269,290.8734,272.84146,2.5601094e-05
1981-03-24,2.8421211e-06,284.1772,291.76428,276.3489,2.7007864e-05
1981-03-25,0.0,285.26318,292.5465,279.92728,2.355974e-05
1981-03-26,0.0,284.93433,290.96393,275.8499,2.2817403e-05
1981-03-27,0.0,285.2103,292.52567,276.59955,2.8450442e-05
1981-03-28,0.0,283.18338,290.60944,276.1153,2.8305036e-05
1981-03-29,1.9015821e-06,281.4817,284.42722,277.65936,1.6392449e-05
1981-03-30,2.759378e-05,282.41553,284.71835,279.16125,1.3633094e-05
1981-03-31,6.799689e-05,284.13406,288.19815,279.6567,1.5046296e-05
1981-04-01,0.0,286.52878,294.24857,277.856,2.768984e-05
1981-04-02,0.0,286.0412,293.78802,279.38422,2.7380805e-05
1981-04-03,0.0,281.28558,287.5644,278.53326,2.8462904e-05
1981-04-04,0.0,282.14233,289.65875,271.428,2.7774364e-05
1981-04-05,0.0,283.68832,289.00873,277.8308,2.258706e-05
1981-04-06,1.2642087e-05,283.54288,289.33722,279.88327,2.2194126e-05
1981-04-07,0.0,285.28308,294.6864,274.94623,3.4408484e-05
1981-04-08,0.0,286.82343,295.4987,276.01608,3.381094e-05
1981-04-09,5.1181305e-06,286.73468,294.7419,280.5927,3.0679203e-05
1981-04-10,2.942236e-05,285.44162,290.02618,281.4753,2.4528797e-05
1981-04-11,0.0,283.87234,290.81323,280.26535,3.0908257e-05
1981-04-12,0.0,283.57086,291.2066,273.68286,3.5721354e-05
1981-04-13,0.0,284.83838,297.13632,273.58136,3.8331604e-05
1981-04-14,0.0,288.19107,296.30954,276.21112,3.7654365e-05
1981-04-15,2.2135913e-05,286.3146,294.04382,281.387,3.963216e-05
1981-04-16,1.2639025e-06,283.84094,295.15372,277.61856,4.634817e-05
1981-04-17,4.11252e-05,276.97495,281.71097,272.9068,2.2723245e-05
1981-04-18,4.747703e-06,276.42685,281.95517,271.01624,2.8581333e-05
1981-04-19,7.914047e-07,278.07034,284.46265,269.8787,3.0206134e-05
1981-04-20,0.0,279.5448,285.3822,272.35504,2.2846334e-05
1981-04-21,3.1558368e-06,279.5964,284.91455,276.8952,2.1885247e-05
1981-04-22,5.063114e-08,282.66467,291.66476,271.42786,3.7070422e-05
1981-04-23,0.0,281.372,286.7932,272.93985,2.1337626e-05
1981-04-24,5.3249354e-05,276.61264,281.01233,275.5781,1.3835517e-05
1981-04-25,0.00021143079,278.556,281.25247,273.94278,1.5431717e-05
1981-04-26,2.4746421e-05,284.14685,289.926,277.41626,2.798893e-05
1981-04-27,0.00019695236,281.77246,286.68484,278.36096,3.092761e-05
1981-04-28,4.4573513e-05,281.28055,287.31155,276.5887,2.9377396e-05
1981-04-29,1.8209194e-05,279.1998,283.2491,276.13242,2.0341417e-05
1981-04-30,5.1522816e-06,282.7715,290.89847,274.16153,3.5679364e-05
1981-05-01,0.0,284.99698,289.92038,277.32086,2.8868842e-05
1981-05-02,4.051416e-05,279.34576,285.02542,277.95612,1.6018546e-05
1981-05-03,0.00028703496,277.2221,279.47617,274.1098,1.5045695e-05
1981-05-04,8.059653e-05,275.77124,278.02063,273.6437,1.3696725e-05
1981-05-05,0.00021661044,280.59537,288.18054,273.09894,3.348378e-05
1981-05-06,3.6036026e-06,284.21527,291.77213,272.13553,4.4439606e-05
1981-05-07,0.0,286.5615,294.78763,277.47043,4.501272e-05
1981-05-08,0.0,287.30637,294.57202,276.99887,4.4500786e-05
1981-05-09,0.0,288.49362,296.4023,280.23523,4.5176497e-05
1981-05-10,0.0,290.145,296.9811,278.9635,4.5740806e-05
1981-05-11,1.5803183e-05,284.53128,290.91794,282.62192,2.2492943e-05
1981-05-12,9.194522e-05,282.10947,283.35858,280.82867,1.6845917e-05
1981-05-13,0.00036108235,283.77594,288.12805,281.07544,2.0966401e-05
1981-05-14,4.953338e-06,285.41974,292.26453,278.4939,3.584079e-05
1981-05-15,2.2835588e-06,285.60464,293.00974,277.73132,3.502892e-05
1981-05-16,2.5016581e-05,286.93143,294.497,279.48862,3.9964838e-05
1981-05-17,6.9511607e-06,287.37912,293.17218,279.7396,3.574921e-05
1981-05-18,4.2050815e-06,288.33817,295.04468,282.01166,4.4635348e-05
1981-05-19,0.0,290.054,298.1198,279.65024,5.17091e-05
1981-05-20,0.0,291.79153,299.958,282.59937,5.520733e-05
1981-05-21,0.0,292.30966,298.92258,283.67844,4.7231573e-05
1981-05-22,0.0,290.16052,295.4377,287.18753,2.9611529e-05
1981-05-23,0.00029436793,285.9804,289.14545,284.87823,2.3971106e-05
1981-05-24,5.46422e-08,288.89502,295.13507,280.1301,3.8705126e-05
1981-05-25,5.629351e-06,289.1276,292.31653,285.24374,2.4821069e-05
1981-05-26,1.051396e-05,289.09616,294.4057,285.33957,2.6515494e-05
1981-05-27,0.0002453559,287.92206,292.91876,284.8477,4.607275e-05
1981-05-28,1.6622396e-06,284.7663,289.44183,280.2076,2.7669123e-05
1981-05-29,2.1367356e-05,288.03165,295.36484,279.17233,5.0220384e-05
1981-05-30,0.0,290.90735,297.8844,281.07144,4.8166377e-05
1981-05-31,0.0,292.53137,300.32776,283.6084,5.6543886e-05
1981-06-01,2.5003944e-06,294.14346,301.2637,284.55496,5.5787194e-05
1981-06-02,3.274068e-06,294.57812,302.78476,285.85403,5.853705e-05
1981-06-03,0.0,295.49274,302.91956,287.21277,6.476799e-05
1981-06-04,0.0,293.21356,298.62494,289.25375,5.4412296e-05
1981-06-05,0.00014984269,286.54593,292.38663,285.72098,2.104677e-05
1981-06-06,0.00022027397,288.00848,293.17993,285.10306,2.9043267e-05
1981-06-07,7.734727e-06,290.69562,298.19998,282.24014,4.689571e-05
1981-06-08,0.0,293.14316,299.5184,284.65482,4.5238226e-05
1981-06-09,1.4719154e-06,294.64755,300.88467,286.58844,4.9598195e-05
1981-06-10,0.0,290.6446,297.2606,288.03134,3.24637e-05
1981-06-11,0.00023908133,291.60065,297.84244,285.28577,5.0364222e-05
1981-06-12,0.0,294.01254,301.88342,284.95035,5.9344948e-05
1981-06-13,5.180436e-06,291.33713,295.58054,289.4634,3.272225e-05
1981-06-14,9.179905e-06,292.6981,299.1745,286.27213,5.841777e-05
1981-06-15,0.0,296.19263,304.78638,287.23422,6.462467e-05
1981-06-16,0.0,293.20737,302.4623,288.12335,5.4172415e-05
1981-06-17,0.0003496354,288.62222,294.8534,285.782,3.99165e-05
1981-06-18,0.00031474666,281.97064,286.1408,280.71338,2.164322e-05
1981-06-19,0.0001266446,286.04257,294.03265,279.71396,3.563952e-05
1981-06-20,2.5011046e-05,284.3499,288.16605,280.9802,2.3914508e-05
1981-06-21,2.0577723e-05,286.4771,293.40967,280.95734,3.5611218e-05
1981-06-22,0.00017134457,284.4185,289.20285,281.03754,2.6581014e-05
1981-06-23,3.7184782e-05,287.4285,291.46066,283.20563,2.5823385e-05
1981-06-24,0.000131203,287.39365,292.15695,284.491,2.8516608e-05
1981-06-25,2.827898e-05,288.38745,294.84875,283.6559,3.7925005e-05
1981-06-26,1.5658565e-05,286.67792,289.28787,281.93158,2.0980991e-05
1981-06-27,9.7288605e-05,290.70532,297.09283,282.2826,5.3424963e-05
1981-06-28,0.0,292.89667,299.92453,282.18198,5.5091252e-05
1981-06-29,2.498325e-06,294.34372,300.5684,288.25958,6.0623723e-05
1981-06-30,0.0,291.40076,295.9639,285.0861,4.146852e-05
1981-07-01,1.6487584e-05,289.2353,294.46243,286.1606,4.2599764e-05
1981-07-02,0.0,292.66217,299.66156,282.9921,5.7414243e-05
1981-07-03,0.0,295.16873,301.09207,289.1284,6.4089916e-05
1981-07-04,2.6210926e-05,291.14365,296.88272,288.141,5.213147e-05
1981-07-05,0.0,290.51035,296.69223,281.6652,4.8011065e-05
1981-07-06,0.0,290.89398,297.74185,283.5019,4.7576643e-05
1981-07-07,0.0,292.0526,298.64926,285.81995,4.1448595e-05
1981-07-08,6.9840276e-06,291.10306,297.90485,285.6955,4.0525345e-05
1981-07-09,1.636335e-05,292.85406,299.58063,284.0125,4.6077777e-05
1981-07-10,4.0034583e-06,294.14694,300.54916,287.31168,4.7754016e-05
1981-07-11,7.506739e-06,294.2377,301.52863,288.0314,5.2486685e-05
1981-07-12,7.0157184e-05,293.3128,300.20563,288.68118,4.041463e-05
1981-07-13,1.5582664e-05,292.57,298.63644,288.42676,3.633292e-05
1981-07-14,4.9367492e-05,291.55298,295.59918,289.69672,2.8136032e-05
1981-07-15,1.0319762e-05,292.24487,298.3808,287.46432,4.4381384e-05
1981-07-16,1.3055269e-06,292.46072,298.3215,286.8759,4.511238e-05
1981-07-17,1.5831283e-06,293.89227,301.35095,285.88937,5.2272902e-05
1981-07-18,1.585151e-05,293.4465,298.32767,288.85153,3.7569116e-05
1981-07-19,0.0004287515,287.40582,293.86093,285.07062,3.0815478e-05
1981-07-20,6.319168e-05,287.99536,292.89487,281.897,2.730342e-05
1981-07-21,0.0,290.05612,296.45386,283.91336,4.1784697e-05
1981-07-22,3.1872347e-05,292.02255,299.25885,283.73602,4.8710077e-05
1981-07-23,1.2334777e-06,293.5244,300.1308,286.12405,5.8323836e-05
1981-07-24,0.0,293.73416,300.27045,286.91772,4.7811594e-05
1981-07-25,0.00013938278,289.33557,294.89502,287.074,3.588674e-05
1981-07-26,0.0002583738,285.22638,289.08017,283.8792,2.3267867e-05
1981-07-27,2.761799e-05,287.46555,293.5591,280.6545,3.253535e-05
1981-07-28,3.903303e-08,289.15912,294.92102,282.2838,3.459015e-05
1981-07-29,6.0501566e-07,290.91635,297.41055,284.4937,4.26582e-05
1981-07-30,0.0,292.86972,300.40704,283.00873,5.4342872e-05
1981-07-31,0.0,294.03424,301.68512,285.52423,5.2682404e-05
1981-08-01,0.0,294.63235,301.4335,287.62656,5.4605516e-05
1981-08-02,0.0,296.80707,304.9695,289.11157,5.655397e-05
1981-08-03,0.0,297.7281,305.56717,289.1915,6.0053117e-05
1981-08-04,0.0,295.05304,300.2414,291.62054,4.1758747e-05
1981-08-05,2.7943346e-07,293.71848,298.53284,288.89627,3.8968752e-05
1981-08-06,5.0695467e-06,294.33383,300.5239,288.16687,4.4939155e-05
1981-08-07,2.2145132e-05,294.61484,301.18564,290.32767,4.1886182e-05
1981-08-08,8.067263e-06,295.62384,303.57397,287.96854,5.390364e-05
1981-08-09,3.5270893e-06,294.3572,301.95667,289.6945,3.997864e-05
1981-08-10,0.00010660588,291.90363,296.68634,288.83374,2.9749743e-05
1981-08-11,1.9885998e-05,292.44608,297.38763,288.61884,3.5373672e-05
1981-08-12,0.0,290.95935,295.89062,287.8669,2.6761047e-05
1981-08-13,8.1991915e-05,291.77197,298.12802,286.51202,4.6482917e-05
1981-08-14,0.0,292.06943,299.65836,284.76974,4.7061723e-05
1981-08-15,0.0,292.85312,300.62628,284.14673,4.6869864e-05
1981-08-16,0.0,294.27316,302.81165,284.6797,5.101586e-05
1981-08-17,5.2550927e-06,289.18164,293.6684,287.72052,1.9563506e-05
1981-08-18,0.00023233677,288.1196,294.49118,284.29367,3.8989976e-05
1981-08-19,0.0,288.9715,297.89474,279.49188,4.3659296e-05
1981-08-20,0.0,290.8994,297.51877,281.04706,4.2058353e-05
1981-08-21,0.0003143538,286.4846,291.0788,285.10257,2.1616976e-05
1981-08-22,0.00012262969,288.06134,295.0688,283.06226,3.784454e-05
1981-08-23,0.0,285.87976,289.98962,282.23764,2.1169515e-05
1981-08-24,2.9552217e-05,287.50742,293.87332,280.59705,3.4602643e-05
1981-08-25,2.0439284e-06,287.18317,294.42517,281.4546,4.1958865e-05
1981-08-26,0.0,288.1619,294.98184,280.12778,3.0724736e-05
1981-08-27,0.0,289.96106,297.09833,282.71017,3.7941398e-05
1981-08-28,0.0,283.94797,291.07663,282.6868,1.9401303e-05
1981-08-29,1.8415354e-05,288.61618,295.93433,281.32022,3.11629e-05
1981-08-30,0.0,290.78882,297.37143,284.06705,2.8944285e-05
1981-08-31,8.4587824e-05,291.57104,297.34167,287.44986,3.2554908e-05
1981-09-01,0.0,290.81277,296.4979,287.39438,2.452927e-05
1981-09-02,5.5874003e-05,288.6146,293.25385,286.04617,2.8406612e-05
1981-09-03,0.0,288.1768,292.4853,284.94662,2.6502083e-05
1981-09-04,5.2895095e-05,286.034,288.14337,285.1948,1.8692628e-05
1981-09-05,2.3695759e-05,287.39722,292.0734,284.89096,2.4596724e-05
1981-09-06,7.276427e-08,287.26694,293.67438,283.59222,2.4728097e-05
1981-09-07,3.157241e-07,287.65024,295.10065,281.18616,3.211932e-05
1981-09-08,0.0,288.32034,296.48654,280.6252,3.2406635e-05
1981-09-09,0.0,290.9893,297.78012,283.01944,2.7861697e-05
1981-09-10,5.4263906e-05,288.22263,292.20544,286.50223,1.741426e-05
1981-09-11,1.612032e-05,289.366,294.6407,285.03415,2.3319239e-05
1981-09-12,0.0,289.89117,297.19937,284.69324,2.7792115e-05
1981-09-13,0.0,291.33502,298.70868,284.27405,3.0926054e-05
1981-09-14,0.0003401387,285.38208,292.12686,283.11075,1.9394553e-05
1981-09-15,6.753322e-05,284.9209,292.63663,279.95877,2.6181018e-05
1981-09-16,0.0,287.0971,293.94916,277.10953,2.8424776e-05
1981-09-17,0.0,288.78497,295.6971,283.28036,2.835931e-05
1981-09-18,3.9038778e-06,288.3577,292.93692,285.071,1.7246799e-05
1981-09-19,2.2798824e-06,288.50497,292.21442,284.53137,1.4639725e-05
1981-09-20,8.596501e-05,291.10178,294.88028,287.33505,1.8961786e-05
1981-09-21,2.2695697e-06,292.9055,298.04437,289.04633,3.300847e-05
1981-09-22,2.9001137e-06,292.56027,299.3539,287.53772,3.16349e-05
1981-09-23,0.0,291.31876,297.5101,288.1301,2.4113719e-05
1981-09-24,0.00036461843,287.2077,290.86768,286.59155,1.1887972e-05
1981-09-25,0.00036291432,289.11444,293.6596,285.58832,2.2927326e-05
1981-09-26,1.6446153e-05,289.64774,296.43362,284.82745,2.693408e-05
1981-09-27,0.0,287.83743,294.1436,282.81754,1.953986e-05
1981-09-28,9.4418174e-05,286.7308,288.7059,285.88254,1.15104995e-05
1981-09-29,0.00034525018,285.93155,290.9074,283.81088,1.6184678e-05
1981-09-30,4.6195564e-05,283.9155,286.6963,281.81055,1.2731482e-05
1981-10-01,7.197613e-05,286.249,290.7138,281.87546,1.686395e-05
1981-10-02,8.132675e-06,285.54202,287.08493,284.10855,1.1410201e-05
1981-10-03,9.032861e-05,287.6419,292.3837,283.2428,1.8651801e-05
1981-10-04,4.019093e-05,288.58932,293.94507,285.72195,1.919165e-05
1981-10-05,1.3115964e-05,289.45486,293.42966,285.24124,1.5674716e-05
1981-10-06,1.1028152e-06,290.29254,295.42972,284.29922,2.236957e-05
1981-10-07,0.0,290.5781,296.37592,285.50592,2.1923257e-05
1981-10-08,3.786014e-05,287.1078,292.96405,284.4245,1.9061088e-05
1981-10-09,0.0,285.63324,293.69403,280.06775,1.6203703e-05
1981-10-10,0.0,285.6428,288.29877,281.91376,9.476197e-06
1981-10-11,4.7412388e-05,286.52844,290.27332,283.67822,1.2674044e-05
1981-10-12,3.0360943e-05,282.02158,286.7889,278.06125,1.3888889e-05
1981-10-13,9.3431476e-07,280.3523,289.214,277.38876,1.4282515e-05
1981-10-14,9.525204e-06,281.08954,287.01645,275.02133,1.3508961e-05
1981-10-15,0.0,285.27493,287.8717,279.609,1.0634303e-05
1981-10-16,1.754698e-06,285.9686,293.639,281.62372,2.154407e-05
1981-10-17,0.0,285.55383,292.2923,280.629,1.3636075e-05
1981-10-18,0.0,287.27002,293.38968,279.2612,1.9519424e-05
1981-10-19,1.2284468e-06,286.50555,291.40613,282.92612,1.29504115e-05
1981-10-20,1.3628933e-07,286.36072,289.32687,283.46008,1.0056556e-05
1981-10-21,8.343236e-05,286.23267,291.25455,284.25238,1.0407119e-05
1981-10-22,0.0001311469,284.4103,287.81238,282.37738,9.046998e-06
1981-10-23,0.00024179579,280.68073,286.1876,276.80276,1.1580538e-05
1981-10-24,8.679285e-05,278.83722,284.357,276.4143,1.0307125e-05
1981-10-25,2.4518267e-06,278.7776,283.65042,273.53436,7.6173574e-06
1981-10-26,2.635027e-05,280.95737,282.95407,277.39142,6.9444445e-06
1981-10-27,5.2862473e-05,279.73676,282.1764,278.40457,6.84982e-06
1981-10-28,0.0002603003,280.4282,286.07455,276.6151,8.083467e-06
1981-10-29,0.0,281.13968,285.91556,275.9027,9.259259e-06
1981-10-30,0.0,282.7004,285.20178,276.74057,1.1450027e-05
1981-10-31,1.9259116e-06,283.76505,289.87863,280.0416,1.3123759e-05
1981-11-01,0.0,284.00238,291.4155,279.04337,1.1574074e-05
1981-11-02,0.0,283.741,289.8098,276.56033,1.0532488e-05
1981-11-03,0.0,283.78574,292.08417,277.00223,9.703071e-06
1981-11-04,0.0,282.23926,290.52716,277.49896,8.101852e-06
1981-11-05,0.0,283.15067,289.00504,275.74246,7.423518e-06
1981-11-06,1.77712e-05,278.87158,284.5444,274.83713,6.831203e-06
1981-11-07,1.5824162e-05,273.65887,279.13953,271.6445,7.545527e-06
1981-11-08,4.0933846e-06,273.0168,278.77982,268.09302,6.420325e-06
1981-11-09,0.0,273.56525,278.99942,268.25165,1.0046289e-05
1981-11-10,0.0,272.98883,278.19275,268.8207,8.114543e-06
1981-11-11,0.0,272.58255,279.9298,267.06946,5.5735795e-06
1981-11-12,0.0,276.34564,282.82648,271.11145,6.5531144e-06
1981-11-13,0.0,277.51913,281.59473,271.63214,5.7633265e-06
1981-11-14,5.6558736e-08,277.55396,282.8811,273.48044,1.1807079e-05
1981-11-15,1.7569482e-06,275.8382,280.6468,270.65158,1.2016959e-05
1981-11-16,0.0,275.33777,280.71658,270.91348,7.947291e-06
1981-11-17,0.0,271.88504,278.5555,267.18488,4.6296295e-06
1981-11-18,0.0,272.53195,280.83182,266.3585,2.2925278e-06
1981-11-19,0.0,275.83456,281.95035,267.6089,5.5407495e-06
1981-11-20,0.0,277.01154,286.3874,271.45386,5.836145e-06
1981-11-21,0.0,277.7963,286.98718,271.9688,6.3113444e-06
1981-11-22,0.0,277.96573,285.8556,274.5332,4.950683e-06
1981-11-23,0.0,279.06174,284.34537,272.20148,5.4194456e-06
1981-11-24,0.0,280.5939,283.36484,277.13388,7.0288456e-06
1981-11-25,2.2708422e-05,276.94345,282.13388,275.3306,4.6296295e-06
1981-11-26,6.744944e-05,274.00385,278.5458,271.0527,4.205208e-06
1981-11-27,0.0,273.09305,278.20404,269.93753,2.1532658e-06
1981-11-28,4.3190947e-05,274.6837,276.2319,271.72925,3.4722223e-06
1981-11-29,4.2990276e-05,274.1278,279.23428,270.88464,3.986852e-06
1981-11-30,0.0,273.82526,278.90045,266.98706,3.4722223e-06
1981-12-01,7.937931e-06,275.90216,279.17935,273.07822,5.7403386e-06
1981-12-02,0.00012587293,272.8206,277.85745,269.24506,3.4722223e-06
1981-12-03,1.0457344e-06,272.4245,277.5817,269.09433,3.9449947e-06
1981-12-04,0.0,271.29016,274.21344,267.0096,2.7754402e-06
1981-12-05,0.0,272.3508,277.25348,269.50278,3.4825414e-06
1981-12-06,1.953603e-06,272.50638,274.7071,266.7007,2.335111e-06
1981-12-07,5.1309096e-05,275.32956,277.6959,272.6403,3.2809673e-06
1981-12-08,2.2907638e-05,278.68784,280.82233,272.8058,6.36675e-06
1981-12-09,0.00014708999,278.4997,282.20203,275.96368,3.8708727e-06
1981-12-10,8.282061e-05,276.30966,280.18155,273.99365,3.1250077e-06
1981-12-11,5.2733332e-05,273.53278,276.2667,273.2203,2.3148148e-06
1981-12-12,0.00018111903,275.28485,277.46497,273.5227,2.3148148e-06
1981-12-13,0.00017760496,269.16083,275.06277,265.09503,5.0896374e-06
1981-12-14,9.839295e-06,269.88486,273.58084,262.6965,1.1715194e-06
1981-12-15,0.0,269.66684,275.5497,265.5817,9.580831e-07
1981-12-16,1.4009515e-05,272.99637,275.45776,266.53223,1.2154799e-06
1981-12-17,5.60671e-05,271.92914,274.28195,269.73965,2.3148148e-06
1981-12-18,1.0455415e-05,271.15808,271.9102,270.34512,2.3148148e-06
1981-12-19,0.00027869476,272.53552,274.17096,271.82642,3.4586217e-06
1981-12-20,9.674654e-05,265.6934,272.50928,259.64914,2.2614431e-06
1981-12-21,2.0639975e-06,266.80823,270.31534,257.01038,1.8794999e-06
1981-12-22,2.1634767e-05,270.73706,272.59317,268.82904,2.3148148e-06
1981-12-23,0.000108645865,270.0578,272.03024,269.3612,2.1921662e-06
1981-12-24,2.3942457e-05,272.747,273.2539,268.73367,2.3148148e-06
1981-12-25,0.00012961784,273.81677,275.38223,272.22186,2.3148148e-06
1981-12-26,1.7300918e-07,271.23276,275.26767,267.92606,2.3148148e-06
1981-12-27,0.0,266.31287,269.8391,261.47595,1.7601933e-06
1981-12-28,0.0,270.59656,273.2294,264.2897,1.8298371e-06
1981-12-29,4.41637e-05,274.88058,276.95746,271.66232,2.3148148e-06
1981-12-30,0.00030431047,277.23395,278.73483,273.4629,2.3148148e-06
1981-12-31,2.1965943e-05,280.57938,283.0034,275.49792,4.7974577e-06
1982-01-01,0.00023260512,278.27567,282.05927,276.09937,2.9183316e-06
1982-01-02,0.0002796576,277.18832,283.36072,273.00787,2.264029e-06
1982-01-03,8.086763e-07,274.9414,279.01227,271.0557,2.0500534e-06
1982-01-04,0.0,276.29166,278.82993,271.01224,3.6724869e-06
1982-01-05,1.0101337e-06,276.7491,279.5822,273.00635,4.055318e-06
1982-01-06,2.4642443e-06,277.71786,281.0118,274.7842,4.2088045e-06
1982-01-07,2.0229502e-06,269.29053,277.5768,266.09216,8.587051e-06
1982-01-08,1.8305823e-06,265.50412,268.9847,261.8159,3.3133313e-06
1982-01-09,1.0313566e-06,268.09808,270.95444,264.77252,3.4722223e-06
1982-01-10,2.6255373e-06,265.90442,271.46973,264.77267,3.2624016e-06
1982-01-11,7.691819e-06,269.4392,270.711,264.53372,2.3148148e-06
1982-01-12,2.8363334e-06,272.12622,275.38657,269.10242,3.080283e-06
1982-01-13,1.6185119e-05,267.38394,273.07507,265.41342,3.381846e-06
1982-01-14,0.0,264.03064,270.96515,260.35635,3.3447698e-06
1982-01-15,0.0,265.3939,271.85355,259.3121,2.1527117e-06
1982-01-16,0.0,265.2937,270.36902,261.40854,2.3148148e-06
1982-01-17,0.0,266.46967,269.1356,263.01245,2.8826594e-06
1982-01-18,0.0,267.465,272.5473,264.03128,1.1574074e-06
1982-01-19,0.0,267.037,270.6249,264.22202,3.4722223e-06
1982-01-20,0.0,266.25397,267.58304,264.39612,3.5048208e-06
1982-01-21,0.0,265.98907,267.73627,264.50836,3.002972e-06
1982-01-22,0.0,266.32834,269.33118,263.93896,2.937356e-06
1982-01-23,0.0,269.15945,271.76462,263.98193,4.3916025e-06
1982-01-24,0.0,271.58154,273.71674,269.5466,5.122939e-06
1982-01-25,4.614528e-06,271.07388,272.81497,270.09634,3.8237845e-06
1982-01-26,0.0,268.5308,271.56625,266.14496,3.4722223e-06
1982-01-27,0.0,272.5597,275.53278,264.5748,3.262866e-06
1982-01-28,2.9162024e-08,273.42102,278.03867,271.0897,4.744508e-06
1982-01-29,0.0,273.43314,277.7753,268.40295,4.582439e-06
1982-01-30,3.0688483e-07,275.54617,282.9578,270.55096,7.327315e-06
1982-01-31,0.0,277.4029,287.33524,270.08133,1.3517041e-05
1982-02-01,0.0,274.3188,281.32748,269.24213,7.3787305e-06
1982-02-02,0.0,270.32376,274.32068,265.6263,5.2614264e-06
1982-02-03,0.0,269.2115,274.43686,266.0507,5.787037e-06
1982-02-04,0.0,268.60455,275.43597,261.85117,5.0843387e-06
1982-02-05,0.0,268.90292,276.07953,262.24158,5.3288677e-06
1982-02-06,0.0,270.84128,279.54492,261.7773,5.895817e-06
1982-02-07,0.0,273.94147,283.34216,269.36682,9.835407e-06
1982-02-08,0.0,275.47015,281.26175,267.23978,1.0286881e-05
1982-02-09,0.0,275.95654,283.70816,270.11813,8.17021e-06
1982-02-10,0.0,273.4067,280.98398,267.4104,8.418089e-06
1982-02-11,0.0,272.37708,278.62463,266.84683,6.9444445e-06
1982-02-12,0.0,271.25125,275.69644,267.15,4.6296295e-06
1982-02-13,0.0,271.14136,274.12915,267.7156,5.796629e-06
1982-02-14,0.0,269.7864,271.11374,268.54556,4.9255655e-06
1982-02-15,0.0,270.51126,272.39926,269.3169,4.5686934e-06
1982-02-16,7.4033196e-05,272.51782,274.57172,270.04587,4.344458e-06
1982-02-17,0.0,273.93375,275.80096,272.0169,5.286606e-06
1982-02-18,0.0,274.11987,275.82822,272.8459,4.6296295e-06
1982-02-19,5.26871e-05,272.9776,274.76688,271.91812,5.692409e-06
1982-02-20,2.8858845e-05,271.33228,274.84415,269.7948,9.343121e-06
1982-02-21,1.7483156e-06,267.75314,273.46866,263.80173,5.8882097e-06
1982-02-22,3.7941836e-06,267.26147,270.14822,264.30518,6.68836e-06
1982-02-23,4.7457725e-06,266.53653,271.75354,261.75766,6.804222e-06
1982-02-24,3.465737e-06,268.96545,272.00357,260.9607,4.2036395e-06
1982-02-25,0.00010343655,269.58755,270.8828,267.83914,4.6296295e-06
1982-02-26,4.5235818e-05,272.0363,276.84637,266.28204,6.8983695e-06
1982-02-27,0.0,270.83694,277.39734,265.7195,8.737531e-06
1982-02-28,0.0,272.39603,280.43896,263.8072,9.284915e-06
1982-03-01,0.0,275.67258,286.25592,268.18512,1.3385307e-05
1982-03-02,1.3378727e-06,274.4829,277.24368,270.70163,8.101852e-06
1982-03-03,2.1381366e-05,277.19516,283.86722,269.3044,1.524551e-05
1982-03-04,0.0,278.54657,285.05606,270.76572,1.8577764e-05
1982-03-05,4.8200523e-05,276.5839,279.15836,274.34647,1.1996428e-05
1982-03-06,1.1670903e-05,275.8908,279.3464,272.6942,2.2444412e-05
1982-03-07,1.06753005e-05,273.26288,275.27213,272.40225,7.3530778e-06
1982-03-08,3.4382258e-05,274.51254,275.98734,272.45575,7.0780484e-06
1982-03-09,0.0,274.26645,278.90585,272.1044,9.676439e-06
1982-03-10,0.0,276.25717,280.38794,268.79697,1.4318717e-05
1982-03-11,2.3197757e-05,276.81073,279.6212,275.10602,1.3772345e-05
1982-03-12,6.850685e-05,277.61343,283.4289,270.16898,2.419921e-05
1982-03-13,0.0,274.4814,278.6419,272.6217,9.240234e-06
1982-03-14,4.1608437e-05,276.4597,282.87552,270.53525,1.8932198e-05
1982-03-15,0.0,274.04108,282.6629,268.21176,1.9522882e-05
1982-03-16,0.0,275.11813,284.1711,266.95264,1.962312e-05
1982-03-17,0.0,277.8135,283.44168,269.28122,2.1097763e-05
1982-03-18,3.5604477e-05,275.1168,279.24713,273.8366,8.184647e-06
1982-03-19,0.00023390954,277.09326,283.50464,273.4636,1.5665766e-05
1982-03-20,0.0,277.64038,284.14676,268.804,2.0014057e-05
1982-03-21,2.0165874e-06,277.51453,280.74985,275.0742,2.1823611e-05
1982-03-22,2.7127169e-06,274.94498,279.02655,273.64682,2.3266426e-05
1982-03-23,2.9960013e-06,275.09927,277.68817,273.11584,1.3431542e-05
1982-03-24,3.268783e-06,277.03354,283.5191,270.29068,2.8222266e-05
1982-03-25,0.0,275.74066,283.20523,269.7756,2.117006e-05
1982-03-26,0.0,279.94635,289.72903,268.9058,2.5820598e-05
1982-03-27,0.0,282.41537,293.0053,270.7589,3.1053416e-05
1982-03-28,0.0,281.38367,286.0662,274.10452,2.1383248e-05
1982-03-29,0.0,281.79565,287.94473,275.78143,3.1457395e-05
1982-03-30,8.186673e-06,278.8586,281.55844,277.2334,1.1530614e-05
1982-03-31,0.000239196,280.67996,284.68118,278.1315,1.46294715e-05
1982-04-01,0.0,281.0577,285.00525,277.874,1.6269702e-05
1982-04-02,0.0,283.09274,288.95505,278.12762,2.3799894e-05
1982-04-03,0.0,283.0534,290.99814,274.3536,2.575111e-05
1982-04-04,5.95018e-07,282.92993,288.8409,278.97464,2.4137995e-05
1982-04-05,6.6568083e-07,283.45007,290.75912,277.6248,2.78292e-05
1982-04-06,0.0,284.61646,292.3966,274.11987,3.770667e-05
1982-04-07,0.0,286.22244,293.13983,278.69977,3.610468e-05
1982-04-08,0.0,284.54758,289.94528,277.50223,2.6290303e-05
1982-04-09,0.0,277.8652,285.35236,276.70795,1.716951e-05
1982-04-10,3.269772e-05,276.00824,279.15964,274.29422,1.3821051e-05
1982-04-11,6.5662184e-06,280.68887,289.09103,271.76254,3.2280885e-05
1982-04-12,6.38462e-06,278.09204,281.71814,276.39447,1.4044129e-05
1982-04-13,5.8123216e-05,274.40262,277.3678,273.75378,1.2152675e-05
1982-04-14,8.96681e-05,274.67883,277.11923,272.86902,1.1384829e-05
1982-04-15,1.7566988e-05,278.62454,282.29193,273.8372,2.186281e-05
1982-04-16,1.5104017e-06,280.5454,284.75336,277.06778,2.1452139e-05
1982-04-17,0.0,282.31744,287.36984,277.60712,2.4549017e-05
1982-04-18,6.765398e-07,280.60086,288.1467,273.71124,2.7499142e-05
1982-04-19,6.5681124e-06,278.09894,283.9469,274.71246,2.5100759e-05
1982-04-20,2.818614e-06,279.8945,285.67035,272.3592,2.8175842e-05
1982-04-21,0.0,280.84042,286.62427,272.6388,3.424126e-05
1982-04-22,0.0,277.0753,281.86435,273.161,1.7786251e-05
1982-04-23,4.9814927e-05,276.8218,282.40158,273.46872,2.1960046e-05
1982-04-24,1.2033378e-05,278.23895,286.27386,269.6695,2.9787903e-05
1982-04-25,0.0,281.58463,287.0852,273.38428,3.039301e-05
1982-04-26,0.0,283.74063,290.6993,272.62668,3.567614e-05
1982-04-27,0.0,279.47253,285.74866,276.46335,2.9995717e-05
1982-04-28,5.8050116e-09,282.5384,288.6489,273.26917,4.1282718e-05
1982-04-29,7.90626e-06,281.63196,287.61426,277.52115,2.8901837e-05
1982-04-30,4.1782533e-07,281.04208,286.03424,273.3605,2.4271905e-05
1982-05-01,2.6068228e-06,278.6741,283.6211,275.74,2.2591657e-05
1982-05-02,0.0,282.9407,291.35925,272.26498,4.0005594e-05
1982-05-03,0.0,284.54623,291.36237,273.57062,4.1719682e-05
1982-05-04,0.0,286.51437,292.76395,277.66388,4.885801e-05
1982-05-05,0.0,284.48044,288.792,280.16312,2.5026346e-05
1982-05-06,9.067844e-06,285.7244,288.8273,282.8638,2.2839817e-05
1982-05-07,7.214319e-05,285.19412,291.064,282.64685,3.308218e-05
1982-05-08,8.659456e-05,279.92145,283.47067,279.42807,1.6091282e-05
1982-05-09,0.0002654685,281.9565,284.3445,279.07684,1.6178006e-05
1982-05-10,0.00010138167,285.22885,286.81674,282.2975,1.8334129e-05
1982-05-11,0.00051499525,285.6911,291.44308,282.37183,3.3458415e-05
1982-05-12,3.0484134e-05,287.05832,293.07547,279.93097,4.2043393e-05
1982-05-13,0.0,286.4551,293.18033,279.82693,4.1746316e-05
1982-05-14,0.0,287.71783,295.48093,277.23706,4.6818725e-05
1982-05-15,0.0,288.56854,295.82172,278.6592,4.8519727e-05
1982-05-16,0.0,288.83105,297.84207,279.70886,4.8841335e-05
1982-05-17,6.111344e-06,290.23584,299.03967,280.44794,4.9079583e-05
1982-05-18,1.538214e-05,289.20798,298.32617,283.58783,3.8839305e-05
1982-05-19,8.303656e-05,288.27762,298.20782,283.08078,3.89486e-05
1982-05-20,3.766479e-05,289.60504,298.22607,284.9913,4.4539553e-05
1982-05-21,7.861793e-05,288.07938,295.73102,284.19992,3.307695e-05
1982-05-22,4.460461e-05,291.56198,298.11752,284.1982,5.105773e-05
1982-05-23,8.5388165e-06,288.26178,292.70255,286.47867,2.3817543e-05
1982-05-24,0.00029029927,284.06802,288.28784,282.60135,1.771368e-05
1982-05-25,0.00032488123,287.39267,294.81094,279.83673,4.8461257e-05
1982-05-26,0.0,288.85025,295.00424,279.95782,4.3225784e-05
1982-05-27,0.0,291.35138,297.61603,283.97803,5.3398453e-05
1982-05-28,0.0,292.61716,299.66446,284.9464,5.451328e-05
1982-05-29,5.1813175e-05,288.45825,293.17853,286.6357,2.5987956e-05
1982-05-30,6.737857e-05,288.34836,292.7587,282.12793,4.044537e-05
1982-05-31,0.0,291.11035,297.296,286.1415,5.0448543e-05
1982-06-01,0.0,291.7779,300.19043,281.6755,5.7042154e-05
1982-06-02,0.0,293.23996,300.65674,282.96915,5.9852067e-05
1982-06-03,0.0,292.4265,300.67874,285.0029,5.2841086e-05
1982-06-04,4.3698396e-06,293.39227,301.2414,284.7312,5.8531154e-05
1982-06-05,4.0277937e-06,292.5849,301.0751,286.36734,5.1539966e-05
1982-06-06,6.421745e-07,293.49008,301.11163,283.58817,5.7891677e-05
1982-06-07,3.1624388e-06,291.5872,300.06305,286.45514,4.48668e-05
1982-06-08,4.4887478e-05,292.75693,298.3112,286.3237,4.212232e-05
1982-06-09,0.0,291.62936,295.83322,288.56412,2.7777778e-05
1982-06-10,2.700612e-05,291.29358,298.859,285.85822,3.814366e-05
1982-06-11,2.5769397e-05,291.67517,297.21457,286.2705,3.5185833e-05
1982-06-12,0.0002330684,289.91953,293.3033,288.23068,2.456825e-05
1982-06-13,0.0005664369,283.5448,289.1786,282.2672,2.0833333e-05
1982-06-14,0.0005174808,287.25522,293.70905,281.70108,4.0378352e-05
1982-06-15,1.2261414e-05,286.9215,293.4166,280.8045,4.5251247e-05
1982-06-16,1.4856911e-05,288.39746,292.14124,280.97757,3.104546e-05
1982-06-17,0.0,290.64523,298.15103,283.33875,5.3782725e-05
1982-06-18,8.547686e-07,290.93658,295.43253,285.8832,3.175317e-05
1982-06-19,0.00023014238,286.70715,291.27902,285.51227,2.2306545e-05
1982-06-20,0.0002034191,289.7054,295.20352,283.3011,4.3060478e-05
1982-06-21,0.0,293.04172,299.31305,285.37442,4.576373e-05
1982-06-22,6.935019e-07,294.22482,300.61276,287.42328,5.726548e-05
1982-06-23,0.0,294.87122,300.06366,289.5984,5.3405434e-05
1982-06-24,1.4275858e-05,292.6115,297.78122,289.01913,4.3361026e-05
1982-06-25,0.0,295.50568,301.4801,288.35388,4.6322195e-05
1982-06-26,0.0,296.84784,303.37317,289.5768,6.1582265e-05
1982-06-27,0.0,287.7289,296.45862,285.30792,2.5462963e-05
1982-06-28,0.0003206754,289.627,296.6227,283.99,4.599265e-05
1982-06-29,4.474677e-06,288.72696,296.86792,282.9892,3.7952235e-05
1982-06-30,0.00028206373,289.6497,295.9361,284.45856,4.5806635e-05
1982-07-01,1.347713e-06,290.89316,296.79126,284.35852,5.0540904e-05
1982-07-02,0.0,293.03445,299.07883,286.45258,5.513892e-05
1982-07-03,7.25457e-06,293.6729,299.58972,286.67188,4.8912854e-05
1982-07-04,0.0,293.17377,299.8042,287.5183,5.3975487e-05
1982-07-05,4.6406126e-06,292.8141,298.5336,288.15457,5.5632892e-05
1982-07-06,0.0,293.68903,299.38852,286.24963,5.0860606e-05
1982-07-07,6.237218e-05,292.52423,298.3554,288.37384,4.8151865e-05
1982-07-08,1.9974464e-06,291.57928,296.66278,285.5126,5.026504e-05
1982-07-09,0.0,292.3308,298.3116,284.31873,4.9660357e-05
1982-07-10,0.0,293.34583,300.2138,286.65097,5.742135e-05
1982-07-11,0.0,293.77863,300.14154,286.49854,5.3304815e-05
1982-07-12,7.3963e-06,293.8288,301.24106,289.23276,3.9970495e-05
1982-07-13,0.0,293.6589,300.72913,286.6592,5.0701172e-05
1982-07-14,8.76122e-05,293.71432,298.45328,289.3233,3.4467772e-05
1982-07-15,5.964246e-06,295.96042,302.5942,289.04282,5.768222e-05
1982-07-16,0.0,296.5014,302.6873,291.00882,5.694923e-05
1982-07-17,4.981423e-06,294.70654,300.25183,290.79694,3.4516084e-05
1982-07-18,0.00010193857,291.95895,295.00455,290.6395,2.7511967e-05
1982-07-19,0.00015712224,291.3704,295.01477,289.33142,2.8316777e-05
1982-07-20,0.0002503262,294.7256,300.73724,289.7331,5.1404848e-05
1982-07-21,0.0,296.13312,302.86328,289.24744,5.0947765e-05
1982-07-22,2.5458196e-06,294.87482,302.05304,289.89017,4.8637557e-05
1982-07-23,0.0002229025,292.5271,295.78882,289.6553,2.827141e-05
1982-07-24,2.1618423e-05,293.34027,298.84293,289.03128,3.661453e-05
1982-07-25,9.457901e-05,290.5294,296.46207,287.68314,3.228092e-05
1982-07-26,5.6608784e-05,290.53558,293.29288,288.10974,2.4305555e-05
1982-07-27,1.7678847e-05,290.60593,296.49045,286.7764,3.0791954e-05
1982-07-28,6.1691855e-05,290.7945,296.39746,287.60977,3.4109573e-05
1982-07-29,0.0,293.06396,299.7885,285.73447,4.602256e-05
1982-07-30,0.0,293.35974,298.72888,288.80716,3.599172e-05
1982-07-31,0.0,292.0875,299.167,288.8176,3.3480337e-05
1982-08-01,7.786788e-05,293.86417,300.50446,286.80432,4.6265275e-05
1982-08-02,0.0,294.38574,299.77496,288.97076,4.202406e-05
1982-08-03,0.0,294.04968,298.64655,289.53818,3.491549e-05
1982-08-04,4.4356925e-06,291.17236,297.81445,288.727,3.284604e-05
1982-08-05,4.9575763e-05,292.67532,298.77774,287.8979,3.8190115e-05
1982-08-06,3.7758634e-06,293.04874,299.31995,287.39603,3.921895e-05
1982-08-07,1.197235e-05,291.15656,297.42548,288.5774,3.1257525e-05
1982-08-08,9.2910355e-05,290.78693,295.16968,286.23166,2.6559233e-05
1982-08-09,2.4969013e-05,292.28488,297.90225,288.81448,3.6707395e-05
1982-08-10,1.367103e-07,293.0105,298.749,288.7493,3.4567143e-05
1982-08-11,3.1445197e-06,293.4174,300.32904,287.28012,4.794588e-05
1982-08-12,0.0,294.7102,302.9479,286.6111,5.2646814e-05
1982-08-13,0.0,296.46436,304.78128,288.53217,5.2754767e-05
1982-08-14,0.0,295.83307,303.63077,289.49814,5.869042e-05
1982-08-15,5.476535e-06,295.933,302.9652,290.30893,4.9229635e-05
1982-08-16,6.7896135e-06,294.15936,302.4454,290.60037,4.2054675e-05
1982-08-17,0.00011321733,292.84036,299.89444,289.31622,3.311166e-05
1982-08-18,4.5892e-06,291.9743,299.769,286.28418,4.6950416e-05
1982-08-19,0.0,293.8028,302.33957,283.73145,4.7619484e-05
1982-08-20,9.2516775e-06,293.7135,299.75385,287.65268,3.9935887e-05
1982-08-21,0.00048768762,284.89987,293.5966,283.58374,2.1674912e-05
1982-08-22,0.00026892984,287.61856,295.21024,283.69238,3.5111847e-05
1982-08-23,0.0,288.00983,295.97134,280.28653,4.022654e-05
1982-08-24,0.0,289.15866,296.89554,281.04407,3.8030357e-05
1982-08-25,3.9744562e-05,289.68787,297.17062,284.4895,3.935439e-05
1982-08-26,0.0,291.12653,299.4157,283.5376,4.4504224e-05
1982-08-27,0.0,292.68045,299.3073,283.94955,4.211503e-05
1982-08-28,7.055859e-06,289.11288,292.3128,286.6368,1.7410013e-05
1982-08-29,0.00052561605,287.48703,289.2414,286.51535,1.6096707e-05
1982-08-30,0.0001731259,288.0077,294.51846,282.41595,3.0518157e-05
1982-08-31,0.0,289.91235,296.0158,282.64523,3.2467815e-05
1982-09-01,2.0390036e-05,290.0951,295.26733,286.9991,2.878407e-05
1982-09-02,0.0,289.8818,294.6432,285.40466,2.5483192e-05
1982-09-03,0.0,290.52576,295.8826,286.75278,3.1306696e-05
1982-09-04,0.0,290.55966,298.13898,284.1067,3.4642697e-05
1982-09-05,0.0,293.5315,302.16013,285.56345,3.9289258e-05
1982-09-06,2.010319e-06,293.81793,300.78864,286.38977,3.9351853e-05
1982-09-07,4.5141596e-06,289.47903,297.47604,286.70163,2.5668634e-05
1982-09-08,0.00042623564,290.2071,293.88525,287.14545,2.1128833e-05
1982-09-09,2.9078843e-05,291.6393,296.45813,287.98224,2.4014136e-05
1982-09-10,2.8265097e-06,290.87787,296.74133,287.57278,3.0879033e-05
1982-09-11,0.0,291.17493,297.676,285.77713,3.2282358e-05
1982-09-12,0.0,291.3953,298.71848,286.78287,3.483598e-05
1982-09-13,0.0,290.6156,298.22308,285.8258,3.2829477e-05
1982-09-14,0.0,290.35843,297.78482,285.3755,2.9812398e-05
1982-09-15,0.0,289.98746,297.57574,284.42404,3.0941053e-05
1982-09-16,0.0,290.02884,297.9102,283.24106,3.0092591e-05
1982-09-17,0.0,289.96497,297.955,284.2678,3.0056342e-05
1982-09-18,0.0,289.44647,296.9972,284.73712,2.9651346e-05
1982-09-19,0.0,289.5124,297.39993,282.41245,2.6809746e-05
1982-09-20,0.0,290.47006,297.9378,284.1653,2.9396819e-05
1982-09-21,0.0,291.0347,297.0328,286.75797,2.3353097e-05
1982-09-22,0.000101027064,291.39035,297.77972,287.65765,2.7954075e-05
1982-09-23,1.5864014e-05,289.38205,291.66153,287.2345,1.283327e-05
1982-09-24,0.00035337705,285.3644,289.32928,284.86493,1.3783502e-05
1982-09-25,2.5393625e-05,288.28397,294.8505,282.55508,1.9637017e-05
1982-09-26,0.0,291.24286,298.03687,286.25845,2.8583408e-05
1982-09-27,0.0,290.19696,297.3802,285.16068,2.1424308e-05
1982-09-28,3.1648326e-06,289.3354,294.2176,284.871,1.9391344e-05
1982-09-29,0.0,288.9569,295.35013,285.17514,2.270098e-05
1982-09-30,6.011979e-07,288.51434,293.9362,284.25262,1.8518518e-05
1982-10-01,3.947134e-05,287.29135,292.0519,285.8234,1.77321e-05
1982-10-02,0.0002595828,287.2494,290.52197,282.99426,1.2371154e-05
1982-10-03,0.00013174066,287.20557,292.0461,284.9498,2.182254e-05
1982-10-04,0.0,283.44962,287.43655,280.93127,1.5596363e-05
1982-10-05,2.6383126e-05,282.79355,284.20013,282.44452,9.2256105e-06
1982-10-06,0.000104108745,283.59857,285.76736,282.40536,9.178027e-06
1982-10-07,0.00043522855,283.29675,285.9238,281.75662,1.02676795e-05
1982-10-08,0.00029913374,283.59418,288.67578,281.36896,1.4061007e-05
1982-10-09,6.867558e-05,281.62643,283.76797,279.5874,9.175355e-06
1982-10-10,9.376107e-05,282.08395,286.93085,278.26147,1.2630518e-05
1982-10-11,0.0,283.38486,289.6909,278.2629,1.3860992e-05
1982-10-12,0.00014955371,282.37207,286.16473,280.44104,1.0594124e-05
1982-10-13,1.3822971e-05,284.09314,287.7444,278.50836,1.073379e-05
1982-10-14,6.3197025e-05,287.74408,292.06717,283.94028,1.8428083e-05
1982-10-15,0.00020965868,282.62457,285.78348,280.96564,8.563618e-06
1982-10-16,5.5914043e-05,281.1597,288.71857,277.98102,1.49726275e-05
1982-10-17,0.0,280.555,286.0109,274.7025,9.259259e-06
1982-10-18,0.0,283.80835,287.77042,277.08548,9.32528e-06
1982-10-19,5.7747525e-06,286.37207,292.25607,281.85287,1.501147e-05
1982-10-20,1.9831964e-06,284.68262,290.6385,281.2119,1.2731482e-05
1982-10-21,0.0,282.93762,288.461,279.5528,1.0416667e-05
1982-10-22,0.0,282.46796,284.65372,278.0611,8.101852e-06
1982-10-23,3.708697e-06,285.83588,288.01227,282.53363,9.259259e-06
1982-10-24,0.0003114853,286.65744,292.2765,283.50546,1.234045e-05
1982-10-25,6.914169e-05,283.9604,287.77203,281.6761,9.240234e-06
1982-10-26,1.0736345e-05,283.2895,286.89975,281.2227,9.059221e-06
1982-10-27,0.0,282.4381,286.915,279.2933,1.05321915e-05
1982-10-28,0.0,283.4269,286.60995,281.04193,9.204272e-06
1982-10-29,0.0,283.4823,287.39572,281.86472,1.2336599e-05
1982-10-30,0.0,282.06284,286.4813,279.52213,1.1967324e-05
1982-10-31,0.0,280.22684,286.66913,276.63525,9.324118e-06
1982-11-01,0.0,277.92035,280.93976,273.95914,4.556297e-06
1982-11-02,0.0,277.80872,283.02017,273.92264,6.225955e-06
1982-11-03,0.0,275.82956,278.22702,272.97375,5.8728574e-06
1982-11-04,0.0,275.59067,276.8882,273.88058,4.6296295e-06
1982-11-05,0.0,277.3851,279.3659,274.00516,7.653061e-06
1982-11-06,1.3170571e-06,273.85004,279.5842,270.726,1.463949e-05
1982-11-07,0.0,271.76648,275.5263,266.80136,6.8910726e-06
1982-11-08,0.0,276.42474,279.30655,269.42508,6.9444445e-06
1982-11-09,3.3508793e-05,284.46127,286.1176,279.40964,6.5094205e-06
1982-11-10,0.00019451878,284.2808,285.72665,282.79364,5.787037e-06
1982-11-11,7.5379125e-05,284.64194,286.97458,283.12723,5.787037e-06
1982-11-12,0.0,281.42932,284.81656,279.11108,4.6296295e-06
1982-11-13,2.5455827e-05,284.80038,286.55014,280.54483,6.552982e-06
1982-11-14,0.00055654114,277.7246,285.79034,275.56018,5.7572165e-06
1982-11-15,0.00036510476,277.08255,280.02698,275.20728,5.247934e-06
1982-11-16,0.0,276.53653,281.14954,274.94104,6.905934e-06
1982-11-17,0.0,275.4897,277.94205,273.14255,3.817599e-06
1982-11-18,0.0,273.93222,279.6006,269.59647,3.5156825e-06
1982-11-19,0.0,276.49402,284.14215,270.58795,4.4245144e-06
1982-11-20,0.0,275.8055,283.4085,270.8656,4.2215115e-06
1982-11-21,0.0,274.97968,277.12598,271.89194,3.4722223e-06
1982-11-22,0.0,278.35822,282.90384,272.28122,5.787037e-06
1982-11-23,0.0,278.95938,283.89935,273.0714,6.751048e-06
1982-11-24,0.0,281.36218,285.07617,275.2456,7.903091e-06
1982-11-25,3.035671e-07,282.54062,286.37585,278.67566,5.6372755e-06
1982-11-26,1.9965668e-05,282.35208,285.0491,280.25928,5.350454e-06
1982-11-27,1.0534338e-05,281.61047,283.51834,279.8208,3.4722223e-06
1982-11-28,4.3261825e-05,279.86182,282.23215,279.0564,3.8128205e-06
1982-11-29,1.6336478e-05,278.8075,280.1722,278.15656,5.3301246e-06
1982-11-30,4.4658806e-05,278.94952,280.2829,278.44955,6.8953923e-06
1982-12-01,1.2226467e-05,276.57758,279.30026,275.96396,6.670069e-06
1982-12-02,9.496028e-06,277.15714,278.03662,275.6873,5.927098e-06
1982-12-03,2.9163841e-06,278.8535,280.87146,277.2488,5.5762252e-06
1982-12-04,0.0,276.2583,278.62466,274.63486,5.53316e-06
1982-12-05,0.0,273.51917,277.98514,271.3374,2.3148148e-06
1982-12-06,0.0,274.0117,277.15457,269.7804,3.4817706e-06
1982-12-07,1.4762868e-06,277.91965,279.3366,273.59058,3.4722223e-06
1982-12-08,3.4086468e-06,281.50818,283.75662,278.4238,5.2978844e-06
1982-12-09,9.734663e-05,283.9474,285.5917,281.3116,7.0444607e-06
1982-12-10,0.00017285829,283.21625,284.83487,281.21594,6.9404846e-06
1982-12-11,0.00024620228,274.6597,284.93546,273.16464,3.3717777e-06
1982-12-12,4.3787197e-05,272.97073,274.72842,271.04517,2.2482518e-06
1982-12-13,1.9429739e-05,273.78867,275.9651,271.87866,2.3148148e-06
1982-12-14,1.171065e-05,274.16864,276.22916,272.2779,3.549703e-06
1982-12-15,1.9788756e-06,274.89752,276.9123,271.50156,3.4722223e-06
1982-12-16,0.0,278.52698,280.1775,274.71512,6.804363e-06
1982-12-17,1.1475127e-05,282.6351,284.07928,279.22287,5.5898654e-06
1982-12-18,9.348152e-05,279.01172,284.9245,275.7012,5.6590316e-06
1982-12-19,0.00042480254,274.99506,277.53265,273.86404,5.5301275e-06
1982-12-20,5.4450815e-08,275.6519,277.96246,270.5664,5.0669605e-06
1982-12-21,8.692125e-05,278.14587,281.761,274.83722,3.4722223e-06
1982-12-22,0.00011444189,274.18042,275.8252,273.63022,2.5568772e-06
1982-12-23,0.00020766482,274.29733,275.48584,273.2255,3.1490704e-06
1982-12-24,1.144677e-07,274.29248,275.1599,273.99002,4.3260634e-06
1982-12-25,5.537312e-06,274.86136,276.5327,273.23685,2.746625e-06
1982-12-26,0.0,274.3752,278.75412,271.50058,1.3517061e-06
1982-12-27,0.0,271.30392,273.96918,268.0889,1.2082018e-06
1982-12-28,0.0,274.18967,278.2381,270.05887,2.324363e-06
1982-12-29,3.040936e-06,274.68616,278.97034,270.2323,9.009917e-06
1982-12-30,0.0,272.401,279.69632,267.10233,5.7217762e-06
1982-12-31,0.0,269.88675,274.9774,263.755,1.1095888e-06
1983-01-01,0.0,271.68817,277.14117,266.3846,2.3148148e-06
1983-01-02,0.0,274.13953,276.02158,268.6384,3.0345686e-06
1983-01-03,0.0,272.89355,276.32706,269.48788,3.2379187e-06
1983-01-04,0.0,275.5115,277.90277,271.74747,4.213501e-06
1983-01-05,0.0,275.4941,279.96228,271.87042,4.9996493e-06
1983-01-06,0.0,274.4988,281.4202,270.0876,1.2502071e-06
1983-01-07,0.0,275.80573,278.89236,271.75784,2.8517532e-06
1983-01-08,7.1269336e-05,274.77213,277.23837,273.981,5.088683e-06
1983-01-09,2.6835962e-05,272.5822,277.28644,270.77478,2.1604455e-06
1983-01-10,0.0,271.14664,273.948,268.5524,2.5174854e-06
1983-01-11,0.0,271.03186,276.85797,266.90778,1.248406e-06
1983-01-12,0.0,271.20218,277.9799,266.47864,2.3148148e-06
1983-01-13,0.0,273.16934,278.8689,265.75983,3.3398421e-06
1983-01-14,2.2609142e-06,273.55807,275.9401,270.56476,3.3181177e-06
1983-01-15,0.000116101226,271.99854,275.1959,269.52548,2.3148148e-06
1983-01-16,2.0068589e-08,276.85605,281.74747,269.6646,5.787037e-06
1983-01-17,0.0,278.86563,285.49484,274.13815,1.3339013e-05
1983-01-18,0.0,277.86145,283.885,269.96207,9.512393e-06
1983-01-19,2.0874545e-06,275.91162,279.9814,273.1646,1.1329337e-05
1983-01-20,1.6957844e-07,273.07153,277.58005,268.9758,1.437821e-05
1983-01-21,0.0,272.69675,277.25644,268.20184,4.983857e-06
1983-01-22,0.0,275.5398,282.84482,269.96506,6.9444445e-06
1983-01-23,0.0,272.77634,280.00537,268.69803,3.4832724e-06
1983-01-24,0.0,271.1235,275.26883,267.5487,3.4722223e-06
1983-01-25,0.0,270.36044,275.54254,266.2937,3.0603192e-06
1983-01-26,0.0,272.94955,276.536,268.1253,4.209746e-06
1983-01-27,0.0,276.32913,280.7527,271.98605,5.206823e-06
1983-01-28,0.0,274.9922,281.7931,270.97433,6.9444445e-06
1983-01-29,0.0,277.40167,282.9665,271.9115,8.037747e-06
1983-01-30,0.0,277.95337,280.44574,274.6479,5.0236076e-06
1983-01-31,5.9912356e-05,275.98267,281.0963,273.18997,1.2529464e-05
1983-02-01,1.3636984e-06,276.80453,281.10052,270.14157,1.2356581e-05
1983-02-02,0.000113225804,275.53256,279.16223,272.97266,8.058391e-06
1983-02-03,3.0563904e-05,272.0605,275.93323,268.48004,4.9917353e-06
1983-02-04,0.0,273.34274,278.35748,267.01028,1.1783242e-05
1983-02-05,0.0,272.43118,275.98306,266.19824,1.06851585e-05
1983-02-06,1.27299245e-05,272.52365,274.20892,271.31064,3.4722223e-06
1983-02-07,0.00021381574,273.15222,275.30698,269.89493,3.9123083e-06
1983-02-08,3.147867e-05,273.03,274.2884,271.89252,3.824021e-06
1983-02-09,9.031079e-05,272.4178,273.78595,271.81955,4.137093e-06
1983-02-10,0.00012368505,271.77603,273.3752,269.12878,3.4722223e-06
1983-02-11,0.00014944308,271.9173,273.14087,270.28018,3.4722223e-06
1983-02-12,0.00011421174,274.10168,277.59088,271.0435,4.6296295e-06
1983-02-13,2.2371884e-07,271.27707,273.57516,266.011,3.4722223e-06
1983-02-14,9.6475145e-05,272.42358,273.44928,271.47476,3.604568e-06
1983-02-15,4.3372747e-05,270.62677,274.22046,267.68668,6.129087e-06
1983-02-16,1.6137485e-06,265.0683,271.7988,261.8109,5.911069e-06
1983-02-17,0.0,268.46103,275.35306,258.0624,8.101852e-06
1983-02-18,0.0,268.2756,276.7667,259.56305,6.9444445e-06
1983-02-19,0.0,269.54794,277.25955,260.6061,6.918108e-06
1983-02-20,0.0,269.22318,274.27676,265.24152,5.36293e-06
1983-02-21,0.0,271.67566,277.86826,263.74158,8.950222e-06
1983-02-22,0.0,266.92337,274.11517,260.65985,8.783069e-06
1983-02-23,0.0,264.17694,272.82825,256.29575,6.740957e-06
1983-02-24,0.0,266.32272,275.62723,257.394,8.082366e-06
1983-02-25,0.0,267.84604,276.29947,259.13022,8.075514e-06
1983-02-26,0.0,273.681,278.20163,262.08612,9.215799e-06
1983-02-27,5.019174e-07,276.26614,279.78656,273.59695,6.8223585e-06
1983-02-28,1.4035362e-06,275.64755,279.70166,270.58173,6.9628286e-06
1983-03-01,2.2020363e-06,276.2842,279.57236,273.5144,8.038469e-06
1983-03-02,1.2358589e-07,275.39755,279.53873,270.6434,1.2280962e-05
1983-03-03,0.0,276.25122,281.89154,271.19345,1.30392355e-05
1983-03-04,0.0,273.3784,277.88037,270.80304,9.788969e-06
1983-03-05,0.0,272.90216,281.30008,267.26144,9.259259e-06
1983-03-06,0.0,274.40842,279.4151,268.05472,9.1263e-06
1983-03-07,0.0,278.23438,287.82996,270.63623,1.6389655e-05
1983-03-08,0.0,279.16504,290.47177,271.322,1.8717872e-05
1983-03-09,0.0,279.14288,289.4083,270.86877,2.1137315e-05
1983-03-10,0.0,280.82553,290.93582,271.77872,2.0720881e-05
1983-03-11,0.0,281.76218,291.2148,271.54742,2.1928465e-05
1983-03-12,0.0,275.69214,281.27286,273.75165,1.8981213e-05
1983-03-13,1.5310779e-06,273.8585,281.1061,268.98654,1.8383675e-05
1983-03-14,0.0,275.79593,283.6844,267.3328,1.7685117e-05
1983-03-15,0.0,278.2164,281.21146,273.83624,1.305307e-05
1983-03-16,1.9242214e-05,279.91974,284.4488,275.5999,1.2731482e-05
1983-03-17,0.0,279.83524,289.09598,272.57645,2.1979262e-05
1983-03-18,0.0,281.1188,289.3904,271.45312,2.2042692e-05
1983-03-19,0.0,283.13306,290.11807,274.3035,2.0982654e-05
1983-03-20,5.2002506e-06,282.55264,290.48996,277.71344,2.2225831e-05
1983-03-21,8.3841223e-07,283.58932,290.75955,275.41928,2.7696353e-05
1983-03-22,1.262853e-06,280.82547,284.2842,278.20035,1.1505684e-05
1983-03-23,0.00046881972,276.83655,281.29254,274.3451,1.0307574e-05
1983-03-24,1.7417078e-06,280.0979,284.71454,272.65253,1.3282904e-05
1983-03-25,0.0003281025,281.05746,285.07303,278.9649,1.1530614e-05
1983-03-26,0.00023788435,274.47,281.06787,274.0231,1.1055276e-05
1983-03-27,2.3365697e-05,276.18665,283.18677,271.12598,2.0017378e-05
1983-03-28,2.260302e-06,279.29227,284.85437,271.1418,2.1644431e-05
1983-03-29,1.3903742e-05,277.0304,280.18903,275.48453,1.1162646e-05
1983-03-30,0.0002664646,278.47156,280.57794,276.2797,1.1634737e-05
1983-03-31,2.5322686e-05,279.9919,284.3936,275.64365,1.5557125e-05
1983-04-01,1.2953975e-06,280.77112,282.7233,277.53513,1.2712457e-05
1983-04-02,5.540777e-05,279.1167,282.5268,277.3591,1.3540665e-05
1983-04-03,4.1857493e-05,279.40747,281.66425,276.39844,1.3594639e-05
1983-04-04,6.833242e-05,279.67172,284.45227,277.26733,1.8787236e-05
1983-04-05,2.7727638e-05,276.92325,280.34933,273.22067,1.1884822e-05
1983-04-06,3.57047e-05,279.61154,283.85846,272.88654,1.6555481e-05
1983-04-07,6.0260998e-05,283.08685,287.11145,279.23767,1.8028833e-05
1983-04-08,2.2350432e-05,283.80286,288.77277,281.33212,2.1342557e-05
1983-04-09,8.5000653e-07,284.99673,289.38217,280.06064,2.5489975e-05
1983-04-10,0.0,285.26514,290.30978,279.48276,2.5632542e-05
1983-04-11,0.0,286.73083,292.6917,280.58298,3.3992153e-05
1983-04-12,0.0,284.21207,289.19916,279.88925,3.944302e-05
1983-04-13,4.629714e-06,281.44046,286.26642,278.74216,3.2878143e-05
1983-04-14,0.0,279.10318,285.40472,272.8598,3.0479045e-05
1983-04-15,0.0,280.26804,285.74646,274.13446,2.2368184e-05
1983-04-16,1.4813942e-06,282.05637,288.26242,275.8389,2.6000494e-05
1983-04-17,0.0,282.81778,289.88275,276.0884,3.8063812e-05
1983-04-18,0.0,283.1789,288.5812,276.62036,2.8041102e-05
1983-04-19,0.0,284.80325,287.91507,281.2175,2.3776096e-05
1983-04-20,4.1157e-06,287.2687,292.49655,283.45312,3.7777816e-05
1983-04-21,1.2751891e-06,288.5666,296.2208,279.45172,3.318002e-05
1983-04-22,8.5787506e-05,285.28836,289.9007,282.32846,2.001636e-05
1983-04-23,3.987748e-05,286.59647,291.64474,281.45047,4.257347e-05
1983-04-24,1.7142002e-06,286.3977,291.8842,279.77734,3.3289143e-05
1983-04-25,0.0,285.68604,292.69995,278.58588,4.586652e-05
1983-04-26,0.0,288.0818,294.46817,278.85126,4.168367e-05
1983-04-27,0.0,288.19336,294.03903,284.76685,4.5292003e-05
1983-04-28,0.0,287.30804,294.28436,281.50336,3.429561e-05
1983-04-29,0.0,288.50095,295.74893,279.51892,3.9366412e-05
1983-04-30,0.0,288.68292,295.38745,282.0804,4.1897678e-05
1983-05-01,0.0,287.45514,292.13354,282.36957,3.144332e-05
1983-05-02,0.00028001852,284.6622,292.13297,280.11536,3.8818605e-05
1983-05-03,1.3708548e-05,285.93152,292.92078,277.14218,3.8935814e-05
1983-05-04,3.887726e-06,284.9408,292.83145,279.60364,3.7364433e-05
1983-05-05,6.1063074e-05,285.48114,292.78308,279.32797,3.2570046e-05
1983-05-06,2.8994758e-05,286.3893,293.5679,280.9542,3.3397777e-05
1983-05-07,1.5953567e-05,285.74094,289.94092,282.48914,2.847708e-05
1983-05-08,4.618222e-05,284.36517,286.82895,283.0002,1.850897e-05
1983-05-09,0.00036352547,282.44135,285.46777,280.75,1.8121425e-05
1983-05-10,7.673693e-05,285.2612,292.4346,278.01544,4.0021132e-05
1983-05-11,2.0906937e-05,286.22003,289.83087,282.50824,2.2569699e-05
1983-05-12,9.0390364e-05,288.11322,292.34998,283.7068,3.1874828e-05
1983-05-13,0.0,289.54117,295.83002,282.56107,5.01481e-05
1983-05-14,0.0,291.7323,298.11813,283.25848,4.872928e-05
1983-05-15,1.2758752e-06,293.13406,301.46805,284.9885,6.232252e-05
1983-05-16,0.0,291.2505,298.7005,282.4841,4.1731528e-05
1983-05-17,0.0,290.8116,298.6228,283.5598,5.7672183e-05
1983-05-18,0.0,289.97516,297.31448,279.81058,5.402205e-05
1983-05-19,0.0,288.71747,294.75235,279.9849,5.0752686e-05
1983-05-20,0.0,289.72342,297.48285,279.18042,5.0169914e-05
1983-05-21,0.0,292.01096,300.0064,282.0578,4.7109763e-05
1983-05-22,0.0,290.54028,295.45853,283.0447,3.197963e-05
1983-05-23,2.539783e-06,288.32404,292.97076,286.46146,2.5199344e-05
1983-05-24,0.00016735683,284.98828,290.307,283.47906,2.8164242e-05
1983-05-25,4.5168832e-05,283.7037,286.99045,279.59402,2.1947279e-05
1983-05-26,3.1763855e-05,284.365,288.50027,281.9257,2.2636279e-05
1983-05-27,0.00017666724,283.8081,285.90256,281.96918,1.8582596e-05
1983-05-28,4.5607223e-05,284.17938,288.0231,282.51813,2.5267756e-05
1983-05-29,9.699753e-06,285.4412,292.36877,279.91934,3.5879628e-05
1983-05-30,8.9913345e-05,287.72736,294.69904,279.66803,4.123579e-05
1983-05-31,2.2542697e-06,290.48972,298.30887,280.97522,5.360564e-05
1983-06-01,0.0,291.9084,299.91672,281.8936,5.5716682e-05
1983-06-02,0.0,293.0307,300.1219,285.2863,4.8051086e-05
1983-06-03,1.5072097e-06,293.8878,300.17682,286.73932,5.5656743e-05
1983-06-04,0.0,293.9865,301.58878,285.52576,5.6184817e-05
1983-06-05,1.0807733e-05,295.19684,302.61404,287.0914,5.6970115e-05
1983-06-06,4.4374767e-05,288.81534,295.6827,285.9196,2.7157037e-05
1983-06-07,0.00017552683,287.4562,293.37964,282.87695,5.8867325e-05
1983-06-08,0.0,288.32895,295.89868,278.49646,5.3211985e-05
1983-06-09,0.0,293.07742,301.37024,280.1023,5.796687e-05
1983-06-10,0.0,293.0966,301.55637,286.39484,5.577591e-05
1983-06-11,0.00018537631,289.69025,295.51553,286.9919,3.4835666e-05
1983-06-12,6.065778e-05,290.95865,296.85733,283.84872,4.4248933e-05
1983-06-13,1.6616677e-06,289.0727,296.2841,285.08237,3.41961e-05
1983-06-14,0.00012882851,290.4797,296.03506,284.4426,4.1538045e-05
1983-06-15,1.5464256e-06,286.63986,292.46585,283.71652,2.5462963e-05
1983-06-16,3.3381846e-05,286.4707,291.7554,279.83774,4.261802e-05
1983-06-17,1.982145e-07,286.03946,291.46774,280.8935,3.352339e-05
1983-06-18,0.0,287.11932,292.1514,279.56863,4.3952736e-05
1983-06-19,0.0,287.9535,293.309,284.7885,3.0557494e-05
1983-06-20,0.00012293928,288.0886,289.9544,285.33597,2.1960532e-05
1983-06-21,8.059531e-05,290.1912,294.8458,286.94925,3.3281965e-05
1983-06-22,1.2039946e-05,290.16583,295.26733,286.52744,3.3521355e-05
1983-06-23,0.000191358,290.8303,296.6271,286.99506,4.2618307e-05
1983-06-24,0.0,291.9304,298.62595,283.54486,5.4441673e-05
1983-06-25,0.0,292.7692,299.61246,285.30573,5.9842638e-05
1983-06-26,0.0,293.84668,300.66925,286.2451,6.0542796e-05
1983-06-27,3.0405017e-06,292.24826,299.42392,287.3782,4.3037253e-05
1983-06-28,8.453472e-05,290.25104,294.74802,287.58594,2.7309723e-05
1983-06-29,0.000151072,288.95856,294.1009,285.33252,4.6105983e-05
1983-06-30,1.217246e-06,290.27872,297.0202,282.6956,5.327282e-05
1983-07-01,0.0,290.2341,297.95892,283.62527,4.6659432e-05
1983-07-02,0.0001389242,291.89322,297.75534,285.70172,4.546932e-05
1983-07-03,1.1450513e-06,292.92023,299.09598,285.16266,5.4565728e-05
1983-07-04,0.0,294.51996,300.63956,286.90482,5.3577663e-05
1983-07-05,1.7916576e-06,295.49786,301.42432,289.4408,5.4949764e-05
1983-07-06,3.97327e-06,295.50235,301.821,288.71417,5.180502e-05
1983-07-07,7.612025e-06,293.3308,300.23145,288.94016,4.396208e-05
1983-07-08,7.712002e-06,293.03,300.3579,288.90402,3.803523e-05
1983-07-09,3.525463e-05,294.7969,302.09012,288.53696,5.8077763e-05
1983-07-10,1.0998269e-06,295.07404,302.5245,286.9403,5.8120975e-05
1983-07-11,0.0,293.32996,302.49445,287.7305,5.206143e-05
1983-07-12,3.3616732e-05,293.9006,300.5017,286.25577,4.975449e-05
1983-07-13,8.5214987e-07,294.19528,303.80228,289.2844,5.3627627e-05
1983-07-14,4.5206933e-05,292.17374,299.57614,287.86685,4.2812335e-05
1983-07-15,1.6376818e-05,292.6146,299.80048,284.76685,5.1254967e-05
1983-07-16,0.0,294.13153,301.1561,285.86072,5.555842e-05
1983-07-17,0.0,295.6595,303.45276,286.5458,5.9908645e-05
1983-07-18,0.0,297.26215,305.71768,287.22025,6.38021e-05
1983-07-19,0.0,298.43268,307.04224,290.72662,6.486591e-05
1983-07-20,2.4199804e-05,295.16345,305.27853,290.757,5.6027973e-05
1983-07-21,4.959515e-05,288.66064,292.40668,287.66464,2.9397637e-05
1983-07-22,0.0,293.13278,301.63995,283.18112,5.275415e-05
1983-07-23,0.0,296.1253,304.5617,287.80344,6.201168e-05
1983-07-24,5.787241e-06,294.43567,304.1059,289.37424,6.2515865e-05
1983-07-25,1.5130667e-05,295.82712,303.88864,287.62225,5.7582965e-05
1983-07-26,1.1433546e-06,297.0515,304.7341,290.12854,5.8959722e-05
1983-07-27,0.0,299.3418,308.008,290.71057,6.1513674e-05
1983-07-28,0.0,299.8166,308.39548,290.02966,6.712963e-05
1983-07-29,3.9941156e-06,294.44467,303.45026,291.2683,4.5548808e-05
1983-07-30,9.449432e-06,296.3935,304.82083,287.87317,5.8781665e-05
1983-07-31,0.0,297.69403,306.0076,288.49734,5.898432e-05
1983-08-01,0.0,298.49576,306.40988,290.4858,6.772868e-05
1983-08-02,7.941913e-06,294.08282,300.97015,290.0441,3.5880646e-05
1983-08-03,0.00014714962,288.28195,292.93146,284.8808,2.7770544e-05
1983-08-04,0.0004401749,288.07748,294.19412,283.64426,3.5838857e-05
1983-08-05,3.288557e-06,287.87097,295.1886,283.4433,2.926733e-05
1983-08-06,0.00011128211,287.97153,293.28662,285.0412,2.7976943e-05
1983-08-07,6.573838e-05,289.15887,295.16592,284.08728,3.369514e-05
1983-08-08,1.9503641e-05,290.52203,297.2825,285.9735,3.4685636e-05
1983-08-09,3.2887718e-07,292.3648,300.04236,284.6687,4.756816e-05
1983-08-10,0.0,292.7135,301.35825,286.36127,4.5260647e-05
1983-08-11,9.133107e-05,292.963,298.81158,288.58255,3.531381e-05
1983-08-12,1.8333693e-06,293.06244,299.71124,287.3394,4.0171108e-05
1983-08-13,3.3917477e-05,291.9783,299.01953,287.96216,2.7385784e-05
1983-08-14,0.0,288.939,296.3362,283.37823,4.6546622e-05
1983-08-15,0.0,290.04288,298.3669,280.60605,4.5901306e-05
1983-08-16,0.0,291.7576,300.6848,281.72614,4.7262423e-05
1983-08-17,0.0,292.9387,300.32352,286.90134,5.147688e-05
1983-08-18,1.36747485e-05,292.0012,299.04028,286.7126,3.4738347e-05
1983-08-19,3.8865614e-06,292.46063,300.2307,287.1384,4.570851e-05
1983-08-20,3.1549773e-06,293.02554,301.17645,285.42047,4.3131484e-05
1983-08-21,0.0,293.6003,302.0075,285.8775,4.8436672e-05
1983-08-22,0.0,293.1343,302.10007,287.5158,4.538284e-05
1983-08-23,7.626199e-05,293.6443,301.53238,286.72394,4.2643554e-05
1983-08-24,4.0294412e-06,291.04337,295.22845,287.31906,1.8596487e-05
1983-08-25,7.6659024e-05,290.428,292.49973,288.37515,1.9483492e-05
1983-08-26,0.00015681447,292.1681,297.32733,289.23737,2.8508613e-05
1983-08-27,7.039009e-06,292.98468,300.57745,286.8951,4.07818e-05
1983-08-28,0.0,293.4869,301.9015,287.4201,4.1508545e-05
1983-08-29,0.0,292.7771,298.4018,287.06525,3.029431e-05
1983-08-30,3.6843514e-05,291.85294,296.00705,289.27814,2.6018937e-05
1983-08-31,1.697202e-06,291.90027,296.7516,288.79172,2.5381856e-05
1983-09-01,2.0145092e-06,292.22772,297.4819,289.87424,2.7490796e-05
1983-09-02,0.0,290.5363,295.15216,287.02615,2.1159265e-05
1983-09-03,5.7632995e-05,288.00244,294.67484,284.0336,1.9490926e-05
1983-09-04,0.00027185734,286.9836,294.59015,281.91437,3.3167136e-05
1983-09-05,0.0,287.9463,296.09827,279.5204,3.3947064e-05
1983-09-06,0.0,291.25943,297.74454,284.96506,3.1160103e-05
1983-09-07,1.7548309e-06,287.3645,292.42508,285.23523,1.8949297e-05
1983-09-08,9.3375005e-05,286.15067,293.4187,281.12582,2.8645287e-05
1983-09-09,0.0,290.01553,294.72012,278.9627,2.8125276e-05
1983-09-10,6.979282e-06,292.94626,298.65128,288.8011,4.02323e-05
1983-09-11,0.0,291.892,295.45737,289.38245,3.0270203e-05
1983-09-12,0.00021741263,285.51123,290.6819,284.04318,1.8614672e-05
1983-09-13,8.1647726e-05,285.24164,292.7827,280.1037,2.7118893e-05
1983-09-14,0.0,287.7093,295.44604,280.28238,3.1050142e-05
1983-09-15,0.0,289.51288,296.69263,280.89578,3.506263e-05
1983-09-16,0.0,290.90854,294.8359,285.6251,2.1573816e-05
1983-09-17,0.000379722,282.30286,291.71033,281.6466,1.5994685e-05
1983-09-18,6.848551e-05,285.7019,294.44745,279.5191,3.1044685e-05
1983-09-19,0.0,286.15063,295.31744,276.64697,2.7744129e-05
1983-09-20,0.0,289.32825,297.74203,279.7896,2.8729652e-05
1983-09-21,0.0,289.86072,296.41135,283.34247,2.5252737e-05
1983-09-22,0.0,291.3543,299.00433,285.56735,2.8804285e-05
1983-09-23,0.0,287.98758,293.97305,284.52737,2.6647009e-05
1983-09-24,0.0,286.968,294.20346,281.23233,2.3056346e-05
1983-09-25,3.023045e-06,287.75488,296.886,281.9163,2.6739168e-05
1983-09-26,6.0829784e-06,284.61383,292.94232,280.5643,2.903617e-05
1983-09-27,0.0,283.1602,293.2441,275.09744,2.6120082e-05
1983-09-28,0.0,284.92392,295.83337,276.6564,2.1911823e-05
1983-09-29,0.0,286.11823,295.54663,278.4792,2.4305555e-05
1983-09-30,0.0,288.4567,296.5194,282.3472,2.5840012e-05
1983-10-01,1.3205647e-05,284.8296,289.07,282.89655,1.3462223e-05
1983-10-02,0.0,281.33542,287.94443,275.99637,1.8824816e-05
1983-10-03,0.0,286.53506,297.10678,275.1565,2.2611253e-05
1983-10-04,0.0,287.38342,297.06448,278.26727,2.317119e-05
1983-10-05,0.0,287.8288,295.92355,280.46143,2.2915376e-05
1983-10-06,0.0,287.0334,294.7564,281.692,2.1464177e-05
1983-10-07,4.3747664e-07,285.73557,291.29105,282.24976,1.5190153e-05
1983-10-08,1.4425675e-07,284.2317,291.19342,278.3669,1.3635426e-05
1983-10-09,0.0,286.41302,292.65942,281.53192,1.3888889e-05
1983-10-10,1.0210258e-05,287.7975,293.44727,282.06308,2.0291882e-05
1983-10-11,3.4907505e-06,285.56247,290.41257,283.0095,1.241148e-05
1983-10-12,0.0005190196,280.77115,288.8545,276.70987,1.4553964e-05
1983-10-13,0.0,281.71252,290.46042,273.26956,1.6203703e-05
1983-10-14,0.0,284.05396,291.45996,275.6609,2.0490043e-05
1983-10-15,3.8129488e-06,286.2565,291.76785,282.42255,1.5528844e-05
1983-10-16,4.4248256e-05,287.70013,292.75735,282.78674,2.1338697e-05
1983-10-17,0.0002382734,281.52924,288.13025,278.54153,1.1453907e-05
1983-10-18,0.00041003432,280.81674,288.10797,277.05078,1.6223317e-05
1983-10-19,0.0,280.08698,288.68466,273.89432,1.3733865e-05
1983-10-20,0.0,282.93576,291.12347,275.56497,1.2846335e-05
1983-10-21,0.0,279.6986,283.6168,277.71164,8.217115e-06
1983-10-22,8.006707e-05,278.4968,284.76654,276.33676,1.3536477e-05
1983-10-23,0.0,276.9662,284.09012,273.34805,1.33862195e-05
1983-10-24,0.0,276.02438,283.88434,270.19345,9.622751e-06
1983-10-25,0.0,276.43158,283.64883,270.78082,8.999468e-06
1983-10-26,0.0,279.00803,286.28162,272.71957,9.47328e-06
1983-10-27,0.0,279.38593,290.38162,272.1603,1.0416667e-05
1983-10-28,0.0,279.86554,289.77734,273.29034,1.0426214e-05
1983-10-29,0.0,281.61707,284.40387,276.0186,8.411665e-06
1983-10-30,4.039612e-06,280.73395,282.5864,279.38342,6.3509087e-06
1983-10-31,9.701509e-06,280.96854,283.69565,278.74643,6.934896e-06
1983-11-01,0.0,280.0435,286.07764,276.55032,1.5046457e-05
1983-11-02,0.0,278.43716,286.36935,272.243,7.294901e-06
1983-11-03,0.0,280.07162,286.3491,274.2763,8.101852e-06
1983-11-04,0.0,279.8976,283.02292,278.08038,5.787037e-06
1983-11-05,0.0,279.84735,280.86078,277.59674,4.6296295e-06
1983-11-06,0.0,279.58734,283.45782,277.81174,7.0314677e-06
1983-11-07,0.0,278.3001,285.12912,273.91718,6.5485365e-06
1983-11-08,0.0,276.41302,278.6184,274.13913,4.6296295e-06
1983-11-09,0.0,277.18597,279.02878,275.07208,4.64929e-06
1983-11-10,0.0,275.45966,279.18323,273.15665,5.787037e-06
1983-11-11,0.0,274.95062,277.01868,273.18076,3.9171114e-06
1983-11-12,1.439373e-06,274.27133,277.71936,272.21362,9.096111e-06
1983-11-13,0.0,272.5108,277.408,268.94397,8.208473e-06
1983-11-14,0.0,269.50266,273.33902,267.00372,9.014745e-06
1983-11-15,2.4317367e-06,267.84103,272.82217,263.00702,2.737024e-06
1983-11-16,0.0,270.08514,279.8689,264.14206,3.0861781e-06
1983-11-17,0.0,270.75607,277.11865,265.3083,4.722489e-06
1983-11-18,0.0,270.50797,277.02954,266.6384,7.1390537e-06
1983-11-19,0.0,269.23264,275.93842,265.0201,4.868792e-06
1983-11-20,0.0,269.583,275.99765,263.87466,2.324363e-06
1983-11-21,0.0,271.85687,275.45004,267.05707,5.323972e-06
1983-11-22,2.6474282e-07,271.55466,277.27777,268.69012,5.583161e-06
1983-11-23,0.0,269.1384,274.7041,265.93124,3.4722223e-06
1983-11-24,0.0,268.1983,274.70654,263.6972,3.2531932e-06
1983-11-25,0.0,269.5945,275.2039,263.8796,3.4722223e-06
1983-11-26,0.0,276.29483,279.13907,268.13303,7.493467e-06
1983-11-27,1.3855028e-05,281.91815,285.02377,276.2437,5.053336e-06
1983-11-28,0.00039237653,277.9381,282.80328,275.3252,3.0662552e-06
1983-11-29,0.0,277.16635,279.35687,272.16116,3.185873e-06
1983-11-30,0.0,273.67038,279.3908,269.67468,5.787037e-06
1983-12-01,6.9113175e-06,272.6923,275.60168,269.70084,1.0217652e-05
1983-12-02,0.0,270.90924,275.6367,268.62408,1.3574924e-05
1983-12-03,0.0,269.45786,270.97772,267.9931,9.247743e-06
1983-12-04,0.0,270.78302,272.24652,269.2732,5.662652e-06
1983-12-05,0.0,271.88818,276.74408,269.25653,4.65068e-06
1983-12-06,0.0,271.5887,276.26788,266.30542,2.743656e-06
1983-12-07,0.0,272.91388,275.6852,270.20154,3.5582395e-06
1983-12-08,0.0,271.56805,276.9617,267.7363,7.9785805e-06
1983-12-09,0.0,267.7007,274.32684,263.00052,1.4849592e-06
1983-12-10,0.0,273.02573,276.57874,265.03543,5.787037e-06
1983-12-11,7.629361e-08,271.6371,275.60648,269.8111,5.2872992e-06
1983-12-12,1.4709929e-05,268.5126,273.4439,264.9351,2.0451798e-06
1983-12-13,0.0,268.39536,272.34018,264.67892,2.4563024e-06
1983-12-14,0.0,265.98776,268.4415,263.08862,2.3148148e-06
1983-12-15,0.0,267.5893,269.39993,265.45175,3.2946646e-06
1983-12-16,6.726139e-06,268.8596,269.55914,267.16653,2.3148148e-06
1983-12-17,0.0002048171,272.74603,273.72296,268.93454,2.3148148e-06
1983-12-18,0.00028473567,275.53915,276.5319,273.34778,2.3148148e-06
1983-12-19,0.00030542715,278.7845,281.40356,274.50076,3.2056146e-06
1983-12-20,0.000459269,277.8792,281.50873,276.09244,3.4722223e-06
1983-12-21,5.6889352e-05,277.8877,279.79025,275.35773,2.4724086e-06
1983-12-22,0.0001522579,277.8551,279.3953,276.6712,3.4722223e-06
1983-12-23,0.00012888345,276.81635,278.85593,274.84796,2.3148148e-06
1983-12-24,0.0,276.4284,281.80524,274.03632,3.4722223e-06
1983-12-25,0.0,276.5402,281.93726,273.4377,4.605919e-06
1983-12-26,1.5911828e-06,278.16452,280.0239,275.5869,4.4501367e-06
1983-12-27,2.0608222e-05,277.99567,283.7021,273.70697,2.1339105e-05
1983-12-28,0.0,274.2912,281.19684,270.54086,5.8378314e-06
1983-12-29,0.0,275.54178,283.72525,270.01215,3.5156825e-06
1983-12-30,0.0,274.68274,280.5687,269.4396,3.4722223e-06
1983-12-31,0.0,274.90036,280.61462,271.08795,3.4722223e-06
1984-01-01,0.0,276.88983,282.4261,270.97052,4.054664e-06
1984-01-02,0.0,276.89786,280.41827,272.7493,5.131326e-06
1984-01-03,2.7250248e-06,279.85825,282.05502,275.72546,7.4087134e-06
1984-01-04,0.0002524449,274.8113,281.03543,273.03867,3.6819852e-06
1984-01-05,0.00026021255,272.20868,275.53766,269.79025,3.3520553e-06
1984-01-06,0.0,268.6468,272.46005,266.2514,2.3148148e-06
1984-01-07,0.0,268.14514,271.8529,264.8937,1.1574074e-06
1984-01-08,3.1532431e-06,271.1827,272.6219,266.29312,2.4036174e-06
1984-01-09,0.00023352585,272.3902,275.04462,270.15704,3.4531975e-06
1984-01-10,1.4399595e-05,268.96683,272.03082,263.63492,2.3148148e-06
1984-01-11,0.0,263.974,271.276,259.1446,3.2438468e-06
1984-01-12,0.0,263.39944,266.26117,256.09836,1.3610376e-06
1984-01-13,0.0,267.3284,270.85117,261.0153,2.3331988e-06
1984-01-14,0.0,272.82013,276.37076,262.4449,3.7515906e-06
1984-01-15,4.8028633e-05,274.9548,277.98676,272.79065,2.3148148e-06
1984-01-16,0.00013794363,272.88474,278.13867,269.99142,2.3148148e-06
1984-01-17,1.5267849e-06,275.38196,278.1076,268.632,3.6604822e-06
1984-01-18,0.0001948125,274.30255,277.86523,272.0681,4.0221944e-06
1984-01-19,6.8290547e-06,271.28058,275.10376,269.08618,2.3148148e-06
1984-01-20,6.088445e-05,272.89935,275.43143,270.33234,2.3148414e-06
1984-01-21,2.97472e-05,272.17117,274.24475,270.56662,3.4722223e-06
1984-01-22,0.00011108179,270.73956,272.51883,270.1459,3.3150066e-06
1984-01-23,7.5012926e-05,272.94415,274.04843,270.30533,2.3148148e-06
1984-01-24,9.1188704e-05,273.2514,274.8008,272.13226,3.4722223e-06
1984-01-25,0.00012077772,272.00296,277.9636,266.92435,6.101422e-06
1984-01-26,0.0,266.50726,275.0934,260.69748,3.4722223e-06
1984-01-27,0.0,269.55154,275.7582,260.33896,3.4722223e-06
1984-01-28,0.0,274.05234,275.99094,268.2544,3.4225836e-06
1984-01-29,7.124906e-05,275.08316,277.19598,273.49286,3.532863e-06
1984-01-30,1.7729745e-06,274.27408,277.0883,271.5327,3.4722223e-06
1984-01-31,6.1130822e-06,274.33063,277.57178,271.52286,4.490525e-06
1984-02-01,4.7796868e-05,273.6754,275.71875,272.2877,3.4722223e-06
1984-02-02,0.00027725697,274.64505,277.41776,273.10376,3.4722223e-06
1984-02-03,1.2813199e-05,274.53818,275.68146,273.28815,4.145583e-06
1984-02-04,5.718679e-05,275.57623,280.23743,272.6323,4.909925e-06
1984-02-05,2.140027e-06,274.0055,276.7857,270.73376,3.9956963e-06
1984-02-06,1.6296309e-06,274.04636,276.30936,270.13358,4.0550635e-06
1984-02-07,2.8939827e-05,277.17133,279.47415,270.8006,6.9758266e-06
1984-02-08,6.65011e-08,273.20892,278.2499,269.74258,5.990728e-06
1984-02-09,0.0,277.6205,281.4127,269.72214,1.5574635e-05
1984-02-10,0.0,276.31363,279.55496,274.2629,2.444493e-05
1984-02-11,0.0,274.42987,279.8635,271.25644,1.36771505e-05
1984-02-12,0.0,272.2393,277.54083,267.7763,1.4028856e-05
1984-02-13,0.0,270.41315,273.6861,268.47424,8.245893e-06
1984-02-14,7.7249034e-08,269.2287,272.2803,267.67444,8.2558345e-06
1984-02-15,1.2578198e-05,268.5858,271.2339,266.46677,7.07851e-06
1984-02-16,7.0467325e-07,268.3172,271.2304,266.1363,6.4330866e-06
1984-02-17,3.2660737e-06,268.93954,272.36685,265.5205,6.818562e-06
1984-02-18,5.554409e-07,270.56027,273.02448,268.39618,6.762793e-06
1984-02-19,1.0817608e-05,270.96573,272.89108,269.40305,5.6344093e-06
1984-02-20,1.2217925e-05,272.17572,275.35303,269.41565,5.837005e-06
1984-02-21,1.3803209e-06,270.54184,275.0458,266.88358,6.8242775e-06
1984-02-22,1.6722626e-06,270.02252,271.8506,265.92792,4.3355153e-06
1984-02-23,7.996571e-05,271.91278,273.00778,270.15237,4.8818597e-06
1984-02-24,0.0002955697,273.64304,276.82623,270.91064,6.4229325e-06
1984-02-25,0.00011926031,273.62173,275.00272,273.12878,4.6106047e-06
1984-02-26,0.00036110176,274.10217,275.718,273.11124,5.5133005e-06
1984-02-27,0.00015089818,274.975,277.5679,273.208,5.787037e-06
1984-02-28,6.4458363e-06,274.57663,278.32095,271.97192,6.9254197e-06
1984-02-29,0.0,273.80188,275.94635,272.375,5.8670544e-06
1984-03-01,1.6587679e-05,274.61835,277.0757,273.04172,7.567826e-06
1984-03-02,2.0834512e-05,274.93597,277.73364,273.14767,6.7632036e-06
1984-03-03,2.7795051e-05,274.37515,275.971,273.08865,6.8798613e-06
1984-03-04,4.76543e-05,276.97824,281.01608,274.00015,1.5511665e-05
1984-03-05,4.4895582e-08,273.62717,279.37967,270.68375,1.1296276e-05
1984-03-06,3.3289786e-07,277.02313,284.11765,269.5468,1.6053074e-05
1984-03-07,0.0,276.3467,283.0934,268.8717,1.326405e-05
1984-03-08,2.6106762e-05,274.02438,278.9686,273.0398,1.1180996e-05
1984-03-09,1.3121652e-05,273.69604,277.8544,271.54712,1.7026965e-05
1984-03-10,2.7394613e-06,274.32812,278.7704,271.69452,1.5125852e-05
1984-03-11,0.0,274.24396,279.10138,268.70908,9.969374e-06
1984-03-12,0.0,273.75635,277.59714,269.7958,9.861268e-06
1984-03-13,0.0,275.5702,280.27747,271.67242,1.1399747e-05
1984-03-14,0.0,276.0714,279.30457,272.72882,1.0032669e-05
1984-03-15,0.0,275.78903,278.04025,274.03873,9.454417e-06
1984-03-16,0.0,276.16522,280.56927,273.0387,1.0595747e-05
1984-03-17,0.0,277.06815,282.3121,272.61887,1.369379e-05
1984-03-18,0.0,278.11447,284.51263,269.6033,1.8597522e-05
1984-03-19,2.9042176e-06,274.82587,279.2575,273.04916,1.7567267e-05
1984-03-20,0.0,272.82443,278.31158,269.3308,1.8488614e-05
1984-03-21,0.0,274.32382,282.43433,267.07843,1.7313192e-05
1984-03-22,0.0,277.0055,283.78824,268.20465,2.2648552e-05
1984-03-23,0.0,277.0009,284.27536,271.57596,2.0669866e-05
1984-03-24,0.0,277.71448,286.3564,269.13873,2.1689517e-05
1984-03-25,0.0,279.2313,282.63025,273.2936,1.3608412e-05
1984-03-26,0.00023097737,278.29828,283.37372,275.62488,1.3296073e-05
1984-03-27,4.3243355e-05,280.10486,286.7201,272.70087,2.2471291e-05
1984-03-28,1.565014e-06,281.27142,286.16617,275.67953,2.3607949e-05
1984-03-29,7.541623e-08,280.6114,283.17667,278.20493,1.4719006e-05
1984-03-30,0.00028750714,277.75806,281.10052,275.67236,1.2695393e-05
1984-03-31,2.9838804e-05,278.80447,286.40292,272.3292,2.8222916e-05
1984-04-01,0.0,279.44244,283.14496,273.55124,1.7053264e-05
1984-04-02,4.3279233e-05,278.64584,280.85117,277.83463,1.1767426e-05
1984-04-03,0.00036105004,276.59863,278.9803,275.25742,1.0684517e-05
1984-04-04,0.00024729734,276.43484,277.58115,275.46457,1.1405928e-05
1984-04-05,6.364297e-05,276.993,278.9505,275.4767,1.158387e-05
1984-04-06,5.540945e-05,280.9228,284.85342,277.3334,2.0042327e-05
1984-04-07,4.806331e-05,282.1775,286.75775,278.4583,2.0449765e-05
1984-04-08,4.0156365e-06,283.2882,288.6796,279.47055,2.6465954e-05
1984-04-09,0.0,282.33032,287.85666,277.37872,2.7027243e-05
1984-04-10,0.0,281.6242,287.0228,276.49686,2.5886106e-05
1984-04-11,1.330803e-05,280.56555,284.87793,276.56628,1.8121395e-05
1984-04-12,6.6916728e-06,280.7941,287.7629,275.2494,2.3717415e-05
1984-04-13,6.749668e-06,280.96698,284.33054,277.04462,1.895123e-05
1984-04-14,2.4823462e-08,283.35223,291.00272,276.47015,3.2634456e-05
1984-04-15,0.0,284.6178,294.14252,273.46906,3.9345032e-05
1984-04-16,0.0,283.995,290.50848,275.06982,2.6153755e-05
1984-04-17,2.590812e-05,280.47488,284.0232,278.61362,2.087295e-05
1984-04-18,9.809654e-07,282.05496,287.62045,275.83493,3.215012e-05
1984-04-19,0.0,281.00226,287.8781,274.5873,3.768901e-05
1984-04-20,0.0,281.06558,289.62195,271.26645,3.7226517e-05
1984-04-21,0.0,283.62534,291.737,273.5768,2.847815e-05
1984-04-22,0.0,284.24554,291.83618,277.7467,3.2560805e-05
1984-04-23,0.0,287.0682,295.50623,278.5755,3.72927e-05
1984-04-24,6.4988956e-07,284.74634,292.59015,277.6737,3.454575e-05
1984-04-25,0.0,284.89468,291.41537,275.29865,4.046805e-05
1984-04-26,0.0,286.3016,294.51892,273.5385,3.9367023e-05
1984-04-27,9.855547e-06,280.41898,288.2563,276.68573,3.630185e-05
1984-04-28,1.6217653e-06,276.52542,281.57922,271.8153,1.9588551e-05
1984-04-29,9.420917e-05,277.54297,282.4432,274.00897,2.3071507e-05
1984-04-30,9.873133e-06,276.2206,279.63184,273.66586,1.5930353e-05
1984-05-01,0.0001037499,280.82504,286.60162,274.64297,2.5091018e-05
1984-05-02,0.0,284.76172,290.88803,277.75787,4.008658e-05
1984-05-03,0.0,287.16013,291.91046,279.35294,2.9942437e-05
1984-05-04,0.0,288.90436,295.1907,279.6754,3.0092591e-05
1984-05-05,0.0,287.15442,293.3822,281.6437,3.223882e-05
1984-05-06,7.268752e-07,288.49695,296.31674,279.86584,4.5405588e-05
1984-05-07,3.6231195e-06,288.14465,295.48453,281.55756,4.4998895e-05
1984-05-08,1.7107395e-05,281.08188,286.77704,278.88226,1.7812661e-05
1984-05-09,0.00032579622,280.45236,284.64157,276.72522,2.5105897e-05
1984-05-10,4.3328255e-05,279.3513,281.06335,277.45676,1.75778e-05
1984-05-11,2.239133e-05,279.38416,280.86807,278.22278,1.6778245e-05
1984-05-12,0.00013079618,281.44553,282.89093,279.0105,1.7603092e-05
1984-05-13,7.7696795e-06,285.41278,291.39566,280.31674,3.0493376e-05
1984-05-14,8.642584e-05,283.99783,289.78674,281.05582,3.2444026e-05
1984-05-15,0.0,284.0295,290.1213,276.37592,3.089435e-05
1984-05-16,6.143548e-05,285.56204,291.8024,282.08713,3.4109722e-05
1984-05-17,4.2207153e-05,285.9694,291.4579,280.26804,3.8142927e-05
1984-05-18,1.0378259e-05,287.44724,293.37515,280.521,4.3661996e-05
1984-05-19,0.0,287.3325,294.07944,279.66058,4.0020484e-05
1984-05-20,0.0,290.83865,297.962,278.91345,4.9244452e-05
1984-05-21,0.00023772313,285.82132,291.8399,284.02228,2.472738e-05
1984-05-22,0.00013367855,284.70163,289.5882,282.272,2.652786e-05
1984-05-23,2.7390195e-05,283.0574,285.82297,280.5642,2.397069e-05
1984-05-24,8.5969026e-05,285.6646,291.49158,279.36615,4.4267545e-05
1984-05-25,0.0,285.1929,290.08673,281.06354,3.598573e-05
1984-05-26,4.938312e-05,285.97653,291.79144,278.58902,3.583323e-05
1984-05-27,2.6806161e-05,285.65875,290.61212,283.0379,2.6656075e-05
1984-05-28,0.00015540855,284.92383,288.47833,282.03406,2.5773543e-05
1984-05-29,3.3938777e-05,284.32303,290.50363,280.25143,3.5377678e-05
1984-05-30,4.5353965e-05,283.0433,287.4361,279.8496,2.7535785e-05
1984-05-31,2.1386199e-05,286.44812,292.9369,279.1483,4.1716412e-05
1984-06-01,1.5826861e-06,289.51404,296.67435,282.93378,4.748305e-05
1984-06-02,0.0,290.5976,297.88943,280.27942,5.88642e-05
1984-06-03,0.0,292.09094,300.06064,281.01437,5.574938e-05
1984-06-04,1.41268665e-05,288.28595,293.71103,283.5651,4.371429e-05
1984-06-05,2.0834928e-05,286.4403,288.91757,283.7164,2.3916169e-05
1984-06-06,0.00025187683,286.84607,291.7666,283.0231,4.2969248e-05
1984-06-07,4.975688e-07,283.92075,289.44644,280.9036,2.6237418e-05
1984-06-08,5.1168583e-05,286.49475,292.7198,279.91614,4.1367966e-05
1984-06-09,1.3041183e-06,287.7848,294.7175,283.0798,3.9229715e-05
1984-06-10,1.16785595e-05,290.42368,297.7483,280.03668,5.3556116e-05
1984-06-11,4.0374e-06,288.12714,292.7387,282.41833,2.8725875e-05
1984-06-12,2.2068654e-05,285.9755,290.19296,283.344,3.2311586e-05
1984-06-13,0.0,288.93964,296.27527,279.95132,5.1457642e-05
1984-06-14,0.0,291.87115,298.8672,282.84406,5.330382e-05
1984-06-15,1.2438171e-06,290.3152,295.78616,287.02252,3.2682794e-05
1984-06-16,5.5627846e-05,288.65833,293.17813,284.86078,4.1488853e-05
1984-06-17,2.8999011e-06,288.8509,295.18585,282.86295,4.288234e-05
1984-06-18,0.0,290.9217,297.77695,283.10077,5.396002e-05
1984-06-19,9.926127e-06,292.31357,299.8118,284.0363,5.4442546e-05
1984-06-20,4.114353e-06,294.1032,301.66183,284.4524,6.278294e-05
1984-06-21,0.0,294.56866,300.65192,288.3591,5.6967983e-05
1984-06-22,2.311421e-05,291.4007,295.61215,288.5723,2.9749355e-05
1984-06-23,4.710197e-05,291.33908,298.91217,286.22205,4.4478165e-05
1984-06-24,0.00017770145,283.90884,290.68054,282.9344,2.7294267e-05
1984-06-25,7.041424e-05,288.2598,293.92352,280.57935,4.366264e-05
1984-06-26,1.3262544e-06,290.18326,296.6236,285.46765,4.5800916e-05
1984-06-27,1.216168e-05,291.77444,298.9675,283.4465,5.9003105e-05
1984-06-28,0.0,291.2616,297.76816,284.65875,4.2238473e-05
1984-06-29,0.00055030757,286.85812,291.08286,284.91867,2.1583586e-05
1984-06-30,0.0004859364,286.86356,289.8076,284.18063,2.4382964e-05
1984-07-01,3.2496264e-05,289.4516,293.74442,286.39716,3.1515385e-05
1984-07-02,0.0,290.71454,299.67972,285.46268,4.7283225e-05
1984-07-03,0.00035057013,284.54584,289.20636,282.50577,2.7410013e-05
1984-07-04,0.00015635704,286.25104,293.00803,279.3615,3.9888328e-05
1984-07-05,8.143607e-06,288.3152,293.80737,280.28226,4.2499596e-05
1984-07-06,0.0,288.9535,295.21497,283.9103,4.2784995e-05
1984-07-07,2.9363823e-06,287.69125,291.3971,282.28564,3.0294292e-05
1984-07-08,1.6112459e-07,288.6023,295.75705,280.57013,4.935755e-05
1984-07-09,0.0,291.39514,298.91196,280.53708,5.0439943e-05
1984-07-10,0.0,294.71524,302.53528,284.69678,5.664381e-05
1984-07-11,0.0,295.99133,303.73502,287.95374,6.106215e-05
1984-07-12,0.0,298.09653,306.02383,289.9273,6.925327e-05
1984-07-13,0.0,297.0931,304.0803,290.4378,5.334102e-05
1984-07-14,0.0,293.28918,298.6051,288.48465,4.616739e-05
1984-07-15,0.0,293.5503,299.91107,287.62234,4.477141e-05
1984-07-16,1.8555324e-05,287.43896,292.86273,286.5085,2.936407e-05
1984-07-17,2.4049788e-05,287.87045,295.35,282.50006,4.440625e-05
1984-07-18,1.3638487e-05,289.29318,296.80957,281.62433,5.0567338e-05
1984-07-19,0.0,288.8918,296.32388,283.02774,3.763153e-05
1984-07-20,0.00011526637,290.8344,297.60864,284.76053,4.5097815e-05
1984-07-21,1.5810414e-06,292.88623,300.38733,285.15417,5.6252025e-05
1984-07-22,0.0,293.23825,301.82834,286.81943,5.24616e-05
1984-07-23,2.5843325e-05,291.9143,300.79462,286.67328,4.473289e-05
1984-07-24,0.00021847694,289.48425,294.3114,286.3414,2.899859e-05
1984-07-25,5.6323483e-05,291.83102,298.69614,285.74402,4.4307624e-05
1984-07-26,0.00018003164,288.83417,292.2885,286.95502,2.2900933e-05
1984-07-27,6.981238e-05,289.1368,295.88965,283.84436,3.89461e-05
1984-07-28,9.3840645e-06,288.98645,293.82962,283.27405,3.1187585e-05
1984-07-29,0.0,290.67303,296.62772,284.766,3.764986e-05
1984-07-30,1.990777e-06,293.54797,301.06195,285.23492,5.289962e-05
1984-07-31,0.0,294.8614,302.657,287.78143,5.8871912e-05
1984-08-01,0.0,295.05475,302.89618,288.1015,5.648379e-05
1984-08-02,1.5934542e-05,293.52914,299.05655,288.84723,4.196241e-05
1984-08-03,0.0,293.72037,300.78748,287.30988,5.3001917e-05
1984-08-04,0.0,293.7203,301.62283,287.2271,5.518382e-05
1984-08-05,0.0,294.64758,302.342,286.4177,4.9755123e-05
1984-08-06,0.00035082575,290.75662,295.50613,289.22302,2.7557102e-05
1984-08-07,0.00037420605,290.9844,295.40152,288.31,2.8317376e-05
1984-08-08,2.8065024e-05,290.96487,295.09293,288.6586,2.684891e-05
1984-08-09,1.1716209e-05,291.54874,297.41946,288.4196,3.0219633e-05
1984-08-10,0.00046505834,289.427,294.5391,287.01498,2.913025e-05
1984-08-11,1.6291298e-06,290.26477,295.33307,286.51093,3.4354518e-05
1984-08-12,5.2406745e-06,291.57242,298.5522,287.2214,3.6371508e-05
1984-08-13,2.0307893e-05,290.2149,295.3331,287.03818,2.734603e-05
1984-08-14,1.0178291e-05,290.06445,293.5199,287.4326,2.3079914e-05
1984-08-15,0.0,291.36353,297.1483,287.31052,3.9822287e-05
1984-08-16,3.1515633e-06,289.28458,297.41013,284.20456,3.7019363e-05
1984-08-17,2.4443134e-05,289.22528,296.28125,284.08163,3.6625857e-05
1984-08-18,3.3863648e-06,289.7434,297.193,283.35458,3.802177e-05
1984-08-19,0.0,289.28476,294.9226,285.10132,2.65973e-05
1984-08-20,9.136335e-06,288.41238,295.48215,284.81598,3.5968253e-05
1984-08-21,0.0,288.28976,296.4553,280.43866,3.891965e-05
1984-08-22,0.0,289.05737,297.47446,279.81296,4.04264e-05
1984-08-23,0.0,290.2999,297.3425,281.77548,3.7915885e-05
1984-08-24,0.0,289.1583,294.14355,284.54294,2.6164342e-05
1984-08-25,2.653399e-05,289.27292,292.3713,286.09332,1.7361112e-05
1984-08-26,5.840684e-05,291.18457,296.446,287.02786,2.7808746e-05
1984-08-27,4.0320247e-06,288.7828,293.07632,286.61462,2.6367019e-05
1984-08-28,2.5057668e-06,288.28564,295.43396,282.78485,3.6465342e-05
1984-08-29,0.0,288.1724,296.07547,280.58356,3.6080273e-05
1984-08-30,0.0,289.70874,297.58505,283.0184,3.550239e-05
1984-08-31,0.0,289.75507,299.03848,282.2652,3.9238224e-05
1984-09-01,0.0,291.38104,300.24738,284.0877,3.8338414e-05
1984-09-02,0.0,291.90353,301.2939,284.50452,3.9739047e-05
1984-09-03,0.0,292.32318,300.19608,283.4202,4.1880565e-05
1984-09-04,0.0,293.1154,300.41623,288.0136,3.609511e-05
1984-09-05,1.121085e-05,292.3811,299.0689,288.18616,3.726028e-05
1984-09-06,2.7793996e-05,288.51944,292.62836,286.7154,2.0762822e-05
1984-09-07,0.00016389997,287.55786,294.47726,284.9839,3.0208737e-05
1984-09-08,3.6614435e-07,285.52686,291.60406,279.99213,2.2171751e-05
1984-09-09,4.2573243e-05,284.71005,289.14883,282.851,1.9590178e-05
1984-09-10,1.0346732e-05,283.69937,290.82596,280.25577,1.7980692e-05
1984-09-11,0.00037097197,285.29843,292.84192,277.74017,2.568061e-05
1984-09-12,0.0,287.5997,295.24347,279.8897,2.8119697e-05
1984-09-13,0.0,288.7085,295.98883,281.35437,2.7734317e-05
1984-09-14,0.0,289.4139,296.7402,283.3968,3.0386245e-05
1984-09-15,0.0,288.65152,294.90924,284.27667,1.8823432e-05
1984-09-16,0.0002149724,287.2307,291.6234,285.60165,1.7168399e-05
1984-09-17,0.00016168487,286.2689,291.52655,282.7037,1.7149585e-05
1984-09-18,1.3748815e-06,286.66843,292.79776,282.842,1.7887121e-05
1984-09-19,3.548393e-05,288.19003,293.94553,283.0622,2.078254e-05
1984-09-20,2.0609878e-06,287.42862,289.7782,284.08423,1.3869864e-05
1984-09-21,2.1194208e-05,287.4855,289.65698,286.2165,1.2731482e-05
1984-09-22,0.00013755175,283.593,287.53107,281.93106,1.2731482e-05
1984-09-23,8.7674496e-05,284.42453,287.6927,278.95343,1.1534474e-05
1984-09-24,0.000663077,285.157,291.08978,280.55566,2.5252573e-05
1984-09-25,0.00019169562,280.7402,283.07193,279.81357,1.0416667e-05
1984-09-26,0.0001240173,282.8948,289.29028,277.49417,1.8455572e-05
1984-09-27,1.5056197e-06,284.18442,290.66855,279.38828,1.7606544e-05
1984-09-28,0.0,285.63824,291.1024,279.91605,1.6203703e-05
1984-09-29,3.7755433e-06,287.30347,293.50366,280.58755,2.2907168e-05
1984-09-30,1.31683555e-05,287.27264,292.99628,279.78317,1.6131231e-05
1984-10-01,1.1085346e-05,288.40363,291.14304,286.00058,1.1116132e-05
1984-10-02,0.00012990765,285.48752,289.75854,283.64282,1.0351807e-05
1984-10-03,0.00045693852,284.27615,287.85544,280.61877,1.1574074e-05
1984-10-04,0.0002876133,285.0018,289.54706,282.84088,1.6738293e-05
1984-10-05,2.8305445e-05,285.30185,290.19046,283.2073,1.18706375e-05
1984-10-06,0.00026727683,284.43948,290.67514,280.94135,1.6328491e-05
1984-10-07,3.4107643e-06,283.71704,287.82907,280.78943,1.0469405e-05
1984-10-08,2.993134e-05,283.5657,290.0447,280.57455,1.72906e-05
1984-10-09,0.0,282.23895,291.11343,276.89856,1.6124795e-05
1984-10-10,0.0,283.38324,292.2176,275.52618,1.6203703e-05
1984-10-11,0.0,285.86667,293.09882,280.64355,1.6203703e-05
1984-10-12,0.0,285.51334,288.1083,281.6084,9.790767e-06
1984-10-13,5.2735337e-05,285.18942,288.3757,282.8009,1.1703839e-05
1984-10-14,0.0,283.434,291.1414,279.65198,1.5046296e-05
1984-10-15,0.0,284.15964,292.9764,276.63373,1.4929535e-05
1984-10-16,0.0,283.66257,288.5647,279.11072,1.2721934e-05
1984-10-17,0.0,281.16342,285.90515,277.91437,1.1574074e-05
1984-10-18,0.0,284.35074,288.63928,277.0246,1.2864916e-05
1984-10-19,1.4186826e-06,286.77325,291.2433,281.6518,2.0612179e-05
1984-10-20,6.0190065e-05,286.20135,289.2354,284.80988,1.0831181e-05
1984-10-21,9.271526e-05,285.53317,288.0975,283.82504,8.101852e-06
1984-10-22,6.536473e-05,283.70502,285.85934,282.43967,8.082827e-06
1984-10-23,1.2903771e-06,283.75647,290.1127,278.34296,1.1544594e-05
1984-10-24,0.0,283.53876,289.4168,278.9518,9.259259e-06
1984-10-25,0.0,283.95422,289.9567,276.9264,1.2173863e-05
1984-10-26,0.0,286.67685,290.33945,281.64005,1.3080716e-05
1984-10-27,0.00011348143,283.80988,287.01785,283.15836,8.734078e-06
1984-10-28,6.26668e-05,282.0717,283.89743,280.33743,7.90117e-06
1984-10-29,2.10828e-06,281.354,287.47174,278.17694,1.035958e-05
1984-10-30,0.0,278.75055,284.68173,275.51334,8.145312e-06
1984-10-31,0.0,278.99368,283.38904,275.14456,8.347168e-06
1984-11-01,0.0,278.96463,285.06256,275.22815,9.254e-06
1984-11-02,0.0,277.61194,283.82355,274.83398,9.794896e-06
1984-11-03,0.0,276.87088,279.893,274.0305,7.698906e-06
1984-11-04,0.0,275.1426,280.3455,272.61407,6.9667635e-06
1984-11-05,0.0,276.1941,277.6148,270.31052,4.6296295e-06
1984-11-06,0.00014215794,281.9073,283.91733,277.58728,5.826321e-06
1984-11-07,1.2681059e-05,283.6099,288.09344,279.82852,7.2938087e-06
1984-11-08,2.8233355e-06,282.28983,288.2448,275.84146,8.807097e-06
1984-11-09,0.0,283.717,288.9846,277.94147,1.2896994e-05
1984-11-10,0.0,282.24008,288.84985,279.06177,1.1128631e-05
1984-11-11,0.0,280.46368,283.04327,276.65024,6.792328e-06
1984-11-12,0.0,277.56665,282.36462,275.31134,8.902424e-06
1984-11-13,0.0,274.87076,279.38025,272.52026,7.2912644e-06
1984-11-14,0.0,273.84454,275.78995,271.65323,5.6839935e-06
1984-11-15,0.00014945999,272.22064,274.29544,271.76974,3.4722223e-06
1984-11-16,9.263317e-05,272.60397,273.61215,271.30292,3.398192e-06
1984-11-17,0.00018879551,273.78702,274.84036,272.76315,2.3275509e-06
1984-11-18,4.8516158e-05,274.9767,275.4246,273.2699,2.5444224e-06
1984-11-19,1.2275772e-05,275.58527,277.43405,273.57266,3.4078473e-06
1984-11-20,6.7437075e-05,275.84592,277.73776,274.14044,4.321047e-06
1984-11-21,2.3295314e-08,275.6588,277.1679,273.03683,2.735157e-06
1984-11-22,3.082974e-07,275.57346,278.09485,273.04346,3.4722223e-06
1984-11-23,0.0,280.52283,284.431,275.97174,8.973529e-06
1984-11-24,3.433475e-06,283.67758,287.2882,277.13092,9.603579e-06
1984-11-25,0.0,281.66052,286.41486,276.85016,4.864198e-06
1984-11-26,1.0993843e-06,282.6448,285.746,280.01303,6.432035e-06
1984-11-27,2.7282238e-06,278.7767,284.62256,274.72903,9.726212e-06
1984-11-28,1.363342e-06,273.46442,280.52948,270.6913,3.2896096e-06
1984-11-29,0.0,271.92444,276.65878,268.2494,2.3148148e-06
1984-11-30,0.0,272.57263,278.6445,267.43518,2.3148148e-06
1984-12-01,0.0,275.99893,278.24496,271.51852,3.4722223e-06
1984-12-02,1.6628761e-05,276.155,278.14606,274.96854,4.3650143e-06
1984-12-03,3.264005e-05,275.96286,277.31793,275.13892,4.9691253e-06
1984-12-04,1.363233e-06,275.0847,277.24573,274.4479,5.1511593e-06
1984-12-05,0.0,273.7001,275.5791,272.58835,3.4722223e-06
1984-12-06,0.0,272.42227,274.29437,270.7572,3.4722223e-06
1984-12-07,0.0,271.82782,273.18765,270.42093,2.3148148e-06
1984-12-08,0.0,271.79932,273.58987,270.59302,2.3338396e-06
1984-12-09,0.0,271.1658,272.3384,269.27182,2.3148148e-06
1984-12-10,0.0,271.5996,272.69885,269.25763,2.0962598e-06
1984-12-11,0.0,274.35175,276.554,269.48004,1.7023876e-06
1984-12-12,0.0,273.27188,275.4278,270.15656,1.982269e-06
1984-12-13,0.0,274.09875,275.3824,271.48807,2.3148148e-06
1984-12-14,1.7600056e-06,274.1111,275.43613,273.2983,2.5999936e-06
1984-12-15,0.0,273.67908,274.475,273.06186,2.3148148e-06
1984-12-16,2.2676322e-07,274.12448,274.8011,273.2073,2.3148148e-06
1984-12-17,0.0001460512,278.05145,279.81235,274.17703,3.0461636e-06
1984-12-18,0.00024773844,278.56287,280.72583,276.0816,3.4321317e-06
1984-12-19,2.3089608e-05,277.88602,280.68762,276.48132,3.6883798e-06
1984-12-20,0.0002487095,276.47815,278.85443,275.1661,3.916535e-06
1984-12-21,0.0,276.98196,279.705,274.78052,3.0827555e-06
1984-12-22,2.744933e-06,274.58673,279.29175,272.67435,3.1003065e-06
1984-12-23,0.0,272.78653,277.93674,268.9717,2.2612276e-06
1984-12-24,9.059534e-06,272.45084,275.01242,269.74002,4.7165554e-06
1984-12-25,1.0457008e-07,272.3775,274.99033,270.543,2.0326142e-06
1984-12-26,9.210272e-06,272.1045,274.56238,270.12292,2.3148148e-06
1984-12-27,0.0,271.6138,273.72455,268.1566,2.3148148e-06
1984-12-28,5.8081832e-06,272.18567,274.05377,271.34787,4.025506e-06
1984-12-29,1.4452818e-06,272.18497,273.40228,271.40018,5.718546e-06
1984-12-30,2.08279e-05,270.48145,272.42447,269.94144,3.4733225e-06
1984-12-31,6.568141e-05,269.10608,272.013,267.40622,2.121653e-06
1985-01-01,1.2196573e-06,265.75528,268.97162,263.95038,2.3148148e-06
1985-01-02,0.0,264.49332,269.45145,259.9777,1.1574074e-06
1985-01-03,0.0,264.7655,267.44962,260.68466,1.1574074e-06
1985-01-04,0.0,265.4517,269.84082,256.88696,1.6744925e-06
1985-01-05,3.920976e-05,263.4358,267.54462,261.79593,3.4071932e-06
1985-01-06,6.3157704e-06,256.74054,263.8372,253.043,1.9091422e-06
1985-01-07,0.0,254.73967,261.89786,249.84627,1.7357766e-06
1985-01-08,0.0,257.2623,261.29587,249.15855,2.111327e-06
1985-01-09,8.340369e-06,261.21405,262.80225,258.88235,3.409276e-06
1985-01-10,2.1423848e-05,262.0621,267.33356,258.4807,1.2502059e-06
1985-01-11,0.0,258.201,266.33014,252.25523,1.1574074e-06
1985-01-12,0.0,258.92334,263.37442,250.72466,1.1574074e-06
1985-01-13,1.6755886e-06,264.71814,267.3156,260.11005,2.3148148e-06
1985-01-14,0.000113279355,262.76324,265.26892,262.08582,2.3500454e-06
1985-01-15,0.00018257901,264.72668,266.11658,262.1184,2.672467e-06
1985-01-16,9.605063e-05,267.3115,268.46255,265.12054,3.4538123e-06
1985-01-17,2.6887863e-06,266.6636,269.9344,264.742,4.2404567e-06
1985-01-18,0.0,264.81577,269.71756,260.15506,2.8331228e-06
1985-01-19,1.96488e-06,269.81866,274.5568,262.2882,3.083319e-06
1985-01-20,2.2860709e-06,270.49496,272.26895,267.90436,2.3148148e-06
1985-01-21,8.300638e-06,274.09457,276.0915,270.20264,3.0658339e-06
1985-01-22,1.879146e-05,277.01685,280.06015,274.21307,3.3767399e-06
1985-01-23,0.00017955781,280.60175,283.80222,276.9274,6.8328386e-06
1985-01-24,0.00028015167,275.25757,282.13232,273.63712,4.135709e-06
1985-01-25,0.00031908578,271.35364,274.68576,268.74255,2.3474133e-06
1985-01-26,3.1655848e-06,274.52686,276.51947,266.52493,3.4722223e-06
1985-01-27,0.00022180309,275.94165,278.62042,273.99863,3.4722223e-06
1985-01-28,9.354803e-06,272.1676,276.20285,270.8855,7.709986e-06
1985-01-29,0.0,271.45328,276.94833,268.63452,7.0693727e-06
1985-01-30,0.0,270.6603,274.55026,264.81216,4.6296295e-06
1985-01-31,0.0,272.9065,277.92743,267.66336,4.639178e-06
1985-02-01,0.0,276.62827,282.65454,270.0757,6.171837e-06
1985-02-02,0.0,277.12665,283.92578,269.74768,8.101852e-06
1985-02-03,1.7378765e-06,279.12753,286.27576,272.31097,1.2646982e-05
1985-02-04,0.0,272.2345,279.71835,268.77704,8.318545e-06
1985-02-05,0.0,274.30722,281.8553,268.00882,6.3112802e-06
1985-02-06,0.0,276.34467,281.72546,271.09695,7.65352e-06
1985-02-07,0.0,275.43356,283.75003,271.40637,1.037516e-05
1985-02-08,1.8675452e-06,270.7103,274.12073,269.5645,4.6296295e-06
1985-02-09,6.476246e-05,273.21857,274.0168,269.3264,3.5019734e-06
1985-02-10,0.00016497029,270.42236,275.5614,267.13025,4.074679e-06
1985-02-11,0.00015695958,265.40735,268.00732,264.72217,5.4055795e-06
1985-02-12,1.9816312e-06,261.256,267.09027,258.78476,4.4627373e-06
1985-02-13,0.0,259.63885,267.8535,252.80559,4.591119e-06
1985-02-14,0.0,263.678,270.42856,254.8826,4.4467156e-06
1985-02-15,1.7616006e-06,267.33035,270.718,261.52026,4.4183776e-06
1985-02-16,5.526935e-05,263.62277,272.1853,260.2075,5.565882e-06
1985-02-17,0.0,265.35168,271.45883,257.84186,4.6296295e-06
1985-02-18,0.0,265.04526,270.38306,260.65723,6.727046e-06
1985-02-19,0.0,263.47513,271.46143,255.44838,4.841228e-06
1985-02-20,0.0,265.2277,273.49496,257.58435,6.92029e-06
1985-02-21,0.0,266.393,273.5327,256.95776,5.249115e-06
1985-02-22,0.0,270.66504,277.88693,261.87933,8.159841e-06
1985-02-23,0.0,269.5082,274.43777,264.7191,6.79043e-06
1985-02-24,0.0,274.15768,282.44275,265.22925,9.241783e-06
1985-02-25,2.3940036e-06,275.37576,281.16278,271.60858,7.816504e-06
1985-02-26,0.0,275.2572,280.51318,269.82474,8.157167e-06
1985-02-27,0.0,274.6631,276.9156,273.42725,5.768012e-06
1985-02-28,0.0,275.35696,278.23853,273.33237,5.9789595e-06
1985-03-01,0.0,276.1666,280.48645,272.67206,8.340994e-06
1985-03-02,1.4665881e-06,275.67563,276.7046,273.31058,6.9444445e-06
1985-03-03,0.00023580757,275.41367,277.88522,274.19937,8.042497e-06
1985-03-04,2.7185504e-05,277.84683,281.0186,273.83435,9.272053e-06
1985-03-05,1.4074474e-06,279.70224,284.2498,274.34525,1.3996804e-05
1985-03-06,0.0,279.7636,285.12625,273.65036,1.2814038e-05
1985-03-07,0.0,279.9779,284.62662,275.35626,1.0396601e-05
1985-03-08,0.0,276.89795,280.41772,275.2419,9.114686e-06
1985-03-09,3.5168694e-05,274.5637,277.35645,273.38437,8.120449e-06
1985-03-10,2.8334165e-05,274.61337,277.88324,271.7453,1.1544305e-05
1985-03-11,9.752694e-07,272.48416,275.16724,271.12057,6.4922915e-06
1985-03-12,6.106482e-05,273.2901,274.80194,271.95877,7.2998296e-06
1985-03-13,1.7496568e-05,274.32114,275.8869,273.28992,7.743284e-06
1985-03-14,0.0,274.35947,275.6684,273.7707,8.258938e-06
1985-03-15,3.0633128e-05,274.01703,275.99588,272.86777,9.129625e-06
1985-03-16,8.279186e-05,274.74677,276.98755,273.98495,8.365565e-06
1985-03-17,0.000118372496,274.54504,276.5828,273.89902,7.1502322e-06
1985-03-18,0.00016167501,274.2801,278.43637,271.54562,1.0170219e-05
1985-03-19,1.4591953e-05,274.55673,276.8306,272.7593,8.676179e-06
1985-03-20,6.6769426e-06,275.92526,280.94046,272.97604,1.2424844e-05
1985-03-21,4.674613e-06,274.21854,276.2704,272.79398,8.01317e-06
1985-03-22,0.00042733888,275.78433,277.6209,274.2244,8.058391e-06
1985-03-23,0.00018948005,277.68958,280.14606,274.97882,1.0267272e-05
1985-03-24,5.1749237e-05,277.34955,280.84448,275.84213,1.0852976e-05
1985-03-25,8.174961e-05,279.4034,286.94586,274.849,2.178484e-05
1985-03-26,0.0,280.40753,287.4882,274.3679,2.7696306e-05
1985-03-27,0.0,280.89032,286.7533,274.3781,2.2330913e-05
1985-03-28,0.00017724835,277.36823,282.34946,275.2574,1.7689055e-05
1985-03-29,1.0054555e-05,277.02112,283.87573,270.45898,2.3769015e-05
1985-03-30,0.0,280.20996,288.8629,271.10727,2.7383872e-05
1985-03-31,0.0,280.3826,286.8516,273.43106,2.542915e-05
1985-04-01,0.0,283.23465,292.58292,273.6839,3.0778974e-05
1985-04-02,0.0,285.77582,294.33917,274.87747,3.1105774e-05
1985-04-03,8.8770213e-07,283.2206,291.29254,277.3215,2.9463929e-05
1985-04-04,0.0,283.90158,292.68182,273.40317,3.778304e-05
1985-04-05,0.0,285.0089,292.4764,279.11533,4.3366148e-05
1985-04-06,8.351149e-06,284.23956,287.8948,282.26443,2.4838551e-05
1985-04-07,4.8743415e-05,284.01147,291.05573,279.12198,3.3311302e-05
1985-04-08,6.34389e-09,282.97626,287.74084,278.7491,2.152075e-05
1985-04-09,0.000187272,285.70355,289.17776,282.18362,2.3472197e-05
1985-04-10,6.7249175e-06,284.00418,290.60413,280.47388,3.050812e-05
1985-04-11,1.4734958e-05,281.24902,288.31833,276.52686,2.5489888e-05
1985-04-12,4.1904397e-05,276.76672,281.637,274.24756,1.4567264e-05
1985-04-13,0.00028180322,280.6239,288.054,272.94083,3.3040586e-05
1985-04-14,1.891858e-06,275.3604,280.83084,273.1663,1.2570173e-05
1985-04-15,0.00043245216,276.99368,282.51688,272.8746,1.7964208e-05
1985-04-16,4.39272e-06,280.2442,285.71075,274.16815,2.4282523e-05
1985-04-17,0.0,280.94678,284.61792,273.68546,3.176363e-05
1985-04-18,0.0,281.03214,283.61325,278.7739,2.2205833e-05
1985-04-19,7.4727054e-06,282.31454,288.65894,278.56564,2.9804756e-05
1985-04-20,0.0,283.01224,291.15335,272.46936,3.5828834e-05
1985-04-21,0.0,284.8817,292.8356,273.4812,3.6354497e-05
1985-04-22,0.0,284.7886,292.3884,275.283,3.6687918e-05
1985-04-23,1.424327e-06,285.42352,291.03925,277.6044,2.822622e-05
1985-04-24,9.995867e-07,277.4207,285.4665,273.8419,1.534245e-05
1985-04-25,0.0003298366,278.8876,286.15683,272.55225,3.005321e-05
1985-04-26,1.3090446e-06,278.63016,282.08527,273.5092,1.5810534e-05
1985-04-27,0.000101967635,277.33124,279.39246,276.26334,1.38552405e-05
1985-04-28,7.3375195e-05,275.39902,281.26407,272.98523,1.3659899e-05
1985-04-29,0.00023698714,277.38486,284.1412,271.00552,2.6505093e-05
1985-04-30,1.3564795e-06,281.6049,288.2351,270.58328,3.1224372e-05
1985-05-01,0.0,284.81158,291.96634,276.93988,3.739099e-05
1985-05-02,0.0,285.17404,288.54364,281.993,2.6183588e-05
1985-05-03,0.00038787955,277.299,284.6247,273.06332,2.0855232e-05
1985-05-04,3.5913185e-05,280.78098,286.6446,273.01898,2.8162847e-05
1985-05-05,8.346063e-05,280.1546,282.20862,278.11395,1.724093e-05
1985-05-06,1.2845036e-05,281.4188,282.81888,279.36526,1.7073444e-05
1985-05-07,0.00017343392,282.526,285.7609,280.6768,1.9321578e-05
1985-05-08,3.9029725e-05,282.85367,286.06616,279.57394,2.8813716e-05
1985-05-09,2.9438388e-05,283.41345,288.7109,278.93854,2.6255075e-05
1985-05-10,1.0725351e-05,285.53696,291.68436,275.918,3.5086243e-05
1985-05-11,2.5654224e-06,288.31927,294.43954,281.2147,3.5788664e-05
1985-05-12,2.1123055e-06,289.39862,296.50662,281.64542,4.1531282e-05
1985-05-13,0.0,290.39908,297.65146,282.0587,3.4722223e-05
1985-05-14,0.0,292.5094,299.722,285.62366,5.2184423e-05
1985-05-15,0.0,291.65723,299.90207,283.5075,5.482581e-05
1985-05-16,2.162869e-06,290.02777,298.46545,283.37915,3.961358e-05
1985-05-17,1.9041277e-05,290.71597,298.45773,283.6671,4.3589684e-05
1985-05-18,2.9771384e-06,290.20895,296.45715,283.86786,4.7941674e-05
1985-05-19,1.5414738e-06,290.41888,297.00885,284.38058,5.09541e-05
1985-05-20,3.297951e-06,288.25732,295.09164,282.502,2.8321525e-05
1985-05-21,1.9239127e-05,290.2241,296.83542,285.76654,5.2057843e-05
1985-05-22,6.031215e-07,287.2855,293.4925,284.74292,2.638184e-05
1985-05-23,0.000111145564,287.3971,292.4518,283.05756,3.1626576e-05
1985-05-24,7.0869704e-05,289.6586,296.23486,283.35806,4.6393103e-05
1985-05-25,0.0,290.9148,297.5622,282.49713,4.43457e-05
1985-05-26,2.5654329e-06,290.7081,297.07895,284.6082,4.9687995e-05
1985-05-27,0.0,292.5967,299.8509,285.277,5.638709e-05
1985-05-28,0.0,292.32944,300.7231,284.15524,5.2982145e-05
1985-05-29,1.7390326e-05,288.93225,296.33884,286.42285,3.9113755e-05
1985-05-30,0.00021637983,288.83978,296.11423,284.10992,3.765542e-05
1985-05-31,2.3106855e-05,290.15237,297.15652,283.7309,4.1227388e-05
1985-06-01,4.1020503e-05,290.6885,297.65,286.4762,4.4916746e-05
1985-06-02,1.1266812e-05,290.66394,297.62485,282.23242,4.435118e-05
1985-06-03,9.663694e-05,290.16705,296.6617,286.52176,3.669048e-05
1985-06-04,5.7756828e-05,292.15347,298.30057,286.5484,4.6291454e-05
1985-06-05,1.9897045e-06,293.15945,299.97806,285.64166,5.4065713e-05
1985-06-06,5.7534053e-06,294.58023,301.37143,286.55032,6.261604e-05
1985-06-07,3.160802e-06,294.08124,300.6427,288.00397,5.9182308e-05
1985-06-08,0.000109611276,287.7503,293.26602,286.1709,2.9663248e-05
1985-06-09,0.0005214256,285.29282,291.1991,280.30298,4.0289353e-05
1985-06-10,8.244906e-06,287.14377,292.7632,280.15237,4.0283965e-05
1985-06-11,0.00033610014,285.4589,291.52963,281.43088,3.9295475e-05
1985-06-12,5.1995885e-06,287.41254,293.04022,280.901,3.9272785e-05
1985-06-13,0.0,286.9601,289.91125,283.3814,2.6404216e-05
1985-06-14,0.0003770942,288.33875,291.45844,284.68115,2.4124722e-05
1985-06-15,4.0473265e-07,287.82822,292.68283,286.21457,2.9928642e-05
1985-06-16,0.00013408602,285.8346,290.1707,283.21506,2.860098e-05
1985-06-17,0.00029714475,283.77356,287.12146,281.88248,2.410452e-05
1985-06-18,0.0001056711,285.91925,291.7385,279.53467,3.0285559e-05
1985-06-19,9.740005e-06,288.071,293.68866,280.6506,3.826521e-05
1985-06-20,3.5566723e-06,285.1488,288.57413,283.81046,2.0799684e-05
1985-06-21,0.00012684315,287.93637,294.56622,282.6413,4.283463e-05
1985-06-22,2.896923e-06,289.3413,295.85144,283.38712,3.836583e-05
1985-06-23,0.00024545554,287.4299,292.63034,284.74606,3.1057298e-05
1985-06-24,6.5775195e-05,288.8708,296.38443,283.58313,4.8129627e-05
1985-06-25,7.784379e-06,289.19818,296.455,281.49225,4.5812612e-05
1985-06-26,2.1604565e-05,291.62375,297.66913,284.52078,4.847173e-05
1985-06-27,0.00022272032,286.74393,292.7745,284.9308,2.5084224e-05
1985-06-28,6.813736e-05,287.89847,294.026,284.91574,4.2200492e-05
1985-06-29,5.7176712e-06,290.57346,297.41006,281.89267,5.3200714e-05
1985-06-30,4.1437706e-06,292.60538,299.5845,282.6981,5.5393608e-05
1985-07-01,4.592942e-06,290.37354,296.9552,286.148,3.5879628e-05
1985-07-02,3.392575e-05,290.42224,296.98334,286.74246,4.3560693e-05
1985-07-03,2.3623588e-05,290.79846,296.68976,282.68488,4.7245194e-05
1985-07-04,0.0,291.37613,295.31625,288.1751,3.089743e-05
1985-07-05,0.0,291.20963,295.70688,288.84848,3.2098076e-05
1985-07-06,1.9611914e-06,291.6262,297.92133,285.4941,4.879435e-05
1985-07-07,3.7490488e-06,290.95496,296.50882,285.05426,3.44941e-05
1985-07-08,0.00010861184,291.8215,298.29477,286.6944,3.9467737e-05
1985-07-09,1.2954356e-06,291.5248,296.39114,286.84036,4.3138974e-05
1985-07-10,0.00012123162,290.64822,295.92792,287.98416,3.5781013e-05
1985-07-11,7.987278e-05,291.09763,297.45688,285.09195,4.9393635e-05
1985-07-12,0.0,292.6924,299.8727,284.89838,5.376671e-05
1985-07-13,0.0,294.03525,300.9143,286.3641,5.198321e-05
1985-07-14,0.0,294.9515,302.20297,288.48438,5.735498e-05
1985-07-15,0.0,296.11298,303.41483,288.42072,5.7345358e-05
1985-07-16,6.315148e-05,295.49622,301.87207,290.4209,5.29492e-05
1985-07-17,4.518917e-06,291.7066,295.14352,289.77234,2.655679e-05
1985-07-18,9.4332274e-05,294.04495,300.67874,287.4974,5.3393494e-05
1985-07-19,0.0,295.33548,302.7304,288.2846,5.0725044e-05
1985-07-20,4.924669e-06,296.06244,302.59354,289.45096,5.125283e-05
1985-07-21,0.00020947386,287.72296,295.62543,285.59125,3.0906023e-05
1985-07-22,0.00015763122,289.82904,296.21835,283.45547,4.666256e-05
1985-07-23,0.0,293.5824,302.0175,282.85812,5.7062338e-05
1985-07-24,0.0,294.6965,300.52023,287.9896,5.5625875e-05
1985-07-25,1.5764359e-06,295.2415,301.2751,290.4081,5.1210583e-05
1985-07-26,0.0,296.403,304.14783,289.62665,5.570582e-05
1985-07-27,0.0,297.2789,304.37204,290.05557,5.565616e-05
1985-07-28,1.9375626e-05,296.4041,304.80423,289.33127,6.5732296e-05
1985-07-29,0.0,297.0146,303.5392,290.26337,6.379263e-05
1985-07-30,0.0,297.1574,302.73065,290.7938,5.9237555e-05
1985-07-31,2.927631e-08,291.32092,298.8839,286.77115,4.8064438e-05
1985-08-01,9.620058e-05,291.41592,298.6531,284.5303,4.592436e-05
1985-08-02,3.462559e-05,290.16202,295.91647,287.8276,3.5957324e-05
1985-08-03,7.2588764e-06,292.4106,299.9027,283.94708,5.052806e-05
1985-08-04,6.732035e-05,291.58688,297.02853,287.44705,4.0820552e-05
1985-08-05,1.1285959e-05,293.74783,300.89478,285.82794,5.4937762e-05
1985-08-06,2.7811566e-06,290.4003,298.95035,287.27954,3.2407406e-05
1985-08-07,0.00069339614,287.43033,292.91547,282.96878,3.546934e-05
1985-08-08,1.945442e-05,288.80692,295.95135,280.1937,4.2386204e-05
1985-08-09,0.0,290.78934,298.94193,281.2178,4.9274066e-05
1985-08-10,0.0,293.10376,299.52557,284.74948,4.8272013e-05
1985-08-11,0.0,293.11298,299.8425,287.8749,4.054155e-05
1985-08-12,0.0,294.27832,302.85083,285.24005,5.2263928e-05
1985-08-13,0.0,295.7575,303.9772,287.9065,5.2083335e-05
1985-08-14,0.0,295.84457,304.35956,288.9716,5.4026063e-05
1985-08-15,0.0,295.85928,304.04056,288.31818,5.294822e-05
1985-08-16,0.0,295.44992,303.94846,288.6632,5.066043e-05
1985-08-17,8.0190057e-07,295.0878,302.65845,288.24023,5.0299644e-05
1985-08-18,3.0535197e-05,288.3419,294.59714,284.88422,3.289002e-05
1985-08-19,0.00011011851,290.9603,299.14774,283.6868,4.293737e-05
1985-08-20,1.3747684e-06,294.4377,301.49118,287.1127,4.791385e-05
1985-08-21,0.0,292.79047,300.2377,289.0267,4.849719e-05
1985-08-22,0.0,294.56027,303.91968,285.98163,4.8919264e-05
1985-08-23,0.0,294.8838,301.51947,288.63562,4.643649e-05
1985-08-24,4.3789173e-06,295.13446,303.14355,288.062,4.555767e-05
1985-08-25,1.4480198e-06,295.00574,302.54803,286.86795,4.8674203e-05
1985-08-26,0.00014071776,289.16165,294.14877,286.52426,2.3673632e-05
1985-08-27,0.00021001878,289.07016,293.90967,283.79404,4.3969572e-05
1985-08-28,0.0,288.19672,293.0465,285.32324,3.0512048e-05
1985-08-29,0.0,289.6477,297.16458,281.71655,3.7688173e-05
1985-08-30,0.0,290.69904,298.49533,283.62585,3.889687e-05
1985-08-31,0.0,290.95044,299.4744,283.14014,4.029128e-05
1985-09-01,0.0,292.28638,299.81924,284.70633,3.4473676e-05
1985-09-02,1.6690728e-06,292.17288,297.78946,287.76767,3.313981e-05
1985-09-03,1.7454396e-06,292.4936,297.73215,286.7048,2.9103943e-05
1985-09-04,0.0004306914,287.87476,294.13803,284.34064,2.8396375e-05
1985-09-05,6.982665e-06,289.2886,296.32883,284.2281,3.344056e-05
1985-09-06,0.0,288.77252,296.5411,284.35745,3.1510444e-05
1985-09-07,0.00014202164,286.07153,292.63712,282.7875,3.3379005e-05
1985-09-08,0.0,284.07968,287.9172,279.75226,1.5090015e-05
1985-09-09,0.0,285.0028,288.6501,283.10245,1.9589444e-05
1985-09-10,2.6594687e-05,284.11337,291.10623,278.27457,2.7419144e-05
1985-09-11,0.0,285.8424,295.46536,278.45078,2.9594104e-05
1985-09-12,0.0,288.9941,296.40405,279.09784,3.108336e-05
1985-09-13,0.0,287.39175,293.74075,284.5948,2.5317007e-05
1985-09-14,0.0,286.50586,294.1114,280.9724,2.7374463e-05
1985-09-15,0.0,287.72006,296.12988,279.34116,2.7397664e-05
1985-09-16,1.7387214e-05,287.23627,292.13525,284.2999,2.0771238e-05
1985-09-17,1.6090559e-06,288.6198,296.6117,281.3446,2.6220881e-05
1985-09-18,0.0,290.52933,299.66153,281.63675,3.2565233e-05
1985-09-19,0.0,291.0449,301.3583,283.12283,3.464101e-05
1985-09-20,0.0,290.5062,300.25705,281.2148,3.116284e-05
1985-09-21,0.0,291.7477,300.96194,283.1256,3.0092591e-05
1985-09-22,0.0,291.74597,301.60086,284.4675,2.8454748e-05
1985-09-23,0.0,291.98987,302.33972,282.9333,2.8437604e-05
1985-09-24,0.0,291.8839,301.2636,284.09976,2.9637136e-05
1985-09-25,0.0,291.60263,299.12704,284.85974,2.6392283e-05
1985-09-26,0.00012729684,289.38562,294.47736,285.25525,2.1934844e-05
1985-09-27,0.0,287.55533,293.44495,284.386,2.2330567e-05
1985-09-28,0.0,287.5879,296.50827,280.45612,2.2277023e-05
1985-09-29,0.0,288.46204,296.33395,280.67288,2.1950354e-05
1985-09-30,0.0,287.06927,293.2803,283.2576,2.07451e-05
1985-10-01,0.0,286.5829,295.1423,280.56506,1.8921412e-05
1985-10-02,0.0,288.91388,298.4811,279.64542,2.4012264e-05
1985-10-03,0.0,288.50607,296.55597,280.77182,2.545887e-05
1985-10-04,0.0,288.94373,297.19217,283.01712,2.243886e-05
1985-10-05,0.0,288.89075,296.04318,283.51175,1.9675927e-05
1985-10-06,0.0,288.96686,297.4427,283.9877,2.0893802e-05
1985-10-07,0.0,287.827,295.6209,281.088,1.9666379e-05
1985-10-08,0.0,288.48257,294.81198,283.16446,1.7438584e-05
1985-10-09,0.0,286.4241,291.74503,284.35123,2.1807471e-05
1985-10-10,9.828735e-07,286.85217,292.70142,283.5338,1.4975785e-05
1985-10-11,0.0,285.08298,292.14008,280.32974,1.606323e-05
1985-10-12,0.0,285.70316,290.3572,277.91095,1.0098184e-05
1985-10-13,0.0,282.25076,289.09723,278.9949,1.6147516e-05
1985-10-14,0.0,280.52557,287.18137,273.9274,1.2731482e-05
1985-10-15,1.899009e-06,283.7177,289.52206,277.2874,1.6543427e-05
1985-10-16,0.0,279.2765,287.88226,275.0631,1.8274004e-05
1985-10-17,0.0,277.7037,288.21762,270.5234,1.4258342e-05
1985-10-18,0.0,279.85904,290.0686,271.99945,1.3932349e-05
1985-10-19,0.0,281.21536,285.5421,279.02075,1.193839e-05
1985-10-20,0.0,279.97302,286.39746,277.0011,1.8514529e-05
1985-10-21,0.0,280.63455,284.12115,275.69855,1.4479028e-05
1985-10-22,5.4392403e-06,281.26102,282.6142,279.83948,1.00268635e-05
1985-10-23,7.1638187e-06,283.609,286.94452,280.90683,2.5227684e-05
1985-10-24,2.4375697e-06,278.21008,285.43735,274.97934,1.9977067e-05
1985-10-25,0.0,276.02023,285.3738,270.01224,1.4305762e-05
1985-10-26,0.0,275.79922,285.03125,269.69766,1.1416858e-05
1985-10-27,0.0,275.89487,284.89856,269.91632,8.1716535e-06
1985-10-28,0.0,277.66608,286.75885,270.77332,7.712107e-06
1985-10-29,0.0,274.8266,278.08347,271.95602,5.8052547e-06
1985-10-30,1.3488007e-05,275.45212,277.7162,274.29752,5.743577e-06
1985-10-31,0.00020716569,278.62195,280.27185,275.50443,4.6296295e-06
1985-11-01,0.0001095181,282.60126,285.62305,279.07736,6.937073e-06
1985-11-02,0.00028003607,279.12177,283.80786,277.2683,6.6351113e-06
1985-11-03,6.7632946e-06,278.5634,282.63257,275.19336,5.787037e-06
1985-11-04,2.1016285e-06,279.02072,282.44968,275.5176,6.8910726e-06
1985-11-05,0.0,281.03522,284.26425,276.31033,6.3019943e-06
1985-11-06,0.0003444206,280.95987,285.25464,276.77228,7.671159e-06
1985-11-07,1.8295146e-05,275.82367,282.872,273.09558,5.8381047e-06
1985-11-08,0.0,277.76688,281.28442,270.58258,5.968378e-06
1985-11-09,0.0,282.03943,286.33994,275.1911,1.0396834e-05
1985-11-10,3.4008117e-06,285.60437,287.4542,282.78326,8.292195e-06
1985-11-11,0.00024318723,275.84726,287.36716,273.41013,7.493748e-06
1985-11-12,0.00027620647,273.87183,274.9886,273.56943,3.90152e-06
1985-11-13,0.0004535445,273.66742,274.65802,273.13812,3.1961724e-06
1985-11-14,0.00024563685,273.53784,275.80637,271.44757,3.3969716e-06
1985-11-15,1.8825978e-05,270.74594,275.06195,267.59232,4.3758682e-06
1985-11-16,0.0,271.1277,273.60242,267.82986,3.8037674e-06
1985-11-17,1.6428821e-05,271.86734,274.34567,268.36313,5.2524433e-06
1985-11-18,7.2440203e-06,269.97815,272.35416,269.1943,5.0081185e-06
1985-11-19,4.7940353e-05,271.43695,273.12497,269.14236,3.8678554e-06
1985-11-20,7.330726e-05,272.2141,273.03098,271.2677,3.0346166e-06
1985-11-21,8.135736e-05,272.76233,274.4657,271.68576,3.4722223e-06
1985-11-22,8.9324996e-05,273.1966,274.4891,271.7441,3.2548342e-06
1985-11-23,5.0711482e-05,273.635,274.9256,272.56412,3.7018624e-06
1985-11-24,5.6995627e-06,274.4848,275.97592,273.34756,3.116487e-06
1985-11-25,1.3646431e-06,274.40335,275.43463,273.38333,2.9626206e-06
1985-11-26,5.439395e-06,272.79535,274.436,271.90677,2.6198998e-06
1985-11-27,0.0,271.4067,273.0353,270.31216,3.4337115e-06
1985-11-28,1.0434636e-06,268.78268,273.31506,266.10803,2.3148148e-06
1985-11-29,0.0,268.0249,274.38684,264.46478,2.147769e-06
1985-11-30,0.0,271.72165,275.88846,264.07913,2.3148148e-06
1985-12-01,0.0,275.15137,280.39148,270.5766,3.3116187e-06
1985-12-02,0.0,275.91217,280.1756,269.78088,3.8594026e-06
1985-12-03,0.0,275.97626,281.7235,271.33197,4.3998057e-06
1985-12-04,0.0,277.30823,281.79282,272.52673,5.046251e-06
1985-12-05,0.0,278.9717,280.90964,275.0477,8.291698e-06
1985-12-06,0.0,281.123,283.25436,278.61288,5.787037e-06
1985-12-07,4.6839145e-06,280.21814,282.66974,277.56134,4.553747e-06
1985-12-08,1.967348e-07,281.25284,284.33414,278.99722,4.8211414e-06
1985-12-09,4.4627395e-05,280.6385,283.07498,278.4334,4.271992e-06
1985-12-10,2.0808845e-06,279.64023,281.8734,276.62448,3.4722223e-06
1985-12-11,0.0002809579,274.03363,280.0657,273.2844,3.1309066e-06
1985-12-12,9.0374684e-05,274.80515,276.20367,273.79575,3.392136e-06
1985-12-13,1.8780836e-05,275.83765,277.8776,274.42416,3.428762e-06
1985-12-14,1.184761e-06,275.05905,276.252,273.41354,2.9484688e-06
1985-12-15,0.0,275.2477,279.64325,272.58752,3.5856801e-06
1985-12-16,0.0,274.34702,281.15604,270.20837,3.4722223e-06
1985-12-17,0.0,273.41388,277.91992,270.03046,2.4251704e-06
1985-12-18,0.0,273.63815,278.14395,269.952,2.3148148e-06
1985-12-19,0.0,274.27786,277.85715,269.7892,1.2796e-06
1985-12-20,0.0,274.07233,275.87155,269.78268,1.6052045e-06
1985-12-21,0.0,274.7733,279.06433,270.47528,2.3148148e-06
1985-12-22,0.0,271.7941,279.69977,267.78574,2.3148148e-06
1985-12-23,0.0,270.33688,275.3246,265.4459,1.9080671e-06
1985-12-24,0.0,273.3918,278.97443,267.4415,3.7188086e-06
1985-12-25,0.0,276.65,278.4259,271.0976,4.6296295e-06
1985-12-26,3.700608e-05,276.70914,279.86383,274.24353,3.4722223e-06
1985-12-27,0.00015979545,276.14337,279.01154,273.2884,2.3273212e-06
1985-12-28,8.015548e-06,278.89017,281.0362,274.73468,3.6744348e-06
1985-12-29,0.00028821547,283.49802,286.29056,279.2216,1.009559e-05
1985-12-30,0.00036333007,271.42575,283.35114,270.3732,3.528527e-06
1985-12-31,4.453604e-05,269.78815,271.10815,268.93985,3.023881e-06
1986-01-01,5.6366476e-05,270.12817,271.27963,268.924,3.5592457e-06
1986-01-02,3.8477083e-06,271.52524,272.96875,268.44254,2.3148148e-06
1986-01-03,3.384962e-05,274.31567,275.71188,271.66016,2.3148148e-06
1986-01-04,8.817395e-05,274.0036,276.95706,272.56674,3.1231903e-06
1986-01-05,6.512213e-05,269.23233,273.79083,266.63074,1.1574074e-06
1986-01-06,0.0,269.36887,271.765,264.47305,3.4324664e-06
1986-01-07,1.8890998e-05,271.34396,275.1514,268.74197,1.966976e-06
1986-01-08,0.0,268.84024,270.0525,265.4323,2.2964307e-06
1986-01-09,0.0,270.60773,272.63574,268.3194,3.462674e-06
1986-01-10,0.0,269.5112,271.73846,268.45056,3.409276e-06
1986-01-11,0.0,271.7998,274.70215,265.99536,3.4722223e-06
1986-01-12,2.0534007e-05,271.16672,274.1061,268.16605,2.2964307e-06
1986-01-13,0.0,270.17676,272.51944,265.2839,3.1733975e-06
1986-01-14,0.0,275.72665,279.59396,269.09796,6.8585055e-06
1986-01-15,8.115737e-08,275.86392,282.13916,272.0893,2.325865e-06
1986-01-16,0.0,272.3424,277.5765,268.7338,3.5893702e-06
1986-01-17,0.0,273.4738,278.8125,267.66092,8.058391e-06
1986-01-18,0.0,272.7873,275.16403,266.84192,4.903142e-06
1986-01-19,0.0,277.1782,280.43042,272.5672,7.2778316e-06
1986-01-20,2.3688242e-05,278.17776,285.1021,272.79657,5.945096e-06
1986-01-21,1.5275986e-06,275.1209,282.17413,267.62827,6.1683004e-06
1986-01-22,1.5653734e-06,276.46848,279.66058,273.02673,4.6296295e-06
1986-01-23,1.0686903e-05,277.3378,280.08832,273.7671,8.068203e-06
1986-01-24,0.00013453662,275.50635,281.33838,273.44455,3.6031042e-06
1986-01-25,0.00022302603,273.14423,276.98926,270.39514,5.296328e-06
1986-01-26,0.0,270.8053,277.00494,266.99536,4.701393e-06
1986-01-27,0.0,268.83765,275.12393,263.44327,4.163077e-06
1986-01-28,0.0,267.6422,274.45944,262.0594,3.4722223e-06
1986-01-29,0.0,268.31985,271.43384,262.91977,3.4385732e-06
1986-01-30,0.0,270.14606,273.5198,268.07816,4.319739e-06
1986-01-31,4.7653673e-05,271.96948,273.52768,270.66776,5.3138997e-06
1986-02-01,0.00013910321,274.15097,275.6992,272.4917,4.818762e-06
1986-02-02,0.00011481779,273.58362,275.4605,273.15857,4.6701693e-06
1986-02-03,4.8565984e-05,271.48535,273.78964,270.5262,5.525826e-06
1986-02-04,1.3882888e-05,269.64825,271.66293,268.71057,5.4899037e-06
1986-02-05,3.206456e-06,267.64755,270.03955,265.19815,5.095057e-06
1986-02-06,1.3552906e-06,267.61917,269.37943,265.7329,5.3283584e-06
1986-02-07,1.2043589e-06,267.99643,270.47852,266.45782,5.31881e-06
1986-02-08,2.7673368e-05,263.81232,268.20224,262.72037,4.426142e-06
1986-02-09,0.00011377815,264.81244,266.06808,263.12717,3.3520553e-06
1986-02-10,0.0002390855,267.77722,269.89304,265.4816,5.1124975e-06
1986-02-11,3.538408e-05,268.95792,272.48862,264.99997,5.243441e-06
1986-02-12,1.185874e-06,268.5657,272.81543,267.57043,5.673543e-06
1986-02-13,0.0,266.9169,272.08566,263.03485,4.832628e-06
1986-02-14,0.0,267.78696,271.94467,261.5483,5.594333e-06
1986-02-15,2.0519926e-06,268.8369,271.5963,267.28772,5.1058646e-06
1986-02-16,1.49180505e-05,269.9742,271.84937,266.75085,4.3531413e-06
1986-02-17,1.4728425e-05,272.02783,275.43765,267.38193,5.1803813e-06
1986-02-18,0.00012334008,275.43036,279.59366,271.59164,5.787037e-06
1986-02-19,6.4498806e-07,276.44272,282.02945,272.57263,7.765064e-06
1986-02-20,6.1619554e-05,273.33542,276.28564,272.58264,4.6350538e-06
1986-02-21,7.3787385e-05,270.78214,273.49326,270.46423,5.562315e-06
1986-02-22,4.814834e-06,271.74942,273.9883,269.3415,5.068725e-06
1986-02-23,0.0,273.44965,277.25504,270.5315,7.1222144e-06
1986-02-24,7.9395184e-05,268.20093,273.1101,266.42365,6.156552e-06
1986-02-25,3.3261613e-06,265.08353,271.68695,260.94135,7.939817e-06
1986-02-26,0.0,263.18765,270.2653,258.0534,8.0219825e-06
1986-02-27,0.0,262.20282,270.5049,255.59724,8.18196e-06
1986-02-28,0.0,264.6001,268.623,256.31067,5.8275737e-06
1986-03-01,1.35686305e-05,265.2561,266.8854,264.6231,4.426142e-06
1986-03-02,8.72392e-05,269.64508,270.88342,265.40814,4.620081e-06
1986-03-03,6.6469904e-05,271.25574,273.49207,269.00928,6.0422344e-06
1986-03-04,7.3928226e-05,273.28787,274.745,271.3706,6.3231373e-06
1986-03-05,3.87782e-06,273.4761,279.9278,269.62244,8.928289e-06
1986-03-06,0.0,275.11765,282.52423,268.58545,8.842037e-06
1986-03-07,2.7852964e-06,275.67932,277.81064,273.48776,6.069012e-06
1986-03-08,0.00024164948,274.46387,276.27304,273.73703,6.690683e-06
1986-03-09,4.4668337e-05,275.50256,278.68097,273.66122,6.842371e-06
1986-03-10,1.2372313e-07,276.25153,279.30573,274.20892,8.007304e-06
1986-03-11,0.0,274.96344,277.5559,274.10226,9.366622e-06
1986-03-12,0.0,274.41873,276.3272,273.93585,7.5121884e-06
1986-03-13,7.026886e-05,273.6513,274.82532,272.76425,5.787037e-06
1986-03-14,0.0002744754,275.4049,278.85205,273.14145,8.064887e-06
1986-03-15,1.4740657e-05,275.7821,278.33182,274.44135,7.726227e-06
1986-03-16,3.6315582e-06,274.58948,277.36493,273.8911,9.083352e-06
1986-03-17,0.0,274.28845,280.11426,271.8858,1.5365182e-05
1986-03-18,0.0,274.41232,281.55646,267.98148,1.5383981e-05
1986-03-19,0.0,274.4332,280.34152,270.33398,1.5600981e-05
1986-03-20,0.0,275.45294,281.14514,268.80725,1.6004411e-05
1986-03-21,1.2071723e-06,275.74634,279.98776,273.1291,9.922723e-06
1986-03-22,0.0,276.06818,281.67493,272.8241,1.58952e-05
1986-03-23,0.0,276.26154,280.11166,270.8225,1.3834293e-05
1986-03-24,0.0,277.41098,279.8728,273.2266,1.0561152e-05
1986-03-25,0.00012878691,276.1763,282.62604,274.1426,7.938278e-06
1986-03-26,0.00031270995,276.69742,280.14703,272.12418,1.1284826e-05
1986-03-27,1.3149488e-06,278.30573,285.90167,272.6228,2.2321812e-05
1986-03-28,0.0,280.8154,290.4446,271.11633,3.322239e-05
1986-03-29,0.0,281.04605,287.6229,272.87546,2.1534313e-05
1986-03-30,2.014066e-06,277.9668,282.76245,276.09497,1.3229317e-05
1986-03-31,6.0654376e-05,281.72964,288.86646,273.5277,2.7318836e-05
1986-04-01,0.0,279.1322,283.07007,277.46475,1.4434455e-05
1986-04-02,5.7752735e-05,281.18323,286.3651,275.37494,1.8684426e-05
1986-04-03,1.207964e-06,284.03647,291.7328,274.12958,2.7594206e-05
1986-04-04,0.0,283.99573,292.12457,278.3709,2.858025e-05
1986-04-05,1.2128728e-06,282.83078,288.32086,277.20813,2.3915329e-05
1986-04-06,0.0,284.9153,292.69568,276.82697,2.7997547e-05
1986-04-07,0.0,286.48834,294.72244,276.6224,3.1872067e-05
1986-04-08,0.0,287.93857,296.5711,276.63184,3.6956426e-05
1986-04-09,1.15424804e-07,280.97372,290.9431,277.6112,2.5359575e-05
1986-04-10,9.7617645e-05,279.60178,281.4364,277.08902,1.5941967e-05
1986-04-11,7.547582e-05,276.60446,280.15863,274.7316,1.0613137e-05
1986-04-12,0.0002538114,272.04425,275.22806,272.09616,9.440017e-06
1986-04-13,7.4233954e-05,272.28754,274.37195,271.56912,9.721637e-06
1986-04-14,4.427381e-05,274.47717,280.5457,268.06165,1.8649978e-05
1986-04-15,0.0,277.7123,281.87497,270.8164,1.7287988e-05
1986-04-16,5.4766966e-05,278.64874,282.51648,276.1153,1.7017497e-05
1986-04-17,3.644553e-05,281.20975,286.3441,276.26154,2.3304085e-05
1986-04-18,8.98489e-05,280.29074,282.77084,278.77066,1.4130416e-05
1986-04-19,0.0002574237,279.20975,283.8764,275.77444,1.9446708e-05
1986-04-20,1.6312971e-06,278.29425,285.44522,272.3982,2.4069242e-05
1986-04-21,1.8332369e-06,281.9007,288.74786,272.99338,3.1077256e-05
1986-04-22,1.1189649e-05,284.35333,286.8717,280.6768,2.5678704e-05
1986-04-23,1.6966774e-07,285.83548,288.88214,282.54,2.3142606e-05
1986-04-24,8.488047e-08,287.46088,294.67245,281.324,3.8020844e-05
1986-04-25,0.0,287.97513,296.47797,278.00137,4.531857e-05
1986-04-26,0.0,288.4868,296.22708,278.54108,4.707511e-05
1986-04-27,0.0,288.136,294.36676,281.48798,3.398098e-05
1986-04-28,1.2797386e-05,285.58493,289.27524,283.52805,2.3388478e-05
1986-04-29,1.0360659e-05,285.87766,291.7098,283.15323,2.1870574e-05
1986-04-30,8.542315e-05,288.52072,294.34174,282.31284,2.9870496e-05
1986-05-01,9.037843e-06,289.59726,294.86755,284.77872,4.0959163e-05
1986-05-02,1.6511477e-06,289.3319,295.5235,284.77567,4.1424668e-05
1986-05-03,1.8246974e-06,287.1961,293.33682,281.5629,3.1999512e-05
1986-05-04,1.6850805e-05,289.464,297.97528,279.40897,4.6022124e-05
1986-05-05,1.6062302e-06,288.991,297.53928,281.62527,4.581735e-05
1986-05-06,2.2648976e-05,286.6574,295.67416,281.46542,3.5287394e-05
1986-05-07,4.3997432e-05,287.32138,294.59103,282.43884,3.4213364e-05
1986-05-08,3.0454627e-05,285.2568,291.8752,282.60602,2.626811e-05
1986-05-09,7.028259e-05,285.85007,292.4832,281.37186,3.76235e-05
1986-05-10,0.0,287.07053,292.7992,278.558,3.096393e-05
1986-05-11,0.0,289.8799,297.03314,282.9954,4.3533804e-05
1986-05-12,0.0,289.933,296.46857,284.9764,3.900421e-05
1986-05-13,1.7733228e-06,291.74484,300.3603,282.6,5.4364034e-05
1986-05-14,1.1444615e-06,292.2556,300.00983,283.29953,6.0307542e-05
1986-05-15,0.0,290.37305,296.57428,284.54895,4.093215e-05
1986-05-16,1.2683416e-05,288.05405,291.47003,285.55737,2.1920616e-05
1986-05-17,0.00016654999,289.2348,293.57895,286.54312,3.216097e-05
1986-05-18,1.4076626e-05,290.50696,298.5911,282.46674,4.597841e-05
1986-05-19,0.0,293.8234,301.77966,284.70786,4.917443e-05
1986-05-20,1.8087674e-05,294.08664,299.83044,288.8322,4.9150065e-05
1986-05-21,3.9552556e-06,295.00156,301.61935,289.3174,4.8404618e-05
1986-05-22,2.5755867e-06,294.22897,298.9728,290.1335,4.1388997e-05
1986-05-23,7.419657e-06,293.29642,299.40094,287.71527,5.2647658e-05
1986-05-24,9.048024e-06,291.6835,297.54123,286.66956,3.463689e-05
1986-05-25,1.2697068e-05,290.28577,295.98282,284.34787,5.5113247e-05
1986-05-26,0.0,290.13483,297.85175,282.08218,5.6984976e-05
1986-05-27,0.0,292.88306,301.57147,281.71213,6.2159226e-05
1986-05-28,0.0,292.09265,300.29065,283.77078,5.844312e-05
1986-05-29,2.1588987e-05,288.8518,292.68576,287.40674,2.508835e-05
1986-05-30,0.0005277617,282.23004,288.87338,280.95044,2.1587091e-05
1986-05-31,0.00014026575,282.90784,287.25723,279.9873,2.532513e-05
1986-06-01,5.7383862e-05,283.30447,287.36096,279.7756,2.5890016e-05
1986-06-02,3.8487738e-06,283.93802,288.26678,280.06116,2.4480509e-05
1986-06-03,4.8698254e-05,283.75677,287.69406,282.23557,2.4668125e-05
1986-06-04,1.5118709e-05,283.2609,288.55054,279.41916,2.2571006e-05
1986-06-05,0.0005657456,282.39166,287.46063,278.6481,2.68218e-05
1986-06-06,0.00013794789,281.3411,285.73352,278.69098,2.4297065e-05
1986-06-07,3.0832034e-05,283.365,289.47952,276.80066,3.3530632e-05
1986-06-08,6.5223726e-06,286.39706,292.25345,277.58496,3.816831e-05
1986-06-09,0.0,287.85693,295.25385,278.74057,4.635375e-05
1986-06-10,0.0,289.91797,297.06946,280.1193,5.498516e-05
1986-06-11,0.0,292.35822,299.93716,282.00082,5.4650875e-05
1986-06-12,1.0146044e-05,290.57565,294.58023,286.5416,4.004011e-05
1986-06-13,9.68866e-06,288.16864,290.73102,285.82428,2.4886358e-05
1986-06-14,4.9091763e-05,290.7616,294.2054,287.46484,2.6456308e-05
1986-06-15,0.00022037592,292.15726,299.14752,287.5429,4.117708e-05
1986-06-16,0.00020037992,293.08795,298.18158,287.59244,4.6544934e-05
1986-06-17,9.675584e-05,293.8542,300.66873,288.9107,5.721379e-05
1986-06-18,9.773729e-06,293.99506,301.63336,288.40878,4.959243e-05
1986-06-19,0.00014226527,291.6553,298.86734,288.63647,4.125144e-05
1986-06-20,0.00024648858,291.9998,299.5349,285.46667,4.678456e-05
1986-06-21,4.600745e-05,293.34454,301.17868,287.05945,4.7547535e-05
1986-06-22,3.1094998e-05,294.5211,301.76132,288.61902,5.081748e-05
1986-06-23,0.00015203106,293.11792,297.94894,289.3295,3.099877e-05
1986-06-24,0.00018714367,291.15018,295.9389,287.31512,4.3291482e-05
1986-06-25,4.184713e-06,292.92456,299.06335,285.96536,5.097901e-05
1986-06-26,2.160402e-06,292.19244,298.04254,287.85446,5.6037923e-05
1986-06-27,0.0,293.60974,301.0038,284.48883,6.012471e-05
1986-06-28,0.0,294.8499,301.58484,285.5806,5.9950893e-05
1986-06-29,0.0,290.77664,299.59964,286.27905,4.1346135e-05
1986-06-30,3.6588986e-05,289.5846,295.76447,285.57065,4.02787e-05
1986-07-01,1.8991263e-05,291.91678,298.66003,283.29913,5.163029e-05
1986-07-02,0.0,292.53104,299.85,285.38147,5.4059536e-05
1986-07-03,7.896312e-06,293.789,300.53088,284.74133,5.6710738e-05
1986-07-04,3.503236e-06,294.485,301.91992,286.64633,5.3767813e-05
1986-07-05,7.2799153e-06,295.05832,301.9631,286.88263,5.3733165e-05
1986-07-06,1.8424682e-06,294.71048,300.87164,288.64536,5.337004e-05
1986-07-07,7.670238e-05,290.48572,295.29208,288.42706,3.259443e-05
1986-07-08,8.965452e-05,289.28323,296.221,284.3093,3.869082e-05
1986-07-09,2.2614116e-05,288.68002,295.00085,281.61172,4.2779182e-05
1986-07-10,1.4251815e-06,290.52,296.57925,282.46625,4.3924894e-05
1986-07-11,1.5324533e-06,290.40134,297.1227,286.29953,4.6424517e-05
1986-07-12,0.0002211543,289.09778,292.50342,286.4199,3.1618063e-05
1986-07-13,2.7684143e-06,287.78027,289.55466,286.76904,2.4438597e-05
1986-07-14,2.4922452e-05,288.22818,290.59378,283.95825,2.8388506e-05
1986-07-15,0.0,290.25076,296.1277,284.79663,5.3132597e-05
1986-07-16,0.0,291.17664,297.37357,282.2508,5.7197372e-05
1986-07-17,0.0,292.41235,299.38467,284.41983,4.441137e-05
1986-07-18,0.0,293.40918,299.88132,285.71432,3.8235696e-05
1986-07-19,9.760344e-06,291.38306,296.47833,289.56152,3.2856602e-05
1986-07-20,0.000117930984,288.5454,292.31326,286.2578,2.8635417e-05
1986-07-21,5.454642e-08,290.2044,294.81668,286.355,3.5692166e-05
1986-07-22,0.0,292.01633,299.12784,284.5363,5.2687235e-05
1986-07-23,0.0,293.99246,300.30295,285.27643,6.0376606e-05
1986-07-24,0.0,289.76596,298.88544,283.22128,4.6518333e-05
1986-07-25,0.00029845064,288.26874,296.05917,280.10797,4.8066147e-05
1986-07-26,0.0,291.1072,298.74524,280.8817,4.4215125e-05
1986-07-27,0.0,293.7539,300.39917,287.4536,4.5364002e-05
1986-07-28,6.8151445e-07,294.78522,301.37888,288.1196,4.891617e-05
1986-07-29,0.0,295.59525,302.2608,289.47504,5.2301046e-05
1986-07-30,5.7514568e-05,296.16336,304.11606,288.936,5.567133e-05
1986-07-31,1.6938564e-05,296.84167,304.36557,289.2468,5.6868892e-05
1986-08-01,0.0,296.70972,303.69388,290.7286,5.862939e-05
1986-08-02,8.199771e-06,296.15503,303.37216,288.78293,5.613779e-05
1986-08-03,0.0,296.67313,303.45374,289.17767,5.7444606e-05
1986-08-04,0.0,296.81467,304.45685,289.37357,5.4251057e-05
1986-08-05,2.0644033e-05,293.24213,299.26926,289.59085,3.674346e-05
1986-08-06,7.399328e-05,293.36612,300.26273,287.77167,5.0236868e-05
1986-08-07,0.0,293.9415,300.80063,286.216,5.565492e-05
1986-08-08,0.0,294.60297,302.35632,287.7764,5.081258e-05
1986-08-09,1.3772732e-05,294.67896,302.77417,287.39822,5.294384e-05
1986-08-10,2.873225e-06,296.15775,304.3165,288.05725,5.2539846e-05
1986-08-11,5.6675412e-06,296.97403,304.26343,290.34998,5.3371128e-05
1986-08-12,6.9721955e-07,294.46057,303.38385,290.38846,4.620982e-05
1986-08-13,3.438869e-05,293.2911,302.32874,287.16037,4.725153e-05
1986-08-14,0.00015053886,291.6731,296.676,289.2809,3.52008e-05
1986-08-15,3.620406e-06,292.6381,299.6181,285.77002,4.7851507e-05
1986-08-16,0.0,294.439,302.39542,285.82303,4.85596e-05
1986-08-17,0.0,295.22226,304.09155,286.771,5.496102e-05
1986-08-18,0.0,296.76584,303.3936,289.37076,5.7592835e-05
1986-08-19,0.0,294.20828,298.85233,290.1196,3.5711222e-05
1986-08-20,0.00019318135,291.5215,295.90237,288.01843,2.952009e-05
1986-08-21,4.4410106e-05,289.74515,295.2057,286.4472,3.5348232e-05
1986-08-22,0.0,291.25565,298.79645,283.1956,3.9975486e-05
1986-08-23,0.0,289.209,299.41296,285.0976,3.7563666e-05
1986-08-24,0.00036905755,286.15195,290.46945,281.4639,2.3061377e-05
1986-08-25,0.00038806794,288.6236,296.06613,282.1357,3.7817677e-05
1986-08-26,0.0,290.25223,297.863,281.90973,4.4374377e-05
1986-08-27,0.0,290.33368,293.24942,285.2042,2.2127408e-05
1986-08-28,0.00025154217,289.20956,292.93478,287.74463,1.9603804e-05
1986-08-29,0.00058657466,286.66165,291.53772,284.94394,2.145432e-05
1986-08-30,3.820128e-05,285.5004,291.58966,282.54688,2.9352024e-05
1986-08-31,0.0,286.4762,292.7898,281.1774,2.8793454e-05
1986-09-01,7.0779885e-07,286.82523,294.03696,280.52194,3.4271874e-05
1986-09-02,0.0,288.0526,295.36826,279.8658,3.497962e-05
1986-09-03,0.0,289.3833,296.64856,279.9014,3.724837e-05
1986-09-04,4.7247308e-05,285.88702,291.11115,283.3164,2.2038812e-05
1986-09-05,6.0441012e-05,284.19608,291.5999,278.4494,3.0990606e-05
1986-09-06,0.0,286.83636,295.51175,277.25394,3.2565167e-05
1986-09-07,0.0,289.19482,297.58337,279.65485,3.431586e-05
1986-09-08,0.0,289.53497,297.10544,282.80283,3.2354033e-05
1986-09-09,1.1819869e-06,287.48514,292.55402,284.61902,2.0585165e-05
1986-09-10,0.00028686895,284.92642,287.5795,283.83035,1.4817921e-05
1986-09-11,0.0001816705,285.62775,289.54385,283.20932,2.0758614e-05
1986-09-12,0.0,288.02316,296.2484,280.17462,2.6196323e-05
1986-09-13,0.0,290.03082,296.9052,285.1949,3.2655815e-05
1986-09-14,0.0,290.7151,297.66867,283.8837,3.5631518e-05
1986-09-15,0.0,292.22195,297.41986,285.79428,3.2287397e-05
1986-09-16,0.0,292.91745,299.3912,286.86456,4.2283587e-05
1986-09-17,0.0,293.16782,300.0607,286.39255,4.5163695e-05
1986-09-18,0.0,293.01996,299.3423,287.5203,2.936747e-05
1986-09-19,0.00030410226,282.38727,291.64493,280.0251,2.2303791e-05
1986-09-20,6.214713e-06,282.37344,290.50766,276.68365,2.7380813e-05
1986-09-21,0.0,283.5629,292.9491,275.8048,2.2932783e-05
1986-09-22,0.0,285.40704,295.80838,276.90216,2.4344954e-05
1986-09-23,0.0,286.09418,296.8924,278.08026,2.7777778e-05
1986-09-24,0.0,288.18857,297.0951,278.52658,2.3998784e-05
1986-09-25,0.0,284.85727,287.78055,282.73642,1.492421e-05
1986-09-26,5.3000954e-06,283.54788,285.14697,282.88812,1.3565086e-05
1986-09-27,4.921591e-05,284.796,288.67188,282.42938,1.8066075e-05
1986-09-28,0.0,284.76663,290.24274,280.7897,2.1747897e-05
1986-09-29,0.0,284.30328,292.37692,277.9262,2.3031183e-05
1986-09-30,0.0,285.3042,293.74625,278.4631,1.7281416e-05
1986-10-01,0.0,284.83795,292.78674,280.62564,2.0900674e-05
1986-10-02,0.0,285.30237,294.56204,277.19824,2.0975149e-05
1986-10-03,0.0,286.08163,297.65244,278.28033,2.3148148e-05
1986-10-04,0.0,287.6965,294.978,279.8596,2.1601456e-05
1986-10-05,0.0,285.64572,290.5019,283.0605,1.6573546e-05
1986-10-06,0.0,286.23145,292.7076,280.70572,1.7437256e-05
1986-10-07,0.0,287.001,294.99988,281.3178,1.741942e-05
1986-10-08,0.0,287.44116,293.86804,282.28033,1.3966348e-05
1986-10-09,5.791127e-07,285.1045,290.78555,281.88614,1.7738988e-05
1986-10-10,0.0,282.8993,291.49237,276.80164,1.8484869e-05
1986-10-11,0.0,283.58636,293.49582,275.45593,1.4971283e-05
1986-10-12,0.0,284.13126,291.47476,276.43137,1.58623e-05
1986-10-13,0.0,283.42706,290.78275,279.82187,1.9523208e-05
1986-10-14,0.0,281.80295,290.45108,275.73935,1.4636025e-05
1986-10-15,0.0,281.7965,288.41977,277.9755,1.481092e-05
1986-10-16,0.0,279.48947,288.5838,275.21677,1.4715353e-05
1986-10-17,0.0,279.2834,289.2657,271.96136,1.3771654e-05
1986-10-18,0.0,279.30164,288.7747,272.91672,1.3812986e-05
1986-10-19,0.0,278.8008,281.28525,271.91742,6.916616e-06
1986-10-20,4.5929843e-05,282.12622,284.26,279.60043,8.101852e-06
1986-10-21,3.0811236e-05,283.6292,291.66278,280.03226,1.9691917e-05
1986-10-22,0.0,287.42728,293.00388,278.0265,1.6129108e-05
1986-10-23,2.0223e-05,283.7408,289.80966,279.52457,1.03480525e-05
1986-10-24,0.0004753592,278.81378,283.9761,276.24405,9.280755e-06
1986-10-25,0.0,280.5358,284.66556,274.3632,9.001044e-06
1986-10-26,9.083772e-05,279.286,282.76123,278.3362,6.9766957e-06
1986-10-27,0.00029588732,280.56018,284.14133,278.00137,1.2895264e-05
1986-10-28,5.6946377e-08,280.32672,282.68433,278.67627,9.200978e-06
1986-10-29,1.2756171e-06,279.16705,285.19122,275.75162,9.821768e-06
1986-10-30,0.0,280.133,283.0851,275.2018,7.894376e-06
1986-10-31,0.0,280.6086,283.95355,278.40228,8.075514e-06
1986-11-01,0.0,279.52863,283.448,274.27878,7.6183796e-06
1986-11-02,0.0,280.40726,282.86697,277.24988,5.8780956e-06
1986-11-03,1.4865315e-05,278.40326,284.5484,274.08545,1.870937e-05
1986-11-04,0.0,274.05737,280.74927,270.1589,1.1997588e-05
1986-11-05,0.0,275.64386,282.95285,269.9986,6.9444445e-06
1986-11-06,0.0,278.5875,286.35284,272.4391,7.791909e-06
1986-11-07,0.0,277.4042,286.20792,270.9349,8.101852e-06
1986-11-08,0.0,276.29987,286.63077,269.87076,9.033327e-06
1986-11-09,0.0,278.44287,285.4927,271.20306,9.259259e-06
1986-11-10,0.0,276.89966,284.10123,271.25635,5.787037e-06
1986-11-11,0.0,278.6203,285.47894,271.15088,8.107276e-06
1986-11-12,0.0,278.81296,285.22653,273.38553,5.4291577e-06
1986-11-13,0.0,277.31635,281.79794,271.62717,4.6296295e-06
1986-11-14,0.0,280.9063,284.13702,273.35727,5.8758396e-06
1986-11-15,2.4710638e-05,284.12567,287.9061,280.8673,8.86297e-06
1986-11-16,1.4095939e-05,281.55438,287.73358,276.9004,5.757621e-06
1986-11-17,0.0,281.23618,283.84683,276.74316,4.6296295e-06
1986-11-18,0.0,281.35126,284.54083,279.17432,6.002978e-06
1986-11-19,0.0,278.99445,281.53766,276.46613,3.4722223e-06
1986-11-20,0.0,276.93784,279.3238,274.37216,4.441532e-06
1986-11-21,3.0320032e-06,277.8119,279.09662,275.44977,3.4722223e-06
1986-11-22,0.00011134122,278.69214,279.5593,276.7574,3.6037816e-06
1986-11-23,3.4502584e-05,281.16705,282.7413,277.98178,4.6296295e-06
1986-11-24,0.000624164,277.90564,281.6531,276.5437,5.66687e-06
1986-11-25,1.19555725e-05,276.06833,281.06665,273.15656,4.420483e-06
1986-11-26,0.0,273.82343,276.6971,271.28754,3.4722223e-06
1986-11-27,0.0,275.38528,277.74246,272.79993,3.462674e-06
1986-11-28,0.0,275.70374,279.38797,272.69434,7.902571e-06
1986-11-29,7.808645e-09,274.93842,279.2543,272.3747,5.816974e-06
1986-11-30,0.0,272.72867,278.22702,269.69833,1.2047524e-06
1986-12-01,0.0,270.63922,273.47653,267.95187,2.3148148e-06
1986-12-02,0.0,271.0668,274.73492,267.45093,1.2478458e-06
1986-12-03,0.0,271.52985,274.6218,267.91714,8.938112e-07
1986-12-04,0.0,273.21817,281.22375,266.80316,6.8528794e-07
1986-12-05,0.0,272.62585,280.49582,267.8329,2.2669667e-06
1986-12-06,0.0,273.59384,279.65234,268.7938,4.9710447e-06
1986-12-07,0.0,273.01376,278.15112,269.77594,8.4535145e-07
1986-12-08,0.0,271.3164,273.5054,268.96384,3.431389e-06
1986-12-09,0.0,271.26263,273.5465,269.6107,2.3547475e-06
1986-12-10,0.0,271.2057,272.3932,269.7794,2.3148148e-06
1986-12-11,0.0,270.7799,272.0024,269.22354,3.4722223e-06
1986-12-12,0.0,271.834,272.93668,270.29333,3.312642e-06
1986-12-13,0.0,271.67365,273.61264,269.9212,2.3148148e-06
1986-12-14,1.2700801e-06,274.5456,276.99518,271.30795,2.3431235e-06
1986-12-15,0.0004069356,273.01035,275.26843,272.62863,2.5031593e-06
1986-12-16,0.00010667904,274.27875,275.86832,272.57584,2.3148148e-06
1986-12-17,1.4344983e-05,272.5526,275.18042,271.2244,2.3148148e-06
1986-12-18,0.0,270.3684,274.79193,268.3477,2.1859469e-06
1986-12-19,7.055637e-06,274.96936,279.5339,270.8339,3.4722223e-06
1986-12-20,0.00018330937,274.13004,279.82205,269.1662,8.2316465e-06
1986-12-21,0.0,268.5463,276.37866,264.04352,1.1574074e-06
1986-12-22,0.0,266.37326,272.85724,261.2029,1.2200029e-06
1986-12-23,0.0,267.93915,273.83832,263.5612,1.792317e-06
1986-12-24,0.0,267.76202,272.43765,260.9656,2.78419e-06
1986-12-25,0.0,266.1215,271.49802,262.8074,4.4300405e-06
1986-12-26,0.0,264.13223,267.9338,258.46875,2.3148148e-06
1986-12-27,0.0,266.8878,272.84732,261.78607,2.3148148e-06
1986-12-28,0.0,268.179,276.19812,261.81412,3.4722223e-06
1986-12-29,0.0,273.92307,279.65167,264.517,5.1662723e-06
1986-12-30,0.0,274.99243,279.7,269.47214,4.6296295e-06
1986-12-31,0.0,274.914,278.48712,271.38556,2.5037273e-06
1987-01-01,3.3599798e-07,276.01852,280.6762,270.23984,3.4722223e-06
1987-01-02,1.5691681e-05,275.15323,278.20746,272.8992,3.0099384e-06
1987-01-03,0.00013664253,272.63303,275.4832,270.0716,2.3148148e-06
1987-01-04,0.0,269.0751,274.94574,265.90213,2.06756e-06
1987-01-05,0.0,271.76523,276.22668,264.66568,3.346784e-06
1987-01-06,0.0,272.82214,278.7442,269.72034,3.7115115e-06
1987-01-07,1.0191066e-08,269.8532,274.25653,265.8848,4.120264e-06
1987-01-08,0.0,263.40582,270.65875,260.61383,2.998323e-06
1987-01-09,0.0,266.7094,271.43683,258.42886,4.248975e-06
1987-01-10,7.672825e-06,271.5976,272.98962,268.21475,2.3148148e-06
1987-01-11,0.00024841592,265.72324,272.36084,265.0235,3.999864e-06
1987-01-12,0.00022729662,259.6814,265.49756,255.58585,2.3052664e-06
1987-01-13,3.5212981e-06,259.51843,261.37537,251.79782,1.1574074e-06
1987-01-14,5.22713e-05,261.1026,262.18497,258.69516,1.1574074e-06
1987-01-15,0.0003979315,263.4432,265.13068,260.80542,2.3148148e-06
1987-01-16,0.00011287208,267.19296,269.51193,262.53323,3.4722223e-06
1987-01-17,8.442508e-07,270.20166,272.27597,266.913,3.4458853e-06
1987-01-18,2.1080046e-05,271.0669,272.77423,270.45303,3.0798387e-06
1987-01-19,1.8092993e-05,271.40982,273.41382,270.64407,3.952402e-06
1987-01-20,0.0,270.4648,273.63074,268.75864,4.6829628e-06
1987-01-21,0.0,267.64398,273.39157,264.55853,4.638984e-06
1987-01-22,0.0,264.96548,269.27966,258.99854,2.3402813e-06
1987-01-23,0.0,267.98834,273.48828,261.81726,2.3411517e-06
1987-01-24,0.0,272.97626,275.5235,268.18103,2.9823034e-06
1987-01-25,2.4915128e-06,272.55536,277.62277,267.93057,3.2623261e-06
1987-01-26,0.0,273.2631,275.0244,270.16672,4.16324e-06
1987-01-27,3.5994624e-06,271.01474,274.86798,267.95065,4.2135416e-06
1987-01-28,1.1380748e-05,271.99313,274.2609,268.2817,3.4722223e-06
1987-01-29,0.0,272.6415,275.19373,270.8686,5.81564e-06
1987-01-30,3.3000056e-06,262.9946,272.36017,259.2568,8.073423e-06
1987-01-31,0.0,259.37436,267.8712,252.18303,3.499049e-06
1987-02-01,0.0,261.01868,269.6664,253.56047,3.8901208e-06
1987-02-02,0.0,264.93478,269.04764,259.13956,3.462674e-06
1987-02-03,0.0,266.56967,271.3551,262.54837,3.507453e-06
1987-02-04,0.0,267.90253,276.17685,259.83725,4.6296295e-06
1987-02-05,0.0,267.78696,274.71094,261.91534,3.4722223e-06
1987-02-06,0.0,268.63257,272.50095,263.8574,3.4722223e-06
1987-02-07,0.0,274.87088,281.54715,266.93164,7.333414e-06
1987-02-08,6.4486144e-06,273.27252,277.0657,269.02368,4.6296295e-06
1987-02-09,0.0,275.96112,282.29062,271.5716,7.2939624e-06
1987-02-10,1.1848499e-06,277.0394,279.12076,270.6759,5.7171155e-06
1987-02-11,2.8245593e-05,277.96527,279.21234,275.51416,3.9012207e-06
1987-02-12,7.011632e-05,278.2364,281.1482,275.0768,5.139042e-06
1987-02-13,5.935372e-05,277.55612,279.04047,274.49472,4.6296295e-06
1987-02-14,0.00019401801,276.3281,277.942,274.7448,4.6296295e-06
1987-02-15,0.00015031204,276.13434,278.4653,274.6007,5.952339e-06
1987-02-16,0.00011606437,274.3977,276.1438,273.26538,6.5553613e-06
1987-02-17,0.00013775173,274.0895,275.62424,273.79672,6.3772695e-06
1987-02-18,4.878381e-05,274.7212,277.44598,273.2191,4.854962e-06
1987-02-19,1.5181505e-05,274.05566,275.4389,273.00555,5.4813336e-06
1987-02-20,0.0002782026,273.69766,274.54355,272.90256,5.568891e-06
1987-02-21,0.00023946885,274.96863,280.16934,272.24387,8.96993e-06
1987-02-22,1.7601186e-06,272.85925,279.2964,268.2875,7.5451067e-06
1987-02-23,0.0,273.74362,280.84543,267.20847,1.134926e-05
1987-02-24,0.0,269.3441,274.57257,267.20688,1.20299155e-05
1987-02-25,0.0,268.34128,274.58072,263.07483,9.160547e-06
1987-02-26,0.0,270.66885,276.77533,262.33398,7.994653e-06
1987-02-27,0.0,274.0041,278.39175,270.03198,8.6239415e-06
1987-02-28,0.0,275.7014,281.25235,271.00275,1.1588821e-05
1987-03-01,0.0,277.2447,283.08047,271.00595,1.1410538e-05
1987-03-02,0.0,273.3112,276.88092,271.31644,5.381602e-06
1987-03-03,4.0520517e-06,266.40533,273.21237,263.81378,1.1579565e-05
1987-03-04,3.3599208e-06,264.4857,270.63235,260.18378,8.467274e-06
1987-03-05,0.0,266.06268,272.5231,259.25638,1.0184133e-05
1987-03-06,0.0,265.97644,272.09906,259.58746,8.629779e-06
1987-03-07,0.0,267.12198,273.32257,259.68442,9.7771945e-06
1987-03-08,1.4967368e-05,266.60095,269.7626,263.74274,7.002986e-06
1987-03-09,1.0194026e-06,268.5487,274.3052,262.21582,1.1347902e-05
1987-03-10,4.660173e-06,269.61172,273.90686,265.82904,8.412473e-06
1987-03-11,7.1620966e-06,269.84006,275.36188,265.66937,1.2087342e-05
1987-03-12,0.0,269.96704,276.42203,262.4304,1.11085665e-05
1987-03-13,0.0,270.26428,275.3804,265.63077,1.1776634e-05
1987-03-14,0.0,270.04358,275.30417,264.20316,1.2972552e-05
1987-03-15,0.0,270.71866,277.41772,264.9977,1.3290757e-05
1987-03-16,0.0,273.01837,279.02167,265.90335,1.310657e-05
1987-03-17,0.0,273.58856,279.44757,267.62784,1.4871595e-05
1987-03-18,0.0,275.5079,280.91852,269.44736,1.6840817e-05
1987-03-19,3.679446e-05,276.57544,279.0383,274.05948,7.733481e-06
1987-03-20,0.00026306085,273.08557,276.39557,271.9779,7.0448973e-06
1987-03-21,0.00022650852,273.00696,278.65167,268.54187,1.1356686e-05
1987-03-22,0.0,274.71054,282.32666,268.04578,1.3906243e-05
1987-03-23,0.0,276.5662,284.21878,269.7853,1.7116636e-05
1987-03-24,0.0,277.6416,287.01138,268.1702,2.1245014e-05
1987-03-25,0.0,281.00616,288.9928,272.7882,2.7407556e-05
1987-03-26,0.0,279.5406,283.1375,275.53912,1.1073256e-05
1987-03-27,2.8728136e-05,281.11688,285.0304,276.09848,1.3791188e-05
1987-03-28,6.696368e-06,280.9663,283.5126,279.10095,1.20960885e-05
1987-03-29,0.000535759,275.52164,280.9763,273.35034,1.2584847e-05
1987-03-30,3.290022e-05,278.24774,281.11368,274.6328,2.0651049e-05
1987-03-31,2.8230054e-06,276.42844,279.30255,275.09583,1.6620534e-05
1987-04-01,1.584122e-05,276.8134,281.3598,273.38257,1.462219e-05
1987-04-02,3.3148308e-07,274.7093,276.77887,273.6375,1.0822559e-05
1987-04-03,8.088618e-05,277.96252,280.84012,273.83188,1.0587186e-05
1987-04-04,3.6852376e-05,283.85907,289.63162,277.93246,2.3887043e-05
1987-04-05,3.5864385e-05,283.2494,289.00925,275.8889,3.8743998e-05
1987-04-06,1.3297793e-05,283.08395,291.0178,278.04028,2.8720733e-05
1987-04-07,1.2840108e-06,283.85986,293.0235,273.43893,3.51706e-05
1987-04-08,0.0,283.99094,289.8207,275.2994,2.4467834e-05
1987-04-09,4.754553e-05,283.98245,287.2273,281.25793,1.5983405e-05
1987-04-10,0.00015135332,282.72955,285.01862,281.73807,1.3946368e-05
1987-04-11,6.1486266e-05,282.5575,289.35962,278.64606,2.865693e-05
1987-04-12,0.0,282.6507,290.29965,274.52673,3.0378804e-05
1987-04-13,6.235181e-05,280.8502,284.92392,277.55786,2.4056568e-05
1987-04-14,1.4622402e-06,282.59448,287.91638,276.42038,3.4455938e-05
1987-04-15,0.0,281.57343,287.9701,274.91733,2.683932e-05
1987-04-16,0.0,282.42877,288.3646,274.60883,2.4358069e-05
1987-04-17,0.0,284.90332,293.10132,277.179,3.663002e-05
1987-04-18,0.0,286.70627,296.3856,275.93045,4.2154887e-05
1987-04-19,0.0,287.4979,296.39,277.31097,3.986589e-05
1987-04-20,0.0,286.86127,292.786,280.07007,3.413941e-05
1987-04-21,0.00013831952,282.93466,288.07535,280.58685,2.6602074e-05
1987-04-22,8.8448105e-06,283.32504,289.5185,276.8794,3.7317477e-05
1987-04-23,0.0,282.59055,289.31506,277.52036,3.3444558e-05
1987-04-24,0.0,284.8689,293.9907,273.45374,3.9934122e-05
1987-04-25,0.0,285.61053,293.04782,275.21857,4.3071912e-05
1987-04-26,0.0,286.91312,293.61758,278.34424,3.146107e-05
1987-04-27,3.055948e-05,281.46432,287.2772,279.48584,2.398159e-05
1987-04-28,8.882609e-06,281.63098,289.4253,273.95825,3.6059628e-05
1987-04-29,0.0,284.12003,291.8261,273.44647,4.0499708e-05
1987-04-30,0.0,286.21463,295.0976,275.42102,4.5065222e-05
1987-05-01,0.0,288.83377,296.33005,277.71246,3.493522e-05
1987-05-02,0.0,289.4487,299.11862,279.61935,4.8498347e-05
1987-05-03,1.4995154e-05,289.15237,295.19238,282.76306,4.148142e-05
1987-05-04,8.7628214e-05,281.59488,288.3138,279.2192,1.665848e-05
1987-05-05,0.00040567396,282.5074,289.53513,278.33936,3.0464216e-05
1987-05-06,3.528132e-05,283.72885,286.05292,278.96423,2.0913812e-05
1987-05-07,3.441527e-05,285.47278,290.42798,282.72885,6.12444e-05
1987-05-08,0.0,285.84424,291.6237,279.59235,4.6882167e-05
1987-05-09,0.0,287.3651,295.56506,277.52826,5.248908e-05
1987-05-10,0.0,287.92725,295.2618,276.41776,5.1249735e-05
1987-05-11,0.0,284.5754,288.17935,282.13498,2.157315e-05
1987-05-12,4.2590502e-05,284.74814,287.17572,282.04532,1.908921e-05
1987-05-13,0.00015110802,282.1044,287.00043,278.45636,2.046188e-05
1987-05-14,0.00029450998,281.09763,286.4508,277.37552,2.833917e-05
1987-05-15,6.7351e-06,284.77917,291.30453,275.6119,3.2607793e-05
1987-05-16,3.4569606e-05,282.2095,288.33945,280.46326,2.7731865e-05
1987-05-17,5.3846063e-05,284.01398,287.8847,278.4653,2.3839522e-05
1987-05-18,3.981531e-05,284.9948,287.8099,282.7275,2.154869e-05
1987-05-19,3.6780373e-05,286.78366,293.91946,279.99557,3.9575156e-05
1987-05-20,1.495862e-06,286.52753,292.91925,281.02667,3.737679e-05
1987-05-21,0.00010153338,282.33276,286.88916,280.36072,3.1677653e-05
1987-05-22,0.0,283.52188,290.0584,273.6025,3.88925e-05
1987-05-23,1.6238678e-06,284.33014,289.9195,275.47177,3.3489632e-05
1987-05-24,0.0,288.19846,294.15424,281.38672,4.30739e-05
1987-05-25,0.0,286.4267,293.79385,280.93005,3.588148e-05
1987-05-26,3.3918e-05,288.30664,295.03323,282.2811,4.8379825e-05
1987-05-27,0.0,289.73917,297.17133,280.0534,4.8230526e-05
1987-05-28,8.778858e-05,287.8772,294.13687,282.3351,4.2512984e-05
1987-05-29,1.8074272e-05,287.2829,292.08322,283.63602,3.1202104e-05
1987-05-30,3.311998e-05,287.99377,293.506,282.65256,4.3883985e-05
1987-05-31,0.0,288.57086,294.52585,281.88345,4.0441548e-05
1987-06-01,0.00011209603,287.18796,293.14224,284.2121,3.084182e-05
1987-06-02,4.520581e-05,287.95407,293.87454,281.50845,3.5133384e-05
1987-06-03,5.6317435e-06,288.09402,292.05142,281.46075,3.0228732e-05
1987-06-04,6.368936e-06,287.5586,291.12466,285.13806,2.6642914e-05
1987-06-05,0.0004250146,287.12704,293.48846,283.15756,3.4316014e-05
1987-06-06,1.5501484e-05,290.2025,297.16165,279.99008,5.0258986e-05
1987-06-07,0.0,292.37994,298.87866,283.88226,5.4145366e-05
1987-06-08,0.0,291.34186,298.08658,287.60547,4.942851e-05
1987-06-09,4.411498e-06,287.91696,292.61646,286.83496,2.920964e-05
1987-06-10,0.00033829425,289.63235,296.20673,283.8112,5.4737895e-05
1987-06-11,0.0,290.98486,298.24063,281.82837,5.762757e-05
1987-06-12,0.0,291.56592,298.4107,282.29242,4.502954e-05
1987-06-13,0.0,294.25723,301.0015,283.8138,6.142067e-05
1987-06-14,0.0,295.68637,302.87784,288.5115,6.169909e-05
1987-06-15,5.2485693e-06,293.84747,297.95947,287.54587,4.645584e-05
1987-06-16,0.00026591728,284.7272,294.01337,281.61176,3.0133315e-05
1987-06-17,0.00025885884,284.14185,291.15277,280.80402,3.5456975e-05
1987-06-18,5.475605e-05,285.52432,293.0873,279.53027,4.1354113e-05
1987-06-19,4.3133758e-05,286.04486,292.09967,279.09924,3.8286267e-05
1987-06-20,7.9297686e-05,286.39438,289.26584,284.25815,2.3740948e-05
1987-06-21,3.240362e-05,288.00043,291.43832,283.84714,2.7800375e-05
1987-06-22,3.4842117e-06,289.41443,295.1115,285.1783,3.6038746e-05
1987-06-23,2.3066934e-06,289.9227,296.94244,283.08334,5.108165e-05
1987-06-24,0.0,291.96286,298.0405,282.83005,4.5849916e-05
1987-06-25,9.253972e-07,291.22665,297.1152,286.81467,4.925977e-05
1987-06-26,3.4148157e-05,292.43607,297.89273,286.71426,3.6949295e-05
1987-06-27,0.0,290.06427,293.58392,287.31628,2.8291533e-05
1987-06-28,1.20786435e-05,292.9172,299.66238,284.52505,5.68285e-05
1987-06-29,0.0,294.5405,301.44702,285.69183,5.77949e-05
1987-06-30,0.0,295.9429,302.6108,287.52454,6.225544e-05
1987-07-01,0.0,296.7446,303.0304,288.94684,6.117568e-05
1987-07-02,1.3935886e-06,297.56448,302.9193,291.4173,6.322841e-05
1987-07-03,0.00010356015,294.42294,299.09497,291.21027,4.469932e-05
1987-07-04,5.3704116e-06,294.15918,299.5221,288.94977,4.0366715e-05
1987-07-05,2.3940034e-05,293.1038,297.73264,287.3372,4.3026503e-05
1987-07-06,0.0,291.80853,297.16168,285.49164,5.486991e-05
1987-07-07,0.0,293.0946,299.56897,284.49728,5.8092002e-05
1987-07-08,0.0,294.5818,301.73505,284.86905,6.401525e-05
1987-07-09,7.023673e-07,290.02463,294.27188,287.04944,2.7156424e-05
1987-07-10,0.00021305101,290.9403,296.65085,286.2019,4.477832e-05
1987-07-11,0.0,292.23767,298.40576,285.01053,5.455348e-05
1987-07-12,0.0,294.13034,302.2524,283.55908,5.9123227e-05
1987-07-13,0.0,295.01443,302.8732,287.92062,6.039306e-05
1987-07-14,5.644027e-05,294.9451,300.3632,288.2445,5.2434967e-05
1987-07-15,0.0,295.7844,302.6046,290.39587,4.612389e-05
1987-07-16,4.2161984e-05,294.39056,301.16852,289.80557,3.606634e-05
1987-07-17,7.101002e-06,294.84042,299.3173,289.64178,4.5366905e-05
1987-07-18,1.9641591e-05,295.70563,301.32486,290.80624,4.368098e-05
1987-07-19,1.1096276e-05,297.38803,304.0388,291.95807,6.208519e-05
1987-07-20,0.0,294.51364,301.7629,288.49017,6.260631e-05
1987-07-21,0.0,293.61362,301.3293,283.80435,6.231485e-05
1987-07-22,0.0,294.08765,300.94455,284.9187,5.5958368e-05
1987-07-23,0.0,296.47607,304.51358,286.30136,6.30181e-05
1987-07-24,0.0,296.92578,304.5636,288.74503,4.74537e-05
1987-07-25,0.0,292.85056,301.60632,288.81183,4.4767356e-05
1987-07-26,0.000652613,286.70047,290.14716,284.35275,2.1710117e-05
1987-07-27,0.0003901906,286.97864,294.0546,281.60608,4.0386192e-05
1987-07-28,1.671379e-06,290.57822,296.77914,284.27063,4.4778244e-05
1987-07-29,4.069641e-05,291.38205,297.6786,285.2392,4.7334684e-05
1987-07-30,0.0,292.75827,299.5568,285.0693,4.612435e-05
1987-07-31,6.689509e-05,289.28293,294.47882,287.64328,3.0099e-05
1987-08-01,2.1852797e-05,291.2656,297.4833,284.5893,4.707319e-05
1987-08-02,3.1383183e-06,290.8322,294.8643,287.8404,2.7987031e-05
1987-08-03,5.849191e-06,294.09476,300.90652,288.17117,4.6115736e-05
1987-08-04,1.0189492e-05,291.89767,297.12933,288.64008,2.8899289e-05
1987-08-05,0.0007361991,284.08182,290.41565,282.77786,2.5469692e-05
1987-08-06,0.00011428984,286.32962,292.6881,279.68088,3.82639e-05
1987-08-07,2.0310954e-05,285.1697,287.24826,283.057,1.8640927e-05
1987-08-08,0.00012115156,288.05707,291.7404,285.14282,2.5139756e-05
1987-08-09,1.5680827e-06,290.84186,296.2637,285.17184,3.533233e-05
1987-08-10,5.3656775e-05,289.34576,292.75174,287.83334,2.3069813e-05
1987-08-11,4.023491e-05,290.12823,293.6485,287.24167,2.7417562e-05
1987-08-12,2.1055598e-08,290.0868,295.51962,287.515,2.8460552e-05
1987-08-13,3.408587e-06,290.77267,297.33823,286.00394,4.290875e-05
1987-08-14,0.0,290.40347,296.04465,286.3459,2.8847286e-05
1987-08-15,0.0,291.8044,296.53644,288.3866,2.869643e-05
1987-08-16,5.7631214e-06,291.81357,298.08813,285.82486,4.304387e-05
1987-08-17,0.0,292.52783,299.7621,287.06314,4.4404493e-05
1987-08-18,0.0,294.65558,301.0832,288.02762,3.938867e-05
1987-08-19,0.0,294.0597,301.6005,288.40176,4.1248204e-05
1987-08-20,4.843643e-06,293.9516,300.33136,288.91257,4.093595e-05
1987-08-21,4.54923e-07,293.11432,297.48206,289.76318,3.4441746e-05
1987-08-22,0.0,291.7108,297.94513,287.38998,3.7891758e-05
1987-08-23,0.0,292.15515,299.03592,284.9137,4.1502542e-05
1987-08-24,0.0,293.2061,300.21875,287.4105,4.043078e-05
1987-08-25,0.0,290.06656,294.0834,287.5682,2.2557095e-05
1987-08-26,0.00019218746,289.97382,296.16925,285.52435,3.077701e-05
1987-08-27,1.1713244e-05,291.387,297.0602,285.28433,3.8671784e-05
1987-08-28,4.2322987e-05,290.0522,295.68805,286.06363,3.366998e-05
1987-08-29,3.1160378e-06,290.67737,298.4166,283.36072,3.8258288e-05
1987-08-30,0.0,292.57245,299.85574,285.6022,4.150847e-05
1987-08-31,0.0,292.7828,299.90643,285.74347,3.7144877e-05
1987-09-01,0.0,292.8163,298.70694,287.47235,3.3879813e-05
1987-09-02,0.0,292.96002,299.51132,288.97403,3.2865108e-05
1987-09-03,0.00021930877,291.76694,296.60068,287.98093,2.2599932e-05
1987-09-04,2.8548515e-05,292.60547,299.37772,286.99933,3.7685288e-05
1987-09-05,0.0,292.6696,299.56467,286.6326,3.5544195e-05
1987-09-06,3.521459e-05,288.41797,291.63513,286.50195,1.8491772e-05
1987-09-07,0.0002139811,288.99838,295.79642,283.8622,3.4661287e-05
1987-09-08,0.0,289.7759,297.92245,282.8497,2.9582347e-05
1987-09-09,0.00014549606,289.68558,294.1788,286.75626,2.624628e-05
1987-09-10,0.0,289.82578,296.32047,285.38992,3.1668224e-05
1987-09-11,0.0,290.88156,297.6679,283.80368,3.103679e-05
1987-09-12,2.667209e-07,292.4884,299.2106,286.35513,3.125e-05
1987-09-13,0.0,292.7969,299.21393,286.31757,3.014223e-05
1987-09-14,0.0,293.70444,301.43024,287.6665,3.517686e-05
1987-09-15,0.0,294.21753,301.67737,287.73685,3.3631422e-05
1987-09-16,0.0,293.75595,299.415,290.4102,2.9542858e-05
1987-09-17,0.0,293.92017,300.92245,287.46356,3.3564815e-05
1987-09-18,1.6300435e-06,293.92413,300.79187,287.00702,2.760279e-05
1987-09-19,0.0,293.25974,300.57272,288.32513,3.1819647e-05
1987-09-20,0.0,293.92722,301.42703,287.54898,3.350312e-05
1987-09-21,1.9351678e-06,292.81668,299.89615,287.3812,2.9645988e-05
1987-09-22,0.0,293.209,300.35132,288.16284,2.778142e-05
1987-09-23,0.0,293.87354,299.78842,288.17984,3.445823e-05
1987-09-24,0.0,289.036,295.76187,286.99475,1.5994305e-05
1987-09-25,0.00067881803,288.71713,291.472,286.87375,1.722422e-05
1987-09-26,4.0283154e-05,292.23404,295.41467,287.81467,1.7901175e-05
1987-09-27,0.0002660129,287.02673,295.3823,282.84998,1.9669686e-05
1987-09-28,0.0004471775,281.67383,285.68665,279.73035,1.5810538e-05
1987-09-29,0.0,281.06198,286.09625,278.64102,1.8050037e-05
1987-09-30,0.0,280.00522,286.11725,275.17535,1.8401943e-05
1987-10-01,0.0,280.67767,287.77643,274.59888,2.147725e-05
1987-10-02,0.0,280.1839,286.42407,273.55276,1.7099868e-05
1987-10-03,0.0,282.91565,287.79916,276.68527,1.5886635e-05
1987-10-04,0.0,282.34796,288.8485,279.31357,1.7178449e-05
1987-10-05,0.0,284.63617,289.08603,277.2636,1.3186697e-05
1987-10-06,6.746141e-07,288.21762,290.6376,284.9691,1.2818168e-05
1987-10-07,0.00015003218,288.21298,294.2513,285.42917,1.9820418e-05
1987-10-08,9.872502e-07,287.49173,292.40833,283.9405,1.5901534e-05
1987-10-09,0.00019923963,283.962,287.6333,282.74973,1.1929252e-05
1987-10-10,2.5494523e-05,285.00174,287.47617,282.56616,1.0981538e-05
1987-10-11,5.963189e-08,289.25146,293.89603,285.05035,1.50386595e-05
1987-10-12,0.00023103991,287.14468,291.92917,284.51782,1.7361112e-05
1987-10-13,1.998626e-05,281.96173,285.57373,280.778,9.209621e-06
1987-10-14,5.1179246e-05,282.0719,286.73245,277.7152,1.02136755e-05
1987-10-15,7.491453e-06,286.76065,289.9293,280.58417,1.14514105e-05
1987-10-16,4.3857286e-05,289.33664,293.65137,286.1236,1.7201111e-05
1987-10-17,2.187838e-06,288.68533,294.76248,284.54303,1.6203703e-05
1987-10-18,0.00026267368,282.45618,288.09344,281.03055,1.0177275e-05
1987-10-19,0.00037154616,283.5397,288.738,279.57092,1.2731482e-05
1987-10-20,0.0,283.635,288.5149,280.09528,1.1646343e-05
1987-10-21,0.0,284.94427,288.8132,280.8758,9.259259e-06
1987-10-22,3.0653766e-06,285.17996,286.65436,283.2073,8.101852e-06
1987-10-23,0.00012639027,285.0085,286.28806,284.10522,7.595753e-06
1987-10-24,0.00020371938,285.47543,287.0315,283.55215,7.751567e-06
1987-10-25,9.0409795e-09,285.513,286.35724,284.20206,6.9444445e-06
1987-10-26,5.528829e-05,281.30115,285.74017,280.1333,7.898352e-06
1987-10-27,3.3180953e-05,280.54642,282.28442,279.66306,9.402339e-06
1987-10-28,1.7880558e-06,280.0168,282.1855,277.6995,9.164634e-06
1987-10-29,2.0093535e-06,276.50983,280.20978,275.2606,7.934959e-06
1987-10-30,4.8364658e-05,275.98074,276.8184,274.48557,5.7607003e-06
1987-10-31,2.8162296e-05,277.41827,280.76935,275.71906,8.370161e-06
1987-11-01,0.0,277.02423,281.9575,274.68024,6.7445567e-06
1987-11-02,2.0990758e-05,278.6188,280.88074,275.68915,5.046674e-06
1987-11-03,5.0940947e-05,280.0912,281.90707,278.38977,7.918465e-06
1987-11-04,2.163747e-06,276.5108,282.3199,273.89212,1.0514775e-05
1987-11-05,0.0,275.43506,281.74194,271.6876,6.911982e-06
1987-11-06,0.0,275.04874,282.94003,270.2251,6.032237e-06
1987-11-07,0.0,274.68204,277.13788,270.7435,3.7730522e-06
1987-11-08,0.0,278.22705,283.785,271.4196,9.451949e-06
1987-11-09,0.0,280.37057,282.26987,275.33688,5.779401e-06
1987-11-10,4.482744e-06,281.75845,283.2681,278.75156,5.6982344e-06
1987-11-11,0.00019811509,279.44965,282.22614,277.99008,5.787037e-06
1987-11-12,1.0829598e-05,280.22534,282.6915,276.5704,5.566254e-06
1987-11-13,1.8184435e-05,284.06042,285.43253,280.4947,5.0961316e-06
1987-11-14,0.0005692167,277.69507,286.65894,273.8077,5.4443403e-06
1987-11-15,0.00031838153,276.00424,277.36374,274.90625,4.775406e-06
1987-11-16,1.287321e-05,275.4376,278.9928,273.19064,4.652816e-06
1987-11-17,0.0,276.29984,281.45056,272.49838,4.4095113e-06
1987-11-18,5.2345063e-06,277.49393,279.12854,273.8341,5.0375747e-06
1987-11-19,0.0,275.80365,278.57712,270.52945,3.2539833e-06
1987-11-20,0.0,278.4009,281.5533,275.1789,7.740109e-06
1987-11-21,1.5947812e-07,276.65414,281.89377,271.50253,4.5307384e-06
1987-11-22,0.0,275.36285,282.08234,271.18765,3.912181e-06
1987-11-23,0.0,275.37247,279.54947,270.08548,4.5869183e-06
1987-11-24,0.00047671882,275.1473,276.47287,273.95316,3.756474e-06
1987-11-25,0.00040746707,278.40137,280.93466,274.6881,3.305128e-06
1987-11-26,0.0001910116,277.11624,278.83295,275.64606,3.3816052e-06
1987-11-27,0.0001253488,277.8843,279.28427,276.23544,4.548397e-06
1987-11-28,0.00016033837,276.7138,278.2563,276.019,4.884859e-06
1987-11-29,7.218314e-05,276.65125,277.44128,275.78827,4.774931e-06
1987-11-30,2.8453122e-05,276.89893,277.695,276.08545,5.5247942e-06
1987-12-01,4.6535268e-05,277.20294,277.68628,276.08548,4.6604528e-06
1987-12-02,2.1523023e-05,274.99002,276.94336,274.35977,6.2667746e-06
1987-12-03,0.0,274.81992,275.51163,273.77783,4.8572606e-06
1987-12-04,0.0,274.4747,275.7161,273.47974,4.2236547e-06
1987-12-05,0.0,276.69077,278.5608,272.15613,3.382912e-06
1987-12-06,0.00012530568,278.7098,280.47446,276.6701,3.4722223e-06
1987-12-07,3.810664e-05,279.7317,284.34424,277.126,4.096933e-06
1987-12-08,6.083824e-06,271.42374,278.9025,270.4176,6.4158585e-06
1987-12-09,9.391763e-06,269.27792,270.91776,268.47217,6.7338315e-06
1987-12-10,0.0,268.73248,273.43878,266.3584,1.0863465e-06
1987-12-11,0.0,268.2764,275.02744,263.52817,1.2815032e-06
1987-12-12,0.0,268.95285,275.66702,263.63565,2.1474632e-06
1987-12-13,0.0,269.62262,271.60355,265.3997,2.29579e-06
1987-12-14,5.6074364e-06,271.1415,272.78214,270.23444,2.3148148e-06
1987-12-15,1.6744354e-05,271.57184,273.18295,269.60178,2.3148148e-06
1987-12-16,0.0,271.28064,272.9784,269.09302,2.3148148e-06
1987-12-17,0.0,274.14548,278.61975,269.45404,7.4395035e-07
1987-12-18,2.003339e-06,276.24976,278.07388,271.1186,2.9095868e-06
1987-12-19,2.2117151e-06,278.2806,281.8598,273.92596,6.925882e-06
1987-12-20,1.4582765e-05,275.7062,280.64923,271.68164,1.2031211e-06
1987-12-21,0.0,276.45117,283.2424,271.3993,2.092577e-06
1987-12-22,0.0,277.95407,284.12958,273.26932,3.4722223e-06
1987-12-23,0.0,274.80978,276.65024,270.77908,3.3145516e-06
1987-12-24,0.0,273.45377,276.50766,271.39578,2.398345e-06
1987-12-25,0.0,272.14957,274.27832,269.0732,2.2776328e-06
1987-12-26,0.0,272.15207,276.7826,269.45868,1.8671065e-07
1987-12-27,0.0,273.28012,276.71622,269.05478,2.3464847e-06
1987-12-28,0.0,276.1407,281.7696,272.71902,4.149147e-06
1987-12-29,0.0,274.48944,282.32935,270.9513,1.0629947e-06
1987-12-30,0.0,274.39273,282.29053,269.20145,2.5400582e-06
1987-12-31,0.0,274.37988,276.8866,270.55215,2.3148148e-06
1988-01-01,0.0,275.62247,281.6665,272.90903,1.3783279e-06
1988-01-02,0.0,276.13925,280.4609,270.6578,4.5152274e-06
1988-01-03,8.147828e-07,278.81058,280.65564,275.93604,3.4668226e-06
1988-01-04,1.8920713e-05,275.79495,279.5448,273.92224,3.1407808e-06
1988-01-05,3.5671026e-06,279.29105,282.12457,274.68835,4.440384e-06
1988-01-06,0.0,282.2015,283.5741,278.8803,9.389414e-06
1988-01-07,1.3995268e-05,279.9179,283.67514,277.09558,5.6968456e-06
1988-01-08,0.00032675333,275.9403,279.9584,273.10443,4.35095e-06
1988-01-09,0.0,273.24738,278.57187,270.64767,2.5971133e-06
1988-01-10,0.0,272.12802,275.62033,269.936,3.8667526e-06
1988-01-11,0.0,272.2733,274.6195,270.1349,3.4735274e-06
1988-01-12,0.0,271.80627,278.22632,268.7201,1.9868323e-06
1988-01-13,0.0,270.53964,275.1064,266.80316,2.3052664e-06
1988-01-14,0.0,270.37683,271.30002,266.78915,2.3148148e-06
1988-01-15,3.1583934e-06,272.69177,273.66208,270.10947,3.4722223e-06
1988-01-16,2.521022e-05,274.44333,276.6021,271.73907,3.4722223e-06
1988-01-17,0.0,275.9825,278.95816,272.20334,2.8202087e-06
1988-01-18,8.236695e-09,275.49072,277.90134,273.45322,3.6633257e-06
1988-01-19,2.6576216e-05,276.88867,278.36493,274.58643,4.0054942e-06
1988-01-20,4.323975e-06,277.2131,278.5314,275.50375,3.849678e-06
1988-01-21,2.1244487e-05,275.59485,277.8859,274.76825,3.6834856e-06
1988-01-22,9.157264e-05,274.86993,275.76358,274.2338,3.8679764e-06
1988-01-23,8.7602835e-05,274.78043,277.12366,273.67563,4.2991537e-06
1988-01-24,1.2961395e-06,273.47473,275.1499,271.03336,3.522973e-06
1988-01-25,0.0,276.31082,278.64224,272.347,5.4791303e-06
1988-01-26,0.00019771935,277.7176,282.3352,275.4381,4.733232e-06
1988-01-27,0.0,277.56003,283.4818,273.30734,7.6188894e-06
1988-01-28,0.0,279.80405,282.751,275.02124,9.024462e-06
1988-01-29,3.6861813e-05,282.6585,286.3389,279.7634,1.0959392e-05
1988-01-30,0.00023880712,277.54514,282.39246,275.5111,5.7845227e-06
1988-01-31,1.175059e-05,276.22906,280.78064,272.88815,5.839709e-06
1988-02-01,0.0,276.2506,281.20987,270.72327,8.13554e-06
1988-02-02,3.8529848e-08,274.7928,277.8961,272.72104,6.9444445e-06
1988-02-03,0.00020710565,275.69003,279.95367,272.51688,5.850202e-06
1988-02-04,0.0,277.88376,283.0592,272.50552,8.577847e-06
1988-02-05,5.3109543e-06,277.63797,282.68134,273.8088,9.259259e-06
1988-02-06,1.5227025e-06,279.95984,282.8358,273.0483,6.89622e-06
1988-02-07,2.6952894e-05,282.80054,286.99576,280.9504,1.19865135e-05
1988-02-08,0.00015587217,279.52432,282.0665,276.1889,9.873829e-06
1988-02-09,6.603281e-05,275.6701,280.4119,273.36523,8.984443e-06
1988-02-10,2.5762913e-06,273.84525,276.1557,273.195,4.935971e-06
1988-02-11,9.524064e-05,274.70853,279.79562,272.11118,6.6389803e-06
1988-02-12,7.0755734e-05,274.4975,276.29858,272.2099,4.6296295e-06
1988-02-13,0.00030743293,276.41165,278.70276,274.5071,1.1918973e-05
1988-02-14,7.026236e-08,275.68756,281.7688,272.59033,1.1495608e-05
1988-02-15,0.0,273.9739,279.80453,269.74936,1.0665822e-05
1988-02-16,0.0,273.68716,280.786,269.5659,1.0029959e-05
1988-02-17,0.0,274.24002,282.31393,267.464,1.2034702e-05
1988-02-18,0.0,275.85468,283.8965,270.44977,1.1320801e-05
1988-02-19,0.0,277.0546,282.90555,270.71033,1.3888889e-05
1988-02-20,0.0,275.46564,281.4519,271.11792,1.2959522e-05
1988-02-21,9.267852e-06,271.4599,275.58688,269.00824,8.114645e-06
1988-02-22,0.0,273.98755,282.64532,266.66992,1.1177871e-05
1988-02-23,0.0,274.29492,278.1233,268.37274,8.083719e-06
1988-02-24,0.00025300245,273.24634,275.6891,272.44888,6.730676e-06
1988-02-25,4.7439666e-05,274.19254,279.62006,270.69568,1.0409581e-05
1988-02-26,1.11548275e-07,273.18423,276.5154,266.0177,1.0026924e-05
1988-02-27,0.0,274.47,276.76566,273.15805,1.1633828e-05
1988-02-28,0.0,275.7991,280.38797,271.3157,1.0005304e-05
1988-02-29,8.9536974e-07,274.28455,277.1841,272.911,6.9254197e-06
1988-03-01,4.728492e-08,273.65344,279.47437,269.48868,9.7279935e-06
1988-03-02,0.0,273.40228,279.15048,268.64883,1.0363295e-05
1988-03-03,0.0,273.48242,280.88358,266.97046,1.3538084e-05
1988-03-04,0.0,275.5484,280.65833,268.3565,1.3900033e-05
1988-03-05,3.6030397e-05,274.45776,277.7036,273.11304,6.9444445e-06
1988-03-06,0.00012409972,274.95963,278.84384,272.8456,1.0119535e-05
1988-03-07,8.029916e-06,272.70648,276.25653,270.26193,8.17531e-06
1988-03-08,0.0,273.9004,279.1099,268.82938,1.8625562e-05
1988-03-09,2.4234266e-06,275.1158,279.15588,271.4153,2.2844306e-05
1988-03-10,0.0,273.76474,280.51492,269.09164,1.76991e-05
1988-03-11,0.0,276.6405,283.69147,269.90707,1.5757672e-05
1988-03-12,0.0,278.08667,284.58585,270.67642,2.2094353e-05
1988-03-13,0.0,276.5973,279.99982,273.12268,1.2089974e-05
1988-03-14,0.0,279.00766,285.1111,273.9925,1.6328071e-05
1988-03-15,0.0,279.9163,285.2758,273.83585,1.6798918e-05
1988-03-16,1.2033665e-06,280.85876,282.7375,279.14078,1.45440135e-05
1988-03-17,6.89663e-05,281.52542,288.81412,276.29352,2.0472511e-05
1988-03-18,9.857915e-09,274.74738,280.78006,273.30444,1.0874462e-05
1988-03-19,3.692391e-05,276.19894,283.0256,270.6492,1.8197608e-05
1988-03-20,0.0,278.66745,284.6418,273.1157,2.1439018e-05
1988-03-21,0.0,280.348,282.41946,273.03503,1.2623054e-05
1988-03-22,1.1364477e-05,279.7475,282.034,278.21173,1.0975488e-05
1988-03-23,0.00030510424,280.96848,287.43457,276.81796,2.2956507e-05
1988-03-24,0.0,278.84967,284.45868,274.3946,1.6895036e-05
1988-03-25,1.2109131e-05,279.51334,283.3095,273.76285,1.5044156e-05
1988-03-26,0.0,280.34406,289.16068,273.22745,2.5459856e-05
1988-03-27,2.8756129e-05,279.4007,286.4893,273.48837,2.1105641e-05
1988-03-28,0.0,278.16946,284.07675,271.68832,2.4208264e-05
1988-03-29,0.0,278.8752,287.14056,269.9815,2.6733498e-05
1988-03-30,0.0,279.94315,285.40845,273.53494,2.1228618e-05
1988-03-31,0.0001518928,277.9802,281.5342,277.07547,1.1712768e-05
1988-04-01,0.0002039453,279.6984,285.46533,273.94592,1.9564714e-05
1988-04-02,9.3357185e-06,280.55017,284.23523,276.57843,1.7723401e-05
1988-04-03,7.682238e-06,280.26132,283.90463,276.70172,1.5356132e-05
1988-04-04,9.2872915e-06,281.57715,285.05826,277.85498,1.632471e-05
1988-04-05,2.0141774e-06,280.69705,282.20984,280.14435,1.4914703e-05
1988-04-06,4.8964943e-05,281.06412,282.4057,279.9273,1.4537382e-05
1988-04-07,0.00019585725,280.9342,282.54672,279.95068,1.3888889e-05
1988-04-08,8.579991e-05,282.56992,287.55215,276.9588,2.4537938e-05
1988-04-09,0.0,283.18323,288.45242,277.37137,2.7407954e-05
1988-04-10,1.4093175e-05,277.56027,284.07797,275.27954,1.4390185e-05
1988-04-11,9.623906e-05,280.8951,288.23053,273.68253,3.208039e-05
1988-04-12,0.0,284.1001,291.61115,273.0916,3.3377808e-05
1988-04-13,5.4556287e-05,284.8336,289.51398,281.64847,2.3638062e-05
1988-04-14,1.1044445e-05,279.76486,285.69864,276.81204,4.0291852e-05
1988-04-15,0.0,278.1419,286.12128,271.1273,3.099197e-05
1988-04-16,0.0,280.95074,290.223,270.85565,3.4705496e-05
1988-04-17,0.0,281.87796,290.31192,271.62494,3.7520083e-05
1988-04-18,0.0,286.57928,295.56702,273.4924,3.8684768e-05
1988-04-19,0.0,288.20035,296.02267,278.60367,4.233903e-05
1988-04-20,0.0,287.18903,295.48508,280.41455,4.485011e-05
1988-04-21,2.2209247e-06,286.8829,292.51047,282.28156,2.7663764e-05
1988-04-22,8.732485e-05,286.59558,292.031,282.79492,3.1396423e-05
1988-04-23,3.762201e-06,286.08505,293.98413,279.7282,4.6287558e-05
1988-04-24,0.00032190562,273.70865,284.37332,271.54233,1.7821774e-05
1988-04-25,2.1609007e-05,276.0016,283.20578,270.177,2.433581e-05
1988-04-26,0.0,282.04843,290.33386,271.9356,3.450598e-05
1988-04-27,0.0,283.88623,290.7461,276.25745,3.643263e-05
1988-04-28,0.0,282.05127,284.90826,277.20056,1.8721614e-05
1988-04-29,7.350267e-05,283.06116,285.20102,281.34473,1.7056644e-05
1988-04-30,1.9168296e-05,285.10406,288.19446,282.29993,2.1733853e-05
1988-05-01,3.1771278e-06,286.36868,292.84814,282.0522,3.2611802e-05
1988-05-02,6.237265e-08,286.2034,290.8024,281.9885,2.5959187e-05
1988-05-03,1.0093479e-05,283.88858,288.29416,281.0153,2.422838e-05
1988-05-04,7.462116e-05,285.918,291.31107,277.43787,2.8400642e-05
1988-05-05,0.00021659999,285.2723,287.55792,282.7261,1.8432896e-05
1988-05-06,4.7474834e-05,289.3349,296.917,281.9899,4.179392e-05
1988-05-07,3.0767878e-06,289.90283,296.3293,281.95596,4.608171e-05
1988-05-08,0.0,289.03204,293.40082,284.89752,3.301667e-05
1988-05-09,0.0,287.83667,293.19357,281.70966,3.6295703e-05
1988-05-10,0.0,288.0858,295.4754,281.02213,3.8329355e-05
1988-05-11,0.00011146056,285.3474,289.79303,282.06863,3.471667e-05
1988-05-12,0.0,285.76096,291.32416,276.82825,4.486959e-05
1988-05-13,8.895135e-06,285.35455,288.30902,282.18518,2.3531173e-05
1988-05-14,4.641137e-05,285.37933,287.09512,283.93103,2.1518776e-05
1988-05-15,1.2644907e-05,285.46008,286.99487,285.00485,2.4760355e-05
1988-05-16,1.6917178e-05,288.6856,294.73746,283.56732,3.489252e-05
1988-05-17,3.5427042e-06,289.2648,293.74213,283.4841,3.770951e-05
1988-05-18,8.2170545e-06,289.1663,294.56,285.7463,4.094216e-05
1988-05-19,1.4090241e-05,288.69556,293.27542,284.15704,3.5968238e-05
1988-05-20,2.3793871e-05,286.98257,293.079,282.83914,2.8336506e-05
1988-05-21,0.00018011728,284.13214,287.2759,283.16562,2.375627e-05
1988-05-22,2.2754743e-06,285.34387,289.60886,280.18777,3.19408e-05
1988-05-23,0.0,286.9521,292.91223,281.9108,4.6319452e-05
1988-05-24,0.0,288.50198,295.4117,279.6845,5.0572995e-05
1988-05-25,0.0,290.04047,296.9916,280.754,5.0222214e-05
1988-05-26,0.0,288.0406,295.9877,282.4701,3.6397552e-05
1988-05-27,3.3330227e-05,287.1897,293.88437,283.27682,3.79516e-05
1988-05-28,4.5282053e-05,287.20773,293.25357,283.4585,3.1206542e-05
1988-05-29,6.11098e-05,289.00046,294.5701,283.67996,3.812883e-05
1988-05-30,5.13603e-05,287.75504,292.29178,285.84875,3.0073817e-05
1988-05-31,0.00010291922,289.4312,295.06683,284.6294,4.1545438e-05
1988-06-01,0.00013164154,284.4934,288.52835,283.40625,2.6334543e-05
1988-06-02,0.00012502259,287.40665,294.51443,280.1875,4.188465e-05
1988-06-03,0.0,290.19577,297.75653,281.3177,5.1436044e-05
1988-06-04,0.0,292.43964,298.9112,282.79544,5.8926755e-05
1988-06-05,0.00011153436,286.196,291.9224,284.90958,2.2594862e-05
1988-06-06,0.0006255242,285.39377,291.76282,283.9832,3.2201267e-05
1988-06-07,8.859021e-05,285.84543,292.70847,281.14957,3.4543e-05
1988-06-08,5.0217877e-05,287.45712,294.2351,280.87518,4.5786815e-05
1988-06-09,2.08131e-06,290.602,298.6355,280.71716,5.4119642e-05
1988-06-10,0.0,292.1784,298.86243,282.0905,5.0563674e-05
1988-06-11,0.0,292.15527,298.1918,286.49875,5.3710264e-05
1988-06-12,0.0,290.31592,297.74832,285.7818,4.2553216e-05
1988-06-13,8.391831e-05,287.16653,289.62845,286.0053,2.8473212e-05
1988-06-14,1.9366506e-05,290.81433,298.0709,282.9217,5.066079e-05
1988-06-15,3.3047004e-06,291.45905,297.38846,285.90643,4.3645523e-05
1988-06-16,2.3196122e-05,289.9976,297.50803,285.77667,3.9157178e-05
1988-06-17,9.135341e-05,287.7982,291.6733,285.8931,3.2250762e-05
1988-06-18,7.4439225e-07,289.3617,294.81598,283.38846,3.7559068e-05
1988-06-19,3.489909e-05,289.74933,296.17337,285.88007,3.5688685e-05
1988-06-20,5.078371e-06,288.13986,295.8854,283.3402,3.848364e-05
1988-06-21,9.813294e-05,290.02014,296.47336,283.01642,4.5755187e-05
1988-06-22,8.152837e-05,291.12466,296.8555,285.61234,4.0955074e-05
1988-06-23,0.0,288.96057,294.51776,285.32935,2.8802877e-05
1988-06-24,0.00012878189,287.95807,292.27008,284.2395,3.587375e-05
1988-06-25,5.168999e-07,289.9714,295.3761,282.7419,4.2824202e-05
1988-06-26,4.9165933e-06,289.7933,295.36304,285.08533,4.280115e-05
1988-06-27,2.855496e-06,290.22638,296.98178,283.86224,4.4207714e-05
1988-06-28,9.064712e-06,292.2384,298.9282,284.9675,5.2021842e-05
1988-06-29,4.9677237e-06,292.4933,298.61377,285.97867,5.1587107e-05
1988-06-30,1.9604202e-05,293.82294,300.19528,287.37546,5.546382e-05
1988-07-01,0.0,293.7555,298.0987,287.59387,3.8558304e-05
1988-07-02,1.4628144e-05,290.24716,295.01517,288.52057,3.603983e-05
1988-07-03,0.00010447141,290.2402,297.72598,286.4296,4.3051565e-05
1988-07-04,0.00013172149,292.89453,298.9313,285.42426,4.1917396e-05
1988-07-05,2.8599363e-05,296.72498,303.72116,288.11362,5.9194157e-05
1988-07-06,0.0,296.58212,303.3273,289.06354,6.280888e-05
1988-07-07,0.0,296.44977,304.2651,288.82687,6.447095e-05
1988-07-08,0.0,295.246,301.61423,288.83688,5.471785e-05
1988-07-09,1.3485624e-05,293.73715,300.26648,288.8172,5.5570687e-05
1988-07-10,1.8748311e-05,293.4562,300.3329,287.68317,5.7037818e-05
1988-07-11,0.0,294.74573,301.96417,286.74924,5.9313046e-05
1988-07-12,1.7839652e-06,292.5543,296.21732,289.60245,3.331527e-05
1988-07-13,3.118367e-05,294.00305,299.66446,288.90686,4.9966588e-05
1988-07-14,7.944576e-07,290.48895,296.7242,286.90128,3.1528016e-05
1988-07-15,0.00047542443,286.83008,287.8905,285.77158,2.506783e-05
1988-07-16,1.829155e-05,289.01163,295.66708,283.3538,4.449392e-05
1988-07-17,5.1422438e-05,290.27377,296.86652,284.96982,4.3897704e-05
1988-07-18,0.0,291.9459,298.71082,285.23285,4.438672e-05
1988-07-19,5.662891e-06,292.91574,299.61517,286.27805,4.4048404e-05
1988-07-20,3.5110526e-05,293.32092,299.26794,289.10992,4.753275e-05
1988-07-21,0.0,295.08755,302.3328,287.44775,5.3378422e-05
1988-07-22,0.0,296.22952,304.18146,288.62796,5.8816666e-05
1988-07-23,0.0,297.4957,306.14142,289.65656,6.1872386e-05
1988-07-24,0.0,297.64835,305.83472,290.4112,6.3431864e-05
1988-07-25,2.6061355e-06,296.0575,302.06888,290.31302,5.5167613e-05
1988-07-26,0.0,296.20746,303.768,288.80988,6.061397e-05
1988-07-27,0.0,297.60455,305.57486,288.63242,6.1014096e-05
1988-07-28,4.9339237e-06,294.37854,299.5939,291.15585,5.723367e-05
1988-07-29,0.0,295.7834,303.61038,285.954,5.6250028e-05
1988-07-30,6.814214e-05,290.62604,296.76016,288.48804,3.4404886e-05
1988-07-31,1.0045591e-05,292.2193,299.34366,284.6763,5.4825163e-05
1988-08-01,0.0,294.53494,303.08905,284.50677,5.868155e-05
1988-08-02,0.0,296.18607,304.8812,285.2342,5.8217054e-05
1988-08-03,0.0,296.25546,304.86902,289.2406,6.5141365e-05
1988-08-04,5.677551e-06,287.70624,295.3318,285.2001,3.4818775e-05
1988-08-05,3.4946566e-05,289.33136,295.68848,284.82007,4.1520037e-05
1988-08-06,0.0,291.4337,298.72382,282.16626,5.194543e-05
1988-08-07,0.0,293.11432,300.58167,284.00174,5.3170486e-05
1988-08-08,0.0,294.51996,301.95367,286.7401,5.466222e-05
1988-08-09,1.4060693e-06,292.8497,302.9889,287.89917,5.2525942e-05
1988-08-10,0.00010871649,294.03732,302.41153,285.7604,5.1237254e-05
1988-08-11,0.0,296.23233,305.3757,286.41794,5.5379234e-05
1988-08-12,0.0,296.6583,305.58826,288.34708,5.780368e-05
1988-08-13,0.0,296.21637,304.50516,287.94077,5.1170533e-05
1988-08-14,2.8972038e-06,297.6604,305.594,290.00937,5.5814573e-05
1988-08-15,0.0,297.5432,306.97522,290.14743,5.9215035e-05
1988-08-16,3.1779902e-07,294.43582,303.28787,289.92917,4.0151088e-05
1988-08-17,1.1210126e-05,295.5167,302.89096,289.60226,5.2799016e-05
1988-08-18,3.4207733e-06,293.9841,301.07297,289.38962,4.557619e-05
1988-08-19,0.0,294.3533,304.30704,284.6645,5.0265247e-05
1988-08-20,0.0,296.23856,303.88275,284.42212,6.258445e-05
1988-08-21,0.00025913338,287.66956,296.8814,286.19992,2.322419e-05
1988-08-22,0.0006628488,288.73285,290.7766,286.49478,2.1788312e-05
1988-08-23,0.0002061373,287.3747,291.7967,285.27933,2.3064766e-05
1988-08-24,2.5056177e-05,287.8126,293.6306,282.5591,2.509678e-05
1988-08-25,1.4226832e-05,287.86804,294.71466,284.88242,2.9298099e-05
1988-08-26,4.5594486e-05,286.55246,293.0553,282.0454,2.6779195e-05
1988-08-27,0.0,288.0132,293.9042,282.19012,2.6480973e-05
1988-08-28,9.945156e-07,290.81268,299.2006,283.20715,4.132945e-05
1988-08-29,0.0,292.34274,297.50485,285.77686,3.4753433e-05
1988-08-30,0.00034555528,290.58145,293.2746,287.0592,2.3133314e-05
1988-08-31,0.0,291.41257,297.71765,287.5025,3.3329106e-05
1988-09-01,0.0,292.32785,299.673,285.0958,3.7550006e-05
1988-09-02,1.0395553e-05,288.34,294.70676,285.25507,2.0308025e-05
1988-09-03,0.0004687555,287.7788,294.9056,280.23044,3.0670504e-05
1988-09-04,0.0,290.3906,297.9407,284.0935,3.518791e-05
1988-09-05,0.0,292.21844,299.46365,284.6026,3.5561192e-05
1988-09-06,1.2286176e-06,291.14224,297.8785,287.85544,2.5552052e-05
1988-09-07,1.7806085e-05,288.13202,294.19888,284.00723,3.201747e-05
1988-09-08,0.0,287.08173,294.63647,281.7684,3.0048854e-05
1988-09-09,0.0,287.64038,294.41757,279.66806,3.0854422e-05
1988-09-10,0.0,289.04843,297.04944,282.9498,3.2836175e-05
1988-09-11,0.0,289.40222,296.67014,283.16757,3.2484746e-05
1988-09-12,0.0,290.97333,297.41394,284.94092,3.090419e-05
1988-09-13,5.314098e-06,285.82742,291.98956,283.4837,1.4895739e-05
1988-09-14,0.0006959758,280.95676,283.75284,279.7182,1.2577305e-05
1988-09-15,0.00014995725,281.9804,283.0289,280.6385,1.2489736e-05
1988-09-16,0.000102405116,284.37283,290.5497,280.90942,2.0673753e-05
1988-09-17,1.4560658e-06,284.94534,291.3031,278.83664,2.278234e-05
1988-09-18,0.0,286.75046,293.48804,281.56302,2.584471e-05
1988-09-19,0.0,287.2028,293.15552,283.56836,2.3137221e-05
1988-09-20,0.0,285.9222,290.18195,281.52716,1.6760707e-05
1988-09-21,0.0,285.38763,290.43518,281.5252,1.8959388e-05
1988-09-22,0.0,286.51773,292.04733,282.42847,2.0634054e-05
1988-09-23,0.0,287.07993,293.25653,281.72665,2.0615304e-05
1988-09-24,0.0,287.90735,293.55078,281.46405,1.8523942e-05
1988-09-25,0.0,289.129,295.30176,283.0315,2.2602768e-05
1988-09-26,0.0,289.11545,295.90927,283.9457,2.1947279e-05
1988-09-27,0.0,288.9085,296.76434,282.1773,2.6155087e-05
1988-09-28,0.0,289.24985,298.65845,282.4632,2.431513e-05
1988-09-29,0.0,289.06854,297.4373,281.22458,2.52736e-05
1988-09-30,0.0,289.37512,297.37592,281.80414,2.199074e-05
1988-10-01,0.0,289.19717,294.06604,285.57892,1.7038796e-05
1988-10-02,0.0,286.46054,288.6974,284.7592,1.39947315e-05
1988-10-03,0.0,284.73154,289.93613,281.5785,1.6685757e-05
1988-10-04,0.0,283.9356,289.08383,279.13638,1.8218403e-05
1988-10-05,0.0,285.1435,290.8393,281.7327,1.5947026e-05
1988-10-06,0.00019353676,283.13028,286.49048,280.8457,1.15104995e-05
1988-10-07,3.7452086e-05,286.55768,289.4957,281.396,1.0365872e-05
1988-10-08,0.00033010374,278.8879,287.26074,276.8579,1.2287096e-05
1988-10-09,0.000107899745,282.5713,290.28506,274.32562,1.6373238e-05
1988-10-10,0.0,286.3323,289.9039,279.86462,1.2542114e-05
1988-10-11,6.1334813e-06,287.39587,293.64505,283.90237,1.4044407e-05
1988-10-12,0.0,287.27734,294.2669,280.67392,1.5765589e-05
1988-10-13,0.00015456977,287.74655,293.56226,284.70438,1.4289683e-05
1988-10-14,2.3666676e-06,287.573,294.48914,280.97775,1.5048875e-05
1988-10-15,0.0,288.1764,294.30127,283.44968,1.2904731e-05
1988-10-16,0.0,287.6866,290.41727,284.76666,9.987981e-06
1988-10-17,0.0,287.07706,293.03397,284.4863,1.3888889e-05
1988-10-18,0.0,286.59732,292.61707,282.33435,1.1925566e-05
1988-10-19,1.4055845e-06,288.8652,292.98938,284.86646,1.2073404e-05
1988-10-20,6.373701e-05,283.82623,288.8281,282.8058,8.101852e-06
1988-10-21,0.00026874,281.7487,283.39536,281.19327,8.286418e-06
1988-10-22,4.6848534e-05,281.70905,283.8885,280.9237,8.114199e-06
1988-10-23,1.7092427e-06,281.33734,283.1349,279.6468,7.827572e-06
1988-10-24,0.0,282.2469,286.95047,279.02713,9.105154e-06
1988-10-25,0.0,282.06146,284.0321,278.4431,6.81514e-06
1988-10-26,1.368159e-05,277.26703,282.26114,276.6695,9.815676e-06
1988-10-27,0.0,277.11987,280.44775,273.85162,8.081949e-06
1988-10-28,0.0,280.45908,288.17258,274.77585,9.969551e-06
1988-10-29,0.0,282.1215,287.57242,275.77042,8.147676e-06
1988-10-30,3.3128843e-05,276.30533,283.10165,275.22183,9.084195e-06
1988-10-31,1.0058149e-05,275.06702,280.39,272.57312,8.284616e-06
1988-11-01,0.0,275.15112,283.00232,269.2976,6.9444445e-06
1988-11-02,0.0,278.8104,284.5668,270.8199,1.1366628e-05
1988-11-03,4.4219214e-06,276.55838,280.745,274.46094,8.689945e-06
1988-11-04,2.904456e-06,272.7827,277.4739,271.25235,9.914883e-06
1988-11-05,0.0,270.5216,277.4422,267.0342,6.8487134e-06
1988-11-06,0.0,270.90585,278.7168,265.65546,4.6296295e-06
1988-11-07,0.0,272.45792,281.86282,265.87457,5.733773e-06
1988-11-08,0.0,273.35117,281.7337,267.86133,5.9860395e-06
1988-11-09,0.0,275.05347,278.07916,271.34952,6.174848e-06
1988-11-10,0.0,273.56284,275.95764,271.87802,4.6106047e-06
1988-11-11,0.0,271.92062,273.7505,270.5728,6.2824865e-06
1988-11-12,0.0,274.16373,278.60535,270.4659,2.6118996e-06
1988-11-13,0.0,277.46945,283.8414,272.0771,4.6111263e-06
1988-11-14,0.0,277.08194,283.9599,272.2538,4.7625354e-06
1988-11-15,1.8403009e-06,277.6398,280.8475,272.86014,5.861988e-06
1988-11-16,3.918827e-06,275.73514,279.36884,273.7333,4.6296295e-06
1988-11-17,0.0,275.37955,282.4507,271.04337,4.7251715e-06
1988-11-18,0.0,275.83105,281.59836,269.78757,4.6296295e-06
1988-11-19,0.0,277.0358,284.21964,271.16324,4.6183322e-06
1988-11-20,0.0,274.5256,278.36438,272.5459,4.89346e-06
1988-11-21,2.4251267e-05,271.74707,274.11978,271.21033,4.5591187e-06
1988-11-22,0.00017911091,269.1738,274.25046,265.39505,6.535198e-06
1988-11-23,0.0,263.18405,270.48923,259.18893,2.3657328e-06
1988-11-24,0.0,264.7948,271.19595,257.93317,3.178178e-06
1988-11-25,0.0,270.24548,273.5573,264.34628,2.3148148e-06
1988-11-26,0.0,272.6179,278.1836,268.0636,2.545339e-06
1988-11-27,0.0,273.90204,277.92758,269.7856,4.4249573e-06
1988-11-28,0.0,272.31866,276.90726,266.7179,3.294826e-06
1988-11-29,0.0,275.18958,278.8616,271.31296,5.787037e-06
1988-11-30,0.0,275.9671,278.6175,271.00916,4.6296295e-06
1988-12-01,6.099454e-05,276.80685,278.7844,275.45242,3.4722223e-06
1988-12-02,5.7684287e-05,274.08722,277.2681,273.5059,4.4188178e-06
1988-12-03,0.00026008574,274.20557,275.32666,273.76938,3.1479465e-06
1988-12-04,5.0036622e-05,275.76865,276.9871,274.16226,3.340252e-06
1988-12-05,3.8174042e-07,280.9361,285.9079,275.45142,6.647016e-06
1988-12-06,7.460795e-05,276.23294,281.8774,272.09818,6.309547e-06
1988-12-07,2.740396e-06,273.4085,277.3463,269.30435,4.6296295e-06
1988-12-08,0.0,272.43082,278.06473,269.0973,1.1088297e-06
1988-12-09,0.0,271.9527,277.0929,268.4532,2.3148148e-06
1988-12-10,0.0,271.64258,275.27853,268.3503,3.24806e-06
1988-12-11,0.0,272.88837,280.3448,268.69025,1.4448304e-06
1988-12-12,0.0,274.5095,276.6835,269.59372,2.8733045e-06
1988-12-13,2.1314474e-06,273.01993,276.60986,269.6067,1.6089168e-06
1988-12-14,0.0,272.58078,277.07834,268.76727,2.3148148e-06
1988-12-15,7.784445e-06,270.99377,273.91586,268.2704,3.4072134e-06
1988-12-16,1.011388e-08,267.6961,271.31415,264.61685,5.5320497e-06
1988-12-17,2.0957277e-06,264.6301,271.1982,260.70853,1.1866491e-06
1988-12-18,0.0,267.09326,272.5466,261.06027,2.3148148e-06
1988-12-19,0.0,273.27222,278.93008,264.01,5.784657e-06
1988-12-20,5.6093404e-06,275.0259,280.9274,270.46558,4.36566e-06
1988-12-21,6.3436966e-07,271.39737,274.87543,269.03903,3.6335023e-06
1988-12-22,0.0,270.82358,275.58466,265.99597,2.397233e-06
1988-12-23,0.0,274.0476,280.24313,267.46045,4.580762e-06
1988-12-24,0.0,274.35495,279.913,270.98785,3.9135875e-06
1988-12-25,0.0,274.51193,279.8159,270.16696,2.3148148e-06
1988-12-26,0.0,273.62048,280.4187,268.8529,1.1563154e-06
1988-12-27,0.0,271.0273,274.33807,268.1811,1.6928358e-06
1988-12-28,0.0,272.01703,274.47144,269.04852,1.9108618e-06
1988-12-29,0.0,271.61377,274.55463,269.05014,2.3148148e-06
1988-12-30,0.0,270.03708,272.7499,267.29025,1.2153558e-06
1988-12-31,0.0,271.2474,276.9002,266.40756,4.952932e-07
1989-01-01,0.0,271.90646,276.16873,269.70355,3.185426e-06
1989-01-02,0.0,272.38745,274.04086,269.31448,5.401048e-06
1989-01-03,1.409337e-06,270.39383,275.77295,268.5681,2.2838926e-06
1989-01-04,0.0,268.10187,275.10797,263.53485,6.389028e-07
1989-01-05,0.0,270.01398,277.72015,263.1016,4.7407465e-07
1989-01-06,0.0,271.89453,275.2728,264.65436,3.3154772e-06
1989-01-07,0.0,273.1653,275.47006,270.76013,3.5937662e-06
1989-01-08,1.7850999e-08,273.89368,279.55795,269.4584,2.3148148e-06
1989-01-09,0.0,272.75168,280.79236,267.53598,1.2721399e-06
1989-01-10,0.0,274.57413,281.78824,267.79648,2.7726987e-06
1989-01-11,0.0,277.10443,282.25763,271.1767,3.316619e-06
1989-01-12,0.0,275.7774,279.41357,273.60284,3.4722223e-06
1989-01-13,0.0,275.28656,282.38297,271.7402,3.0300807e-06
1989-01-14,0.0,271.347,275.67572,268.31314,2.3148148e-06
1989-01-15,0.0,271.13406,275.8707,266.85132,2.3484638e-06
1989-01-16,0.0,272.90536,281.20108,267.57584,2.6511846e-06
1989-01-17,0.0,272.84702,282.41553,266.4708,3.235604e-06
1989-01-18,0.0,272.92645,280.1422,267.76752,2.6206028e-06
1989-01-19,0.0,272.65182,278.38452,267.55566,2.2985353e-06
1989-01-20,0.0,271.6881,278.52795,267.22104,4.6296295e-06
1989-01-21,0.0,270.59277,274.5059,266.07266,1.8566126e-06
1989-01-22,0.0,272.54895,278.34808,268.69635,4.6296295e-06
1989-01-23,0.0,272.6478,275.60556,269.07788,5.8664095e-06
1989-01-24,0.0,272.00113,274.06998,269.69263,5.3252766e-06
1989-01-25,0.0,271.2204,272.8261,269.50537,6.289751e-06
1989-01-26,0.0,269.70718,272.59,267.63446,4.4914386e-06
1989-01-27,0.0,269.7475,272.92447,266.7671,3.8133196e-06
1989-01-28,0.0,270.2183,273.01877,266.66327,4.0749856e-06
1989-01-29,0.0,269.90234,274.25412,267.49493,4.918333e-06
1989-01-30,0.0,269.058,272.59995,265.9787,5.4627326e-06
1989-01-31,0.0,272.44574,280.39926,264.64325,4.0990794e-06
1989-02-01,0.0,273.87543,281.61215,267.43402,6.4272344e-06
1989-02-02,0.0,273.431,276.726,270.54886,4.6796313e-06
1989-02-03,0.0,274.20645,278.55612,269.6322,5.12361e-06
1989-02-04,0.0,273.85986,277.89926,271.4069,4.6296295e-06
1989-02-05,0.0,273.8922,277.80154,271.0357,5.787037e-06
1989-02-06,0.0,276.34662,284.2725,271.1685,5.969037e-06
1989-02-07,0.0,276.41965,285.9054,269.2968,8.101852e-06
1989-02-08,0.0,275.8685,284.12692,270.2429,9.259259e-06
1989-02-09,0.0,274.64978,277.65744,270.12897,6.8371833e-06
1989-02-10,0.0,275.35275,277.13315,272.926,7.9720485e-06
1989-02-11,0.0,274.6092,281.02664,271.62643,9.790125e-06
1989-02-12,0.0,274.11063,281.06302,266.98575,7.892201e-06
1989-02-13,0.0,276.81546,284.40927,271.8466,1.4638311e-05
1989-02-14,0.0,273.78146,280.22943,267.20517,8.101852e-06
1989-02-15,0.0,274.95306,280.79837,268.5328,1.1439081e-05
1989-02-16,0.0,276.12,283.00928,271.17313,1.1305213e-05
1989-02-17,0.0,276.44885,284.54288,270.8901,1.1574074e-05
1989-02-18,0.0,277.80127,284.74585,270.40436,1.1257637e-05
1989-02-19,0.0,277.19046,281.77267,273.65137,7.971101e-06
1989-02-20,0.0,279.4079,287.98233,270.2732,1.1664304e-05
1989-02-21,0.0,278.21844,281.00665,275.93616,6.9444445e-06
1989-02-22,1.1188704e-05,276.36234,278.55508,276.10767,5.787037e-06
1989-02-23,6.686991e-05,279.53082,281.85162,275.60278,7.123401e-06
1989-02-24,0.00010896686,281.7847,285.22708,278.09763,1.0613933e-05
1989-02-25,0.000103182945,280.50146,284.94272,278.65152,1.0030812e-05
1989-02-26,0.00034932393,277.8582,283.07117,274.46597,1.2837415e-05
1989-02-27,0.00015350308,275.3573,280.2914,272.71405,9.576343e-06
1989-02-28,1.7015182e-07,276.80383,284.02155,270.80762,1.4450144e-05
1989-03-01,9.591123e-07,277.63135,284.36456,272.1638,1.4970755e-05
1989-03-02,3.0139786e-06,277.5359,286.41986,270.58713,1.7029552e-05
1989-03-03,9.0371e-07,276.08954,279.2695,272.34293,7.988895e-06
1989-03-04,0.00021531893,278.60864,285.45026,273.55676,1.2523267e-05
1989-03-05,0.0,278.18787,286.9657,271.93597,1.7132736e-05
1989-03-06,0.0,277.7916,286.3469,270.85596,1.723923e-05
1989-03-07,0.0,277.70294,288.37894,270.2643,1.784279e-05
1989-03-08,0.0,279.40955,284.9483,271.48712,1.4202348e-05
1989-03-09,1.5809122e-05,279.99704,286.0221,276.65744,1.7067794e-05
1989-03-10,0.0,280.25772,286.95145,271.58514,1.8875195e-05
1989-03-11,0.0,280.45312,287.59564,275.0902,1.7924216e-05
1989-03-12,0.0,280.01285,287.24118,273.16727,1.1528967e-05
1989-03-13,0.0,281.13492,288.6704,274.89764,1.8648654e-05
1989-03-14,2.0513119e-06,278.8104,281.7346,275.53906,1.2122514e-05
1989-03-15,2.8838751e-05,278.42728,284.37183,272.75037,1.671624e-05
1989-03-16,0.0,280.95352,283.9462,277.03824,1.5768679e-05
1989-03-17,9.074222e-07,283.00253,287.12775,279.26486,1.908584e-05
1989-03-18,1.1007847e-05,281.52872,284.5192,279.4964,1.1388491e-05
1989-03-19,0.00044265285,275.76205,281.26575,274.24112,1.0287869e-05
1989-03-20,9.991995e-05,278.30176,280.8995,276.19547,1.1505804e-05
1989-03-21,2.963909e-05,279.42795,280.73245,278.33185,1.0416667e-05
1989-03-22,0.00011866057,279.51965,286.05728,277.10696,1.7678702e-05
1989-03-23,0.0,279.51288,289.3034,273.7317,2.290374e-05
1989-03-24,3.2331554e-05,278.2264,284.81375,272.44894,2.5012685e-05
1989-03-25,0.0,282.07303,291.1296,272.93103,2.3631894e-05
1989-03-26,0.0,282.86182,291.40332,273.90067,2.8303004e-05
1989-03-27,0.0,284.15277,293.72443,274.23322,3.0353573e-05
1989-03-28,0.0,285.0565,295.4584,274.35278,3.0791383e-05
1989-03-29,0.0,287.07004,297.08563,276.17563,3.7381946e-05
1989-03-30,2.3307553e-06,287.21094,296.44113,279.43646,3.3350578e-05
1989-03-31,0.0,287.7953,295.85953,277.73242,4.107589e-05
1989-04-01,0.0,285.99182,292.02887,280.67487,3.4216053e-05
1989-04-02,1.8618843e-05,278.95288,285.08246,276.3948,1.28132e-05
1989-04-03,3.7110225e-05,280.60266,283.93835,276.82578,1.37549305e-05
1989-04-04,0.00029647065,285.63318,290.29462,281.129,2.1651527e-05
1989-04-05,7.738549e-05,281.3382,286.57877,279.53644,1.5179638e-05
1989-04-06,0.000105298226,280.18866,287.0264,275.3576,2.1866463e-05
1989-04-07,1.5858177e-05,282.6172,289.1624,276.19757,3.5430894e-05
1989-04-08,3.5410335e-06,283.3443,288.6657,278.4272,2.3632307e-05
1989-04-09,7.023696e-06,283.93283,290.38934,279.53934,2.7417822e-05
1989-04-10,4.0197497e-06,285.08124,293.53818,274.69702,3.2958804e-05
1989-04-11,0.0,286.12668,293.1848,276.70856,2.1837244e-05
1989-04-12,4.0335803e-05,286.51007,292.83026,282.18057,2.7435999e-05
1989-04-13,4.565227e-05,282.86844,286.57095,280.43716,1.5586162e-05
1989-04-14,0.0003013479,283.28937,288.42206,277.9576,2.4264438e-05
1989-04-15,3.8251088e-05,282.94263,285.89554,280.32144,2.1099862e-05
1989-04-16,8.3425107e-07,285.20453,292.16214,278.33014,4.049918e-05
1989-04-17,1.8024286e-05,281.84622,286.43945,279.27008,2.4658653e-05
1989-04-18,0.00011021319,281.08246,284.7746,276.52774,1.8116963e-05
1989-04-19,0.00014234017,280.50674,283.29538,278.23022,1.6208633e-05
1989-04-20,8.212046e-05,283.28186,287.41177,278.96194,2.287418e-05
1989-04-21,1.8158442e-05,281.969,285.08536,278.24405,1.7361112e-05
1989-04-22,0.00019039735,281.58597,287.6344,277.89627,2.5234902e-05
1989-04-23,3.3377735e-05,279.72427,286.34308,273.06934,2.5381973e-05
1989-04-24,6.6424404e-06,282.7375,290.94525,272.94492,3.6548525e-05
1989-04-25,0.0,282.37155,286.98,274.76486,2.1947279e-05
1989-04-26,0.0,285.47314,293.9771,276.64334,3.567309e-05
1989-04-27,2.1892298e-05,283.5837,288.50845,280.74203,2.0549658e-05
1989-04-28,0.00032847901,283.35422,288.034,281.19955,2.2539194e-05
1989-04-29,5.8263115e-05,281.60724,284.18613,279.31058,2.2762619e-05
1989-04-30,2.1445658e-06,281.64026,287.5038,276.1637,3.3781424e-05
1989-05-01,1.7701489e-06,282.35162,285.8245,279.0548,2.8405111e-05
1989-05-02,4.28403e-06,284.31345,288.79767,278.20483,2.9397963e-05
1989-05-03,3.3965953e-06,286.0332,293.04016,279.01797,4.0654788e-05
1989-05-04,0.0,286.36038,293.22302,278.69882,3.7455604e-05
1989-05-05,0.0,288.58527,296.37076,279.5969,4.08473e-05
1989-05-06,0.0,287.1595,295.58902,280.9188,4.7843136e-05
1989-05-07,2.6845944e-06,284.44275,290.40485,278.49515,4.6379715e-05
1989-05-08,0.0,284.48816,292.89917,274.4071,4.58141e-05
1989-05-09,0.0,286.22623,294.6119,276.2075,4.4722037e-05
1989-05-10,0.0,288.7787,295.62317,277.60855,5.611211e-05
1989-05-11,0.0,288.65582,294.76453,280.92776,4.485749e-05
1989-05-12,0.0,288.35938,292.77948,282.9863,3.552492e-05
1989-05-13,0.0,289.8776,296.2323,281.64764,4.0766576e-05
1989-05-14,3.2489927e-05,283.94287,290.11716,282.04126,2.3856292e-05
1989-05-15,0.00018122792,283.39343,284.82672,282.4806,1.8649467e-05
1989-05-16,0.00014005916,284.17972,288.10452,282.16788,2.3818451e-05
1989-05-17,4.1700423e-05,285.77768,287.67398,282.99982,2.1616604e-05
1989-05-18,4.1359643e-05,286.67407,289.94708,284.01324,2.2718647e-05
1989-05-19,2.9772007e-05,286.69922,290.35654,283.79953,2.3134606e-05
1989-05-20,3.647873e-05,287.75125,292.82825,283.8926,3.1873646e-05
1989-05-21,2.6821886e-05,288.6966,295.4707,283.34106,3.8186132e-05
1989-05-22,1.5225131e-05,289.43143,295.28842,283.83566,4.8138903e-05
1989-05-23,0.0,286.90598,292.97168,282.02396,6.432806e-05
1989-05-24,0.0,287.03607,294.0761,277.80173,5.740318e-05
1989-05-25,0.0,288.16312,295.2316,277.6268,5.072022e-05
1989-05-26,0.0,288.5722,294.79388,280.94153,4.2946132e-05
1989-05-27,0.0,288.9532,296.10812,280.61246,4.8258993e-05
1989-05-28,1.860892e-06,289.80356,297.8341,280.86646,5.115021e-05
1989-05-29,4.4802036e-06,289.34375,297.43967,282.06815,4.7070327e-05
1989-05-30,1.1178936e-05,290.3986,296.77145,282.11642,5.2849533e-05
1989-05-31,3.5328347e-05,287.41278,289.75214,283.97382,2.2095606e-05
1989-06-01,0.000116879055,288.17462,290.68466,285.62372,2.2918859e-05
1989-06-02,0.00013029581,288.0185,291.61887,286.16418,2.4714489e-05
1989-06-03,0.00015616453,285.4918,290.73413,283.56097,2.5889785e-05
1989-06-04,0.0002729767,286.39926,292.20248,282.2699,3.5759258e-05
1989-06-05,5.849222e-05,286.08972,292.52692,281.5416,3.93635e-05
1989-06-06,2.441239e-05,285.13,291.417,281.3005,3.2410833e-05
1989-06-07,5.3223277e-05,287.5354,294.1859,281.7735,4.371563e-05
1989-06-08,6.6620264e-06,283.77704,290.4151,281.63577,2.8882107e-05
1989-06-09,5.532452e-05,287.29504,295.3607,279.08505,5.1710642e-05
1989-06-10,0.0,290.32986,298.3606,278.89587,5.7380978e-05
1989-06-11,0.0,290.7082,297.42642,280.8762,4.7667047e-05
1989-06-12,1.5059027e-06,290.9537,297.75568,285.8835,4.6319987e-05
1989-06-13,2.9352443e-06,287.7309,291.19617,284.38492,2.8886054e-05
1989-06-14,1.3914633e-06,289.84244,295.80844,285.68494,3.7703074e-05
1989-06-15,2.181886e-06,290.04318,295.39777,284.14392,4.3911212e-05
1989-06-16,1.7859955e-05,285.41815,290.46555,282.70142,3.214274e-05
1989-06-17,4.3892385e-05,286.77148,291.64432,280.29834,3.1735246e-05
1989-06-18,5.1934057e-06,286.57867,289.1832,283.89966,2.6023154e-05
1989-06-19,4.717486e-05,289.24243,296.53256,282.7575,4.5833174e-05
1989-06-20,0.0,290.2506,295.70023,285.00494,4.0825747e-05
1989-06-21,1.0438685e-08,290.23264,296.13483,286.08954,3.690697e-05
1989-06-22,7.861056e-06,291.23477,297.66193,284.3784,4.3369986e-05
1989-06-23,8.106126e-05,290.26138,292.30573,288.23654,2.5328201e-05
1989-06-24,0.0002685762,289.65414,293.77164,284.83017,3.0160025e-05
1989-06-25,7.893677e-05,291.3697,296.4135,287.64154,3.7865968e-05
1989-06-26,1.0266504e-05,291.835,299.30847,286.34952,4.8347676e-05
1989-06-27,1.6569878e-05,291.5707,299.1941,286.41055,4.6106936e-05
1989-06-28,3.1282365e-05,287.62946,293.9722,286.03894,3.2213033e-05
1989-06-29,0.00023996367,290.0394,295.9867,284.3183,5.0846527e-05
1989-06-30,6.080587e-08,290.15488,295.0821,283.72104,3.450294e-05
1989-07-01,9.107242e-08,292.0585,298.6668,283.66263,5.3986445e-05
1989-07-02,3.1863317e-06,292.21927,298.5106,286.0726,5.0261693e-05
1989-07-03,0.00028849312,289.83325,293.24057,287.51956,2.7860822e-05
1989-07-04,0.00048732528,290.85144,294.96527,287.59195,2.693556e-05
1989-07-05,0.00038401532,292.90002,297.9145,288.73172,4.104648e-05
1989-07-06,2.318506e-05,292.40518,300.19415,287.08487,4.55466e-05
1989-07-07,5.1492367e-05,292.6693,298.49118,286.5712,4.237401e-05
1989-07-08,0.0,295.64722,302.839,287.32886,5.7488716e-05
1989-07-09,0.0,295.7565,303.07288,288.71777,5.4326487e-05
1989-07-10,4.19345e-06,293.64206,301.03125,288.6184,4.8150294e-05
1989-07-11,0.00011301074,294.0948,299.84494,288.5372,4.39484e-05
1989-07-12,5.7531437e-05,293.10175,297.89877,289.5001,4.0235893e-05
1989-07-13,1.3321789e-05,292.0567,296.36963,288.5876,3.226544e-05
1989-07-14,3.7411988e-05,290.3159,295.43896,287.58115,3.331505e-05
1989-07-15,0.00011606174,288.91232,294.1971,286.452,4.0229283e-05
1989-07-16,8.528352e-08,290.88162,297.82602,282.11716,4.8709517e-05
1989-07-17,0.0,290.25366,295.32278,286.26346,3.6312307e-05
1989-07-18,1.885941e-05,289.5688,295.7425,284.6337,4.032787e-05
1989-07-19,1.7127913e-05,290.38913,296.4311,285.8315,4.787651e-05
1989-07-20,2.401869e-06,291.24103,298.3614,282.62662,5.3873686e-05
1989-07-21,0.0,293.64972,300.68723,285.07596,5.4387398e-05
1989-07-22,0.0,293.2805,297.9158,288.13608,3.9749168e-05
1989-07-23,0.0,294.34433,301.91833,287.94186,4.9260463e-05
1989-07-24,5.4299093e-05,295.09003,303.25107,289.82455,5.1312716e-05
1989-07-25,1.2980346e-05,293.72495,301.00446,288.81238,4.720502e-05
1989-07-26,3.5195826e-05,291.84598,294.317,289.37476,2.7695125e-05
1989-07-27,2.6707587e-05,292.80634,298.15048,288.66373,3.7043475e-05
1989-07-28,3.40397e-06,292.56287,297.14017,289.0776,3.3655873e-05
1989-07-29,0.0,291.78326,298.21576,285.95148,4.7395348e-05
1989-07-30,0.0,292.89124,299.4222,285.98788,4.6966798e-05
1989-07-31,3.8310066e-08,289.0527,296.88504,285.21,2.5758825e-05
1989-08-01,0.00076543156,285.6594,290.27988,283.07404,2.575499e-05
1989-08-02,6.73273e-05,285.40286,293.03586,280.40085,3.37565e-05
1989-08-03,7.0290457e-06,287.10617,293.01175,281.44824,3.2363514e-05
1989-08-04,0.0,289.2587,296.7545,281.79257,4.5573004e-05
1989-08-05,0.0,291.9947,298.674,283.43903,5.0128194e-05
1989-08-06,3.954274e-06,291.7537,296.58447,287.16977,2.9587574e-05
1989-08-07,0.0,293.79324,301.11276,286.50037,5.023336e-05
1989-08-08,0.0,295.0714,301.8363,286.8712,4.5856767e-05
1989-08-09,0.0003140441,292.34625,298.75323,288.9586,3.8635804e-05
1989-08-10,4.493534e-06,291.956,298.63672,285.3777,4.3809974e-05
1989-08-11,0.0,290.78467,294.15814,286.3071,2.4305555e-05
1989-08-12,0.0,292.9605,300.2713,286.81662,3.945658e-05
1989-08-13,0.0,294.00568,299.61502,288.02847,4.2786607e-05
1989-08-14,0.0,295.11734,302.6471,289.37125,4.8207785e-05
1989-08-15,0.0,295.736,302.99545,288.8081,4.741842e-05
1989-08-16,0.0,296.27747,303.4694,290.0643,4.96151e-05
1989-08-17,0.0,296.3217,303.77295,289.75513,4.743052e-05
1989-08-18,1.0854214e-05,294.27585,301.16156,289.67654,3.987689e-05
1989-08-19,0.00066494994,291.2228,295.0805,288.69684,2.5952897e-05
1989-08-20,7.7610997e-07,292.76883,299.5352,287.14813,4.392083e-05
1989-08-21,0.0,294.07275,301.32678,286.77255,4.521071e-05
1989-08-22,0.0,294.2802,301.2215,288.4029,4.3525382e-05
1989-08-23,8.223599e-06,293.87607,300.82187,288.53458,3.9490267e-05
1989-08-24,4.472164e-05,293.48404,299.81235,289.30707,4.3722375e-05
1989-08-25,6.1695328e-06,292.99362,300.24243,287.77634,3.6888527e-05
1989-08-26,4.813778e-05,288.69034,291.2285,287.50702,2.1448044e-05
1989-08-27,0.00035033395,291.0701,296.3,286.7321,3.144692e-05
1989-08-28,0.0007260236,286.34222,291.3632,285.37994,1.9238836e-05
1989-08-29,8.380998e-05,286.91504,292.86688,282.77618,3.9793747e-05
1989-08-30,2.415637e-06,285.8776,290.21964,282.08124,2.5199535e-05
1989-08-31,1.6477122e-06,287.58276,295.68826,280.47388,4.1401352e-05
1989-09-01,0.0,288.7635,296.25067,280.7485,3.2929565e-05
1989-09-02,0.0,288.45392,293.55203,284.4419,2.1837446e-05
1989-09-03,0.00040148862,284.50623,288.07538,283.38876,1.4904711e-05
1989-09-04,6.623833e-05,285.3213,287.15332,283.45682,1.601046e-05
1989-09-05,3.848312e-05,287.7315,294.4191,282.25204,3.1131123e-05
1989-09-06,2.949855e-06,286.4357,292.69772,280.8964,2.7041231e-05
1989-09-07,0.0,286.09818,292.76962,281.16803,3.0103778e-05
1989-09-08,0.0,285.59296,292.46973,278.87177,2.6241469e-05
1989-09-09,0.0,285.16412,287.81778,282.17245,1.5032695e-05
1989-09-10,2.2836e-05,287.7553,293.80203,282.4813,2.5459469e-05
1989-09-11,0.0,289.53763,296.17233,282.42435,2.685466e-05
1989-09-12,7.8157956e-07,288.56482,294.1907,285.28555,2.3667333e-05
1989-09-13,7.250977e-05,288.1719,291.03235,286.12952,1.6670081e-05
1989-09-14,7.602271e-07,286.40054,288.75357,284.97183,1.4918805e-05
1989-09-15,1.6539427e-05,287.4061,294.07666,281.45972,2.397561e-05
1989-09-16,0.0,290.34094,298.34146,283.4851,2.9950179e-05
1989-09-17,0.0,290.17484,297.2098,283.4876,3.1216354e-05
1989-09-18,0.0,290.9626,298.63757,283.684,2.9442832e-05
1989-09-19,0.0,290.99652,299.28903,285.00262,3.125e-05
1989-09-20,0.0,291.52087,299.1994,284.00034,3.1482086e-05
1989-09-21,0.0,291.1729,298.3531,286.86856,2.8950513e-05
1989-09-22,0.0,290.04208,297.06754,284.7461,2.8080402e-05
1989-09-23,0.0,289.61633,296.0231,284.38312,2.4512088e-05
1989-09-24,0.0,289.5882,296.4538,284.643,2.270872e-05
1989-09-25,0.0,288.99677,295.09467,284.59558,2.274378e-05
1989-09-26,1.11553045e-05,288.0956,293.49118,285.19467,2.1439058e-05
1989-09-27,7.811248e-06,286.5946,290.0845,283.47128,1.3635127e-05
1989-09-28,0.00032843443,283.13812,285.54843,281.1198,1.1943106e-05
1989-09-29,0.00014190139,285.9238,291.0772,282.71585,1.9193572e-05
1989-09-30,0.0,282.8943,289.90646,277.9661,2.0970498e-05
1989-10-01,0.0,284.71487,292.11514,277.1991,2.0485517e-05
1989-10-02,0.0,284.96204,292.97028,280.30392,2.1703752e-05
1989-10-03,0.0,280.93295,290.65262,277.6161,2.0543986e-05
1989-10-04,4.288176e-06,279.6613,288.4809,272.9212,1.7361112e-05
1989-10-05,0.0,279.4301,289.28363,272.59293,1.809974e-05
1989-10-06,0.0,281.0158,290.4685,273.173,1.5100007e-05
1989-10-07,0.0,281.50888,283.1222,278.13806,8.415955e-06
1989-10-08,0.00015114434,281.32434,285.63504,277.46283,1.4528602e-05
1989-10-09,2.174629e-06,282.67752,287.52628,279.9682,1.8179044e-05
1989-10-10,3.6326933e-06,281.02176,286.37613,277.8062,1.4710529e-05
1989-10-11,0.0,280.85336,288.45593,273.43658,1.4019095e-05
1989-10-12,0.0,282.55902,290.1641,277.958,1.5769347e-05
1989-10-13,0.0,282.3408,290.40616,275.0329,1.8467903e-05
1989-10-14,0.0,282.77826,290.17773,274.84137,1.5122441e-05
1989-10-15,2.7842607e-05,281.6346,286.8906,278.7285,1.2430217e-05
1989-10-16,3.5209464e-06,278.73425,288.1465,272.93475,1.5046296e-05
1989-10-17,0.0,279.95935,290.2926,272.46432,1.2112163e-05
1989-10-18,0.0,281.25464,291.97302,273.78357,1.3995645e-05
1989-10-19,0.0,283.20374,292.91196,274.3138,1.4054413e-05
1989-10-20,0.0,283.25983,291.2539,275.69678,1.6413416e-05
1989-10-21,0.0,283.91107,291.52063,276.8799,1.0422091e-05
1989-10-22,0.0,283.8437,294.717,277.3022,1.185129e-05
1989-10-23,0.0,283.86667,295.99182,276.42508,1.3932349e-05
1989-10-24,0.0,284.07513,296.2726,276.15222,1.4188477e-05
1989-10-25,0.0,284.38718,295.49377,277.08475,1.0688776e-05
1989-10-26,0.0,283.4805,294.8353,276.06137,1.0447405e-05
1989-10-27,0.0,283.19745,294.1709,276.23727,1.2476451e-05
1989-10-28,0.0,283.75104,294.76828,275.58444,1.717932e-05
1989-10-29,0.0,283.53723,286.3867,277.63184,9.669637e-06
1989-10-30,1.1963066e-05,284.77924,288.08148,280.44104,8.325559e-06
1989-10-31,0.0,283.58145,288.55322,279.0144,8.101852e-06
1989-11-01,0.0,284.23447,291.6044,277.7002,1.18700145e-05
1989-11-02,1.3804824e-06,284.765,288.53616,281.4646,1.1366054e-05
1989-11-03,3.313802e-08,286.2672,289.68185,283.27774,1.1654753e-05
1989-11-04,6.1297185e-05,284.42374,288.3552,282.4706,7.492809e-06
1989-11-05,0.0003570041,281.56308,283.65366,278.674,6.226696e-06
1989-11-06,0.00049896986,279.23328,281.76276,278.6298,5.58445e-06
1989-11-07,0.00036168337,278.4034,282.4439,275.09433,5.971827e-06
1989-11-08,0.0,276.15402,279.0588,273.24454,4.218796e-06
1989-11-09,0.0,277.21347,279.27975,272.6776,4.6296295e-06
1989-11-10,1.3268079e-05,277.39438,282.5853,273.9738,4.804943e-06
1989-11-11,0.0,275.34857,278.37796,271.98642,4.6350538e-06
1989-11-12,0.0,273.95407,276.804,271.0145,3.4906063e-06
1989-11-13,0.0,273.56784,275.52435,270.0605,5.787037e-06
1989-11-14,0.0,273.1027,275.8551,269.20813,3.525594e-06
1989-11-15,0.0,274.00876,281.3133,268.77563,2.5512584e-06
1989-11-16,0.0,275.27286,281.16248,269.78897,4.2712113e-06
1989-11-17,0.0,273.1267,277.60858,270.71332,7.727558e-06
1989-11-18,0.0,271.2995,276.46652,268.16464,4.078923e-06
1989-11-19,0.0,271.87668,275.5659,267.98257,4.3281834e-06
1989-11-20,0.0,275.79144,279.01904,270.0942,3.2599962e-06
1989-11-21,0.0,279.46112,284.72906,272.90448,7.023934e-06
1989-11-22,0.0,281.0815,283.30524,278.03757,5.7524726e-06
1989-11-23,0.0003432669,273.2244,281.59305,270.78494,6.876803e-06
1989-11-24,0.0,269.89893,274.70847,267.10358,3.4722223e-06
1989-11-25,0.0,271.65588,274.82092,267.37924,4.512664e-06
1989-11-26,8.038142e-06,268.789,272.98468,265.90195,3.7208338e-06
1989-11-27,0.0,269.97083,278.28723,263.9681,1.1574074e-06
1989-11-28,0.0,274.2261,281.2577,266.4326,4.9940695e-06
1989-11-29,0.0,269.8363,277.26755,267.2096,1.3433902e-06
1989-11-30,0.0,267.72794,275.2429,262.88354,1.1574074e-06
1989-12-01,0.0,267.7759,273.13995,263.60352,1.7182535e-06
1989-12-02,0.0,269.56302,276.81006,263.00082,4.1632907e-06
1989-12-03,0.0,270.14673,278.19235,264.93152,2.3331768e-06
1989-12-04,0.0,270.01645,278.0232,264.4351,2.1467747e-06
1989-12-05,0.0,269.64682,277.31683,264.75424,2.2985353e-06
1989-12-06,0.0,269.47678,272.8647,266.42627,2.3148148e-06
1989-12-07,0.0,270.75314,278.92236,265.1273,2.3148148e-06
1989-12-08,0.0,269.96533,276.22903,266.0793,2.4282622e-06
1989-12-09,0.0,268.22662,274.62463,265.13004,2.30524e-06
1989-12-10,0.0,267.99747,273.3714,264.969,2.525818e-06
1989-12-11,0.0,266.84396,274.38724,260.09354,2.560439e-06
1989-12-12,0.0,271.84436,276.8677,261.45374,3.4787868e-06
1989-12-13,2.464797e-06,277.40704,278.69098,273.00363,5.787037e-06
1989-12-14,7.815046e-06,279.3647,281.57867,275.25467,6.7462825e-06
1989-12-15,3.4297987e-05,284.63495,286.84076,279.47388,8.468725e-06
1989-12-16,2.4734005e-05,284.7998,286.84625,282.0542,8.965026e-06
1989-12-17,7.961899e-06,286.30368,289.8114,283.78406,1.1708919e-05
1989-12-18,8.885871e-05,284.56195,288.59903,278.91382,9.917044e-06
1989-12-19,2.3199279e-07,283.77652,288.1417,280.9845,1.1619602e-05
1989-12-20,0.00028942217,279.1106,281.6763,278.10065,4.0070113e-06
1989-12-21,0.0,282.25754,284.53235,278.41025,6.5760687e-06
1989-12-22,2.3066261e-06,283.76428,285.70074,282.1701,8.558455e-06
1989-12-23,9.7033604e-05,277.6623,283.93594,273.07507,3.4722223e-06
1989-12-24,7.202466e-05,274.54895,276.6091,272.23685,2.3148148e-06
1989-12-25,1.1755543e-06,274.17978,276.28452,272.5562,2.3148148e-06
1989-12-26,0.0,273.52344,276.14062,271.38748,5.676673e-06
1989-12-27,0.0,271.8213,274.19876,270.2078,5.335686e-06
1989-12-28,0.0,270.92264,276.17065,267.92355,3.6772587e-06
1989-12-29,0.0,270.33133,275.55292,266.9343,2.4606786e-06
1989-12-30,0.0,269.60422,273.68774,266.39728,2.3752837e-06
1989-12-31,0.0,270.45392,273.2725,267.61682,3.4722223e-06
1990-01-01,0.0,269.9111,271.9381,268.74634,3.4722223e-06
1990-01-02,0.0,269.64725,270.8044,268.404,3.4722223e-06
1990-01-03,0.0,270.36526,271.90094,268.21494,4.13804e-06
1990-01-04,0.0,269.5574,273.76758,267.63135,4.3930036e-06
1990-01-05,0.0,268.42664,271.26285,265.80597,2.591239e-06
1990-01-06,0.0,267.33594,269.15253,266.4144,3.4722223e-06
1990-01-07,0.0,265.23434,269.86203,262.31906,2.3148148e-06
1990-01-08,0.0,264.97525,269.77744,259.62894,2.3148148e-06
1990-01-09,0.0,266.69382,272.3044,262.2698,2.3148148e-06
1990-01-10,0.0,268.39175,275.51953,261.7235,2.7077997e-06
1990-01-11,0.0,269.07523,274.5289,263.68326,1.6407449e-06
1990-01-12,0.0,268.7119,275.18698,263.3805,2.3148148e-06
1990-01-13,0.0,267.9047,273.49475,263.98367,2.266603e-06
1990-01-14,0.0,268.81583,274.04575,263.9658,2.3148148e-06
1990-01-15,0.0,266.43317,268.30716,264.21378,2.991877e-06
1990-01-16,0.0,270.6975,276.30746,263.60193,2.9512319e-06
1990-01-17,0.0,273.96152,283.9659,266.64203,4.61496e-06
1990-01-18,0.0,274.6488,276.719,270.39752,3.7559203e-06
1990-01-19,2.5679168e-05,272.58197,276.13705,270.6445,3.4722223e-06
1990-01-20,0.0,273.4954,279.58542,268.5005,3.4303469e-06
1990-01-21,0.0,273.1293,277.13443,269.53546,3.5230166e-06
1990-01-22,0.0,273.56274,283.46603,267.4807,3.7363018e-06
1990-01-23,0.0,273.54407,282.86542,267.15198,4.569103e-06
1990-01-24,0.0,278.06348,281.4187,268.97614,1.1025136e-05
1990-01-25,0.0,278.57126,281.19553,274.2056,5.6962394e-06
1990-01-26,3.3545708e-05,279.8807,282.4352,277.13394,6.3805774e-06
1990-01-27,0.00029091732,275.20703,279.33838,273.02432,4.6296295e-06
1990-01-28,3.0481466e-05,280.27014,283.24994,272.22025,5.0926265e-06
1990-01-29,0.0001226209,280.5246,282.81476,278.94476,4.6296295e-06
1990-01-30,0.00011321082,279.3896,283.72156,277.16095,5.5752043e-06
1990-01-31,8.318038e-06,278.7866,283.5924,275.77768,5.873043e-06
1990-02-01,0.0,277.9778,281.7929,276.16873,8.89638e-06
1990-02-02,0.0,279.05542,281.52774,274.88257,5.9201366e-06
1990-02-03,1.937668e-05,279.29962,283.35178,276.86514,6.9444445e-06
1990-02-04,1.4706607e-06,279.58588,288.32477,275.0991,9.259259e-06
1990-02-05,0.0,275.744,286.60587,269.66443,7.729923e-06
1990-02-06,0.0,275.08383,285.8277,268.51797,5.867472e-06
1990-02-07,0.0,274.71188,284.00818,267.8229,6.2201843e-06
1990-02-08,0.0,276.83145,286.11618,268.9879,1.4157107e-05
1990-02-09,3.0987565e-05,275.57043,278.57132,273.1568,5.787037e-06
1990-02-10,2.8888258e-05,273.64706,277.41913,270.8572,5.5455316e-06
1990-02-11,0.0,274.5327,277.2452,271.40128,4.80279e-06
1990-02-12,5.432021e-05,274.00473,275.51852,273.1231,4.5762577e-06
1990-02-13,1.7502167e-05,275.15372,282.51324,271.35468,8.798312e-06
1990-02-14,0.0,277.33466,283.10242,272.25156,1.2599247e-05
1990-02-15,0.0,279.82812,285.3241,272.76465,1.1309857e-05
1990-02-16,8.514329e-06,276.5579,283.57526,272.5535,1.4978199e-05
1990-02-17,0.0,275.6256,282.92896,270.1075,1.1574074e-05
1990-02-18,0.0,277.65643,287.0867,270.004,1.3809989e-05
1990-02-19,0.0,278.9278,287.23694,271.762,1.38759215e-05
1990-02-20,0.0,279.0211,289.71027,271.79935,1.3747069e-05
1990-02-21,0.0,279.15854,290.07678,271.15286,1.4052327e-05
1990-02-22,0.0,282.24686,290.84146,272.71765,1.5790494e-05
1990-02-23,0.0,280.211,288.2417,275.46118,1.5563413e-05
1990-02-24,0.0,278.81665,290.54715,270.75308,1.4781686e-05
1990-02-25,0.0,281.70267,291.67645,270.58835,2.1529311e-05
1990-02-26,0.0,281.62317,283.74377,275.43552,1.2322401e-05
1990-02-27,1.1533387e-05,281.47443,287.57675,277.40427,2.2473121e-05
1990-02-28,5.835255e-05,278.63867,285.4955,273.697,2.4290855e-05
1990-03-01,0.0,279.76276,286.96658,273.87167,2.2461309e-05
1990-03-02,0.0,277.0013,284.29187,271.3306,1.765183e-05
1990-03-03,0.0,275.81097,282.53412,270.42685,2.2260761e-05
1990-03-04,0.0,274.70795,285.09857,267.24203,1.8184663e-05
1990-03-05,0.0,277.19595,286.8145,269.06876,1.7361112e-05
1990-03-06,0.0,277.0535,282.45325,268.94,1.0733165e-05
1990-03-07,0.0,279.17752,289.60464,272.32706,1.6984382e-05
1990-03-08,0.0,282.1419,290.95377,270.55038,2.833371e-05
1990-03-09,0.0,280.25568,284.63873,276.95312,1.4644196e-05
1990-03-10,1.702003e-07,280.96704,289.5107,274.22623,1.8518518e-05
1990-03-11,0.0,280.21292,289.75085,272.7973,1.5998672e-05
1990-03-12,0.0,283.5039,294.109,271.9587,2.1696264e-05
1990-03-13,0.0,283.8213,290.10916,279.24393,2.2814389e-05
1990-03-14,0.0,282.598,290.73874,272.95227,2.3082479e-05
1990-03-15,0.0,282.88226,289.9276,275.59512,2.481476e-05
1990-03-16,0.0,281.03287,287.3378,276.87286,2.5748179e-05
1990-03-17,0.0,278.57886,287.08002,271.7693,2.662539e-05
1990-03-18,0.0,278.90472,290.31622,269.91177,2.4305555e-05
1990-03-19,0.0,280.37164,292.34827,270.8823,2.6215666e-05
1990-03-20,0.0,281.83176,294.14813,271.58957,2.7499178e-05
1990-03-21,0.0,283.338,293.94785,273.53555,2.8597115e-05
1990-03-22,0.0,285.29645,296.53268,275.3569,2.76286e-05
1990-03-23,0.0,285.75217,293.0898,277.27432,2.205361e-05
1990-03-24,6.8485383e-06,284.48163,290.86176,281.20615,2.6252439e-05
1990-03-25,6.587498e-06,279.3541,285.63507,275.20288,1.1905198e-05
1990-03-26,0.0004500201,275.5506,277.83734,274.01218,1.2173763e-05
1990-03-27,1.1762981e-05,275.79785,278.03525,275.15115,1.0421241e-05
1990-03-28,0.00016803665,277.22714,281.40845,272.95297,1.2330123e-05
1990-03-29,1.43936995e-05,280.06625,285.6607,275.26376,1.8071669e-05
1990-03-30,0.00010844869,281.78802,285.92047,277.50894,1.8106099e-05
1990-03-31,0.0,283.13443,291.48514,274.99734,2.8769371e-05
1990-04-01,0.0,282.83032,290.9168,274.46994,2.9962423e-05
1990-04-02,0.0,283.6589,291.68112,273.75034,3.4472865e-05
1990-04-03,0.0,282.5689,284.09042,279.74094,1.644663e-05
1990-04-04,5.87569e-05,279.97537,284.26062,278.4807,1.2731482e-05
1990-04-05,0.00025148215,277.5144,279.30334,276.35165,1.221399e-05
1990-04-06,8.9115805e-05,279.93826,281.89474,277.72205,1.3194933e-05
1990-04-07,0.00018195999,281.64514,283.15018,279.99124,1.291413e-05
1990-04-08,0.00026025035,280.7511,283.0107,278.95093,1.9220073e-05
1990-04-09,1.2422385e-05,276.78583,280.00305,275.13583,1.562125e-05
1990-04-10,8.830902e-07,279.87228,284.4316,273.85352,2.8157838e-05
1990-04-11,0.0,279.0691,285.53674,271.1337,2.0396008e-05
1990-04-12,0.0,279.7357,286.70007,272.4966,2.6525278e-05
1990-04-13,0.0,281.01468,289.06418,271.27264,3.2755837e-05
1990-04-14,0.0,282.49664,290.0793,271.57706,3.3862772e-05
1990-04-15,2.0882312e-06,281.3064,284.19806,279.4536,1.7247836e-05
1990-04-16,5.3620373e-05,281.23053,284.67734,277.79666,1.8511433e-05
1990-04-17,0.0,281.69736,287.256,276.3643,2.622138e-05
1990-04-18,2.0007183e-06,279.41006,282.5558,276.8708,1.5976875e-05
1990-04-19,6.675461e-05,279.2754,283.51318,276.38058,1.7364262e-05
1990-04-20,0.00011338653,279.4939,281.66,276.48306,1.50947335e-05
1990-04-21,7.1652306e-05,279.09482,280.84735,278.02994,1.47143855e-05
1990-04-22,7.635757e-05,282.79208,288.5604,274.85547,2.7868155e-05
1990-04-23,8.3764506e-05,281.22028,284.7561,279.23163,2.1119939e-05
1990-04-24,3.7914026e-05,282.93686,286.68747,278.5277,2.437873e-05
1990-04-25,3.2783648e-06,283.41074,291.23273,277.73257,3.7367467e-05
1990-04-26,2.1878675e-06,282.49094,290.47977,276.05466,3.0507274e-05
1990-04-27,1.3239841e-05,285.39557,292.3243,276.90503,3.5893016e-05
1990-04-28,2.417208e-06,282.38876,287.4198,278.9799,2.8182507e-05
1990-04-29,1.1523327e-06,282.64746,290.2903,274.0601,3.8926486e-05
1990-04-30,0.0,285.22183,292.57376,274.0726,3.8038528e-05
1990-05-01,0.0,287.7146,294.5655,282.38043,3.5014164e-05
1990-05-02,0.0,289.86166,296.40588,281.77277,4.0447205e-05
1990-05-03,0.0,286.99753,293.30438,282.33566,5.052272e-05
1990-05-04,0.0,286.4799,293.42422,277.06512,4.031656e-05
1990-05-05,0.0,287.90652,296.0821,277.67117,4.637435e-05
1990-05-06,0.0,289.18753,298.00836,277.28012,4.900433e-05
1990-05-07,1.951528e-06,289.34097,297.7628,278.6864,4.9636295e-05
1990-05-08,1.4575478e-06,288.42398,297.335,278.89166,4.1511645e-05
1990-05-09,1.21772455e-05,289.20508,297.53397,281.7135,4.400152e-05
1990-05-10,5.2516266e-06,288.8657,297.20642,281.98117,4.0224444e-05
1990-05-11,1.4462715e-05,289.65372,297.64066,282.08942,4.6783458e-05
1990-05-12,2.163721e-05,286.72357,290.88376,284.54276,2.5277914e-05
1990-05-13,0.0,289.14508,296.46973,280.05765,4.841887e-05
1990-05-14,3.4044751e-06,289.94806,297.93558,281.42133,4.704804e-05
1990-05-15,4.9006994e-06,290.06873,298.21146,283.57254,4.574738e-05
1990-05-16,2.636541e-05,290.41428,297.74683,284.59824,4.2248616e-05
1990-05-17,9.031273e-06,291.58356,299.2535,284.9081,4.9360286e-05
1990-05-18,4.7075104e-05,289.23544,296.543,284.0007,3.858406e-05
1990-05-19,6.993827e-05,287.47696,289.5293,284.9716,2.6751983e-05
1990-05-20,2.4640306e-06,287.39413,290.43024,285.24753,2.8541308e-05
1990-05-21,1.2414038e-06,290.08,295.65704,283.48456,4.9100905e-05
1990-05-22,3.4815755e-06,288.756,293.45624,284.0075,2.7589045e-05
1990-05-23,1.6449601e-06,291.0738,298.1132,284.2914,4.4718458e-05
1990-05-24,6.4677e-06,292.87506,297.96393,285.65265,3.7675163e-05
1990-05-25,0.00020853902,289.07285,295.366,286.5206,3.5811583e-05
1990-05-26,6.650556e-05,284.44843,288.177,282.36584,2.5353707e-05
1990-05-27,4.217228e-06,285.76877,291.83948,279.26392,4.7518446e-05
1990-05-28,0.0,285.6191,293.25235,276.81625,4.231097e-05
1990-05-29,4.580877e-05,282.35403,286.11862,280.50854,2.6479724e-05
1990-05-30,3.7573782e-06,284.31342,291.7927,275.1687,4.1400766e-05
1990-05-31,0.0,286.4608,293.96762,275.98547,4.458927e-05
1990-06-01,0.0,289.28098,296.2523,278.6848,4.885758e-05
1990-06-02,0.0,290.58423,297.32733,281.07788,5.488078e-05
1990-06-03,0.00013847822,286.98337,292.56613,283.46866,3.6608963e-05
1990-06-04,3.112493e-05,286.88736,289.1165,283.37088,2.2919137e-05
1990-06-05,0.0002510516,284.3838,287.08472,283.1103,1.9666379e-05
1990-06-06,0.00029024246,287.0559,288.52872,282.96213,2.0823785e-05
1990-06-07,0.00031168497,287.31952,289.18698,285.68402,2.3697798e-05
1990-06-08,4.155802e-05,286.41162,290.31448,283.3568,2.259447e-05
1990-06-09,0.0005692373,287.7454,294.4067,281.1696,4.3945478e-05
1990-06-10,0.0004648105,281.68204,287.5389,280.88013,2.3346578e-05
1990-06-11,0.00014091253,288.63196,296.6648,278.9545,4.2176125e-05
1990-06-12,0.0,286.53146,292.4613,283.5228,2.6495696e-05
1990-06-13,9.278099e-05,286.6355,288.9212,283.92502,2.3198647e-05
1990-06-14,1.1075064e-05,288.95007,293.8029,284.6205,3.3794873e-05
1990-06-15,2.6760074e-05,287.29617,292.56577,284.93643,2.6244763e-05
1990-06-16,0.0001211751,288.12448,293.0654,284.987,3.0092591e-05
1990-06-17,3.101829e-05,289.6822,296.01437,283.09708,4.9725557e-05
1990-06-18,5.3639333e-06,291.6791,298.52325,282.09073,5.632982e-05
1990-06-19,2.3537223e-06,292.833,299.04413,285.10364,5.9927923e-05
1990-06-20,1.3727198e-06,293.8772,300.68402,285.4379,6.34921e-05
1990-06-21,1.6773392e-05,291.41718,297.13574,287.33405,3.546048e-05
1990-06-22,0.00010359638,292.74597,298.77493,288.13727,4.9345308e-05
1990-06-23,4.3374125e-06,289.0404,294.09143,286.694,2.5756985e-05
1990-06-24,0.000103412516,290.43655,295.10187,285.46017,4.1258998e-05
1990-06-25,2.2928714e-06,292.68808,298.94543,284.7948,5.525011e-05
1990-06-26,0.0,294.61926,300.5589,286.19965,5.8494632e-05
1990-06-27,0.0,294.78668,299.41168,289.6065,4.440072e-05
1990-06-28,0.0,295.4823,302.33035,288.2294,6.19583e-05
1990-06-29,3.8081018e-06,296.10303,303.2796,288.3014,6.398522e-05
1990-06-30,1.3052819e-06,296.9179,304.02823,289.16995,6.353503e-05
1990-07-01,0.0,296.03613,302.746,290.47006,6.236023e-05
1990-07-02,6.792499e-05,289.05148,294.71524,288.05988,3.0015848e-05
1990-07-03,0.0,287.8758,289.90106,285.8714,2.4672085e-05
1990-07-04,0.0002904998,288.01913,293.06836,285.80035,3.6021294e-05
1990-07-05,7.023307e-05,291.02713,297.80347,280.00674,5.691118e-05
1990-07-06,0.0001295637,284.87793,292.3207,284.12408,2.6214233e-05
1990-07-07,0.00022448091,288.1442,294.3205,281.65094,4.206978e-05
1990-07-08,0.0,290.82175,296.2567,284.03012,3.7196085e-05
1990-07-09,0.0,294.42215,302.17053,285.80435,6.353157e-05
1990-07-10,0.0,287.92917,294.64856,285.03317,2.3748005e-05
1990-07-11,0.00051917334,289.24277,295.07007,282.62384,4.6876892e-05
1990-07-12,0.0,290.26715,296.752,283.12466,5.7281282e-05
1990-07-13,0.0,291.93317,299.09946,282.7103,5.7423513e-05
1990-07-14,0.0,292.90784,300.65005,285.8834,5.1709983e-05
1990-07-15,0.00014946877,291.3088,296.87207,286.8407,4.919186e-05
1990-07-16,0.0,293.92633,301.7629,284.5338,5.4041702e-05
1990-07-17,0.0,294.76697,303.96252,286.34912,6.245209e-05
1990-07-18,7.81819e-05,291.67633,296.25027,289.08914,4.4966968e-05
1990-07-19,1.6321444e-06,291.46466,297.07028,282.5426,4.8814996e-05
1990-07-20,0.0,291.72302,297.98752,285.77014,5.208125e-05
1990-07-21,0.0,294.04233,301.25607,284.10715,5.7300007e-05
1990-07-22,0.0,295.5439,303.21814,286.9782,5.8777838e-05
1990-07-23,0.0,294.35968,300.92484,289.03317,5.2607735e-05
1990-07-24,5.6598615e-06,292.88898,296.75266,288.85373,3.4769186e-05
1990-07-25,5.2927484e-05,291.64462,296.3141,288.1593,4.2702068e-05
1990-07-26,0.0,291.98846,298.27884,284.70496,4.3173666e-05
1990-07-27,5.6507088e-06,293.61133,300.81375,286.67245,5.4398817e-05
1990-07-28,0.0,294.57898,301.7321,287.5369,5.5095814e-05
1990-07-29,0.0,295.8155,304.02695,286.8631,6.074485e-05
1990-07-30,0.0,296.61618,305.00162,287.97003,5.968026e-05
1990-07-31,2.3744724e-06,295.3394,301.731,289.81677,3.624151e-05
1990-08-01,5.9410064e-05,293.99243,299.16885,290.31314,4.5376026e-05
1990-08-02,4.9957e-06,295.61264,302.97104,288.69955,5.9310856e-05
1990-08-03,0.0,293.29355,300.00854,288.2628,6.4176944e-05
1990-08-04,0.0,292.82745,300.81,283.88312,5.513787e-05
1990-08-05,0.0,294.2019,302.25607,283.60956,5.660876e-05
1990-08-06,0.0,295.35837,303.48154,285.72256,5.741853e-05
1990-08-07,0.00011476037,287.83118,294.74817,286.5991,2.1505004e-05
1990-08-08,0.0005330961,288.13986,291.31024,285.4,2.3006849e-05
1990-08-09,1.5136701e-06,289.0502,296.7258,282.7815,4.4978282e-05
1990-08-10,0.0,290.53745,298.98157,280.37723,4.7845733e-05
1990-08-11,0.0,292.71912,299.7559,286.6369,4.7181526e-05
1990-08-12,0.0,293.17276,300.46457,286.54132,4.5781904e-05
1990-08-13,2.3318744e-06,294.22433,302.14014,286.62735,5.0170365e-05
1990-08-14,2.0142286e-06,294.44855,301.8927,286.47293,5.5256714e-05
1990-08-15,2.7473543e-06,291.67978,297.83505,287.2931,3.0732455e-05
1990-08-16,1.4422903e-05,293.24557,300.29837,287.3922,4.6344227e-05
1990-08-17,4.3082573e-06,290.9446,301.1365,286.6334,4.2044867e-05
1990-08-18,0.00025366887,287.89508,294.17303,284.67157,3.506517e-05
1990-08-19,0.0,290.11765,298.30215,280.50748,4.3799828e-05
1990-08-20,0.0,292.13202,300.68744,282.6603,4.7116475e-05
1990-08-21,1.2942918e-06,289.14444,295.3412,286.77094,2.398494e-05
1990-08-22,2.6440583e-05,289.60654,296.0613,284.28735,3.839671e-05
1990-08-23,0.0,289.1177,296.3941,282.3399,4.2766107e-05
1990-08-24,0.0,290.23727,298.1334,281.75684,4.1942487e-05
1990-08-25,0.0,291.99048,300.3945,282.79895,4.4705102e-05
1990-08-26,0.0,293.3837,300.98175,286.1298,4.2676522e-05
1990-08-27,3.65516e-06,293.18225,299.69037,287.0414,3.8408896e-05
1990-08-28,0.0,292.99673,300.50433,288.38953,4.4994864e-05
1990-08-29,0.0,292.7464,301.24567,284.9125,4.3896296e-05
1990-08-30,0.0,292.8027,300.95993,285.78534,4.0212442e-05
1990-08-31,7.392083e-06,292.61813,300.3694,284.93304,3.5209803e-05
1990-09-01,2.6914146e-08,288.8223,295.0441,286.6693,2.0092191e-05
1990-09-02,0.00016435688,287.27808,289.83276,285.63196,1.9422716e-05
1990-09-03,3.904561e-05,287.58838,293.1254,282.43042,2.1691149e-05
1990-09-04,0.0,289.791,295.7528,283.2432,2.4408073e-05
1990-09-05,0.00023044444,288.2412,292.62347,285.78293,2.0741476e-05
1990-09-06,4.2447406e-05,286.5957,293.18893,283.33853,2.9987501e-05
1990-09-07,0.0,287.0632,293.92688,281.159,2.589871e-05
1990-09-08,0.00038562773,285.73856,292.87485,281.4269,3.1827083e-05
1990-09-09,0.0,287.00797,295.4133,278.2225,3.2180462e-05
1990-09-10,0.0,286.7074,292.38544,280.83524,2.4063993e-05
1990-09-11,5.269178e-05,286.59305,291.8157,283.70718,2.8830438e-05
1990-09-12,0.0,286.11304,292.92947,280.16113,3.1156953e-05
1990-09-13,2.215572e-06,284.40186,292.11615,276.75717,2.6855188e-05
1990-09-14,0.0,285.8788,294.0829,277.1307,2.8821372e-05
1990-09-15,0.0,287.69775,294.46472,279.8724,2.4846517e-05
1990-09-16,7.964272e-06,284.21048,287.79065,281.94946,1.6022052e-05
1990-09-17,1.7436303e-05,286.20276,292.20828,280.76715,2.1784794e-05
1990-09-18,2.3534042e-06,286.82315,291.9629,283.059,1.8410869e-05
1990-09-19,4.2061292e-05,287.09543,292.7065,282.28174,2.3130517e-05
1990-09-20,2.0953778e-06,287.82764,291.54953,283.0093,1.713597e-05
1990-09-21,2.8578577e-05,286.83823,288.32538,284.8271,1.3888889e-05
1990-09-22,2.8681632e-05,285.97375,288.88516,284.029,1.6129197e-05
1990-09-23,1.7503711e-06,290.7183,295.4225,284.18976,1.8232788e-05
1990-09-24,0.00022445734,285.43698,293.2578,282.00027,1.6379705e-05
1990-09-25,0.0002853285,284.2261,287.76758,281.03357,1.4497724e-05
1990-09-26,3.40344e-06,284.5411,286.4069,282.42023,1.1711282e-05
1990-09-27,5.715167e-05,283.14984,287.62567,280.83966,1.6633789e-05
1990-09-28,4.7306585e-05,283.20486,290.3738,278.81808,1.9987569e-05
1990-09-29,0.0,283.87497,292.865,277.33255,2.0083955e-05
1990-09-30,0.0,286.93237,292.63446,278.42288,2.771308e-05
1990-10-01,2.968857e-06,288.84738,291.98987,286.39764,1.7638451e-05
1990-10-02,1.4104816e-07,287.70383,293.21158,282.9711,1.5364527e-05
1990-10-03,6.933863e-07,286.87134,293.49234,283.95038,2.1387752e-05
1990-10-04,0.0,288.30615,295.21997,282.33423,1.7122582e-05
1990-10-05,0.00023777143,283.4046,288.60217,282.93427,1.1574074e-05
1990-10-06,0.00015483788,285.6412,289.79028,281.0488,1.6160242e-05
1990-10-07,2.0726213e-06,287.27664,290.71744,283.45517,1.3438686e-05
1990-10-08,4.2681975e-05,283.31274,287.46695,281.58267,1.1374794e-05
1990-10-09,0.00028135345,281.21185,287.40436,277.89038,1.4926129e-05
1990-10-10,0.0,280.38412,288.8123,275.0749,1.4995681e-05
1990-10-11,0.0,282.61823,291.64124,275.05283,1.5055871e-05
1990-10-12,0.0,287.4547,296.5899,278.1815,1.9612944e-05
1990-10-13,0.0,289.1051,297.67395,281.3916,1.8525889e-05
1990-10-14,0.0,288.80627,297.22446,282.26416,1.6254762e-05
1990-10-15,0.0,287.83588,293.88507,283.17596,1.398962e-05
1990-10-16,0.0,287.95895,294.794,283.54935,1.3921982e-05
1990-10-17,0.0,285.941,288.61978,281.91736,8.465758e-06
1990-10-18,4.192429e-05,287.86523,291.5548,285.3201,1.1555049e-05
1990-10-19,8.9096335e-05,287.15012,290.4723,283.76706,1.0373206e-05
1990-10-20,0.0001031271,285.75504,287.1734,284.42206,8.382015e-06
1990-10-21,0.00028940968,281.54037,286.15048,279.4362,1.3385283e-05
1990-10-22,4.472343e-06,276.633,282.4959,274.14166,1.4517272e-05
1990-10-23,0.0,274.5699,281.97888,270.0931,1.18051485e-05
1990-10-24,0.0,275.12106,281.34238,269.97662,8.804985e-06
1990-10-25,0.0,278.77197,284.3289,271.93762,9.147755e-06
1990-10-26,4.4937296e-05,279.0738,280.58554,277.12274,6.546638e-06
1990-10-27,0.00014371837,279.7524,280.92676,278.6481,5.787037e-06
1990-10-28,0.00030455747,279.47992,282.83478,277.017,6.9444445e-06
1990-10-29,7.4752774e-05,284.0017,285.3136,278.28458,6.2435347e-06
1990-10-30,0.00032331748,283.58405,291.0977,280.15396,1.1903416e-05
1990-10-31,3.2621656e-06,282.80222,285.15714,277.34317,5.9760246e-06
1990-11-01,0.0007801415,277.81726,287.84888,274.34854,7.944636e-06
1990-11-02,0.00068776455,276.936,278.76352,275.0159,5.0629474e-06
1990-11-03,0.00019674646,277.61557,279.2474,276.57385,4.6296295e-06
1990-11-04,0.00024342338,277.25348,281.35043,274.58066,6.481332e-06
1990-11-05,9.040554e-06,276.50986,281.3973,273.50638,6.9009843e-06
1990-11-06,9.052692e-07,275.6582,279.7841,273.4726,6.379045e-06
1990-11-07,8.6083224e-07,273.76694,279.56857,270.31277,4.6299156e-06
1990-11-08,0.0,273.68777,281.06003,269.23813,4.6296295e-06
1990-11-09,0.0,274.64542,280.92615,270.03372,5.776138e-06
1990-11-10,0.0,273.88605,280.1593,270.76508,5.730202e-06
1990-11-11,0.0,274.14395,277.80847,269.00165,3.6422825e-06
1990-11-12,0.0,277.28885,283.43335,272.4327,6.0742436e-06
1990-11-13,0.0,278.0724,283.37933,272.87915,4.6296295e-06
1990-11-14,0.0,276.72052,282.04907,273.68835,5.289287e-06
1990-11-15,0.0,275.21344,277.50354,272.21057,3.4722223e-06
1990-11-16,9.941068e-09,278.1477,283.0969,275.5581,4.690445e-06
1990-11-17,0.0,276.84515,281.60693,271.70627,5.7680313e-06
1990-11-18,0.0,278.82047,283.37546,273.42972,8.079533e-06
1990-11-19,0.0,277.15063,281.9241,273.93515,4.6296295e-06
1990-11-20,0.0,279.3318,281.0643,274.22864,4.3606947e-06
1990-11-21,4.4101856e-05,285.22507,288.42355,280.22534,1.0605599e-05
1990-11-22,5.9096083e-06,283.57785,286.82382,279.67096,8.175993e-06
1990-11-23,1.5804854e-06,281.85678,287.95868,279.16983,6.58462e-06
1990-11-24,7.730683e-05,278.1959,283.71457,275.13104,5.44455e-06
1990-11-25,1.6108492e-05,281.27982,283.86505,275.7109,5.437444e-06
1990-11-26,0.00043481064,281.08194,285.7263,278.53366,5.787037e-06
1990-11-27,0.00013675494,277.16284,279.63626,275.91437,4.6106047e-06
1990-11-28,7.7659875e-05,277.1101,277.93573,275.80597,3.5632465e-06
1990-11-29,0.000105059094,276.05014,278.1456,275.46432,3.7851064e-06
1990-11-30,1.02401e-06,275.24426,278.6675,273.52078,6.829119e-06
1990-12-01,3.4486698e-07,272.91135,277.3907,270.56335,8.975139e-06
1990-12-02,0.0,272.00403,276.41797,266.84055,4.6296295e-06
1990-12-03,3.817074e-05,271.91486,274.56598,267.61786,6.0797875e-06
1990-12-04,0.0,270.7663,275.0108,267.42194,2.7194637e-06
1990-12-05,0.0,272.95636,276.1693,267.80286,5.475374e-06
1990-12-06,4.7314093e-06,273.20212,277.7506,271.9382,7.7128525e-06
1990-12-07,0.0,270.72272,273.41824,269.13812,4.137737e-06
1990-12-08,1.8860788e-05,272.291,274.46954,267.7191,2.3148148e-06
1990-12-09,1.0324123e-05,274.5522,275.60385,271.9178,2.3148148e-06
1990-12-10,0.00037709015,276.52124,279.08237,274.6536,3.4722223e-06
1990-12-11,0.00020655652,274.56958,276.1463,273.70096,3.068411e-06
1990-12-12,6.844486e-05,274.03046,275.3654,272.3567,2.3148148e-06
1990-12-13,7.5320027e-06,274.24176,276.71112,272.8426,4.97004e-06
1990-12-14,1.14367346e-07,273.86047,280.19345,271.73926,6.1814458e-06
1990-12-15,0.0,271.37506,275.85977,267.51163,1.9543305e-07
1990-12-16,5.6631205e-08,273.15887,276.58398,270.12512,2.3666896e-06
1990-12-17,1.06075e-06,272.6021,274.15634,271.55582,3.6842334e-06
1990-12-18,1.2369093e-06,272.34668,273.7926,271.44186,4.3650143e-06
1990-12-19,6.2692e-06,270.99808,274.06903,269.27255,2.5926197e-06
1990-12-20,0.0,269.08194,271.81598,265.7835,2.3148148e-06
1990-12-21,0.0,269.68097,274.3431,265.22617,1.8004795e-06
1990-12-22,0.0,271.21783,276.21094,264.72015,2.2381082e-06
1990-12-23,0.0,274.17386,279.9662,269.49185,2.4831263e-06
1990-12-24,1.1251832e-06,270.8484,275.4303,269.04117,6.6830703e-06
1990-12-25,0.0,269.3797,270.5492,268.53616,2.8842935e-06
1990-12-26,3.223492e-05,270.60822,271.95828,268.42886,2.3148148e-06
1990-12-27,1.8393286e-05,274.77518,276.97815,270.54248,2.3148148e-06
1990-12-28,5.792854e-06,274.61707,278.58487,272.74442,3.2797752e-06
1990-12-29,1.61511e-06,272.6935,274.27414,270.50296,2.3148148e-06
1990-12-30,0.0,275.10147,278.68164,272.32724,4.1548997e-06
1990-12-31,2.3302332e-06,274.8387,276.82452,272.2242,3.3616834e-06
1991-01-01,4.6529447e-05,275.58392,277.69153,274.4381,3.014035e-06
1991-01-02,0.00019366117,273.57602,276.56735,271.3408,2.369314e-06
1991-01-03,0.0,276.59772,281.403,272.3521,5.8071682e-06
1991-01-04,4.0731e-06,279.54318,281.0876,274.91202,6.590772e-06
1991-01-05,4.572572e-05,274.4589,280.0613,273.49133,3.705972e-06
1991-01-06,0.00015227453,273.61752,276.72076,271.5837,2.3148148e-06
1991-01-07,0.0,276.2788,278.351,271.49335,3.4722223e-06
1991-01-08,1.3283149e-05,276.75558,278.89932,275.58444,3.4722223e-06
1991-01-09,3.8147195e-05,277.0953,281.84308,274.52716,5.787037e-06
1991-01-10,0.0,277.76688,283.15265,273.4512,8.828502e-06
1991-01-11,0.0,278.36136,282.3384,275.44653,4.7165e-06
1991-01-12,2.5004533e-06,278.19717,279.4548,276.1802,4.361504e-06
1991-01-13,3.547656e-05,276.5121,278.41223,275.65576,4.917919e-06
1991-01-14,4.347893e-05,273.74792,276.49902,273.2266,6.3000048e-06
1991-01-15,1.8149636e-05,272.22437,276.6633,269.6633,9.492291e-06
1991-01-16,0.0,268.6405,274.34387,266.12595,6.362865e-06
1991-01-17,0.0,266.39563,272.6092,262.8872,2.790885e-06
1991-01-18,0.0,267.52957,275.27985,262.0135,3.5363273e-06
1991-01-19,0.0,269.45132,277.35754,262.61203,1.1085343e-06
1991-01-20,0.0,267.59775,273.41342,263.56055,3.5002688e-06
1991-01-21,0.0,266.6916,270.09103,262.6847,4.434552e-06
1991-01-22,0.0,267.25595,270.0044,265.22836,4.2391453e-06
1991-01-23,0.0,266.88165,271.21063,264.43402,5.234645e-06
1991-01-24,0.0,268.6237,272.36227,263.44662,5.383956e-06
1991-01-25,0.0,270.63907,274.60867,266.27686,5.446839e-06
1991-01-26,0.0,270.19852,277.43225,264.84396,2.9094217e-06
1991-01-27,0.0,269.3597,272.3026,264.65668,4.1144413e-06
1991-01-28,0.0,271.0714,275.274,268.9102,8.852706e-06
1991-01-29,0.0,269.54578,277.5479,263.21655,5.569644e-06
1991-01-30,0.0,269.67117,275.4945,263.4686,4.9083555e-06
1991-01-31,0.0,266.82886,272.49734,263.77332,7.1553955e-06
1991-02-01,0.0,263.21115,269.56064,259.77573,6.730209e-06
1991-02-02,0.0,263.0157,270.89856,256.91272,4.5643187e-06
1991-02-03,0.0,263.6059,272.33105,256.95023,3.4722223e-06
1991-02-04,0.0,266.71146,273.366,258.5288,4.9199716e-06
1991-02-05,1.178988e-06,263.938,267.89764,261.88022,5.160964e-06
1991-02-06,1.1449006e-05,260.99512,263.72845,256.2356,3.0985557e-06
1991-02-07,6.4314634e-05,265.1063,269.89084,261.43015,3.5298576e-06
1991-02-08,6.5264125e-05,266.65616,269.011,263.1214,2.586055e-06
1991-02-09,8.453236e-05,272.8374,277.57043,263.55716,5.1772377e-06
1991-02-10,0.00014203033,276.58142,278.8674,272.78656,5.0090343e-06
1991-02-11,0.00024532893,272.945,277.3828,271.32935,4.6296295e-06
1991-02-12,2.8044578e-05,269.82266,272.14703,269.90195,4.0031487e-06
1991-02-13,6.8777066e-05,268.36783,274.28433,265.86172,4.6296295e-06
1991-02-14,0.0,265.46527,273.8616,258.48254,4.6296295e-06
1991-02-15,0.0,265.33542,273.02347,259.71777,3.920277e-06
1991-02-16,0.0,269.83432,276.07935,262.04108,7.788021e-06
1991-02-17,1.4168493e-06,270.01166,277.15543,262.91223,5.7774887e-06
1991-02-18,0.0,270.76843,279.77905,262.4341,6.9444445e-06
1991-02-19,0.0,271.49506,279.7074,265.351,8.101852e-06
1991-02-20,0.0,274.04007,283.5196,266.00922,9.259259e-06
1991-02-21,0.0,274.78308,279.9518,270.4403,5.8301457e-06
1991-02-22,0.0,276.33508,282.99704,272.8852,8.111399e-06
1991-02-23,0.0,276.7166,283.42328,270.71982,9.259259e-06
1991-02-24,0.0,279.1123,287.50815,274.15747,1.2640315e-05
1991-02-25,0.0,278.2982,287.22217,271.92517,1.3709539e-05
1991-02-26,0.0,278.57257,286.0489,272.6642,1.3643801e-05
1991-02-27,0.0,276.77832,281.5117,274.1603,9.916194e-06
1991-02-28,0.0,274.0422,276.44244,273.0595,8.941628e-06
1991-03-01,2.7172618e-07,273.5417,274.92233,272.07877,6.933852e-06
1991-03-02,3.0578074e-06,275.2819,280.26993,273.3428,8.553402e-06
1991-03-03,0.0,277.83856,282.70792,272.07074,1.0247242e-05
1991-03-04,0.0,277.98688,281.12924,275.96475,1.0182102e-05
1991-03-05,0.0,279.53638,287.1901,272.44946,1.7635817e-05
1991-03-06,0.0,281.0782,283.44165,276.84628,1.2819967e-05
1991-03-07,6.973926e-06,282.92285,286.2916,279.7658,1.3003965e-05
1991-03-08,2.3172945e-06,283.04373,287.94778,279.23312,1.0763435e-05
1991-03-09,1.129902e-05,281.0247,284.33987,276.5917,9.3723465e-06
1991-03-10,2.1726826e-06,281.24103,283.78952,278.8985,1.0397642e-05
1991-03-11,3.8338847e-05,279.9267,282.33997,278.57858,1.1437702e-05
1991-03-12,2.7455983e-06,280.07346,285.48193,276.7317,1.7738806e-05
1991-03-13,0.0,279.52762,287.9561,273.39618,2.096432e-05
1991-03-14,0.0,280.47333,288.41644,273.51083,1.8996552e-05
1991-03-15,0.0,279.6284,290.18228,271.5188,2.3057162e-05
1991-03-16,0.0,281.26575,290.18155,271.6503,2.1701286e-05
1991-03-17,0.0,280.6251,288.94547,273.00406,1.8127921e-05
1991-03-18,0.0,281.66272,289.30176,274.6829,1.780467e-05
1991-03-19,3.1726343e-06,283.07767,289.6972,277.9303,1.9719584e-05
1991-03-20,3.9172568e-07,283.7138,291.4468,278.78204,2.8545528e-05
1991-03-21,1.2041478e-06,284.50226,290.5162,278.25314,2.6253429e-05
1991-03-22,0.0,284.4017,288.5424,279.1949,2.5370075e-05
1991-03-23,6.8319537e-09,283.8794,286.19186,282.00528,1.2948936e-05
1991-03-24,6.0717448e-05,285.06512,291.69443,280.54492,1.9719035e-05
1991-03-25,0.0,283.7056,289.99277,278.9845,1.865881e-05
1991-03-26,0.0003311965,280.90125,283.2865,279.6534,1.1657881e-05
1991-03-27,6.185005e-05,277.59668,285.25592,273.69565,1.4095457e-05
1991-03-28,0.0001829784,275.67517,279.43875,272.85367,1.3517274e-05
1991-03-29,1.5817822e-07,274.43332,276.73016,273.6608,1.2301743e-05
1991-03-30,9.350604e-06,274.96027,277.31918,273.4458,1.0325436e-05
1991-03-31,0.0,279.147,284.99783,273.6656,1.977583e-05
1991-04-01,0.0,279.38177,286.04498,274.3811,2.4112851e-05
1991-04-02,0.0,281.34598,289.87302,272.17337,2.638592e-05
1991-04-03,0.0,282.12112,286.2099,277.62363,1.7361112e-05
1991-04-04,5.543133e-06,282.86075,286.78,279.27548,1.7966042e-05
1991-04-05,1.9092995e-05,282.24176,287.0678,280.1587,2.0073532e-05
1991-04-06,7.752781e-05,284.43695,290.01074,279.52966,2.236783e-05
1991-04-07,3.698456e-07,284.3751,291.1912,275.62195,2.7481516e-05
1991-04-08,0.0,283.40503,290.46643,279.1959,2.7802955e-05
1991-04-09,9.187021e-06,284.87808,291.59552,276.89395,2.712919e-05
1991-04-10,0.0,284.13824,291.53738,277.1526,3.511594e-05
1991-04-11,1.4567605e-05,282.36087,287.8767,276.1134,2.5873213e-05
1991-04-12,2.9923795e-05,283.04672,287.57684,279.3097,2.661033e-05
1991-04-13,1.3138388e-05,282.18854,287.7763,276.4985,2.1211916e-05
1991-04-14,2.4357852e-05,282.89713,289.17093,278.20468,2.7271059e-05
1991-04-15,9.714964e-06,283.43256,291.59103,274.84995,3.276087e-05
1991-04-16,2.818203e-06,285.90094,293.51065,276.08136,4.0744042e-05
1991-04-17,1.0679238e-05,274.82254,286.59357,273.37506,1.3415752e-05
1991-04-18,0.00027619518,274.19885,275.34207,273.1902,1.0271647e-05
1991-04-19,2.297848e-05,276.20602,281.9694,272.1047,1.7587425e-05
1991-04-20,1.7331257e-06,276.31024,283.04907,270.88,2.3565526e-05
1991-04-21,1.8401213e-06,277.7189,282.8131,272.95715,2.0457073e-05
1991-04-22,1.2828917e-06,278.1379,283.0294,273.9597,2.3739383e-05
1991-04-23,2.3477364e-06,278.97574,284.10825,272.0604,2.1238498e-05
1991-04-24,4.392628e-08,279.24246,284.00635,276.53824,2.4738747e-05
1991-04-25,1.2888495e-06,279.0347,284.95984,273.12952,2.5901581e-05
1991-04-26,1.24615835e-05,281.18356,287.6336,273.39868,2.679174e-05
1991-04-27,1.0186811e-05,281.22476,286.7594,278.32236,2.0727322e-05
1991-04-28,0.0,282.57376,289.485,276.38745,2.8373803e-05
1991-04-29,1.3923463e-05,283.84558,291.82687,275.55133,3.125e-05
1991-04-30,4.3150894e-06,284.89066,289.96353,279.5396,2.7099004e-05
1991-05-01,1.9088107e-05,285.0886,290.7582,280.22913,3.265766e-05
1991-05-02,4.5432458e-05,283.52658,286.94156,281.5392,1.7361112e-05
1991-05-03,0.000412344,281.70236,283.38638,280.2884,1.6126294e-05
1991-05-04,0.00035581356,278.74365,281.9386,278.18222,1.3888889e-05
1991-05-05,0.00026362523,281.72266,286.61337,278.42142,2.6595388e-05
1991-05-06,3.8580765e-05,280.94382,286.23764,276.6338,2.501559e-05
1991-05-07,2.8309703e-05,281.30096,284.75717,276.20468,1.7361112e-05
1991-05-08,2.8169172e-06,284.0514,290.40723,277.5422,3.2537886e-05
1991-05-09,1.0440746e-07,283.78793,289.52783,278.78604,2.5295592e-05
1991-05-10,0.0002438956,281.59485,283.13953,280.78735,1.5951337e-05
1991-05-11,0.00046656307,283.4439,287.95636,280.92712,2.9535748e-05
1991-05-12,3.6519123e-05,283.60754,288.4144,280.25616,2.2940067e-05
1991-05-13,1.8638097e-05,285.79974,290.43195,280.96085,3.1659296e-05
1991-05-14,0.0,286.85074,293.5985,278.22403,4.5242126e-05
1991-05-15,0.0,281.72833,289.22086,279.319,2.4025605e-05
1991-05-16,0.00022686273,279.56998,281.7209,278.01135,1.9246187e-05
1991-05-17,3.453858e-05,279.43237,281.37076,278.1848,2.125167e-05
1991-05-18,5.9322596e-05,280.90152,282.80115,277.69977,2.2246115e-05
1991-05-19,6.3667817e-06,283.73224,289.7114,279.1012,3.8152564e-05
1991-05-20,0.0,285.52502,293.23068,278.56973,4.7513953e-05
1991-05-21,0.0,288.6498,297.6404,275.60983,4.8233986e-05
1991-05-22,0.0,291.01013,299.58917,280.7306,5.4069995e-05
1991-05-23,0.0,287.10803,294.8503,283.78955,3.5211222e-05
1991-05-24,3.515448e-05,282.6088,287.66068,279.31693,3.998165e-05
1991-05-25,2.5791696e-06,283.19186,288.97507,274.52472,3.814833e-05
1991-05-26,0.0,283.8445,289.43018,279.58017,2.8082912e-05
1991-05-27,3.0097004e-05,284.05353,289.76828,277.4946,4.6873913e-05
1991-05-28,1.5336427e-06,285.8986,293.29526,274.75485,4.3515553e-05
1991-05-29,0.0,287.81177,294.94745,279.8936,5.079984e-05
1991-05-30,0.0,287.88507,295.32053,280.7956,4.453648e-05
1991-05-31,0.0,289.7237,296.7404,282.69846,5.0782703e-05
1991-06-01,0.0,290.23914,298.21994,280.10773,6.0072754e-05
1991-06-02,0.0,289.60623,295.14777,283.46317,4.0552888e-05
1991-06-03,5.446026e-06,288.74463,293.0034,282.6519,3.2701908e-05
1991-06-04,0.0003321202,283.42215,288.53088,282.14905,1.870552e-05
1991-06-05,0.00046025869,284.04886,288.4017,281.1594,2.7687867e-05
1991-06-06,1.0000459e-06,284.748,288.25314,278.1207,2.0553034e-05
1991-06-07,0.00022419864,286.59482,289.61746,283.59235,2.477426e-05
1991-06-08,1.383703e-05,289.09012,294.18747,282.57962,3.512268e-05
1991-06-09,3.6436525e-06,290.66263,297.04977,281.64813,5.0637318e-05
1991-06-10,0.0,292.6667,300.08734,282.52805,5.558596e-05
1991-06-11,2.5758732e-06,288.75903,292.88345,286.15182,2.8831495e-05
1991-06-12,7.163235e-06,290.66602,297.57278,281.0125,5.741648e-05
1991-06-13,0.0,292.23572,299.63516,282.41397,5.6343957e-05
1991-06-14,0.0,291.36276,296.33365,287.36572,3.516042e-05
1991-06-15,0.0,292.8552,298.4713,287.42065,4.4094395e-05
1991-06-16,0.0,294.51028,301.27563,285.82584,6.0929146e-05
1991-06-17,9.858469e-09,292.4611,297.10934,289.6166,3.5730638e-05
1991-06-18,0.0002012574,290.1401,296.03137,285.819,5.5141485e-05
1991-06-19,4.162978e-05,284.04874,288.8144,282.52658,2.4770095e-05
1991-06-20,0.00011266147,288.47073,294.80222,279.40546,4.2868574e-05
1991-06-21,0.0,291.463,297.55014,284.39078,5.098317e-05
1991-06-22,5.2572005e-07,293.63654,301.4903,284.12885,6.0075785e-05
1991-06-23,0.0,294.1823,302.70114,284.39392,5.7477926e-05
1991-06-24,2.8172644e-05,294.68588,302.53885,287.55637,5.7530957e-05
1991-06-25,1.8000024e-05,295.93005,301.47226,289.813,5.2191845e-05
1991-06-26,6.952759e-06,296.82767,303.5887,290.98306,5.7797464e-05
1991-06-27,2.5333491e-05,291.774,296.71838,288.95074,3.679605e-05
1991-06-28,0.00039479972,287.4384,293.45914,283.7147,4.1062412e-05
1991-06-29,4.319944e-05,286.34863,292.52533,281.83618,3.9358416e-05
1991-06-30,2.0162504e-05,288.01517,294.5578,281.06567,4.6137317e-05
1991-07-01,0.0,290.43625,297.87006,280.11765,5.4627108e-05
1991-07-02,0.0,293.68512,300.2196,282.50262,5.3254975e-05
1991-07-03,1.985945e-06,294.3973,299.13876,288.31796,4.819851e-05
1991-07-04,0.0,294.6073,301.02524,288.406,5.0229995e-05
1991-07-05,2.4203102e-05,295.5985,301.93237,290.57147,4.7068104e-05
1991-07-06,1.6008078e-05,295.92978,301.70676,290.03372,6.111819e-05
1991-07-07,0.0,295.63382,302.12372,287.76166,5.787037e-05
1991-07-08,0.0,295.95306,302.59387,289.10504,6.0070328e-05
1991-07-09,2.4784773e-05,295.11212,302.50262,290.622,5.180392e-05
1991-07-10,3.7079095e-05,295.62155,301.7853,290.66928,4.2027976e-05
1991-07-11,1.045225e-05,296.951,303.44202,290.0012,5.9544323e-05
1991-07-12,5.493016e-06,298.47192,306.01868,290.58853,5.909387e-05
1991-07-13,2.7298831e-06,296.31775,305.10474,291.2034,4.9130562e-05
1991-07-14,4.3314874e-05,291.3371,298.37222,288.7737,3.2285403e-05
1991-07-15,0.00037649463,291.67618,298.04214,287.99695,4.1679094e-05
1991-07-16,0.0,293.3697,300.05615,285.35623,5.4549408e-05
1991-07-17,3.6072623e-07,292.12057,300.35895,287.71313,5.209256e-05
1991-07-18,0.00011273936,292.3931,298.91937,286.2364,5.3843363e-05
1991-07-19,0.0,293.8573,300.12967,287.36252,5.282609e-05
1991-07-20,0.0,295.41934,301.32407,289.1804,4.219883e-05
1991-07-21,5.03807e-08,293.04086,300.72903,289.54343,3.9569142e-05
1991-07-22,0.00044721566,293.34692,298.2505,288.57053,4.4516164e-05
1991-07-23,0.0,294.0214,300.3805,286.86108,5.547416e-05
1991-07-24,0.0,295.4378,302.40778,287.5535,5.3028187e-05
1991-07-25,0.00018564604,289.46313,295.6813,288.0038,2.6902877e-05
1991-07-26,0.00030685918,289.4704,293.83914,287.26706,2.9252315e-05
1991-07-27,4.4838467e-07,290.20584,293.77383,284.655,3.0865314e-05
1991-07-28,9.4009494e-07,289.8491,292.29694,286.6264,2.8363613e-05
1991-07-29,3.9706312e-05,292.25076,297.5653,286.64316,3.8083635e-05
1991-07-30,1.8794564e-05,293.72266,300.895,286.863,5.1243085e-05
1991-07-31,0.0,292.66907,298.3613,287.79657,3.5754565e-05
1991-08-01,0.00012175875,291.66058,296.52368,287.66217,3.748192e-05
1991-08-02,1.1961693e-05,293.50568,298.45224,288.27533,3.227721e-05
1991-08-03,7.397636e-06,295.24524,298.76428,290.4302,4.8605394e-05
1991-08-04,6.717539e-06,294.62314,301.47247,289.5616,4.5257337e-05
1991-08-05,3.018528e-06,293.82788,302.07605,287.55865,4.5424793e-05
1991-08-06,4.9749356e-06,294.54565,301.85287,287.24915,5.3131665e-05
1991-08-07,0.0,295.57306,302.47363,287.82733,5.4605665e-05
1991-08-08,0.0,295.97894,303.25934,288.77353,5.3044325e-05
1991-08-09,0.0,295.90308,303.52945,289.65533,5.8106976e-05
1991-08-10,0.0,295.93878,302.63205,289.23703,5.10362e-05
1991-08-11,4.528077e-06,296.36328,302.00815,291.29865,4.1021656e-05
1991-08-12,0.0,294.9895,303.70038,289.88837,4.8643047e-05
1991-08-13,0.00021356437,294.67847,300.24805,290.3576,4.3844622e-05
1991-08-14,0.00013421212,292.85345,301.20474,288.90887,4.9969058e-05
1991-08-15,0.00025638827,291.73438,299.2727,286.75983,4.355573e-05
1991-08-16,8.16063e-06,291.9901,298.38855,286.0297,4.4164404e-05
1991-08-17,0.0,293.26312,300.61465,285.79306,4.4322696e-05
1991-08-18,5.3447097e-06,292.20584,300.94205,287.60178,4.1746214e-05
1991-08-19,0.0004835709,288.55212,293.0157,286.33606,3.5207624e-05
1991-08-20,9.79949e-07,289.90652,296.3793,282.75983,3.7574337e-05
1991-08-21,0.0,290.35504,296.02536,285.5385,3.415267e-05
1991-08-22,0.0,292.0689,298.91553,285.09604,3.9245915e-05
1991-08-23,0.0,293.38647,299.18768,288.17902,3.945193e-05
1991-08-24,4.6348728e-06,294.4856,300.4827,288.74207,3.940632e-05
1991-08-25,7.4398768e-06,293.78482,299.69177,290.75595,3.3425502e-05
1991-08-26,5.872827e-06,293.39276,299.60846,287.32092,3.9141585e-05
1991-08-27,6.0939998e-05,291.31677,296.9085,288.40683,4.2005595e-05
1991-08-28,0.0,289.2359,295.87167,283.71854,3.2407406e-05
1991-08-29,0.0,286.61276,293.27435,284.25687,2.4477153e-05
1991-08-30,4.7648857e-05,287.31088,294.4358,282.0616,3.4369456e-05
1991-08-31,0.0,288.22903,295.83017,280.17685,3.7708112e-05
1991-09-01,0.0,289.00177,296.22345,281.15152,3.652603e-05
1991-09-02,0.0,289.01492,296.5016,283.5246,3.4586817e-05
1991-09-03,0.0,289.83206,297.54034,283.47806,3.9451752e-05
1991-09-04,0.0,289.78232,297.4981,283.1357,3.677996e-05
1991-09-05,0.0,290.28992,298.4645,282.3782,3.3732227e-05
1991-09-06,0.0,292.0029,299.93884,282.69067,3.66358e-05
1991-09-07,0.0,290.60617,297.04794,286.62683,3.519712e-05
1991-09-08,4.0113446e-06,287.01016,293.05026,280.8957,3.215399e-05
1991-09-09,0.0,287.61542,295.7264,281.35138,3.2718304e-05
1991-09-10,0.0,288.7393,297.71228,280.03336,3.4683886e-05
1991-09-11,0.0,290.1697,297.74734,281.817,4.133777e-05
1991-09-12,1.4477773e-06,291.31586,296.05896,286.34735,2.209414e-05
1991-09-13,0.00018541593,288.816,292.10196,287.42606,1.5781692e-05
1991-09-14,1.3000136e-05,289.2298,290.16498,287.41653,1.596728e-05
1991-09-15,1.7444112e-05,290.78162,294.27124,288.01318,1.7869437e-05
1991-09-16,3.4191824e-05,290.9236,297.08188,287.39655,2.7988477e-05
1991-09-17,0.0,290.5612,297.5226,284.03012,2.475249e-05
1991-09-18,1.5372087e-06,290.3338,297.5162,285.96164,2.9943993e-05
1991-09-19,2.6426274e-06,288.09335,295.40244,282.923,2.824217e-05
1991-09-20,0.0,289.7258,296.50955,283.26694,2.56402e-05
1991-09-21,6.5519052e-06,289.31848,293.7716,284.15823,1.6574673e-05
1991-09-22,0.0,291.49753,297.77063,285.4692,2.9112949e-05
1991-09-23,0.0002384236,289.03677,293.71664,287.1408,1.9708923e-05
1991-09-24,0.00020053313,287.48105,293.70807,284.68848,2.6014033e-05
1991-09-25,0.0,286.95,294.62878,281.55127,2.2567196e-05
1991-09-26,2.5700135e-06,290.44467,294.36203,283.1544,1.878114e-05
1991-09-27,6.653125e-05,289.74973,294.9793,287.25156,2.6146396e-05
1991-09-28,1.9005669e-05,287.3311,292.27518,283.65515,2.009834e-05
1991-09-29,6.202558e-06,290.00516,294.34457,284.29257,1.9687379e-05
1991-09-30,6.1926403e-06,292.2974,295.6069,288.249,1.9224042e-05
1991-10-01,0.00019003556,289.02975,294.50418,286.56482,2.044426e-05
1991-10-02,1.7747924e-06,285.97794,294.11304,282.3816,2.187652e-05
1991-10-03,1.2527434e-05,283.1158,291.55493,278.73703,2.0446612e-05
1991-10-04,0.0,282.73877,290.51913,277.53,1.9464816e-05
1991-10-05,0.0,281.77658,289.57196,277.90628,2.0951205e-05
1991-10-06,0.0,283.19138,291.33078,277.07837,1.6863152e-05
1991-10-07,0.0,286.25967,292.17288,279.81653,1.949172e-05
1991-10-08,6.196129e-05,285.05176,288.39108,283.5557,1.1268556e-05
1991-10-09,0.00014156543,284.81665,290.4506,282.0841,1.39214e-05
1991-10-10,0.0,285.57687,292.41486,279.30148,1.7361112e-05
1991-10-11,0.0,285.72012,287.98352,282.7485,9.3797935e-06
1991-10-12,1.0045487e-06,286.13797,287.31418,283.5763,9.259259e-06
1991-10-13,0.00017663243,285.93283,290.32025,284.44238,1.1574074e-05
1991-10-14,0.00011708422,286.1669,291.84216,280.93094,1.4988347e-05
1991-10-15,0.00015099079,286.29785,288.62646,284.01633,9.28626e-06
1991-10-16,0.0001221412,286.05643,292.3543,282.69055,1.5512023e-05
1991-10-17,6.0251256e-07,285.55737,290.60168,280.64578,1.560709e-05
1991-10-18,7.54692e-05,283.27173,288.12897,280.1802,9.215799e-06
1991-10-19,0.0003738199,278.54935,280.9963,277.6624,7.81774e-06
1991-10-20,0.00013159058,278.0988,280.75864,276.76294,8.912032e-06
1991-10-21,1.5763779e-06,277.6799,284.21896,274.4074,1.1598241e-05
1991-10-22,0.0,276.32123,283.55466,273.29752,9.324716e-06
1991-10-23,0.0,276.99008,281.95383,270.47623,8.512592e-06
1991-10-24,0.0,277.73355,284.80994,271.73703,9.565407e-06
1991-10-25,0.0,277.7474,285.02008,275.1471,1.1539175e-05
1991-10-26,2.6308082e-06,275.64566,278.15393,273.4965,9.362371e-06
1991-10-27,0.0,274.54587,276.23172,273.11484,9.212971e-06
1991-10-28,0.0,274.92075,277.5832,272.89197,8.092304e-06
1991-10-29,0.0,274.15945,280.3676,271.7745,1.13493115e-05
1991-10-30,0.0,273.1512,278.37006,269.129,9.005382e-06
1991-10-31,0.0,273.6064,277.45145,270.84464,1.0850761e-05
1991-11-01,0.0,273.84332,279.89368,270.94827,8.115687e-06
1991-11-02,0.0,274.58838,280.71164,267.3434,5.7669363e-06
1991-11-03,0.0,279.10013,282.0639,271.36783,7.442709e-06
1991-11-04,6.7311867e-06,285.12445,287.40594,280.59827,6.461122e-06
1991-11-05,0.00042506747,278.4548,285.90213,277.21875,7.4270756e-06
1991-11-06,0.00011757629,278.50308,281.27963,276.59134,7.002316e-06
1991-11-07,1.938826e-06,276.33737,280.81915,273.01123,5.8917303e-06
1991-11-08,0.0,277.22726,285.84177,271.97855,4.742782e-06
1991-11-09,0.0,279.18317,284.32367,272.0922,6.3412285e-06
1991-11-10,0.00011856967,276.6289,282.27255,273.60144,5.7574607e-06
1991-11-11,0.0,274.0348,280.22388,270.2154,4.6296295e-06
1991-11-12,0.0,277.09583,283.19232,270.7759,7.0727538e-06
1991-11-13,2.236631e-06,282.3741,285.2008,274.18338,7.816467e-06
1991-11-14,0.00012746658,282.0652,285.00385,280.403,6.9444445e-06
1991-11-15,0.00020808674,278.88242,281.8482,275.4386,4.6296295e-06
1991-11-16,0.0002477898,278.0464,280.0028,277.65475,4.6296295e-06
1991-11-17,0.00030974415,278.11395,280.77332,275.82614,7.639034e-06
1991-11-18,1.7389927e-07,274.35526,280.68494,271.5532,4.536361e-06
1991-11-19,1.2610465e-06,276.71725,277.1906,271.8828,3.4722223e-06
1991-11-20,0.0004036537,278.4657,279.27,276.7601,3.4722223e-06
1991-11-21,0.00049027085,278.33978,279.91745,277.03314,5.3900035e-06
1991-11-22,0.00026898205,276.80545,278.44034,275.7197,4.4371945e-06
1991-11-23,8.413335e-05,275.16592,277.20724,274.43863,3.976984e-06
1991-11-24,5.013702e-05,275.97388,276.67215,274.46732,3.9921474e-06
1991-11-25,9.139319e-05,277.98425,280.32413,275.4809,3.7040643e-06
1991-11-26,1.32002e-06,277.81387,279.45227,275.71484,3.4722223e-06
1991-11-27,0.0,276.98944,278.87384,276.08658,4.6296295e-06
1991-11-28,0.0,275.15756,276.69754,273.54712,3.1773354e-06
1991-11-29,0.0,274.9676,276.05222,273.5077,4.685408e-06
1991-11-30,0.0,274.35025,276.371,273.15198,4.6026285e-06
1991-12-01,0.0,273.85153,275.0956,272.83636,4.6497303e-06
1991-12-02,0.0,273.86896,276.1636,272.8223,4.6296295e-06
1991-12-03,0.0,271.94833,275.71164,269.85416,2.3484638e-06
1991-12-04,0.0,271.0549,271.59592,268.88232,2.3148148e-06
1991-12-05,0.0,272.94354,276.60654,269.5271,2.50999e-06
1991-12-06,0.0,273.41293,277.0147,270.0897,7.459028e-06
1991-12-07,0.0,272.19943,276.32462,267.82736,3.466798e-06
1991-12-08,0.0,270.14954,272.4932,268.3275,3.3902354e-06
1991-12-09,2.9464245e-05,264.70056,270.0597,261.10532,2.261185e-06
1991-12-10,0.0,262.6232,268.035,258.56042,1.0944609e-06
1991-12-11,0.0,264.51862,271.6054,260.34088,6.3449835e-07
1991-12-12,0.0,265.73285,271.981,260.32245,1.2153558e-06
1991-12-13,0.0,266.9392,273.95547,261.25787,1.9172637e-06
1991-12-14,0.0,267.83945,276.6647,261.9569,7.4511047e-07
1991-12-15,0.0,268.0357,275.23477,262.2798,1.1013066e-06
1991-12-16,0.0,268.30533,273.36835,262.15158,8.384871e-07
1991-12-17,0.0,268.69507,274.2569,263.8364,9.4199123e-07
1991-12-18,0.0,273.00333,276.17892,265.83676,3.4195225e-06
1991-12-19,1.7477729e-05,271.9296,274.69855,268.33707,2.3681864e-06
1991-12-20,0.0,273.91174,275.97885,270.30594,2.8631794e-06
1991-12-21,3.5619763e-05,271.5364,275.37497,269.0719,2.3148148e-06
1991-12-22,8.895193e-08,275.0046,277.45914,271.67944,2.0487576e-06
1991-12-23,2.664084e-05,274.85413,276.0174,272.8523,2.3148148e-06
1991-12-24,0.0,273.41614,274.51212,271.3586,3.1458662e-06
1991-12-25,0.0,274.1378,279.7238,269.2141,4.633897e-06
1991-12-26,2.6552002e-06,271.75073,274.56537,268.92758,3.1388458e-06
1991-12-27,0.0,272.997,276.04117,268.35065,4.4234857e-06
1991-12-28,0.0,275.03683,279.82956,271.20737,1.3299115e-05
1991-12-29,0.0,271.04813,275.5501,266.71747,1.2185887e-06
1991-12-30,0.0,271.6046,278.84164,267.51263,1.530047e-06
1991-12-31,0.0,270.34555,277.51016,265.8657,2.3148148e-06
1992-01-01,0.0,269.85278,275.46252,264.27252,7.3648397e-07
1992-01-02,0.0,272.0818,280.92514,268.22437,2.5304169e-06
1992-01-03,0.0,271.87143,280.3268,266.06842,2.3131456e-06
1992-01-04,0.0,272.32388,275.7519,266.7863,3.4722223e-06
1992-01-05,1.1281095e-06,274.33603,278.97464,268.42108,5.0427757e-06
1992-01-06,0.0,273.6577,280.4575,270.50693,4.0419313e-06
1992-01-07,0.0,273.8011,280.29068,268.86298,2.7431415e-06
1992-01-08,0.0,276.22702,279.68927,270.93622,9.121328e-06
1992-01-09,1.4085457e-06,278.83734,280.356,275.11505,5.9546937e-06
1992-01-10,1.0045075e-05,278.50156,280.8491,276.47833,4.2631373e-06
1992-01-11,5.5488552e-05,277.05396,279.2153,275.88287,3.4722223e-06
1992-01-12,1.9450005e-07,274.2777,280.3357,271.9376,2.3213793e-06
1992-01-13,0.0,272.96042,275.5211,270.1012,3.4722223e-06
1992-01-14,0.0,273.6935,277.56506,271.09802,2.3484638e-06
1992-01-15,0.0,274.3507,281.45453,270.29517,2.5698023e-06
1992-01-16,0.0,272.44876,279.2196,268.29666,2.3727632e-06
1992-01-17,0.0,271.4005,273.77524,268.75946,2.5859845e-06
1992-01-18,0.0,269.36057,271.65732,267.6622,3.4722223e-06
1992-01-19,0.0,272.4009,277.38828,267.11496,3.3098397e-06
1992-01-20,1.9408357e-05,272.58948,276.18405,270.3532,5.66687e-06
1992-01-21,1.4017349e-05,267.5197,271.40244,266.68448,7.486565e-06
1992-01-22,3.3768618e-05,268.44894,269.39374,266.80634,3.1890952e-06
1992-01-23,0.000109023356,269.50525,271.8371,267.20685,4.660099e-06
1992-01-24,0.00011071861,271.88828,273.47076,269.77094,3.4722223e-06
1992-01-25,1.795267e-05,272.7708,275.70532,271.95914,4.168719e-06
1992-01-26,0.0,271.01273,273.5628,270.48993,4.8113748e-06
1992-01-27,0.0,271.18802,272.7026,269.82745,3.8674907e-06
1992-01-28,0.0,271.2296,273.1502,269.23077,4.4462427e-06
1992-01-29,0.0,272.17157,277.70316,267.29254,4.5281927e-06
1992-01-30,1.6326849e-06,273.50644,279.9523,268.78537,4.206751e-06
1992-01-31,0.0,273.95502,280.93954,268.41956,3.7465247e-06
1992-02-01,0.0,273.4696,277.87903,269.35117,5.497857e-06
1992-02-02,0.0,273.02158,277.83725,269.07275,4.051799e-06
1992-02-03,0.0,272.38443,275.91644,267.05933,4.201402e-06
1992-02-04,0.0,274.15884,279.99908,267.58908,4.4933186e-06
1992-02-05,0.0,275.0087,279.679,269.26474,5.6206404e-06
1992-02-06,0.0,276.0372,283.84384,270.18887,6.8777676e-06
1992-02-07,0.0,275.93015,283.82306,270.66528,6.3141524e-06
1992-02-08,0.0,274.34314,283.15106,269.44888,5.774321e-06
1992-02-09,0.0,274.71753,283.62537,267.08344,6.796072e-06
1992-02-10,1.2477966e-06,275.94382,278.44077,271.8813,4.9993864e-06
1992-02-11,0.00015890422,276.00787,279.9253,273.4444,5.8780956e-06
1992-02-12,0.0,276.62448,281.07126,273.74402,6.75716e-06
1992-02-13,0.0,278.51736,281.69342,272.3667,6.405822e-06
1992-02-14,3.6716323e-05,279.17056,282.32608,276.3318,7.2859675e-06
1992-02-15,2.5516422e-06,277.3646,282.70087,272.90482,8.178305e-06
1992-02-16,0.0,277.77216,281.0178,274.12958,5.2871533e-06
1992-02-17,0.00010462335,275.3374,279.0086,272.9113,9.685748e-06
1992-02-18,4.0210406e-08,271.80032,275.79013,269.89078,1.2501413e-05
1992-02-19,0.0,269.51703,275.97897,264.48935,9.121109e-06
1992-02-20,0.0,271.066,277.31506,264.4121,9.505373e-06
1992-02-21,0.0,274.2148,280.65796,266.9078,1.4149478e-05
1992-02-22,0.0,274.2969,282.46225,269.97977,1.2403485e-05
1992-02-23,0.0,274.736,280.94427,269.0841,8.2708e-06
1992-02-24,0.0,277.25732,288.15735,269.17688,1.4524037e-05
1992-02-25,0.0,277.1569,285.44247,269.7118,1.4390498e-05
1992-02-26,0.0,277.33466,285.7394,271.1161,1.5343587e-05
1992-02-27,0.0,277.85596,288.32883,269.42963,1.4722082e-05
1992-02-28,0.0,278.4603,288.79645,269.6188,1.5656735e-05
1992-02-29,0.0,278.28604,289.35217,270.457,1.6829921e-05
1992-03-01,0.0,279.0676,289.70963,270.1457,1.7425868e-05
1992-03-02,0.0,279.9326,288.72333,270.19415,2.3871597e-05
1992-03-03,0.0,278.95132,286.92514,273.57858,1.5671076e-05
1992-03-04,0.0,280.48346,292.17773,273.0703,2.246791e-05
1992-03-05,0.0,279.12054,289.0462,271.3075,1.9466272e-05
1992-03-06,0.0,280.74686,287.66803,273.3988,1.536516e-05
1992-03-07,1.6348314e-06,279.59723,285.2152,277.36246,1.4457174e-05
1992-03-08,1.21532785e-05,276.43304,282.8881,273.90637,1.9667337e-05
1992-03-09,0.0,275.31784,284.0172,268.93192,1.8042347e-05
1992-03-10,0.0,275.09204,283.40408,268.75742,1.664712e-05
1992-03-11,0.0,277.31985,284.69757,267.2547,1.7332512e-05
1992-03-12,9.977945e-06,278.2531,285.94354,274.69128,2.0796824e-05
1992-03-13,0.0,280.21976,281.50513,273.7231,1.572759e-05
1992-03-14,3.3724161e-06,278.91586,283.81134,275.6051,1.4337597e-05
1992-03-15,9.668612e-05,277.3107,281.05496,274.38153,1.1574074e-05
1992-03-16,2.1444541e-06,277.1055,282.55737,273.73685,1.84796e-05
1992-03-17,0.0,275.6808,281.72293,271.21362,1.663901e-05
1992-03-18,0.0,276.7241,281.4079,271.23468,1.401867e-05
1992-03-19,0.0,278.7551,286.20926,270.79303,2.1187945e-05
1992-03-20,0.0,279.86353,285.88086,273.08008,1.5456664e-05
1992-03-21,3.1107375e-05,282.88004,290.35968,276.61276,2.1855045e-05
1992-03-22,6.6052686e-05,276.9832,283.3384,274.68597,1.4177271e-05
1992-03-23,7.445202e-06,279.3027,281.8715,275.88345,1.1574074e-05
1992-03-24,0.00019334174,280.76215,283.90344,279.06088,1.1034389e-05
1992-03-25,0.0006287774,279.04272,282.8768,276.34863,1.6741418e-05
1992-03-26,2.8197133e-05,273.96994,279.17975,273.49527,9.139092e-06
1992-03-27,0.00039876174,275.97018,280.4811,273.3165,9.76084e-06
1992-03-28,1.9655012e-05,275.0202,276.60635,274.04803,9.198323e-06
1992-03-29,0.00013520654,275.77856,281.33847,271.08624,1.5595298e-05
1992-03-30,1.2359011e-06,276.24954,279.30634,274.21005,9.490228e-06
1992-03-31,2.4998717e-05,279.36734,283.21985,274.54428,1.2796378e-05
1992-04-01,9.9884004e-05,280.5419,285.5117,277.58902,2.3055933e-05
1992-04-02,1.7800821e-05,279.4811,284.5505,274.4652,1.9869905e-05
1992-04-03,1.919716e-06,281.931,286.6977,275.27368,2.0122347e-05
1992-04-04,4.4494096e-05,283.9576,287.2904,281.80542,2.390825e-05
1992-04-05,1.1692988e-05,281.98242,286.01566,279.6304,1.5734755e-05
1992-04-06,0.00015635611,278.71146,281.3992,277.60104,1.292672e-05
1992-04-07,0.00011436471,279.13745,282.60202,276.824,1.6792279e-05
1992-04-08,0.0,280.9603,285.21674,275.99374,2.0556956e-05
1992-04-09,0.0,280.6464,285.73868,275.24133,2.4222427e-05
1992-04-10,0.0,281.2087,287.95734,272.70383,4.109135e-05
1992-04-11,0.0,281.13385,287.48462,274.56653,4.365704e-05
1992-04-12,0.0,281.66083,289.77124,272.8599,2.9068002e-05
1992-04-13,0.0,284.32123,291.6431,273.74524,2.855808e-05
1992-04-14,2.0071035e-05,281.6046,288.07404,278.39615,2.9571816e-05
1992-04-15,0.0,281.04837,286.3224,273.3653,2.2801158e-05
1992-04-16,0.00018864124,279.45422,283.5107,277.5836,1.4854275e-05
1992-04-17,0.00011255855,277.91177,280.92294,276.65375,1.7373235e-05
1992-04-18,1.0329946e-05,279.87936,286.78,272.48404,3.3897482e-05
1992-04-19,0.0,284.34818,292.97583,273.28818,3.4656867e-05
1992-04-20,0.0,281.9585,287.1082,279.2928,3.0379557e-05
1992-04-21,3.3596422e-07,281.26556,289.0166,272.49286,3.7131478e-05
1992-04-22,0.0,284.00702,289.37994,275.03107,3.411703e-05
1992-04-23,0.0,282.75455,286.2599,280.85385,1.7934473e-05
1992-04-24,1.26434525e-05,285.30975,293.17056,278.22012,3.6359255e-05
1992-04-25,0.0,288.22504,297.60413,278.03705,4.752873e-05
1992-04-26,0.0,289.18546,299.11536,280.63705,4.6455625e-05
1992-04-27,7.158061e-06,288.97156,297.7922,279.95523,4.4111057e-05
1992-04-28,4.687323e-06,288.76782,295.01242,284.14355,3.248057e-05
1992-04-29,3.2849505e-06,283.8834,290.85504,279.49182,1.9484733e-05
1992-04-30,0.00048220853,279.32782,280.86057,277.04453,1.6706816e-05
1992-05-01,3.173167e-05,284.1385,288.65863,278.82126,2.5118175e-05
1992-05-02,2.632493e-06,286.48108,291.7214,281.6442,2.7582573e-05
1992-05-03,4.2340444e-06,289.2658,295.88257,282.59262,4.395877e-05
1992-05-04,3.2675866e-06,287.81213,294.58813,280.35446,4.983688e-05
1992-05-05,0.0,286.9877,293.87637,279.59717,4.6642028e-05
1992-05-06,0.0,288.6807,294.92508,280.81802,4.3110904e-05
1992-05-07,0.0,288.11227,295.24054,279.4372,4.5940254e-05
1992-05-08,0.0,289.02023,296.88916,280.33746,3.9475133e-05
1992-05-09,0.0,289.94434,296.04077,281.04288,3.835956e-05
1992-05-10,1.3314958e-07,289.6377,296.98755,282.5153,4.3625925e-05
1992-05-11,7.740559e-06,286.93445,295.2698,282.80075,4.0066112e-05
1992-05-12,0.000115981624,285.99747,292.0262,280.16965,4.3562577e-05
1992-05-13,0.0,288.73138,296.34662,278.16876,4.866293e-05
1992-05-14,0.0,290.41315,298.10434,281.5901,5.609265e-05
1992-05-15,0.0,290.48578,297.70053,283.01038,5.2391686e-05
1992-05-16,0.0,291.2658,298.77673,283.20996,5.2941097e-05
1992-05-17,0.0,291.45306,299.72583,282.72736,4.8336726e-05
1992-05-18,1.0934448e-06,287.10706,294.1083,281.58875,4.8231446e-05
1992-05-19,2.4804108e-06,284.77338,290.17972,281.33203,3.300489e-05
1992-05-20,3.9216153e-05,284.06454,287.12067,280.84103,2.4461033e-05
1992-05-21,4.7383505e-08,285.09216,291.23282,279.8208,3.1436823e-05
1992-05-22,0.0,286.488,294.0145,279.62204,3.2897733e-05
1992-05-23,3.384315e-05,285.8668,288.53616,283.68915,2.2834025e-05
1992-05-24,3.1610416e-05,289.0091,294.56982,283.42838,3.8610822e-05
1992-05-25,8.8750085e-06,289.53583,295.8802,283.1834,4.8477144e-05
1992-05-26,0.0,289.1671,295.23438,282.27783,5.2113006e-05
1992-05-27,0.0,289.65256,295.67133,282.5258,4.4400644e-05
1992-05-28,1.1602745e-06,288.15262,294.40018,283.30865,4.2845342e-05
1992-05-29,2.2749617e-05,289.35565,295.25583,281.05084,4.172484e-05
1992-05-30,3.374242e-05,289.5296,293.38394,285.11633,2.97318e-05
1992-05-31,1.5480855e-06,290.52777,295.5197,285.33145,3.602886e-05
1992-06-01,6.7965693e-06,290.50256,294.46292,287.19556,3.2072454e-05
1992-06-02,7.936005e-05,293.72006,299.48807,285.10992,4.4567332e-05
1992-06-03,2.5106588e-06,291.90195,298.13596,288.7507,3.207103e-05
1992-06-04,0.00012946462,290.78275,297.19803,287.0843,4.720047e-05
1992-06-05,0.00019922489,289.94476,295.79233,286.89288,4.07125e-05
1992-06-06,2.2107946e-05,288.26498,294.32278,281.97226,5.1693358e-05
1992-06-07,4.335424e-06,287.89243,293.56097,280.62878,3.8788028e-05
1992-06-08,3.7830865e-05,287.51807,292.22467,284.2644,3.2053304e-05
1992-06-09,8.2659135e-05,287.81287,294.15222,282.54953,3.477723e-05
1992-06-10,3.4643574e-05,288.73517,294.64694,283.23264,3.6765494e-05
1992-06-11,2.6590276e-05,288.37442,293.3137,284.6788,3.0302388e-05
1992-06-12,3.5569e-05,286.63098,288.69305,285.20578,2.0789872e-05
1992-06-13,0.00028937837,288.0739,292.38177,284.2827,2.6570753e-05
1992-06-14,2.6067126e-05,291.74237,297.87338,285.16104,4.631875e-05
1992-06-15,1.1564563e-05,292.61365,299.41977,282.9624,5.1869567e-05
1992-06-16,0.0,292.63345,298.8851,287.2935,5.40586e-05
1992-06-17,1.2978937e-07,292.10867,299.0462,285.5557,4.902422e-05
1992-06-18,2.0672316e-05,292.8168,297.83072,286.76083,5.2891603e-05
1992-06-19,4.2741176e-06,291.13202,295.22446,284.4028,3.4757453e-05
1992-06-20,8.597444e-05,290.92798,296.6369,288.46072,3.843972e-05
1992-06-21,2.5829255e-05,292.30997,299.1213,284.94174,5.8428082e-05
1992-06-22,0.0,293.0889,299.20618,285.79532,5.297253e-05
1992-06-23,0.0,292.15073,297.6217,287.7853,4.119323e-05
1992-06-24,9.667614e-06,293.09457,299.64752,285.92603,6.194468e-05
1992-06-25,2.0505673e-05,290.324,294.58243,286.61087,2.8211854e-05
1992-06-26,3.1021897e-05,291.523,296.98224,284.9552,4.451387e-05
1992-06-27,0.0,290.6157,296.6865,282.9369,5.6237503e-05
1992-06-28,0.0,289.98413,296.43973,282.17633,4.8655238e-05
1992-06-29,0.0,292.25333,298.5717,281.40225,5.4735017e-05
1992-06-30,0.0,292.90558,300.0242,282.1656,6.066112e-05
1992-07-01,0.0,292.6127,300.44168,283.2183,6.471603e-05
1992-07-02,0.0,291.83182,299.78867,283.16177,5.5035027e-05
1992-07-03,6.5502263e-07,293.91867,301.1924,284.499,5.710295e-05
1992-07-04,4.831166e-06,294.46356,301.3133,284.84567,6.238505e-05
1992-07-05,6.495595e-05,288.35635,294.54642,286.37177,2.4783689e-05
1992-07-06,0.0001542081,289.54105,295.3174,284.52267,3.797319e-05
1992-07-07,2.103806e-07,290.77405,296.02066,285.8242,3.69141e-05
1992-07-08,5.6417384e-06,291.60977,297.1197,285.21765,4.3474753e-05
1992-07-09,9.489931e-06,291.34427,297.21185,285.9592,4.053662e-05
1992-07-10,6.79458e-05,290.49704,295.1913,288.0091,3.2884862e-05
1992-07-11,1.16216725e-05,290.09396,295.0729,285.9347,2.7893448e-05
1992-07-12,0.0001929893,289.06107,292.3824,287.45825,2.5252695e-05
1992-07-13,6.454625e-05,292.1064,298.15488,286.3947,5.3191146e-05
1992-07-14,0.0,292.2049,299.13095,282.6745,5.1018884e-05
1992-07-15,0.0,293.30722,300.28366,285.64847,4.4016306e-05
1992-07-16,9.549059e-06,291.54544,297.4263,289.0396,3.4778892e-05
1992-07-17,0.00014261337,292.9959,298.73456,287.78445,5.056247e-05
1992-07-18,0.0,295.3805,301.72864,287.0712,4.7013e-05
1992-07-19,0.0,293.9427,298.15582,291.21664,4.1631014e-05
1992-07-20,0.0,293.85828,300.2927,287.95013,5.779007e-05
1992-07-21,0.0,294.3942,301.0439,286.57355,6.022427e-05
1992-07-22,0.0,296.04257,302.6691,287.3588,6.2657666e-05
1992-07-23,0.0,295.92053,303.4312,290.07224,5.6717872e-05
1992-07-24,3.4876553e-05,295.5364,300.75015,288.76028,5.3099102e-05
1992-07-25,2.015079e-07,294.06375,301.28305,289.6666,4.5369427e-05
1992-07-26,6.3176567e-06,296.29517,303.47308,288.42862,5.8282232e-05
1992-07-27,0.0,297.12466,304.64218,289.52924,6.215497e-05
1992-07-28,3.1884378e-05,294.6247,298.85504,291.3957,3.9392322e-05
1992-07-29,2.340701e-05,292.93884,299.50015,287.6611,5.5238386e-05
1992-07-30,0.0,294.96274,302.32474,285.61533,5.2083335e-05
1992-07-31,0.0,298.4242,306.08112,288.5059,5.9477603e-05
1992-08-01,0.0,298.21814,305.8462,291.7286,6.107435e-05
1992-08-02,5.2037863e-06,297.5126,305.52985,290.10287,6.222447e-05
1992-08-03,4.63833e-06,298.1977,306.7123,288.94318,6.102167e-05
1992-08-04,2.3400955e-06,295.5424,305.81882,289.60117,5.7193098e-05
1992-08-05,9.522707e-05,295.39203,301.2843,289.71774,5.541434e-05
1992-08-06,0.0,297.03754,304.95584,288.2188,5.6009347e-05
1992-08-07,0.0,297.89368,305.15955,289.10458,5.7885074e-05
1992-08-08,0.0,297.7758,306.02325,290.4922,6.1248356e-05
1992-08-09,0.0,297.85944,307.0678,289.00458,6.225665e-05
1992-08-10,0.0,293.87143,304.6263,288.91605,5.086408e-05
1992-08-11,3.57324e-05,293.8284,301.31778,286.6895,4.6907157e-05
1992-08-12,8.718043e-06,293.80173,299.92868,288.0485,4.541165e-05
1992-08-13,2.435192e-06,294.43112,302.19794,286.33252,5.147962e-05
1992-08-14,2.6970376e-06,294.56018,302.246,287.03586,4.9029193e-05
1992-08-15,7.347974e-05,290.61652,294.87115,288.18347,2.405061e-05
1992-08-16,6.46321e-05,292.95758,299.985,286.44943,4.487352e-05
1992-08-17,0.0,294.78418,304.3728,286.1971,5.3041458e-05
1992-08-18,0.0,296.96527,306.5075,285.5673,5.28135e-05
1992-08-19,0.0,298.36636,308.585,286.77344,5.4181168e-05
1992-08-20,0.0,298.46625,308.93204,287.49976,5.5723263e-05
1992-08-21,0.0,297.97577,307.94662,287.04297,5.7441943e-05
1992-08-22,0.0,293.49036,303.5149,288.52487,4.175815e-05
1992-08-23,0.000116060124,292.38382,298.45395,288.98822,2.7746353e-05
1992-08-24,6.134362e-05,294.45053,301.83707,289.00507,4.292419e-05
1992-08-25,0.0,295.94696,305.18527,287.74493,5.353342e-05
1992-08-26,0.0,296.40195,305.30453,286.64767,5.791229e-05
1992-08-27,0.0,297.0534,305.68262,289.94473,5.144045e-05
1992-08-28,0.0,297.10825,306.61984,286.56427,5.3027157e-05
1992-08-29,0.0,296.90936,304.8006,287.47327,5.662523e-05
1992-08-30,7.401142e-07,291.60294,296.72037,289.53812,3.0180607e-05
1992-08-31,6.684579e-05,292.30304,298.5146,284.80356,3.7184174e-05
1992-09-01,9.671819e-06,287.72858,294.10757,283.201,2.966445e-05
1992-09-02,8.209345e-05,287.3233,295.13226,278.38058,3.596222e-05
1992-09-03,0.0,289.34033,298.4766,279.17264,3.6992675e-05
1992-09-04,0.0,283.46255,289.9416,281.0285,1.5164448e-05
1992-09-05,0.000608712,285.32748,292.55173,278.14966,3.665501e-05
1992-09-06,0.0,285.17,293.6287,277.09094,3.6545953e-05
1992-09-07,0.0,286.50964,296.1164,274.79083,3.9428618e-05
1992-09-08,0.0,289.29047,297.74722,280.4926,3.691063e-05
1992-09-09,0.0,288.9861,295.40503,283.24622,2.7653292e-05
1992-09-10,0.0,290.27063,295.8293,284.89594,2.7472419e-05
1992-09-11,6.710403e-06,291.60706,299.56766,285.36115,3.161105e-05
1992-09-12,2.158269e-06,291.55908,299.95288,284.57748,3.471571e-05
1992-09-13,0.0,290.76636,298.79523,284.25046,3.144211e-05
1992-09-14,0.0,290.83264,298.64996,283.8788,3.2010917e-05
1992-09-15,3.627429e-05,289.9995,295.1869,286.2081,2.5526215e-05
1992-09-16,0.0,290.34546,298.36844,284.03818,3.3149037e-05
1992-09-17,0.0,289.8585,297.62155,283.4444,3.2069922e-05
1992-09-18,0.0,288.94373,295.02182,284.43735,2.4305555e-05
1992-09-19,0.0,287.3316,295.14047,282.53543,2.9210258e-05
1992-09-20,0.0,287.08408,295.5284,280.67404,2.808942e-05
1992-09-21,0.0,287.48355,295.67285,279.0651,2.2168178e-05
1992-09-22,0.0,289.36703,296.83676,280.4299,2.8172106e-05
1992-09-23,3.891658e-06,289.141,297.19534,282.71817,2.63728e-05
1992-09-24,4.406273e-06,288.21338,292.6901,283.64093,1.5546284e-05
1992-09-25,0.00024961014,287.43726,293.98575,284.55893,2.2973121e-05
1992-09-26,0.0,287.70016,294.86057,278.21848,2.4758216e-05
1992-09-27,4.910517e-06,289.99142,296.36044,284.1447,2.9914043e-05
1992-09-28,9.829853e-08,289.29227,293.83896,286.05267,1.5458672e-05
1992-09-29,5.589643e-07,288.26712,295.46948,284.12994,2.2581524e-05
1992-09-30,9.546436e-05,288.49576,294.73004,284.59174,2.3022876e-05
1992-10-01,0.000114234674,286.10004,288.5684,284.22034,1.2634225e-05
1992-10-02,1.603876e-06,285.80676,291.51056,281.93484,1.7519373e-05
1992-10-03,9.768202e-06,283.53445,285.81378,281.7413,1.0373206e-05
1992-10-04,0.0001658303,285.07388,286.4327,283.4887,1.0902994e-05
1992-10-05,0.00024011123,286.46735,287.77057,283.92892,1.1249759e-05
1992-10-06,0.00034952833,286.76938,290.69366,285.09232,1.2731482e-05
1992-10-07,6.6332956e-05,287.2515,293.4043,283.2013,1.9679077e-05
1992-10-08,3.967743e-06,286.119,292.1537,282.59543,1.6059877e-05
1992-10-09,0.0,285.77856,291.1791,281.56802,1.387421e-05
1992-10-10,8.575934e-06,284.44476,286.79666,282.84033,9.259259e-06
1992-10-11,0.00025464554,283.03308,284.408,282.3544,8.194246e-06
1992-10-12,0.00013661571,281.39005,283.37152,280.33405,1.0803066e-05
1992-10-13,9.2874434e-05,276.5848,283.4775,273.91867,1.6344497e-05
1992-10-14,0.0,276.5232,284.3521,270.96384,1.2660421e-05
1992-10-15,0.0,279.4016,285.14197,272.01544,1.3164605e-05
1992-10-16,1.2743206e-07,282.35364,283.1349,278.83304,6.9444445e-06
1992-10-17,0.00032935527,285.1296,287.55444,281.9994,8.101852e-06
1992-10-18,0.0007726218,277.52713,286.86963,274.2875,7.219673e-06
1992-10-19,0.0002573483,276.5014,280.02777,273.77158,8.208507e-06
1992-10-20,3.3567434e-05,278.74515,280.82657,275.55643,6.9444445e-06
1992-10-21,3.194104e-05,281.09137,282.3303,278.70743,6.2630393e-06
1992-10-22,0.00026908476,278.93805,285.12463,276.4409,1.1511128e-05
1992-10-23,2.2579043e-06,279.12613,283.6525,274.70215,8.101852e-06
1992-10-24,6.426514e-07,279.31024,285.77438,276.01163,1.054705e-05
1992-10-25,4.3949127e-05,281.12778,286.93726,274.103,1.3863602e-05
1992-10-26,3.8921495e-05,282.77917,290.0179,278.84576,1.2801654e-05
1992-10-27,5.878766e-06,279.73642,284.24228,275.8183,8.710083e-06
1992-10-28,1.9696397e-06,284.1422,287.68918,276.77747,8.210921e-06
1992-10-29,0.00012589656,281.21735,288.34747,276.05652,9.502399e-06
1992-10-30,0.00064419216,277.40155,278.50305,275.06393,5.3694453e-06
1992-10-31,0.00026267784,280.3026,282.49545,277.35486,5.787037e-06
1992-11-01,0.00013174316,279.52527,281.55273,278.93433,6.9009843e-06
1992-11-02,0.00012650684,281.8995,283.61472,278.0642,5.787037e-06
1992-11-03,3.4204546e-05,284.3729,286.98486,281.55304,6.793943e-06
1992-11-04,0.00024702153,280.32986,285.01645,278.55496,6.7336227e-06
1992-11-05,0.0,281.39832,283.92917,278.95636,6.9107955e-06
1992-11-06,0.0,280.09818,282.46857,277.1764,5.811399e-06
1992-11-07,0.0,278.78436,285.94888,274.6829,6.7584474e-06
1992-11-08,0.0,280.99722,287.3352,274.352,7.1622967e-06
1992-11-09,1.3216747e-06,279.27994,283.11847,277.69016,8.305737e-06
1992-11-10,0.0,280.9393,283.76102,275.40277,6.9444445e-06
1992-11-11,3.331099e-06,281.49356,283.17157,278.85464,5.787037e-06
1992-11-12,2.5517384e-05,278.9451,283.619,276.02408,6.838044e-06
1992-11-13,3.525773e-05,275.19208,278.03598,272.35764,4.498878e-06
1992-11-14,3.1639524e-05,275.1237,280.60388,271.23676,4.6566306e-06
1992-11-15,0.0,278.43948,281.43716,269.82632,6.2952445e-06
1992-11-16,6.828286e-05,284.38785,286.60724,278.94366,5.390935e-06
1992-11-17,0.00067822414,280.75745,285.28024,278.29373,5.898667e-06
1992-11-18,0.00011644971,275.68802,280.0912,273.64758,4.6958758e-06
1992-11-19,8.406002e-07,273.80682,276.9675,270.87332,3.4722223e-06
1992-11-20,0.0,273.66104,278.99802,270.00635,4.006445e-06
1992-11-21,0.0,273.0557,275.45404,269.47955,3.1059112e-06
1992-11-22,0.0,277.69327,284.23822,272.14322,4.817001e-06
1992-11-23,0.0,278.50156,284.6346,273.71683,5.697741e-06
1992-11-24,0.0,276.0291,279.12378,273.34262,3.4912468e-06
1992-11-25,0.0,279.6945,283.9783,274.83932,9.047617e-06
1992-11-26,0.0,281.53308,284.7326,277.47937,7.368041e-06
1992-11-27,0.0,278.43796,284.4508,275.19022,4.0250275e-06
1992-11-28,0.0,279.53958,284.30264,273.05713,4.6742407e-06
1992-11-29,0.0,277.61444,280.86694,275.7163,3.7430432e-06
1992-11-30,1.9692445e-05,277.40894,279.04654,276.23767,3.4890722e-06
1992-12-01,4.0355303e-06,278.0618,279.60562,276.02237,3.4722223e-06
1992-12-02,3.0967676e-06,281.11465,282.52548,277.0623,4.1613853e-06
1992-12-03,0.00021273465,284.72192,285.29047,281.70486,7.868148e-06
1992-12-04,0.00022317935,282.16852,285.6439,278.96545,1.0968654e-05
1992-12-05,5.1361232e-05,283.10413,285.05115,281.46045,5.877194e-06
1992-12-06,0.0006879966,277.33423,282.58826,274.87854,1.3743975e-05
1992-12-07,0.0,274.22638,277.37686,270.21667,3.4722223e-06
1992-12-08,8.745522e-05,273.7779,275.3681,273.082,3.995621e-06
1992-12-09,0.0001558642,273.9588,274.52237,273.3303,3.0975843e-06
1992-12-10,9.599791e-05,274.45462,275.83286,273.7575,4.248002e-06
1992-12-11,3.705404e-06,274.31107,275.1782,273.63754,4.3455184e-06
1992-12-12,0.0,274.02087,276.58847,271.87674,3.1934253e-06
1992-12-13,0.0,271.9601,275.25165,269.8774,2.3148148e-06
1992-12-14,0.0,272.61395,277.9265,268.48175,4.6198792e-07
1992-12-15,0.0,270.36243,273.29602,267.67645,1.3531235e-06
1992-12-16,0.0,270.76944,271.4138,268.5034,1.4056728e-06
1992-12-17,0.0,271.16446,272.91232,269.87952,2.3148148e-06
1992-12-18,0.0,270.6279,272.24994,270.13962,2.3148148e-06
1992-12-19,0.0,270.24588,272.5193,268.59393,2.3148148e-06
1992-12-20,0.0,270.1133,270.99792,268.7831,2.1133487e-06
1992-12-21,0.0,271.7715,274.233,268.53058,2.3148148e-06
1992-12-22,0.0,272.9309,274.56592,269.778,3.462674e-06
1992-12-23,2.7789345e-06,272.59015,274.22412,271.7577,3.4432862e-06
1992-12-24,1.8604769e-06,269.44772,272.44543,268.2285,5.1090637e-06
1992-12-25,0.0,266.71646,268.84976,266.44708,4.4820767e-06
1992-12-26,0.0,265.99026,268.67477,264.4323,2.8575098e-06
1992-12-27,0.0,267.26678,271.41278,262.49356,1.7549335e-06
1992-12-28,0.0,269.41135,272.39407,265.50372,8.491813e-06
1992-12-29,0.0,265.45673,271.2122,261.88663,2.217558e-06
1992-12-30,0.0,265.65884,272.39993,260.26132,1.1061766e-06
1992-12-31,0.0,264.96155,269.63605,261.40454,2.2953286e-06
1993-01-01,0.0,267.03308,271.7932,262.78094,6.112667e-06
1993-01-02,1.0435585e-06,264.53516,267.6176,261.90875,5.7211137e-06
1993-01-03,0.0,266.78656,268.7934,264.659,6.952216e-06
1993-01-04,1.0825551e-05,266.78824,268.72937,265.2156,4.329423e-06
1993-01-05,7.3033834e-07,264.0353,270.11728,260.51843,2.0937514e-06
1993-01-06,0.0,265.9969,270.8064,258.87314,1.2209817e-06
1993-01-07,0.0,270.627,274.0711,266.07516,3.3070692e-06
1993-01-08,0.0,273.905,278.43875,269.31647,3.4722223e-06
1993-01-09,0.0,273.34186,275.64948,269.53088,3.4722223e-06
1993-01-10,0.0,272.20624,275.08386,268.9901,2.3148148e-06
1993-01-11,0.0,278.05328,280.60278,269.78842,5.228925e-06
1993-01-12,2.0553978e-06,280.1633,282.53784,278.38873,6.9609323e-06
1993-01-13,3.6694557e-06,277.75934,280.75922,276.08615,3.5711168e-06
1993-01-14,9.259998e-06,277.57257,282.77414,274.3563,5.6066624e-06
1993-01-15,0.0,274.598,279.62402,271.5874,3.4722223e-06
1993-01-16,0.0,275.0875,283.65952,270.98822,3.4467778e-06
1993-01-17,0.0,274.90555,283.58224,269.6419,5.1806383e-06
1993-01-18,0.0,273.73056,278.79175,270.82718,4.0467885e-06
1993-01-19,0.0,273.2488,279.47058,269.3386,3.4722223e-06
1993-01-20,0.0,272.53052,276.44913,268.63684,3.5758853e-06
1993-01-21,0.0,273.7904,282.8285,269.41534,4.0726263e-06
1993-01-22,0.0,274.9652,280.47455,269.29016,7.4009254e-06
1993-01-23,0.0,276.64264,280.47937,272.88602,6.9316598e-06
1993-01-24,0.0,278.004,280.0406,272.84113,1.0303052e-05
1993-01-25,3.7758189e-06,278.67557,281.0905,276.3378,1.4588376e-05
1993-01-26,1.9317899e-07,273.88773,279.8979,270.64603,1.106349e-05
1993-01-27,0.0,275.2979,282.51703,269.0788,1.1736722e-05
1993-01-28,0.0,273.36465,275.71054,270.8602,5.787037e-06
1993-01-29,0.0,276.63873,282.52524,272.15002,1.0791709e-05
1993-01-30,5.749932e-06,270.89685,275.4555,269.48944,7.5987327e-06
1993-01-31,0.0,267.90915,273.86807,264.0596,5.557311e-06
1993-02-01,0.0,270.0512,277.9039,263.39203,4.7509266e-06
1993-02-02,0.0,270.63083,278.72348,264.3459,5.1971474e-06
1993-02-03,0.0,272.77652,282.97107,265.9711,7.906768e-06
1993-02-04,0.0,273.65396,283.5541,266.1873,8.101852e-06
1993-02-05,0.0,275.89026,287.26224,268.07697,1.3158408e-05
1993-02-06,0.0,275.7574,285.53754,268.79074,1.0497082e-05
1993-02-07,0.0,276.05032,281.1849,271.39252,9.20358e-06
1993-02-08,0.0,275.2428,281.35556,271.87946,7.3125307e-06
1993-02-09,0.0,273.32654,279.6851,268.80206,7.0514407e-06
1993-02-10,0.0,273.08734,279.63297,268.70456,7.0539454e-06
1993-02-11,0.0,272.943,279.97678,268.3929,9.409201e-06
1993-02-12,0.0,272.9873,278.553,268.01065,1.0022355e-05
1993-02-13,0.0,272.3482,280.2744,267.71362,7.0179303e-06
1993-02-14,0.0,271.06592,273.79138,266.54776,6.3460143e-06
1993-02-15,0.0,273.36807,276.84995,270.8494,1.1345791e-05
1993-02-16,0.0,271.7282,275.91797,268.84543,1.0981692e-05
1993-02-17,0.0,268.765,272.12326,264.28278,5.8268597e-06
1993-02-18,0.0,272.55185,276.11594,265.81073,6.9444445e-06
1993-02-19,0.0,273.04422,278.0306,269.52722,9.215799e-06
1993-02-20,8.385951e-06,274.94485,281.8801,269.59842,1.701429e-05
1993-02-21,0.0,275.32263,279.2782,269.76666,1.2354115e-05
1993-02-22,0.0,272.0289,277.2408,268.84766,2.5539948e-05
1993-02-23,0.0,270.49463,276.24237,264.5631,1.762048e-05
1993-02-24,0.0,272.71274,275.12857,269.221,1.754485e-05
1993-02-25,0.0,274.00848,279.26355,270.02948,1.4542974e-05
1993-02-26,0.0,272.5603,278.85922,267.9434,9.403073e-06
1993-02-27,0.0,273.465,277.38583,268.5269,7.588139e-06
1993-02-28,1.42126655e-05,276.85315,282.43695,271.58325,1.4847491e-05
1993-03-01,0.0,274.6131,277.54465,270.4247,1.1632737e-05
1993-03-02,1.18797004e-07,272.85406,276.06607,272.18314,7.607039e-06
1993-03-03,7.854193e-06,272.98508,274.65594,271.7197,6.7883902e-06
1993-03-04,4.671597e-06,271.3493,273.44052,269.7438,8.55285e-06
1993-03-05,8.188534e-06,269.64752,274.70486,265.9496,9.083019e-06
1993-03-06,0.0,271.86002,279.26843,264.55783,1.2250064e-05
1993-03-07,2.3789253e-06,273.1033,275.91302,269.73807,8.122942e-06
1993-03-08,1.4885965e-05,273.84933,280.1034,269.0943,1.8549927e-05
1993-03-09,0.0,274.9097,281.28857,270.65356,1.723387e-05
1993-03-10,0.0,275.5854,283.88818,268.24347,1.6970076e-05
1993-03-11,0.0,278.12512,286.10077,268.51862,1.6731487e-05
1993-03-12,0.0,277.6714,286.81448,270.5549,1.930943e-05
1993-03-13,0.0,278.66513,287.197,269.70007,2.1063981e-05
1993-03-14,0.0,278.6023,287.1776,270.15103,1.9675927e-05
1993-03-15,0.0,279.92822,289.025,270.39688,2.0833333e-05
1993-03-16,0.0,280.2874,290.4483,272.12582,2.430013e-05
1993-03-17,0.0,281.492,289.0055,272.60916,1.6521268e-05
1993-03-18,0.0,284.4392,296.06842,274.167,2.5397738e-05
1993-03-19,0.0,283.84326,291.46664,275.98184,1.7872582e-05
1993-03-20,0.0,283.79816,295.7174,272.216,3.2422282e-05
1993-03-21,0.0,285.21194,293.8759,274.1159,3.1922864e-05
1993-03-22,0.0,284.29984,290.38504,278.02747,2.4373663e-05
1993-03-23,3.4776879e-06,284.10287,288.90945,280.46988,1.888498e-05
1993-03-24,7.472674e-05,278.02643,284.0912,277.2302,1.14962295e-05
1993-03-25,0.00019904405,274.93488,277.32175,274.08884,1.1346181e-05
1993-03-26,7.077683e-05,275.45193,279.49567,274.14676,1.8453724e-05
1993-03-27,1.9529143e-06,275.53696,279.59454,271.0216,2.5449537e-05
1993-03-28,0.0,276.48712,280.72595,273.79544,3.414285e-05
1993-03-29,0.0,275.3149,281.02814,271.4166,2.6542151e-05
1993-03-30,0.0,275.25742,281.3954,267.9295,1.9543095e-05
1993-03-31,0.0,278.3571,285.37924,269.2108,2.1780239e-05
1993-04-01,0.0,280.53973,288.9952,272.80356,2.8946302e-05
1993-04-02,0.0,279.1153,284.72876,271.92053,1.8937799e-05
1993-04-03,0.0,276.33368,279.92975,274.09872,1.3599434e-05
1993-04-04,3.127514e-05,278.71484,284.0865,274.95456,1.6521772e-05
1993-04-05,5.1849867e-08,280.2028,286.46432,275.90714,2.5301959e-05
1993-04-06,0.0,280.8679,288.7074,273.2206,2.7750675e-05
1993-04-07,0.0,282.69366,289.86707,274.0283,3.1280586e-05
1993-04-08,1.4516486e-07,280.65146,285.97452,274.21262,2.2376533e-05
1993-04-09,8.210726e-06,280.45605,289.3659,270.84775,3.231318e-05
1993-04-10,0.0,281.4869,289.57938,274.68845,2.6318747e-05
1993-04-11,8.664074e-05,278.5685,281.47723,277.09088,1.2731482e-05
1993-04-12,0.00022749361,276.78302,278.68973,274.76688,1.158679e-05
1993-04-13,0.00010751356,279.8139,283.68494,276.15628,1.6160242e-05
1993-04-14,0.00012536754,283.56116,289.98727,276.19427,2.9131865e-05
1993-04-15,5.8751866e-05,280.66214,284.39774,279.08157,1.6683487e-05
1993-04-16,8.5467345e-06,282.4713,289.89618,275.68646,2.9232511e-05
1993-04-17,1.3043087e-06,280.50983,286.5174,276.58093,2.6488968e-05
1993-04-18,1.8755792e-06,282.82196,290.6095,272.83585,2.6469465e-05
1993-04-19,0.0,284.07516,290.4174,279.06387,2.3878763e-05
1993-04-20,0.0,287.00024,294.261,279.7247,3.5717156e-05
1993-04-21,0.0,287.17407,295.06396,278.37817,3.9012357e-05
1993-04-22,0.0,287.6273,296.2558,280.48566,4.8304177e-05
1993-04-23,2.3728658e-06,287.2438,295.7358,277.03986,4.1587944e-05
1993-04-24,1.2567908e-06,287.34503,296.1941,276.85538,4.5113604e-05
1993-04-25,0.0,287.49918,295.03522,278.00397,3.1146516e-05
1993-04-26,0.0,289.21484,297.61734,281.5036,4.949505e-05
1993-04-27,0.0,286.91058,292.25204,279.40436,3.3654083e-05
1993-04-28,4.5558835e-07,287.98233,294.81735,281.15735,3.2427506e-05
1993-04-29,0.0,286.5882,296.04733,280.5173,4.697826e-05
1993-04-30,3.4144716e-05,284.93506,291.1062,280.6311,2.6248901e-05
1993-05-01,4.943399e-05,285.8589,292.46228,281.19727,3.0256417e-05
1993-05-02,1.4816823e-05,285.64417,293.0449,278.7478,3.3677134e-05
1993-05-03,2.4899975e-06,287.34323,294.86996,278.30966,4.0862415e-05
1993-05-04,0.0,287.12326,295.84647,279.53305,3.852599e-05
1993-05-05,4.052353e-05,284.67468,287.82095,281.06238,1.945137e-05
1993-05-06,2.3720413e-06,286.54456,291.05194,283.77542,3.11878e-05
1993-05-07,6.191487e-07,285.9923,291.96133,283.4666,3.362527e-05
1993-05-08,4.1066658e-05,286.7347,293.4011,281.90912,2.8886634e-05
1993-05-09,6.745686e-05,287.15536,293.33704,282.47864,3.8387006e-05
1993-05-10,2.9232093e-05,287.6306,294.84027,282.24072,4.0084527e-05
1993-05-11,1.1223159e-05,288.7317,295.71194,281.26773,4.7973575e-05
1993-05-12,0.0,288.467,295.67715,279.52588,3.7765694e-05
1993-05-13,0.0,287.3867,295.72784,280.47562,4.305635e-05
1993-05-14,1.6674292e-05,288.3071,295.8823,281.1356,4.679444e-05
1993-05-15,1.3900196e-05,286.6756,295.33444,281.6289,3.061639e-05
1993-05-16,3.1119314e-05,288.05902,294.69873,283.83304,3.2407406e-05
1993-05-17,1.743614e-05,289.71393,296.62592,282.7092,4.5522724e-05
1993-05-18,0.0,290.60562,298.36908,281.63803,5.3408334e-05
1993-05-19,3.6288366e-06,291.37195,299.36127,282.75137,5.9938287e-05
1993-05-20,0.0,291.98132,298.50403,283.98123,5.7384066e-05
1993-05-21,4.1816515e-06,291.6348,298.92157,284.77118,5.9816393e-05
1993-05-22,3.5843302e-06,289.99948,296.92273,281.72348,5.310061e-05
1993-05-23,0.0,290.48294,297.63507,280.8535,5.2397525e-05
1993-05-24,1.3241504e-06,291.44516,297.58713,284.07904,4.7726066e-05
1993-05-25,0.0,293.69824,300.22205,285.75464,5.5688073e-05
1993-05-26,0.0,294.48526,302.69617,285.1417,6.9221715e-05
1993-05-27,5.504948e-06,293.6342,299.3064,289.25662,6.0160506e-05
1993-05-28,0.0,292.2103,298.43845,288.22614,6.541797e-05
1993-05-29,0.00011687114,288.98822,294.93335,284.29086,4.395164e-05
1993-05-30,2.2294229e-05,292.3159,299.42096,283.67178,5.528521e-05
1993-05-31,2.341571e-06,290.93607,297.46436,287.43588,3.8323327e-05
1993-06-01,4.335277e-06,292.56454,299.79514,282.14,5.771273e-05
1993-06-02,0.0,293.67624,301.57202,282.9934,6.289581e-05
1993-06-03,3.784703e-06,286.92404,293.22726,284.85843,2.3725892e-05
1993-06-04,0.00021549738,289.29446,293.68964,285.24072,3.5271103e-05
1993-06-05,9.2434e-06,292.72458,299.60855,285.63947,5.2915617e-05
1993-06-06,8.5301664e-08,293.9423,301.5355,285.6771,5.4703036e-05
1993-06-07,3.1130762e-06,294.08044,301.75153,286.83914,5.2992877e-05
1993-06-08,3.9922215e-05,294.6833,300.90372,286.96844,5.8970898e-05
1993-06-09,7.390185e-06,294.94897,300.32928,290.7308,5.678984e-05
1993-06-10,0.0,295.37366,301.8692,287.48724,5.4770553e-05
1993-06-11,4.9791146e-05,294.72296,300.0515,288.11398,6.4973254e-05
1993-06-12,4.819974e-05,289.0375,296.62363,286.05713,4.9196737e-05
1993-06-13,6.5832105e-06,287.0387,290.53964,283.24686,2.705094e-05
1993-06-14,2.5141478e-06,288.85156,294.17236,284.1163,3.4032986e-05
1993-06-15,5.8734695e-06,289.49948,295.854,284.73114,3.5610516e-05
1993-06-16,1.1096431e-06,290.7838,296.13074,284.0827,4.973539e-05
1993-06-17,1.1622172e-06,288.705,294.96985,285.77737,2.7603637e-05
1993-06-18,0.00015344784,290.04294,296.16486,283.2403,5.2194573e-05
1993-06-19,0.0,293.0173,301.40433,282.33356,6.616133e-05
1993-06-20,0.0,295.15656,301.30783,285.85974,7.016043e-05
1993-06-21,0.0001108774,290.75513,295.43137,288.61005,3.2435204e-05
1993-06-22,7.154781e-05,294.49307,301.11346,286.82248,5.0669987e-05
1993-06-23,0.0,292.35132,299.74597,288.59454,4.7434685e-05
1993-06-24,0.00021127312,287.95703,292.2382,285.89914,2.6464255e-05
1993-06-25,0.00017862963,288.96503,294.64658,282.3445,4.5445136e-05
1993-06-26,0.0,288.77618,291.99835,286.3354,3.222864e-05
1993-06-27,0.0,288.59494,291.49954,286.03836,2.7426571e-05
1993-06-28,2.562461e-06,287.9611,294.55667,285.33246,3.3592245e-05
1993-06-29,5.466401e-05,288.6213,294.94962,280.83264,4.7771704e-05
1993-06-30,0.0,291.7355,298.42297,282.67633,5.528252e-05
1993-07-01,0.0,292.30084,297.6985,283.268,5.566734e-05
1993-07-02,0.0,293.249,300.39758,285.6606,5.931445e-05
1993-07-03,2.0931816e-06,294.33737,301.6581,285.9076,6.252897e-05
1993-07-04,5.2968403e-06,295.74362,303.03302,287.31583,6.377964e-05
1993-07-05,0.0,296.472,303.55438,287.55057,6.0347527e-05
1993-07-06,0.0,289.18817,297.2699,285.18237,3.1315e-05
1993-07-07,0.00019633655,288.5328,294.537,279.4614,4.963403e-05
1993-07-08,0.0,290.22253,297.81158,280.62814,5.0182673e-05
1993-07-09,0.0,290.99146,299.34735,282.3802,5.829387e-05
1993-07-10,0.0,292.84476,298.24823,283.91333,4.5900175e-05
1993-07-11,2.1129323e-05,289.11313,297.39972,284.4851,4.842309e-05
1993-07-12,0.00021451862,285.10046,291.2293,281.8188,3.325146e-05
1993-07-13,4.2060903e-05,286.39883,292.4563,281.09366,4.2302134e-05
1993-07-14,4.4488324e-06,287.6099,294.1032,280.76562,3.794641e-05
1993-07-15,1.1621933e-06,290.3245,296.42923,283.77618,3.5273282e-05
1993-07-16,0.0,293.5729,300.11148,287.06937,5.431422e-05
1993-07-17,0.0,295.1543,302.9201,286.63458,5.4813627e-05
1993-07-18,5.6189306e-06,295.99094,302.89294,288.93396,5.3144933e-05
1993-07-19,8.271225e-05,293.98193,300.71167,288.62738,4.2415308e-05
1993-07-20,1.730813e-06,292.43256,298.1225,288.2536,4.6402176e-05
1993-07-21,2.6563368e-05,289.19153,293.2315,287.1435,3.4334713e-05
1993-07-22,1.994546e-05,287.8123,294.2204,285.02856,3.2904194e-05
1993-07-23,1.3807723e-05,289.4671,296.5126,280.7641,4.7213936e-05
1993-07-24,0.0,292.1464,300.35352,280.5445,5.9570844e-05
1993-07-25,0.0,293.82382,300.74918,284.51483,6.384588e-05
1993-07-26,4.286413e-05,285.28613,293.6032,284.26743,2.0462143e-05
1993-07-27,0.00048154625,289.28207,296.6599,282.6064,4.846494e-05
1993-07-28,0.0,293.1339,300.5823,285.8493,4.4238695e-05
1993-07-29,0.0,295.2953,301.21518,287.03888,5.6117602e-05
1993-07-30,0.0,295.60703,305.50034,287.99463,5.8882993e-05
1993-07-31,0.0,296.51755,304.85718,285.60876,6.5977176e-05
1993-08-01,1.1092991e-05,291.88242,298.66714,286.74625,5.335389e-05
1993-08-02,0.0,293.49283,302.12036,284.8374,5.529534e-05
1993-08-03,0.0,296.21255,305.00912,286.32114,5.8270038e-05
1993-08-04,0.0,297.02075,305.95245,287.07956,5.825308e-05
1993-08-05,0.0,298.14288,306.51205,289.1697,5.7376037e-05
1993-08-06,0.0,294.63153,304.73914,287.5815,5.1914583e-05
1993-08-07,8.0761565e-05,292.65308,298.50488,289.78882,5.028484e-05
1993-08-08,3.2873434e-06,293.06403,297.89703,286.32367,3.8518865e-05
1993-08-09,5.8411628e-05,288.47247,294.33908,287.5578,2.5166406e-05
1993-08-10,0.00012308876,291.34003,298.9849,283.896,4.2399737e-05
1993-08-11,5.496915e-06,290.68597,297.97894,283.2834,4.701455e-05
1993-08-12,0.0,293.2862,301.78607,281.9786,5.136942e-05
1993-08-13,0.0,294.2048,302.9994,283.10242,5.4354434e-05
1993-08-14,0.0,294.10522,303.49338,283.64838,5.4224125e-05
1993-08-15,0.0,295.63968,305.33868,283.78195,5.2180214e-05
1993-08-16,0.0,296.33014,305.3305,285.78275,5.280283e-05
1993-08-17,4.3222641e-07,294.11874,304.73203,287.8998,5.2813968e-05
1993-08-18,8.18018e-05,291.97452,296.47595,288.4465,2.8154665e-05
1993-08-19,4.2930756e-06,293.24515,300.54367,289.10385,4.243278e-05
1993-08-20,6.1851056e-06,294.45615,301.6578,287.34595,4.422639e-05
1993-08-21,0.0,295.5489,305.1538,286.50647,5.3397405e-05
1993-08-22,0.0,297.26837,305.5315,287.59048,6.437701e-05
1993-08-23,0.0,296.76172,304.76083,290.24374,6.494684e-05
1993-08-24,0.0,296.83267,303.93094,289.58102,5.31803e-05
1993-08-25,7.0604176e-05,287.0925,296.13388,286.0035,1.69246e-05
1993-08-26,0.00029466435,285.91,286.8991,284.23022,1.7832785e-05
1993-08-27,2.0993266e-05,286.75308,288.23148,285.36087,1.5933789e-05
1993-08-28,0.00018194622,286.7576,289.96838,285.17862,1.8331973e-05
1993-08-29,0.0001276948,285.71536,291.70755,283.4377,3.575468e-05
1993-08-30,1.3673297e-06,285.25638,293.94644,277.1424,3.5662037e-05
1993-08-31,9.996819e-08,286.5527,294.30643,283.18683,3.052901e-05
1993-09-01,2.4132e-05,285.97635,294.0236,279.70844,3.2216794e-05
1993-09-02,0.0,286.99115,294.61176,278.0744,3.3249315e-05
1993-09-03,6.465851e-06,285.9216,291.08167,282.83,1.9354164e-05
1993-09-04,6.224175e-05,284.98276,288.43005,282.55658,1.6993288e-05
1993-09-05,0.00017855258,284.09464,291.0938,281.1259,2.7331558e-05
1993-09-06,3.2600157e-05,283.6335,291.81717,277.64755,3.004913e-05
1993-09-07,0.0,286.93912,294.91504,277.1324,3.1232965e-05
1993-09-08,6.1786736e-06,289.6291,293.8973,283.60007,2.3720004e-05
1993-09-09,2.4101446e-05,291.11148,294.98404,285.7595,2.0383573e-05
1993-09-10,0.00011674319,290.36047,294.87842,288.23093,2.0968935e-05
1993-09-11,0.00029639347,286.58725,291.23105,284.58508,1.6724458e-05
1993-09-12,1.4784035e-05,288.63907,294.43878,281.7549,2.5994077e-05
1993-09-13,1.0733327e-05,290.24948,294.72745,286.41827,2.5402598e-05
1993-09-14,9.986036e-06,290.73282,294.8364,287.48062,3.1969972e-05
1993-09-15,3.0618223e-05,287.81824,294.8796,281.90326,3.2345008e-05
1993-09-16,5.327222e-06,288.54453,294.13184,283.0439,2.5527812e-05
1993-09-17,0.0002684464,287.3713,290.12408,285.8611,1.5301017e-05
1993-09-18,0.00015275957,285.6898,287.9828,284.17816,1.3207756e-05
1993-09-19,1.42997615e-05,286.12006,288.4529,282.62354,1.4797583e-05
1993-09-20,5.5772873e-08,287.40503,289.5601,285.64563,1.4709694e-05
1993-09-21,0.0,288.0045,293.56366,285.33072,1.948694e-05
1993-09-22,0.0,288.12607,292.81052,283.28354,1.9675927e-05
1993-09-23,0.0,289.97577,297.1691,285.36557,2.6105414e-05
1993-09-24,0.0,289.37103,296.60165,283.1618,2.3501572e-05
1993-09-25,3.0886608e-06,287.90036,291.13818,285.89188,1.3843065e-05
1993-09-26,0.00043039437,285.21628,288.96594,284.24918,1.1574074e-05
1993-09-27,0.00018273796,283.7116,286.16992,282.61118,1.092571e-05
1993-09-28,1.6776692e-05,283.52252,287.6248,281.19122,1.2667907e-05
1993-09-29,3.9841638e-05,282.818,284.93604,281.39844,1.0416667e-05
1993-09-30,0.00020669459,282.74448,288.73297,280.07037,1.364663e-05
1993-10-01,6.0229677e-06,285.2177,288.66055,280.3995,1.0429568e-05
1993-10-02,1.093086e-05,288.2797,292.02658,283.96707,1.3835854e-05
1993-10-03,0.00027483478,285.0562,289.94495,283.19202,1.5826521e-05
1993-10-04,2.0417037e-05,284.32867,291.7111,280.82742,1.9995321e-05
1993-10-05,0.0,285.52582,293.517,278.73257,2.403267e-05
1993-10-06,1.3862218e-05,288.62424,291.78217,284.49176,1.5121413e-05
1993-10-07,0.00025584616,288.58633,292.4457,286.3025,1.7512786e-05
1993-10-08,3.1064108e-05,288.40567,293.97568,285.0195,1.5129243e-05
1993-10-09,0.0002798369,285.64426,290.74295,283.54153,1.8633773e-05
1993-10-10,2.4377185e-05,285.0029,292.14456,281.10483,1.9141402e-05
1993-10-11,2.347198e-06,288.08908,292.4862,282.10812,2.0085017e-05
1993-10-12,3.0285444e-06,290.33563,294.6406,287.04282,2.326683e-05
1993-10-13,2.4134304e-06,290.7897,294.416,287.92465,1.49764355e-05
1993-10-14,2.8369395e-05,288.65405,294.3981,286.3,1.46460325e-05
1993-10-15,7.090633e-05,286.2034,292.1964,283.6273,1.7908842e-05
1993-10-16,4.1578056e-05,285.18912,291.7948,280.15802,1.6506168e-05
1993-10-17,0.0,288.23227,292.41397,282.1377,1.3888889e-05
1993-10-18,4.790075e-05,280.41156,287.5839,279.08472,9.259259e-06
1993-10-19,9.685437e-05,279.87955,280.71262,278.6403,8.33209e-06
1993-10-20,5.5180835e-06,280.08005,281.7703,278.9449,7.680311e-06
1993-10-21,4.01792e-05,280.4832,281.3089,279.58194,6.9444445e-06
1993-10-22,0.0007797294,278.75122,280.6527,278.11774,6.8739337e-06
1993-10-23,0.00048814554,281.49463,284.03998,278.35306,6.9444445e-06
1993-10-24,0.00020960352,280.9757,284.34448,279.30505,8.101852e-06
1993-10-25,4.106692e-05,282.2224,286.24332,279.53992,9.259259e-06
1993-10-26,5.459742e-06,278.93625,282.15833,277.90237,9.045936e-06
1993-10-27,2.376678e-06,277.98477,281.4806,275.94806,9.0803715e-06
1993-10-28,0.0,277.85666,283.66302,273.16287,8.671101e-06
1993-10-29,0.0,277.49487,283.55096,273.37045,9.139092e-06
1993-10-30,0.0,278.22232,283.7969,272.5077,9.957535e-06
1993-10-31,0.0,277.68564,280.60657,274.76065,6.4569203e-06
1993-11-01,0.0,278.08575,283.17184,275.53458,6.9444445e-06
1993-11-02,0.0,280.10733,282.60837,276.58884,5.787037e-06
1993-11-03,9.848908e-06,282.60187,285.03262,280.10376,5.787037e-06
1993-11-04,5.3080125e-06,283.7314,287.1274,281.22278,7.4270156e-06
1993-11-05,0.0,281.93152,283.50256,280.9592,5.648831e-06
1993-11-06,0.0003791286,282.49896,283.882,281.171,5.787037e-06
1993-11-07,0.00011767561,283.05972,288.65897,281.07623,8.101852e-06
1993-11-08,0.00010015513,281.73764,284.7705,279.09866,5.787037e-06
1993-11-09,6.6103996e-05,281.10806,284.79846,279.16193,6.1832875e-06
1993-11-10,4.3322672e-07,280.01312,282.25635,278.97955,6.6798293e-06
1993-11-11,1.851718e-05,280.51035,282.63837,278.5606,5.625738e-06
1993-11-12,9.925316e-05,276.68427,281.1289,275.2839,5.787037e-06
1993-11-13,0.0001897983,271.43005,275.54636,270.4916,3.4337115e-06
1993-11-14,2.803398e-05,273.98047,276.47647,269.93472,3.4531975e-06
1993-11-15,7.144005e-05,274.25284,276.12616,273.701,3.85454e-06
1993-11-16,5.0083447e-05,275.79343,279.58682,272.70218,3.7778505e-06
1993-11-17,1.0573215e-06,273.35248,277.3998,271.1439,6.5004783e-06
1993-11-18,0.0,271.27222,274.725,269.756,5.481883e-06
1993-11-19,0.0,268.37756,272.76935,265.5891,6.5710724e-06
1993-11-20,2.0576283e-06,267.86752,269.01147,265.91333,4.302829e-06
1993-11-21,1.989497e-05,268.826,271.69376,265.87497,2.29579e-06
1993-11-22,0.00016581277,268.19516,271.8296,266.27194,2.3148148e-06
1993-11-23,6.5622794e-06,268.94553,270.90143,262.91354,2.3148148e-06
1993-11-24,0.0,270.2057,271.27747,268.44464,3.2614105e-06
1993-11-25,0.0,270.5921,271.9474,269.75113,3.7250934e-06
1993-11-26,0.0,269.00516,271.00046,268.86792,4.6077935e-06
1993-11-27,0.0,268.0133,269.31516,267.68924,4.04739e-06
1993-11-28,2.0628304e-06,267.634,269.08032,267.08994,3.0660142e-06
1993-11-29,2.8133123e-05,268.6981,269.01556,267.47214,3.7796435e-06
1993-11-30,3.6625035e-05,271.4691,272.94894,268.41376,4.2645424e-06
1993-12-01,1.142225e-07,270.5729,272.641,269.7152,4.257924e-06
1993-12-02,3.849785e-08,270.76953,273.88892,269.4064,4.0770274e-06
1993-12-03,0.0,269.967,274.87308,264.94104,1.7525131e-06
1993-12-04,0.0,271.17914,276.3233,266.76462,1.068097e-06
1993-12-05,0.0,272.2741,274.23212,267.73386,3.2795183e-06
1993-12-06,0.0,274.01706,276.86517,271.2818,2.9400137e-06
1993-12-07,0.0,272.3605,273.45825,269.66656,2.3148148e-06
1993-12-08,4.8067454e-06,275.09818,278.43137,271.1809,1.7961576e-06
1993-12-09,8.2457646e-08,276.1485,280.07697,271.9612,4.0984455e-06
1993-12-10,3.3927702e-06,275.06366,277.3086,271.71243,2.742126e-06
1993-12-11,6.0059756e-06,276.18344,279.3951,274.17886,3.8828434e-06
1993-12-12,9.737463e-05,274.513,278.32004,271.45654,2.3148148e-06
1993-12-13,0.0,276.58716,280.15408,268.8871,7.1025033e-06
1993-12-14,0.000112668786,279.81665,281.73233,276.96774,4.6296295e-06
1993-12-15,0.00046677902,277.59467,280.67236,274.73953,3.828812e-06
1993-12-16,8.2555816e-05,276.84906,280.04852,274.87244,3.8848025e-06
1993-12-17,9.9847326e-05,273.41406,275.82318,271.8797,2.3148148e-06
1993-12-18,0.0,276.73,281.52704,272.02863,2.2924958e-06
1993-12-19,0.0,277.88037,281.22656,272.65857,5.865299e-06
1993-12-20,7.105052e-06,280.7282,282.3469,278.95947,6.1756764e-06
1993-12-21,1.636124e-05,282.21985,284.3163,279.77567,6.686069e-06
1993-12-22,0.00015851682,274.95618,282.402,272.7304,3.4722223e-06
1993-12-23,2.257939e-06,275.7791,282.08203,270.49762,2.545676e-06
1993-12-24,3.656291e-06,276.75226,279.6752,272.4222,3.6418178e-06
1993-12-25,0.00020748736,273.44138,277.6429,271.69485,2.6269734e-06
1993-12-26,4.716617e-05,272.2182,274.16144,270.48807,4.537749e-06
1993-12-27,9.731882e-05,273.13782,273.5991,271.71216,4.576258e-06
1993-12-28,3.667709e-07,270.21832,272.6373,268.62747,1.1828739e-06
1993-12-29,0.0,266.34814,270.43158,264.67633,1.1574074e-06
1993-12-30,0.0,268.27463,272.29993,263.68716,2.3148148e-06
1993-12-31,0.0,272.1051,274.84033,265.2089,3.3413387e-06
1994-01-01,5.5516834e-05,275.2031,277.6997,272.64767,4.4557014e-06
1994-01-02,0.00019636586,272.941,277.34174,269.77,2.1399665e-06
1994-01-03,0.0,272.4575,278.24435,268.1056,2.2822162e-06
1994-01-04,1.0448964e-05,276.6303,278.02655,271.19574,2.3148148e-06
1994-01-05,0.00030387842,277.16107,280.42133,274.52853,4.1990847e-06
1994-01-06,7.2598223e-06,280.971,282.6262,275.21445,1.1435523e-05
1994-01-07,1.2064885e-07,282.85095,286.089,279.292,1.0346021e-05
1994-01-08,1.5907638e-08,281.54205,285.00238,278.6557,5.536835e-06
1994-01-09,0.00012774538,279.89105,283.4307,278.13644,3.4722223e-06
1994-01-10,1.6262535e-06,279.42847,281.58344,277.67258,3.4722223e-06
1994-01-11,3.4912573e-06,279.62363,281.20874,278.19315,4.6106047e-06
1994-01-12,2.4462719e-05,277.385,281.26736,275.4438,3.7067089e-06
1994-01-13,0.0,275.94614,279.60175,273.89072,3.6372428e-06
1994-01-14,0.0,277.60495,281.9274,273.56876,2.8184768e-06
1994-01-15,0.00014487714,275.96756,280.97644,273.62006,3.4722223e-06
1994-01-16,1.589121e-06,273.57965,275.74088,272.13498,3.8188405e-06
1994-01-17,0.0,274.6089,276.45554,272.08655,4.7166e-06
1994-01-18,1.8235172e-05,272.20514,275.02176,270.2802,5.13146e-06
1994-01-19,1.3439288e-06,269.29745,275.66898,266.18835,2.3148148e-06
1994-01-20,0.0,270.45206,271.6783,266.74554,4.5021393e-06
1994-01-21,0.0,272.54602,276.9359,270.32822,6.475928e-06
1994-01-22,0.0,270.81717,277.67102,266.71658,3.3677416e-06
1994-01-23,0.0,272.1896,280.37872,265.81348,5.6915733e-06
1994-01-24,0.0,273.23196,278.52792,268.6351,4.672738e-06
1994-01-25,0.0,276.51672,282.69525,269.61636,6.200664e-06
1994-01-26,2.0716284e-06,276.73074,279.51318,273.48584,8.038277e-06
1994-01-27,9.947053e-06,275.60004,282.8558,271.35358,1.156865e-05
1994-01-28,0.0,276.6219,281.0382,272.20563,1.3402769e-05
1994-01-29,8.4454e-08,275.76938,279.2458,271.62567,2.5127782e-05
1994-01-30,0.0,273.41803,280.80307,269.18042,7.3863885e-06
1994-01-31,0.0,274.98694,282.46915,269.39487,8.14496e-06
1994-02-01,0.0,274.96954,281.8995,268.94238,6.1135997e-06
1994-02-02,0.0,277.54095,281.65805,273.6787,1.1574074e-05
1994-02-03,2.6901082e-06,279.25204,281.67538,277.85068,8.451086e-06
1994-02-04,1.609556e-05,279.0803,284.55203,276.28824,1.1518753e-05
1994-02-05,2.459444e-06,278.45218,283.05035,274.11365,6.988363e-06
1994-02-06,0.00015789895,278.4951,280.94226,277.06497,5.768012e-06
1994-02-07,2.169738e-05,277.4615,279.22253,274.63235,6.8425093e-06
1994-02-08,0.0,277.2092,278.81253,274.73602,7.0102024e-06
1994-02-09,2.7287175e-05,276.6067,279.23334,275.52414,8.1168e-06
1994-02-10,8.8423224e-07,274.9119,279.34082,272.60907,6.9444445e-06
1994-02-11,0.0,274.95148,280.76898,270.11966,1.0032322e-05
1994-02-12,1.0131022e-07,273.55984,276.86987,271.9874,9.319983e-06
1994-02-13,6.030655e-08,269.77368,273.4222,267.9405,8.526253e-06
1994-02-14,1.8050363e-05,266.28683,268.62408,265.5034,6.922078e-06
1994-02-15,1.5809972e-05,265.6709,271.56964,261.9435,7.513576e-06
1994-02-16,0.0,265.5365,270.54785,262.4465,9.9536755e-06
1994-02-17,0.0,265.71448,270.15173,261.06192,5.768012e-06
1994-02-18,0.0,267.37796,273.35226,260.91248,7.722331e-06
1994-02-19,0.0,270.5076,274.14886,266.57477,7.781193e-06
1994-02-20,1.0773364e-06,271.14597,275.839,264.1502,7.0213855e-06
1994-02-21,0.0,272.7691,281.2107,266.09473,1.1849313e-05
1994-02-22,0.0,275.84503,282.17142,268.40402,1.0694841e-05
1994-02-23,0.0,276.9393,280.01855,270.50363,8.101852e-06
1994-02-24,2.6244268e-07,276.75934,279.7823,275.3021,6.9444445e-06
1994-02-25,0.00014658635,275.7172,280.9996,273.3666,8.240864e-06
1994-02-26,0.0,278.68588,285.6265,272.0713,1.5616657e-05
1994-02-27,0.0,280.98914,287.0476,275.09525,2.141264e-05
1994-02-28,1.5304389e-06,282.22067,285.24396,279.93604,1.4682325e-05
1994-03-01,8.831995e-06,282.28638,286.09302,279.84592,1.3954911e-05
1994-03-02,5.1904564e-05,281.5376,285.65582,279.66016,1.1461577e-05
1994-03-03,1.4031892e-05,281.2065,288.443,276.41565,1.8256207e-05
1994-03-04,2.7800813e-06,280.70242,284.9157,277.44476,2.9236677e-05
1994-03-05,0.0,275.82422,285.47217,269.17892,1.7870987e-05
1994-03-06,0.0,279.65384,287.70963,270.28537,1.9143652e-05
1994-03-07,0.0,281.21,288.7773,273.61737,1.709262e-05
1994-03-08,0.0,282.07416,290.08713,274.9542,1.7707102e-05
1994-03-09,0.0,283.299,291.35327,277.81094,1.926271e-05
1994-03-10,0.0,286.1039,295.18585,276.75296,2.5311341e-05
1994-03-11,7.7193e-06,282.32697,289.1282,278.50516,1.9709449e-05
1994-03-12,0.0,284.2812,293.02945,273.82178,2.7006665e-05
1994-03-13,0.0,283.6814,289.58954,276.82486,2.208223e-05
1994-03-14,0.0,283.8428,292.40054,279.64713,2.7423393e-05
1994-03-15,0.0,283.49573,289.43475,276.8135,2.3984841e-05
1994-03-16,0.0,282.57706,289.22046,277.75827,2.0254689e-05
1994-03-17,1.8128787e-05,280.5916,287.52588,277.09747,1.8609973e-05
1994-03-18,8.8701145e-06,277.84174,286.2549,272.01593,2.2532848e-05
1994-03-19,0.0,282.24875,287.81735,273.7501,2.549586e-05
1994-03-20,0.0,282.08224,287.6445,278.88492,1.8497456e-05
1994-03-21,1.0805423e-06,282.38904,287.54694,277.3493,1.4096466e-05
1994-03-22,1.8489384e-06,280.9176,285.64374,275.85928,1.5610154e-05
1994-03-23,0.0,283.82587,290.64584,278.99152,2.1270816e-05
1994-03-24,0.0,285.32062,290.4144,279.69345,2.7522994e-05
1994-03-25,0.0,285.94006,292.3947,279.58774,2.8401242e-05
1994-03-26,0.0,281.65598,286.67532,278.64508,1.1779099e-05
1994-03-27,0.00019207058,278.15112,285.3657,274.2292,2.554478e-05
1994-03-28,0.0,277.61505,284.4623,272.29755,2.2773855e-05
1994-03-29,0.0,280.4972,288.99597,273.0686,2.103052e-05
1994-03-30,0.0,283.98553,294.94263,273.7274,3.8504873e-05
1994-03-31,0.0,285.09128,293.08243,275.33398,3.8987826e-05
1994-04-01,0.0,283.91797,290.15182,276.53012,3.112938e-05
1994-04-02,0.00046034204,277.047,284.43433,274.45914,1.1564058e-05
1994-04-03,5.066664e-05,278.8702,284.8482,273.3697,2.2473552e-05
1994-04-04,0.0,279.94757,286.8763,276.30853,2.6392601e-05
1994-04-05,8.639992e-05,276.67563,280.58606,275.76944,1.0543063e-05
1994-04-06,5.0633782e-05,279.02213,282.61603,275.21887,2.2492672e-05
1994-04-07,0.0,277.70877,286.2854,271.93912,2.7543663e-05
1994-04-08,0.0,280.6116,287.2142,270.47842,2.7311178e-05
1994-04-09,3.4041784e-07,279.56924,286.18774,274.14777,2.4028148e-05
1994-04-10,0.00020254197,277.36487,281.72,274.04245,1.3582287e-05
1994-04-11,0.00020141352,277.85867,281.55872,273.96695,1.3795319e-05
1994-04-12,5.0435105e-05,277.80087,281.18762,275.20645,1.3188186e-05
1994-04-13,5.388609e-05,280.4841,283.8001,276.87097,1.6167132e-05
1994-04-14,7.129694e-05,282.7231,288.61703,278.36542,2.8214017e-05
1994-04-15,8.951825e-06,282.4264,287.87772,278.61295,1.9047846e-05
1994-04-16,1.014785e-05,282.52298,284.32767,279.6093,1.61878e-05
1994-04-17,6.202311e-05,282.76358,285.4804,281.30624,1.6160242e-05
1994-04-18,0.0002179794,282.38306,285.727,280.44568,1.5046296e-05
1994-04-19,5.8102258e-05,279.50473,282.61627,276.35544,1.9692152e-05
1994-04-20,1.4943695e-06,281.0154,283.7947,278.21155,1.7302713e-05
1994-04-21,0.0,283.26175,289.0066,278.6721,3.0660503e-05
1994-04-22,0.0,283.58463,292.0793,275.29938,3.282923e-05
1994-04-23,1.1810309e-06,285.00647,293.89157,275.97232,4.006682e-05
1994-04-24,2.3467503e-06,286.08377,294.85812,276.38666,4.526055e-05
1994-04-25,1.4224831e-06,283.63644,290.0974,277.29553,2.8536275e-05
1994-04-26,1.6519974e-06,285.641,290.1023,277.20572,2.4816023e-05
1994-04-27,4.1574074e-07,286.25476,293.1596,279.1015,3.5385234e-05
1994-04-28,0.0,288.16605,295.03683,280.00967,4.006587e-05
1994-04-29,9.603234e-06,287.68692,294.98267,282.49234,4.610179e-05
1994-04-30,0.0,287.82828,297.24213,277.60852,4.5647997e-05
1994-05-01,0.0,287.62753,296.69498,279.75015,3.114924e-05
1994-05-02,0.00010007114,283.45593,287.20154,279.86285,2.811395e-05
1994-05-03,0.0,282.6468,290.05164,275.52145,4.2491476e-05
1994-05-04,0.0,286.11392,295.55792,273.49152,4.6077796e-05
1994-05-05,7.01383e-06,282.28467,286.7483,281.24167,1.5046296e-05
1994-05-06,0.00019266132,283.8901,290.4818,277.73352,3.9339113e-05
1994-05-07,1.0289021e-06,284.7501,291.8221,274.67783,4.2249692e-05
1994-05-08,0.0,284.90408,290.85114,280.80035,4.0354746e-05
1994-05-09,0.0,284.56973,291.96075,274.0101,4.354933e-05
1994-05-10,0.0,283.05206,292.6572,277.6622,3.0318517e-05
1994-05-11,3.1301613e-05,284.43835,288.5408,281.59106,2.3240686e-05
1994-05-12,3.0984063e-06,285.37982,292.7108,277.62436,3.5237354e-05
1994-05-13,2.20747e-06,286.6501,293.0009,279.2471,3.1461153e-05
1994-05-14,1.4408877e-05,288.2221,292.67474,280.8947,2.8328659e-05
1994-05-15,3.1215961e-06,290.2801,296.77405,283.38147,5.0454975e-05
1994-05-16,0.0,290.82556,298.36426,281.39423,5.5508168e-05
1994-05-17,0.0,292.12955,299.47855,284.10025,5.844036e-05
1994-05-18,0.0,289.47095,296.2169,282.63858,3.047319e-05
1994-05-19,0.0002890412,286.30817,288.47583,284.54657,1.4014438e-05
1994-05-20,0.00028779107,286.57504,288.82452,285.15662,1.7753924e-05
1994-05-21,0.00012630942,287.85657,292.28726,281.4989,3.0287962e-05
1994-05-22,1.8087035e-06,289.74185,295.8153,283.2887,4.076025e-05
1994-05-23,0.0,290.39944,297.9569,283.41855,4.4249435e-05
1994-05-24,0.0,291.51593,298.7849,285.9561,3.748136e-05
1994-05-25,1.8237917e-05,291.65552,298.19388,287.4592,4.1145955e-05
1994-05-26,1.6407388e-05,291.7605,298.34915,284.72852,5.8124795e-05
1994-05-27,0.0001223028,286.21292,291.6987,283.48807,2.9309424e-05
1994-05-28,4.1098396e-05,288.48782,295.42767,280.02853,4.4995824e-05
1994-05-29,0.0,288.76044,295.1497,283.9638,3.6624657e-05
1994-05-30,0.00022714492,286.62872,288.6992,284.8749,1.7482591e-05
1994-05-31,5.5790377e-05,288.26694,293.9304,283.4318,4.8829235e-05
1994-06-01,0.0,291.69308,299.5883,280.54443,5.9455622e-05
1994-06-02,0.0,294.0785,300.3542,285.04565,5.6952045e-05
1994-06-03,0.0,293.86395,300.71863,286.63147,6.84899e-05
1994-06-04,9.2481505e-06,287.65976,292.29697,285.86462,1.7183414e-05
1994-06-05,0.00038942925,287.20776,292.89523,283.5247,3.993523e-05
1994-06-06,3.676444e-05,286.3894,292.3831,280.00894,4.5833644e-05
1994-06-07,0.0,289.53357,296.37518,275.9237,4.9032693e-05
1994-06-08,0.0,291.79364,297.98593,281.89578,5.208774e-05
1994-06-09,0.0,289.65295,298.20767,284.57758,5.0620118e-05
1994-06-10,0.00019608226,284.22556,287.03076,283.2845,2.1419432e-05
1994-06-11,5.7418183e-05,284.61313,287.49377,281.8738,2.1912894e-05
1994-06-12,7.4340045e-05,284.8145,286.34882,283.20212,1.730774e-05
1994-06-13,0.00015518612,285.64047,287.47168,284.59988,1.8518518e-05
1994-06-14,2.0483778e-05,288.75967,294.60663,283.0182,3.8309638e-05
1994-06-15,0.0,290.38757,296.88928,286.2269,4.866532e-05
1994-06-16,0.0,290.60522,296.7343,282.9574,5.245013e-05
1994-06-17,3.7032754e-05,290.16553,295.81735,285.95505,3.8626848e-05
1994-06-18,0.00016967177,292.00436,297.85526,286.4239,4.8798927e-05
1994-06-19,0.0,294.01944,300.15,285.27292,6.424911e-05
1994-06-20,0.0,290.80875,297.69806,286.31415,3.5790923e-05
1994-06-21,0.00011224331,291.2439,296.4027,288.2054,3.363422e-05
1994-06-22,0.0,293.55237,300.16458,284.80334,5.8238926e-05
1994-06-23,0.0,294.76505,301.80286,286.8098,5.6546036e-05
1994-06-24,3.0540858e-05,295.1808,299.78998,290.36874,5.2301988e-05
1994-06-25,0.0,295.54883,301.61554,287.8852,5.4690885e-05
1994-06-26,0.0,295.8817,304.2568,287.99915,6.855686e-05
1994-06-27,0.0,295.4327,303.44247,287.55737,6.14694e-05
1994-06-28,6.2204713e-06,294.95395,300.85925,287.65237,4.39963e-05
1994-06-29,0.0002211003,294.62213,301.3692,288.3038,5.5164746e-05
1994-06-30,2.8813715e-06,294.98517,302.6794,288.48914,6.2464474e-05
1994-07-01,4.3321783e-05,295.76132,300.5659,291.0991,5.3664346e-05
1994-07-02,6.410276e-06,295.11487,300.4898,291.01675,5.498324e-05
1994-07-03,1.5900276e-06,295.6486,302.49576,288.62247,5.5402383e-05
1994-07-04,0.0,297.3043,304.75284,289.27072,6.154362e-05
1994-07-05,8.32885e-06,294.6334,303.5801,290.6657,4.944557e-05
1994-07-06,0.00027596529,295.646,301.44162,289.7943,5.3506705e-05
1994-07-07,0.000109614986,293.0363,297.34833,289.45544,4.0985662e-05
1994-07-08,0.00028985043,289.28918,292.5835,288.22238,1.7440876e-05
1994-07-09,0.00012969575,290.81815,296.19733,286.27798,4.354825e-05
1994-07-10,5.1774146e-06,291.62222,299.22104,285.2864,5.549284e-05
1994-07-11,7.268033e-08,292.40704,299.13583,285.82666,5.1853975e-05
1994-07-12,0.0,293.46707,300.0517,287.013,5.2629035e-05
1994-07-13,1.5368929e-05,292.2227,299.43805,288.9338,4.160463e-05
1994-07-14,3.0030498e-05,293.3332,299.6704,287.92484,4.8379112e-05
1994-07-15,2.5900172e-06,292.07608,299.92148,289.04813,3.8857626e-05
1994-07-16,8.3603096e-05,294.49048,300.4314,287.74866,4.954715e-05
1994-07-17,0.0,296.50253,302.96274,288.00732,5.979279e-05
1994-07-18,0.0,296.40637,304.88718,289.96344,6.446252e-05
1994-07-19,6.5199434e-05,293.29562,300.4658,290.45526,4.0110936e-05
1994-07-20,7.793124e-05,292.20267,294.51248,289.55713,2.4583152e-05
1994-07-21,9.3679955e-05,292.82724,298.2551,290.2993,4.3832377e-05
1994-07-22,1.5210838e-06,293.80704,301.1445,285.95776,6.117e-05
1994-07-23,0.0,294.09268,302.35516,286.91797,6.2017505e-05
1994-07-24,0.0,294.8682,302.58276,286.07886,6.1467006e-05
1994-07-25,0.0,294.8587,302.7011,285.87912,6.0639264e-05
1994-07-26,0.0,295.9835,303.36102,288.13635,6.0274804e-05
1994-07-27,1.8462655e-06,295.4883,303.58875,287.42688,5.6762587e-05
1994-07-28,8.687456e-06,294.33997,301.94165,290.79422,4.443734e-05
1994-07-29,7.930616e-06,295.11584,303.60623,286.85266,6.1023646e-05
1994-07-30,0.0,295.73715,303.92804,286.11273,5.45228e-05
1994-07-31,0.0,296.35754,305.5299,286.21298,6.0051134e-05
1994-08-01,0.0,297.10852,305.65695,288.43338,5.954779e-05
1994-08-02,0.0,296.50165,304.9501,288.35907,5.410044e-05
1994-08-03,1.08942095e-05,297.33932,305.1888,289.2051,5.8160185e-05
1994-08-04,4.7606083e-08,298.16306,305.76,291.4611,5.7777062e-05
1994-08-05,0.0,297.51852,304.7033,291.19614,5.4972385e-05
1994-08-06,0.0,298.31866,306.23895,291.23883,5.5375192e-05
1994-08-07,2.3807212e-05,295.83206,303.61084,291.55118,5.4803684e-05
1994-08-08,1.5453841e-05,294.52527,305.2184,289.01547,4.7596855e-05
1994-08-09,2.9237195e-05,296.07233,304.67642,288.6433,5.7511337e-05
1994-08-10,0.0,298.0134,305.70267,291.08224,5.8579648e-05
1994-08-11,3.1061486e-06,296.72305,303.82806,293.14316,6.127864e-05
1994-08-12,0.0003177474,290.7109,298.23727,288.4186,3.2883774e-05
1994-08-13,8.725131e-05,292.57605,298.61588,289.00403,4.0081195e-05
1994-08-14,0.0003514306,290.27408,294.85788,287.83035,3.2616463e-05
1994-08-15,1.917259e-06,290.9691,296.0359,284.9546,3.9371662e-05
1994-08-16,0.0,291.17407,297.5633,285.58774,4.2447962e-05
1994-08-17,0.0,293.3685,300.1348,286.0577,4.0113904e-05
1994-08-18,0.00024876473,289.706,295.89432,287.49118,3.8108872e-05
1994-08-19,5.761517e-05,290.2794,298.7951,282.76044,4.0514205e-05
1994-08-20,1.2077907e-06,293.1911,301.55466,284.89313,4.748937e-05
1994-08-21,1.4688663e-06,294.47034,302.72226,286.58475,4.7656235e-05
1994-08-22,0.0,294.44394,303.25287,288.13818,4.527201e-05
1994-08-23,6.1024334e-06,294.63983,301.66254,286.9699,4.508015e-05
1994-08-24,9.71172e-07,291.13168,298.21896,288.74387,2.4950818e-05
1994-08-25,0.00045745392,289.09024,293.3016,287.38574,1.8820554e-05
1994-08-26,0.0003022316,292.56775,298.01877,285.86255,4.7462727e-05
1994-08-27,0.0,290.60623,298.78104,281.21234,3.822275e-05
1994-08-28,0.0,292.7041,301.1616,284.72073,4.567744e-05
1994-08-29,2.5350887e-06,292.46228,297.76163,286.43384,2.9782736e-05
1994-08-30,0.00018206838,291.6081,294.32507,290.0999,1.6201939e-05
1994-08-31,3.2026146e-05,294.41132,300.97482,289.4307,3.790172e-05
1994-09-01,2.8490509e-05,293.85428,301.64508,288.7909,3.7505317e-05
1994-09-02,1.6243504e-05,290.37003,295.24454,287.95218,2.0385967e-05
1994-09-03,6.5604916e-05,289.2118,291.99643,287.7274,1.8432507e-05
1994-09-04,5.7296184e-06,290.02048,295.9561,286.03357,3.086339e-05
1994-09-05,0.0,290.0351,297.69568,283.22903,3.6231195e-05
1994-09-06,0.0,290.7341,297.96747,284.6162,3.5694986e-05
1994-09-07,0.0,291.71582,299.97263,286.34177,4.0159543e-05
1994-09-08,0.0,292.9256,299.94995,285.79996,3.8679944e-05
1994-09-09,0.000117994976,289.5768,297.47568,286.63153,3.6962632e-05
1994-09-10,2.5194064e-05,289.10092,296.6497,284.56073,3.3390636e-05
1994-09-11,0.0,290.2696,298.01456,283.30856,3.0045214e-05
1994-09-12,0.0,291.4779,298.77847,285.07812,3.780404e-05
1994-09-13,0.0,291.6246,298.85934,286.5486,2.9787123e-05
1994-09-14,0.00010913875,290.82544,296.0072,286.3138,2.023192e-05
1994-09-15,0.00044322034,287.61868,292.74054,285.5562,2.243874e-05
1994-09-16,0.00017194454,286.47723,292.1468,282.0642,1.8736946e-05
1994-09-17,0.0003843116,284.3675,287.5398,283.37897,1.33897465e-05
1994-09-18,5.2899457e-05,281.23447,283.82248,280.71213,1.2141475e-05
1994-09-19,4.1564334e-05,282.77057,287.84836,280.66785,1.6109507e-05
1994-09-20,0.0,283.73746,292.09155,277.45053,2.4626948e-05
1994-09-21,0.0,286.36523,293.1624,278.03217,2.277115e-05
1994-09-22,2.0501848e-05,288.33047,294.2133,285.56027,1.7775159e-05
1994-09-23,3.0852173e-06,289.9255,297.51114,282.68213,2.7524735e-05
1994-09-24,0.0,292.56464,300.02036,285.5973,3.2940476e-05
1994-09-25,0.0,291.4253,299.26663,287.20023,3.3844186e-05
1994-09-26,0.0,291.6453,298.5078,284.07278,2.6106156e-05
1994-09-27,7.395223e-05,291.3822,298.25223,288.4682,2.7299506e-05
1994-09-28,3.5702562e-06,288.64923,294.75146,285.9332,1.9922963e-05
1994-09-29,0.0,288.38046,295.7353,284.64502,2.1352556e-05
1994-09-30,0.0,287.8911,294.2649,282.6139,1.7226863e-05
1994-10-01,0.0,290.5792,298.33585,284.55652,2.3793327e-05
1994-10-02,2.3974708e-06,290.56226,295.72797,286.53897,1.8576135e-05
1994-10-03,0.00027059144,289.62024,294.38724,287.93787,1.958173e-05
1994-10-04,0.00051452767,285.2818,291.3096,283.3718,2.4861272e-05
1994-10-05,0.00021999858,279.92892,285.7326,277.37582,1.7857647e-05
1994-10-06,0.0,277.57837,284.66522,274.25854,1.7619383e-05
1994-10-07,3.6863198e-06,277.53873,283.7998,273.05917,1.5909403e-05
1994-10-08,1.140478e-06,276.43958,278.86307,275.1503,9.1404745e-06
1994-10-09,1.0214526e-05,277.55173,284.2823,272.8534,1.3827301e-05
1994-10-10,0.0,279.08838,286.38184,273.37985,1.3888889e-05
1994-10-11,0.0,279.24414,287.4563,273.77588,1.5046296e-05
1994-10-12,0.0,279.2623,288.97003,274.37482,1.5046296e-05
1994-10-13,0.0,280.24863,290.5474,275.27625,1.3888889e-05
1994-10-14,0.0,281.6781,291.25266,274.11343,1.3876383e-05
1994-10-15,0.0,280.92218,289.75226,277.05045,1.3132784e-05
1994-10-16,0.0,279.77164,287.5213,275.15536,8.783816e-06
1994-10-17,0.0,281.1404,286.07324,277.22586,1.0287842e-05
1994-10-18,7.049568e-06,278.02432,281.40723,276.6247,1.1422266e-05
1994-10-19,0.0,277.35648,281.4091,275.6247,1.0292878e-05
1994-10-20,0.0,278.77127,283.24063,274.42007,1.0183137e-05
1994-10-21,0.0,279.12872,280.32687,276.87976,8.298614e-06
1994-10-22,0.0,277.87787,279.50226,277.5635,9.136537e-06
1994-10-23,1.7944952e-06,278.8814,279.548,277.35785,6.0889574e-06
1994-10-24,0.00013005942,280.92136,282.12906,278.8105,5.787037e-06
1994-10-25,0.00022615724,281.76212,287.10077,278.6041,8.428765e-06
1994-10-26,2.0130505e-05,283.1211,287.61758,279.22943,9.901469e-06
1994-10-27,0.00023437539,280.07428,286.3183,276.6678,9.240234e-06
1994-10-28,0.0,282.21106,285.3452,274.80554,7.031607e-06
1994-10-29,0.00053193315,282.20233,284.73193,281.0295,6.739763e-06
1994-10-30,2.266573e-05,281.42444,287.72852,277.865,9.834344e-06
1994-10-31,0.0,283.1074,288.37216,279.10696,1.3747366e-05
1994-11-01,0.0,283.75836,288.37732,280.79904,1.1349831e-05
1994-11-02,0.0,282.2878,285.18903,279.7093,6.934896e-06
1994-11-03,1.9223933e-06,283.31064,285.55627,280.73257,6.0051225e-06
1994-11-04,9.652069e-07,284.4771,288.0088,282.33545,8.334184e-06
1994-11-05,0.0,283.7989,286.42194,282.2721,8.058391e-06
1994-11-06,0.0,282.08426,284.79474,280.50537,7.829286e-06
1994-11-07,7.751889e-05,280.6743,282.03476,279.8551,5.0383082e-06
1994-11-08,8.477583e-05,282.05298,285.43436,279.1973,6.837863e-06
1994-11-09,1.9944964e-06,282.54623,285.0362,279.4222,5.8730952e-06
1994-11-10,6.306789e-06,283.52948,285.71573,280.77753,5.787037e-06
1994-11-11,0.00050218357,281.4221,283.9196,280.4298,6.934896e-06
1994-11-12,6.1375584e-05,279.1999,282.81696,277.70596,6.1035826e-06
1994-11-13,0.0,277.55698,278.79083,276.6423,5.787037e-06
1994-11-14,0.0,279.47263,282.53064,276.8934,5.0441436e-06
1994-11-15,0.0,280.00784,285.0227,275.88733,7.70562e-06
1994-11-16,0.0,281.39117,287.03964,276.53745,7.219271e-06
1994-11-17,4.4212342e-05,279.31757,284.6928,277.3044,5.979488e-06
1994-11-18,2.0582593e-06,277.6962,281.17612,274.98398,4.6296295e-06
1994-11-19,0.0,277.88126,280.38034,275.52963,4.999639e-06
1994-11-20,2.307084e-06,278.4134,282.6599,275.90005,4.717131e-06
1994-11-21,0.0,279.20197,285.3022,272.677,5.787037e-06
1994-11-22,0.0,281.4243,283.60742,278.6791,6.54484e-06
1994-11-23,0.0,280.00165,286.03943,276.13757,4.6296295e-06
1994-11-24,0.0,278.51865,283.43655,275.10052,4.749236e-06
1994-11-25,0.0,276.9419,278.29684,273.97632,3.844965e-06
1994-11-26,0.0,277.36597,279.9152,274.41727,3.5655405e-06
1994-11-27,9.110322e-06,277.54944,279.0964,276.15598,3.5774094e-06
1994-11-28,0.0,276.11517,278.3873,274.17697,3.7625998e-06
1994-11-29,0.0,273.9047,275.59946,273.5621,3.4722223e-06
1994-11-30,0.0,274.38525,275.5683,272.07553,2.3912726e-06
1994-12-01,0.0,273.78006,277.68658,270.9218,3.5543267e-06
1994-12-02,0.0,271.10275,277.45673,267.29935,2.3148148e-06
1994-12-03,0.0,270.21573,276.73007,265.22122,2.3148148e-06
1994-12-04,0.0,274.01117,279.23294,267.66434,4.0520545e-06
1994-12-05,0.0,278.309,281.13876,272.64853,4.8347524e-06
1994-12-06,2.6188893e-06,278.96664,281.78568,276.41385,4.5959805e-06
1994-12-07,0.00014648255,277.42316,280.72946,276.46216,4.6106047e-06
1994-12-08,2.028683e-06,277.4968,281.4344,273.3597,2.7192652e-06
1994-12-09,4.0123282e-07,279.409,282.41122,276.55173,5.6076206e-06
1994-12-10,3.3822565e-05,278.74142,282.72092,276.44073,3.4722223e-06
1994-12-11,9.724565e-06,278.3676,282.792,275.65543,3.2596322e-06
1994-12-12,1.5335248e-06,276.73245,285.07532,272.59293,2.8334825e-06
1994-12-13,0.0,275.50626,283.5183,272.37125,2.3022726e-06
1994-12-14,0.0,276.5299,282.28592,271.65854,4.437724e-06
1994-12-15,0.0,272.07245,278.4436,269.3876,6.256742e-06
1994-12-16,0.0,271.03952,276.1048,264.676,6.215258e-07
1994-12-17,0.0,271.3084,278.537,266.87173,1.1574074e-06
1994-12-18,0.0,270.3974,277.2064,265.65366,2.0599393e-06
1994-12-19,0.0,272.6176,274.20685,267.65457,3.4722223e-06
1994-12-20,2.7407277e-05,273.0174,274.50165,272.61542,3.2795183e-06
1994-12-21,0.00024121565,271.56216,273.31628,271.20602,2.254109e-06
1994-12-22,0.00011397341,271.36356,272.83154,270.95206,4.3386553e-06
1994-12-23,3.3428445e-05,271.31473,272.6193,270.26407,4.4487642e-06
1994-12-24,1.0653279e-05,272.01083,273.34296,270.59186,3.6863005e-06
1994-12-25,1.46831735e-05,272.01135,273.81512,271.33386,3.462674e-06
1994-12-26,0.0,272.42087,273.79123,271.103,3.0440049e-06
1994-12-27,0.0,270.5376,273.08594,268.67377,1.2343655e-06
1994-12-28,0.0,274.48923,276.15942,269.77917,2.9755138e-06
1994-12-29,0.0,275.6148,279.33234,271.1389,2.190527e-06
1994-12-30,1.0481655e-06,279.82254,281.6135,275.40054,4.565e-06
1994-12-31,0.00036467152,275.1397,280.93884,273.71643,3.4722223e-06
1995-01-01,4.9875292e-05,274.62445,276.1678,273.4228,3.462674e-06
1995-01-02,3.3649318e-05,271.691,277.10376,269.21555,2.4590386e-06
1995-01-03,0.0,270.64444,275.09482,266.8445,6.4367746e-06
1995-01-04,0.0,269.53067,273.15192,266.28104,1.0453493e-05
1995-01-05,5.2156476e-08,270.4345,272.54962,268.486,5.941544e-06
1995-01-06,0.0,270.60632,272.2162,269.41656,4.3905156e-06
1995-01-07,1.2900881e-06,269.921,273.52283,267.6673,3.0040333e-06
1995-01-08,0.0,268.19806,271.82315,265.5292,3.6734104e-06
1995-01-09,0.0,266.70206,271.68616,264.24655,1.799808e-06
1995-01-10,0.0,269.11688,276.31717,263.7318,2.4905814e-06
1995-01-11,0.0,273.01526,279.05817,266.24902,5.787037e-06
1995-01-12,0.0,270.81015,278.35504,264.2479,5.54895e-06
1995-01-13,0.0,273.07584,276.70343,268.40714,1.2993225e-05
1995-01-14,0.0,267.7392,274.29672,264.55695,5.560828e-06
1995-01-15,0.0,266.6929,273.0632,262.03296,4.281791e-06
1995-01-16,0.0,268.98123,274.75888,265.80618,3.181467e-06
1995-01-17,0.0,267.6543,272.83368,263.01675,2.3148148e-06
1995-01-18,0.0,270.6683,275.30807,262.7308,4.493564e-06
1995-01-19,3.969189e-08,273.0952,277.24207,271.17535,4.201852e-06
1995-01-20,5.8490285e-05,272.62143,273.99527,271.58643,3.4722223e-06
1995-01-21,1.9441447e-06,273.79138,275.28534,272.17633,3.4210577e-06
1995-01-22,0.00014047333,275.16855,277.19504,272.4691,3.4722223e-06
1995-01-23,3.0746908e-06,279.23254,281.66727,275.2565,6.267891e-06
1995-01-24,0.00029709752,274.51312,280.44562,272.2269,4.6296295e-06
1995-01-25,3.2279604e-05,276.8698,280.72708,271.72742,6.9444445e-06
1995-01-26,0.0,281.4371,284.34622,277.10318,9.917211e-06
1995-01-27,0.00017363737,275.45645,284.02304,273.2208,1.8721285e-05
1995-01-28,1.6787183e-06,275.9343,279.793,269.62347,8.572219e-06
1995-01-29,2.5753193e-06,276.60605,281.61285,273.84702,8.634802e-06
1995-01-30,2.2546285e-06,278.7323,282.05215,273.7873,8.101852e-06
1995-01-31,8.7291636e-07,275.12762,280.50192,270.64532,2.0109941e-05
1995-02-01,0.0,273.373,280.71576,266.79898,6.6871157e-06
1995-02-02,0.0,274.5264,281.74133,268.16956,9.839271e-06
1995-02-03,0.0,273.64508,278.5558,270.42053,6.608697e-06
1995-02-04,0.0,273.2933,278.38638,269.46542,5.787037e-06
1995-02-05,0.0,276.1344,284.33893,269.81964,1.5623204e-05
1995-02-06,0.0,274.68442,284.88513,270.45242,9.177187e-06
1995-02-07,0.0,277.60965,288.1411,270.27823,1.3675151e-05
1995-02-08,0.0,278.00998,281.61353,273.1367,7.279385e-06
1995-02-09,3.8740227e-06,277.73395,281.4336,276.09146,5.915906e-06
1995-02-10,5.8804446e-05,274.23956,277.4675,272.11957,7.0489837e-06
1995-02-11,3.1282539e-06,277.50705,279.945,271.25528,6.434992e-06
1995-02-12,4.674506e-05,278.8828,283.86066,276.34634,9.435588e-06
1995-02-13,1.4853363e-06,278.7209,284.01083,272.91498,7.5986486e-06
1995-02-14,9.898519e-06,278.9805,281.36526,277.48715,5.8451096e-06
1995-02-15,3.4472523e-05,278.41458,283.17078,273.73727,8.193872e-06
1995-02-16,0.0,276.13943,279.5728,275.0408,5.506738e-06
1995-02-17,0.000103793864,277.58362,283.65744,273.30774,8.419982e-06
1995-02-18,0.00010124666,276.07025,279.9474,274.33707,7.22173e-06
1995-02-19,0.00047086194,275.63803,280.89658,271.73672,9.501991e-06
1995-02-20,0.0,277.7927,284.8328,270.48178,1.3348732e-05
1995-02-21,0.0,278.38513,285.01065,272.53693,1.7166256e-05
1995-02-22,0.0,276.43442,279.6085,273.6664,7.861075e-06
1995-02-23,1.0991198e-05,276.51297,279.30746,273.61954,5.7106568e-06
1995-02-24,0.00028038272,275.74744,278.37283,274.12213,5.7774887e-06
1995-02-25,0.00011316203,278.61685,282.89148,273.8938,1.0390329e-05
1995-02-26,1.5925983e-05,274.56998,279.67062,272.7766,4.853219e-06
1995-02-27,0.0005364767,275.46442,278.45282,273.7253,6.069742e-06
1995-02-28,2.3835163e-08,274.86502,281.58475,270.78864,1.1913428e-05
1995-03-01,0.0,277.60696,285.60687,269.65036,1.6852451e-05
1995-03-02,1.0480248e-06,275.7894,278.7144,272.91766,7.669697e-06
1995-03-03,0.00043303144,276.21555,278.86255,273.60315,6.1740066e-06
1995-03-04,4.0411094e-05,275.54993,277.77505,274.38852,4.785315e-06
1995-03-05,0.00033911355,275.62015,280.32034,273.64343,1.23474665e-05
1995-03-06,3.5450055e-06,274.9772,277.05472,272.19617,6.3522125e-06
1995-03-07,6.244705e-05,275.3741,279.49158,273.00488,1.0168024e-05
1995-03-08,2.8911625e-06,275.31573,282.22244,269.6809,1.6615428e-05
1995-03-09,0.0,276.46274,278.15347,274.0497,8.094218e-06
1995-03-10,4.520574e-05,277.45932,283.39783,274.8826,1.53574e-05
1995-03-11,0.0,276.8406,284.96454,271.2712,1.7385859e-05
1995-03-12,0.0,277.27087,285.8928,270.24484,1.8471672e-05
1995-03-13,0.0,277.67322,281.83746,272.9904,1.7576365e-05
1995-03-14,1.4140528e-06,273.99698,278.18216,272.4618,1.6634514e-05
1995-03-15,0.0,274.29498,278.57416,269.1399,1.2436632e-05
1995-03-16,2.6438553e-05,274.50037,276.10468,273.10635,6.549761e-06
1995-03-17,9.8484e-05,276.74084,282.40808,272.35324,1.6809923e-05
1995-03-18,0.0,280.0712,283.5401,274.6672,1.5854966e-05
1995-03-19,2.547427e-06,282.6518,285.7309,279.09323,1.40035745e-05
1995-03-20,0.0001135117,275.01993,283.75873,273.34042,9.001372e-06
1995-03-21,0.00014735686,274.44067,281.4115,269.6233,1.2422543e-05
1995-03-22,0.0,276.3578,281.2809,271.24136,2.1561958e-05
1995-03-23,0.0,278.14484,283.01062,271.79547,1.7818442e-05
1995-03-24,0.0,279.95285,290.2512,272.15427,2.5165442e-05
1995-03-25,0.0,281.4892,288.99686,272.53873,3.092122e-05
1995-03-26,0.0,281.3572,285.2694,276.85767,1.7119686e-05
1995-03-27,3.7766915e-06,281.99945,285.15543,279.49225,1.7072603e-05
1995-03-28,0.00021769007,274.26566,282.9899,271.3929,1.9438343e-05
1995-03-29,9.54733e-06,275.74384,278.5739,270.7946,2.044549e-05
1995-03-30,1.7866103e-05,276.74524,280.035,274.98236,3.875993e-05
1995-03-31,0.0,276.4495,282.23236,272.6742,2.7990174e-05
1995-04-01,0.0,279.31,286.892,272.40317,2.6060392e-05
1995-04-02,0.0,285.30267,293.96185,275.42746,4.2598953e-05
1995-04-03,0.0,285.0706,296.31723,275.08682,4.606842e-05
1995-04-04,0.0,284.88486,293.39084,275.71686,3.766048e-05
1995-04-05,0.0,284.8399,291.9354,277.28403,2.7764328e-05
1995-04-06,0.0,284.51797,292.1587,276.9756,2.5030467e-05
1995-04-07,3.4373932e-06,285.8815,294.94522,276.26297,3.437335e-05
1995-04-08,0.0,281.76566,290.0286,277.25287,3.8380254e-05
1995-04-09,1.2727438e-07,278.52542,284.4829,273.34995,3.676787e-05
1995-04-10,0.0,279.05554,286.5737,269.4938,2.93949e-05
1995-04-11,0.0,281.28033,287.171,274.8466,2.244011e-05
1995-04-12,1.6624244e-05,277.9089,282.4866,275.6755,1.854441e-05
1995-04-13,0.0,279.03763,287.287,275.0409,2.4603125e-05
1995-04-14,1.2497446e-05,277.32404,283.72928,272.54132,2.5668114e-05
1995-04-15,0.0,276.93256,282.83948,272.0682,2.456081e-05
1995-04-16,1.1794137e-07,278.97955,282.4072,273.26938,1.4882358e-05
1995-04-17,0.0,279.94678,288.6438,272.08527,3.059421e-05
1995-04-18,0.0,284.33353,289.85034,274.58136,3.1149706e-05
1995-04-19,0.0,283.90753,287.29608,278.43234,1.957346e-05
1995-04-20,8.5489555e-06,283.76785,288.3325,280.56174,2.1049265e-05
1995-04-21,4.637657e-06,285.74673,293.5577,278.39896,3.1389154e-05
1995-04-22,3.63201e-06,288.28928,297.80157,277.0189,4.838699e-05
1995-04-23,0.0,289.4123,298.95563,277.2213,4.758087e-05
1995-04-24,0.0,286.45963,292.8989,280.1258,2.4269732e-05
1995-04-25,0.00020248292,281.88126,286.19138,280.55777,1.5727137e-05
1995-04-26,0.00016861146,282.12622,285.84506,276.9316,2.2746553e-05
1995-04-27,5.2475616e-06,284.4304,290.03528,277.98514,3.6847723e-05
1995-04-28,4.2621755e-06,285.03943,291.2861,280.63022,3.8011625e-05
1995-04-29,1.0180244e-05,286.82928,294.65402,279.06317,4.0569586e-05
1995-04-30,0.0,286.70618,295.49597,278.9558,4.1788073e-05
1995-05-01,2.6358643e-05,287.419,293.40784,281.4384,3.6545247e-05
1995-05-02,1.9010811e-05,285.74088,291.30014,282.58813,4.0169685e-05
1995-05-03,1.2135157e-06,282.45187,290.46762,275.38736,4.5952704e-05
1995-05-04,0.0,284.35553,292.48416,273.3563,4.069253e-05
1995-05-05,0.0,288.201,297.2319,277.5021,4.8246897e-05
1995-05-06,0.0,288.40836,298.11386,277.71375,5.1280847e-05
1995-05-07,1.4329389e-06,290.54135,300.0907,278.88358,6.527397e-05
1995-05-08,0.0,289.88855,297.19803,281.79764,5.4193628e-05
1995-05-09,0.0,289.00363,295.03317,282.3166,4.329838e-05
1995-05-10,2.6088814e-05,283.29214,288.20374,282.19272,1.8207189e-05
1995-05-11,9.968482e-05,284.21863,287.7514,280.66156,2.5193847e-05
1995-05-12,0.00011334272,284.6922,287.1515,282.80197,1.6160242e-05
1995-05-13,0.00042065,284.62885,287.8574,282.85962,1.8018405e-05
1995-05-14,0.00012341267,284.65857,289.96844,281.92896,3.009888e-05
1995-05-15,3.1221203e-05,281.8359,286.46127,279.4544,2.4890316e-05
1995-05-16,0.0,284.3261,289.95032,275.0557,3.5413643e-05
1995-05-17,3.3163324e-06,284.1402,286.17056,283.2171,1.8518518e-05
1995-05-18,7.0031965e-05,286.4335,292.12436,279.31583,3.6788657e-05
1995-05-19,0.00013096316,284.22882,287.53,282.9508,1.7746197e-05
1995-05-20,0.00014798432,282.58224,285.3899,281.07117,2.1847234e-05
1995-05-21,3.027597e-07,282.91394,286.179,279.25607,2.1230751e-05
1995-05-22,0.0,284.5829,290.3685,280.00842,3.4590703e-05
1995-05-23,0.0,287.05167,295.66302,278.055,4.86886e-05
1995-05-24,0.0,289.26956,296.7813,279.84125,5.5060053e-05
1995-05-25,0.0,290.6683,298.54047,281.5053,5.699265e-05
1995-05-26,0.0,292.35748,299.85504,282.30728,5.6630426e-05
1995-05-27,0.0,292.11816,299.37546,284.16055,5.9780756e-05
1995-05-28,0.0,292.5879,299.6137,283.153,5.585868e-05
1995-05-29,2.6992525e-06,293.5917,299.6105,285.5988,5.0087845e-05
1995-05-30,8.181189e-06,290.95447,299.20648,285.89456,4.6836507e-05
1995-05-31,5.914182e-07,287.32278,295.27066,285.34552,2.7642765e-05
1995-06-01,0.00022327424,285.9257,290.0625,284.86194,2.045968e-05
1995-06-02,0.00017165973,287.07822,293.52817,282.05692,3.4654855e-05
1995-06-03,4.053932e-05,287.5207,292.53555,284.5363,2.8881073e-05
1995-06-04,6.0025777e-06,288.36295,294.69244,282.9012,3.9806222e-05
1995-06-05,2.468138e-05,287.4601,290.9554,285.2523,1.9612718e-05
1995-06-06,0.0002384844,287.06943,291.8239,284.7522,3.0461817e-05
1995-06-07,1.5984682e-05,288.22382,294.49152,283.28583,3.682934e-05
1995-06-08,1.6041852e-06,290.00006,297.11063,281.60007,3.754e-05
1995-06-09,1.5036496e-06,290.29706,297.231,283.79797,4.401373e-05
1995-06-10,6.7333403e-06,289.01755,292.86395,283.99747,2.4590412e-05
1995-06-11,0.00014927078,287.91586,292.29037,286.65192,2.2359885e-05
1995-06-12,0.0002679146,286.04868,289.80737,284.41418,1.9957946e-05
1995-06-13,6.950592e-05,286.6426,292.13644,282.03403,3.7160265e-05
1995-06-14,2.624318e-05,286.99124,291.8171,283.49234,2.8361566e-05
1995-06-15,2.8042694e-05,288.29245,294.11984,283.74512,4.4555774e-05
1995-06-16,4.8034773e-05,288.291,293.58566,283.64062,3.5199155e-05
1995-06-17,8.65096e-06,289.29294,295.35883,283.7731,4.128775e-05
1995-06-18,1.1433575e-05,290.45694,296.22305,282.8309,3.6906462e-05
1995-06-19,5.95263e-06,292.34662,299.5965,284.8836,4.890065e-05
1995-06-20,0.0,293.82086,301.56647,285.33496,5.9852067e-05
1995-06-21,0.0,294.28348,302.27408,285.95688,6.3103886e-05
1995-06-22,4.2963884e-06,289.5277,295.35507,287.28082,2.6677908e-05
1995-06-23,0.00055727543,283.8087,287.58606,282.86945,2.1999862e-05
1995-06-24,8.250128e-05,283.62997,284.50644,282.40872,1.881574e-05
1995-06-25,0.00010194751,286.19382,289.69736,283.22964,2.4225496e-05
1995-06-26,1.19676015e-05,290.51736,297.74,283.50317,4.7579633e-05
1995-06-27,1.5666387e-06,292.0106,297.0235,285.7638,3.289661e-05
1995-06-28,1.2320886e-06,293.6706,300.77512,287.33014,5.9388043e-05
1995-06-29,0.0,291.71216,298.96277,284.32404,5.7370118e-05
1995-06-30,0.0,293.5813,301.26007,283.57297,5.9681075e-05
1995-07-01,0.0,294.96344,303.34915,286.41562,6.2581974e-05
1995-07-02,0.0,294.9653,302.31903,288.53268,5.5924018e-05
1995-07-03,5.635777e-06,295.36295,300.66348,289.2044,5.4890992e-05
1995-07-04,0.0001086123,292.70654,299.0936,286.3113,4.8135014e-05
1995-07-05,2.1125064e-05,291.23248,298.40463,287.37378,3.9766248e-05
1995-07-06,0.00022554213,289.0069,291.7889,287.9924,2.2813112e-05
1995-07-07,3.82371e-05,291.62686,297.4591,284.64334,5.278998e-05
1995-07-08,0.0,293.77344,301.05872,284.40598,5.3053238e-05
1995-07-09,0.0,294.8754,301.8994,286.94666,6.0134033e-05
1995-07-10,0.0,295.00998,302.3371,287.3007,5.8753085e-05
1995-07-11,0.0,295.2227,302.44553,287.93555,6.0462055e-05
1995-07-12,0.0,294.3158,302.27817,288.4712,5.2305695e-05
1995-07-13,3.0167375e-05,295.74985,303.19534,287.19714,5.959088e-05
1995-07-14,1.1801081e-05,295.77545,303.18436,290.13168,6.117851e-05
1995-07-15,8.255614e-06,292.51102,298.83154,288.5757,3.9440543e-05
1995-07-16,3.8400893e-05,295.01062,302.31012,286.87747,5.8954924e-05
1995-07-17,0.0,291.06207,296.3981,289.74542,2.642976e-05
1995-07-18,1.5485133e-05,292.91296,300.30975,285.79416,4.679056e-05
1995-07-19,2.0748257e-05,295.60843,302.74353,287.57202,5.7409015e-05
1995-07-20,0.0,295.90317,302.81943,289.1027,6.0510327e-05
1995-07-21,0.0,296.446,303.03836,289.31976,5.588103e-05
1995-07-22,0.0,296.88205,303.8191,290.11023,5.8503818e-05
1995-07-23,3.931084e-06,296.3868,301.56293,291.63052,4.5270146e-05
1995-07-24,1.428997e-05,294.1125,299.79803,291.02588,4.397982e-05
1995-07-25,0.0,294.11017,300.3273,288.68973,5.731239e-05
1995-07-26,0.0,295.81192,302.68777,287.58566,5.7990823e-05
1995-07-27,0.0,297.85025,304.65652,289.073,5.6664576e-05
1995-07-28,7.990742e-06,292.8206,298.16467,290.92688,2.7364935e-05
1995-07-29,0.00016431288,290.6433,294.37485,288.5983,2.4227023e-05
1995-07-30,4.6811644e-07,293.2312,300.00955,288.5562,5.9152062e-05
1995-07-31,0.0,293.88605,301.39615,285.6035,5.8071386e-05
1995-08-01,2.2293855e-06,294.33243,302.55563,285.41992,5.152748e-05
1995-08-02,5.042547e-05,291.8857,300.72318,287.5865,4.8183014e-05
1995-08-03,0.0002381558,292.67554,299.9393,286.4404,4.7132486e-05
1995-08-04,2.5298762e-06,293.22736,300.9108,285.96848,4.6948517e-05
1995-08-05,0.0,294.6011,302.15924,286.50974,5.366091e-05
1995-08-06,0.0,294.86575,303.32846,287.45685,5.428335e-05
1995-08-07,0.0,293.73312,300.30258,287.87885,4.1994266e-05
1995-08-08,1.3874138e-05,294.25848,300.93698,288.14606,4.5111563e-05
1995-08-09,4.8184174e-05,289.98328,296.6783,288.6826,2.8229404e-05
1995-08-10,0.00026606023,291.87912,297.87836,284.7192,4.212277e-05
1995-08-11,0.0,292.15967,300.3315,284.59634,5.0382205e-05
1995-08-12,0.0,292.3467,300.03442,284.41348,5.1389663e-05
1995-08-13,0.0,291.6074,299.4269,285.70627,5.05811e-05
1995-08-14,0.0,293.10718,300.53534,282.04013,4.9841758e-05
1995-08-15,2.716903e-06,291.9411,298.02728,289.21927,3.3169053e-05
1995-08-16,2.4518467e-05,289.45016,295.87332,285.50925,2.9420207e-05
1995-08-17,3.2832195e-05,289.56363,294.5223,285.90372,3.298163e-05
1995-08-18,1.3667657e-05,290.10193,296.07846,287.27524,2.6137222e-05
1995-08-19,0.0003366902,290.4887,294.95605,288.53537,2.313475e-05
1995-08-20,0.00017716958,289.7644,292.08633,288.08533,1.602717e-05
1995-08-21,0.000121311685,291.66437,296.16406,288.31125,3.0215419e-05
1995-08-22,9.402956e-05,292.15866,297.2466,289.08032,3.1497544e-05
1995-08-23,2.4794439e-05,292.10147,299.30347,287.2728,3.795067e-05
1995-08-24,0.0,291.73016,298.73862,286.78946,3.6925503e-05
1995-08-25,1.7659613e-05,291.53677,295.81512,287.0819,2.4948917e-05
1995-08-26,1.7650418e-05,292.4013,298.72192,288.74063,3.809052e-05
1995-08-27,4.2555737e-05,289.63245,294.91464,286.52948,2.6750606e-05
1995-08-28,0.00025134662,282.7545,288.54324,280.26245,9.321626e-06
1995-08-29,0.00044043394,284.34732,291.38452,278.33157,2.596514e-05
1995-08-30,9.21894e-06,285.0198,291.75568,279.86185,3.2923796e-05
1995-08-31,0.0,282.53918,290.724,276.9157,2.9040046e-05
1995-09-01,1.04278315e-05,282.45215,287.31802,277.69357,1.2419652e-05
1995-09-02,1.7283151e-05,287.65314,293.37598,281.35278,2.9458872e-05
1995-09-03,1.0260173e-05,287.69565,292.11508,284.70447,1.9558367e-05
1995-09-04,0.00029883126,285.03226,290.78665,282.72125,2.9257204e-05
1995-09-05,5.3515585e-05,285.3192,291.01205,278.54022,2.5833928e-05
1995-09-06,0.0,287.58682,295.32794,283.11414,3.3567092e-05
1995-09-07,1.7601278e-06,287.44012,294.30023,279.33914,2.3141316e-05
1995-09-08,9.258168e-05,288.64688,291.97992,287.8088,1.4308478e-05
1995-09-09,0.000474217,287.49954,296.09915,285.07272,2.6807926e-05
1995-09-10,0.00023288309,287.485,295.0788,281.94992,3.161309e-05
1995-09-11,0.0,288.21948,296.16345,281.22247,3.4267207e-05
1995-09-12,0.0,289.60065,297.64563,282.6393,3.1114374e-05
1995-09-13,4.395515e-06,287.52582,291.03763,283.99237,1.3876347e-05
1995-09-14,0.00026760943,288.2503,289.81808,287.4223,1.2731482e-05
1995-09-15,0.00037532274,288.51416,293.53363,284.97342,2.2920007e-05
1995-09-16,7.664585e-05,287.78598,293.63812,285.55768,2.3958566e-05
1995-09-17,0.00020105825,287.1977,292.73434,283.09177,2.377052e-05
1995-09-18,1.1308001e-05,288.4224,294.69516,285.28262,2.6534177e-05
1995-09-19,1.773308e-06,287.17526,288.86844,284.32492,9.299472e-06
1995-09-20,0.00052073144,288.0411,293.47272,285.82672,2.3426293e-05
1995-09-21,6.567661e-05,287.00192,294.8943,283.0206,2.6935571e-05
1995-09-22,0.00010595738,285.4527,290.1258,283.56982,1.8684304e-05
1995-09-23,8.881163e-06,284.81274,290.59726,281.48355,1.6203703e-05
1995-09-24,0.0,285.00037,290.62772,279.93463,1.9368912e-05
1995-09-25,0.0,285.52222,292.52692,280.07565,2.3786213e-05
1995-09-26,0.0,285.52344,293.77692,278.88782,2.4715224e-05
1995-09-27,0.0,286.12228,294.471,280.13638,2.68289e-05
1995-09-28,1.7469223e-06,282.21588,285.94724,280.46207,1.0796002e-05
1995-09-29,0.00024331736,280.0014,286.57162,277.4098,1.8997827e-05
1995-09-30,2.7329638e-06,278.95105,285.66513,271.8172,1.37961115e-05
1995-10-01,0.0,282.1904,287.8217,274.1406,1.4349708e-05
1995-10-02,0.0,285.11752,292.52853,277.8979,2.196611e-05
1995-10-03,0.0,286.15494,293.18317,279.46155,2.4280089e-05
1995-10-04,0.0,286.93076,292.89026,280.24564,1.5554042e-05
1995-10-05,7.2236608e-06,288.5721,293.46945,285.73413,1.876926e-05
1995-10-06,9.218755e-06,288.5716,296.3444,283.38705,2.3403692e-05
1995-10-07,0.0,288.37527,295.88968,282.38846,1.793113e-05
1995-10-08,0.0,288.8818,295.63852,284.64954,2.0453404e-05
1995-10-09,0.0,289.098,295.35852,284.53378,1.7789296e-05
1995-10-10,0.0,287.76746,294.60754,284.90753,2.009314e-05
1995-10-11,0.0,286.9645,294.02682,280.9861,1.7283142e-05
1995-10-12,0.0,286.52332,294.3342,281.18695,1.8328803e-05
1995-10-13,0.0,285.09506,294.03595,279.86453,1.49589205e-05
1995-10-14,0.0,284.82492,291.815,279.38284,1.4153075e-05
1995-10-15,0.0,284.40588,286.5808,281.28268,9.104074e-06
1995-10-16,0.0,284.765,290.02844,281.24442,1.3894313e-05
1995-10-17,0.0,284.62933,287.75238,281.46164,1.1296155e-05
1995-10-18,0.0,284.10364,292.3342,279.3593,1.5046296e-05
1995-10-19,0.0,284.07825,293.392,277.93408,1.3888889e-05
1995-10-20,0.0,284.03174,293.50577,276.71347,1.3937116e-05
1995-10-21,0.0,283.90805,288.0907,279.1674,1.1023721e-05
1995-10-22,1.854434e-06,279.34995,284.42316,276.67453,1.1015498e-05
1995-10-23,0.0,277.13773,285.53876,272.8265,1.2721934e-05
1995-10-24,0.0,276.58093,285.75455,270.7938,1.1665417e-05
1995-10-25,0.0,275.45935,283.47125,271.2892,6.964741e-06
1995-10-26,0.0,278.49976,289.25558,270.4121,9.65143e-06
1995-10-27,0.0,279.00754,287.8646,273.00354,8.766037e-06
1995-10-28,0.0,281.69348,287.88593,275.31458,9.259259e-06
1995-10-29,1.5711811e-06,284.52524,291.92065,277.9395,1.30205735e-05
1995-10-30,2.7189692e-05,283.7825,285.69803,279.92294,5.787037e-06
1995-10-31,7.096538e-05,283.35968,285.91736,280.6646,6.8053405e-06
1995-11-01,0.0,283.50684,287.91727,280.24585,7.54926e-06
1995-11-02,3.9632046e-06,279.3766,284.17032,276.6381,9.442929e-06
1995-11-03,2.3389325e-06,276.75317,284.77625,272.13824,8.867391e-06
1995-11-04,1.099314e-06,276.7312,281.47855,272.64218,2.670913e-05
1995-11-05,0.0,276.42175,279.60254,271.93503,2.152528e-05
1995-11-06,0.0,276.52866,280.89987,271.77917,1.2994556e-05
1995-11-07,0.0,280.02582,289.22418,272.07867,1.4577714e-05
1995-11-08,2.1923822e-06,275.4874,280.37323,274.1294,5.787037e-06
1995-11-09,1.6516537e-06,277.08832,283.59473,273.17157,7.40736e-06
1995-11-10,0.0,278.915,282.64056,272.27313,5.787037e-06
1995-11-11,1.6831931e-05,283.7763,285.95605,280.15817,1.07026535e-05
1995-11-12,1.6865888e-05,282.4441,287.7772,280.08557,8.123223e-06
1995-11-13,1.5933063e-05,278.31894,282.7402,277.31934,5.1576117e-06
1995-11-14,1.0655746e-05,278.8962,279.82516,278.1996,5.768012e-06
1995-11-15,1.0197022e-06,280.3972,282.2239,277.8887,5.753388e-06
1995-11-16,8.209697e-06,284.35443,285.6879,279.03925,8.9379855e-06
1995-11-17,0.00015932518,284.9091,288.15604,283.63165,7.2301505e-06
1995-11-18,0.00035108122,274.26047,284.42636,272.05588,5.8072183e-06
1995-11-19,2.3655852e-05,271.6463,274.58426,267.82196,3.904092e-06
1995-11-20,1.8506162e-08,274.34622,278.7237,268.4119,1.4738975e-05
1995-11-21,0.0,269.78152,276.0997,265.92108,4.277474e-06
1995-11-22,0.0,268.34808,275.2195,264.03156,1.7309287e-06
1995-11-23,0.0,269.68622,275.8265,263.99283,3.8791954e-06
1995-11-24,0.0,271.6177,278.69534,266.9997,3.099498e-06
1995-11-25,0.0,273.17804,276.976,266.4968,3.4722223e-06
1995-11-26,3.04822e-07,274.96597,278.2312,271.42023,3.4722223e-06
1995-11-27,6.3252483e-06,278.15433,280.73694,274.41608,4.314335e-06
1995-11-28,3.258668e-05,279.49,282.7301,277.7407,4.527556e-06
1995-11-29,2.4413988e-05,277.9347,281.1229,276.50977,4.5094625e-06
1995-11-30,0.0,277.3076,278.97202,275.74487,4.620081e-06
1995-12-01,1.4798551e-06,275.95804,277.76193,275.15927,5.138761e-06
1995-12-02,0.0,275.64978,279.13385,272.90408,3.4722223e-06
1995-12-03,0.0,274.266,276.05872,272.99692,5.7831944e-06
1995-12-04,1.8439937e-07,274.2203,275.23685,273.14175,5.8231994e-06
1995-12-05,4.5759858e-05,272.58124,274.35315,271.96133,4.7518106e-06
1995-12-06,2.5585548e-05,271.1444,272.94247,270.4764,3.9189304e-06
1995-12-07,0.00011934456,271.1405,272.44998,270.08252,2.993975e-06
1995-12-08,1.9738274e-05,271.02832,273.0844,268.19788,2.3148148e-06
1995-12-09,0.0,272.09396,272.61453,269.45285,2.3148148e-06
1995-12-10,0.0,271.8472,273.30936,271.0339,3.6752206e-06
1995-12-11,0.0,271.34805,272.72385,270.02557,2.3148148e-06
1995-12-12,3.0112515e-05,272.10995,273.6214,270.55728,4.5052666e-06
1995-12-13,2.2623632e-05,270.71054,272.13492,269.54086,3.7471432e-06
1995-12-14,9.548803e-05,271.91055,273.35342,270.335,3.4188506e-06
1995-12-15,2.6143844e-05,271.7679,273.03558,268.77634,2.6491125e-06
1995-12-16,1.0814055e-06,272.95926,274.44125,271.29895,2.3148148e-06
1995-12-17,2.2233746e-05,273.56015,274.67847,272.39566,2.3148148e-06
1995-12-18,2.1468342e-05,274.45444,276.82355,273.4679,2.6827543e-06
1995-12-19,2.9783845e-05,274.80716,276.3456,273.8672,3.2360253e-06
1995-12-20,0.0,275.7292,278.20316,273.44595,3.7628647e-06
1995-12-21,0.0,272.306,278.0674,270.7725,5.938674e-06
1995-12-22,1.5726222e-05,277.05814,280.19058,270.06076,4.528594e-06
1995-12-23,0.00014120783,282.14056,283.6144,278.52774,5.7620405e-06
1995-12-24,0.00038877007,282.3448,283.76196,280.6226,6.93487e-06
1995-12-25,1.1195659e-05,280.67606,283.2702,279.4519,4.6296295e-06
1995-12-26,2.602859e-05,275.79962,281.71463,272.92313,3.8242015e-06
1995-12-27,0.0005535061,271.63437,272.91226,271.11108,3.5953935e-06
1995-12-28,6.273281e-05,267.3268,272.63974,264.48276,1.8382792e-06
1995-12-29,0.0,265.0305,267.53693,261.70804,1.7777086e-06
1995-12-30,4.2367633e-06,265.6744,267.56912,264.95392,2.3148148e-06
1995-12-31,3.2253643e-05,268.4404,268.72888,265.52737,2.3148148e-06
1996-01-01,0.0002325383,271.22592,272.6374,268.22293,3.4531975e-06
1996-01-02,2.4743415e-05,272.07944,274.16357,271.07938,2.29579e-06
1996-01-03,1.14119956e-07,271.48416,273.24652,270.32428,3.409276e-06
1996-01-04,0.0,269.28888,271.44357,267.9689,3.1471093e-06
1996-01-05,0.0,268.2052,269.72324,267.78586,3.4017114e-06
1996-01-06,1.7942726e-06,268.94595,270.11145,267.7074,2.3148148e-06
1996-01-07,4.0375803e-06,271.6765,272.98767,269.35648,2.3148148e-06
1996-01-08,0.00017158968,273.4648,274.73532,272.16165,3.4531975e-06
1996-01-09,0.00017020844,275.42062,277.2601,273.41544,2.5924267e-06
1996-01-10,9.129347e-06,276.89862,278.20343,274.9077,2.7440597e-06
1996-01-11,1.639351e-05,278.2519,280.20285,275.52463,3.2906562e-06
1996-01-12,1.4657583e-05,278.18646,281.527,275.77396,2.5080822e-06
1996-01-13,9.049316e-06,276.09042,279.38806,274.97122,2.8283837e-06
1996-01-14,1.0918607e-06,274.6184,276.09894,273.87933,4.13313e-06
1996-01-15,0.0,273.13934,275.4058,272.2564,3.6335462e-06
1996-01-16,0.0,271.17963,274.7198,268.4538,1.8353181e-06
1996-01-17,0.0,270.34573,274.37366,266.64536,1.2528167e-06
1996-01-18,0.0,270.2362,274.1078,265.66425,1.3970508e-06
1996-01-19,0.0,271.0582,275.2495,269.45953,2.550867e-06
1996-01-20,0.0,270.34457,271.3209,269.4627,5.5696487e-06
1996-01-21,9.203537e-06,270.56015,271.33478,269.76624,4.838131e-06
1996-01-22,1.4286837e-06,271.17056,271.349,270.58752,5.5079336e-06
1996-01-23,1.2495691e-05,270.15652,271.56644,269.72333,2.5489435e-06
1996-01-24,9.489852e-05,268.20374,269.84006,267.3855,2.518727e-06
1996-01-25,9.044349e-05,266.7721,267.9007,265.36957,3.4531975e-06
1996-01-26,8.285994e-06,268.31552,270.43097,266.53778,3.290571e-06
1996-01-27,0.0,270.86285,272.4419,268.60452,3.2511416e-06
1996-01-28,7.2416065e-06,272.78296,274.91122,271.3467,3.5571516e-06
1996-01-29,0.0,272.85864,273.74493,272.3115,3.6721271e-06
1996-01-30,0.0,270.58533,274.15765,266.51352,7.607692e-06
1996-01-31,1.2968153e-06,268.25638,273.10034,264.0407,5.985626e-06
1996-02-01,0.0,264.651,270.0277,258.23074,3.816287e-06
1996-02-02,0.0,269.598,274.342,259.969,3.4722223e-06
1996-02-03,5.5561572e-06,275.59933,277.655,273.0199,3.4722223e-06
1996-02-04,0.00017486713,272.96542,275.31158,272.32617,4.8942497e-06
1996-02-05,7.035297e-05,269.5933,272.6419,268.6019,4.6915143e-06
1996-02-06,1.1335305e-05,266.8854,270.40964,264.40738,3.966255e-06
1996-02-07,1.0854868e-07,266.64856,270.23724,264.0251,4.542745e-06
1996-02-08,1.8026005e-06,267.94492,271.23334,265.23312,4.6489154e-06
1996-02-09,3.4715643e-07,266.9833,273.18225,261.26266,4.6105665e-06
1996-02-10,0.0,266.9024,271.49716,262.5334,4.527556e-06
1996-02-11,0.0,269.648,273.83765,264.82437,4.508052e-06
1996-02-12,0.0,272.8724,275.83762,267.67596,4.6296295e-06
1996-02-13,6.979683e-05,274.22244,276.06122,272.7086,4.6296295e-06
1996-02-14,0.00012272414,273.75266,278.1476,271.56964,4.975629e-06
1996-02-15,0.0,272.49768,277.4153,268.7698,6.871297e-06
1996-02-16,0.0,272.4344,276.17365,267.96,6.25093e-06
1996-02-17,0.0,273.19717,278.6278,267.82373,6.9444445e-06
1996-02-18,1.0968704e-08,274.74747,279.97232,266.6895,5.9030026e-06
1996-02-19,3.6450565e-05,275.34995,278.41022,273.5213,3.8828e-06
1996-02-20,0.0007684033,274.76508,278.6046,272.9474,5.685276e-06
1996-02-21,9.918459e-07,272.67014,275.80548,271.4596,8.181668e-06
1996-02-22,7.4443988e-06,270.70685,273.15482,269.26,6.047498e-06
1996-02-23,5.0733074e-06,268.60876,272.73383,264.814,6.4662395e-06
1996-02-24,0.0,267.84683,274.91452,262.54956,7.3509277e-06
1996-02-25,0.0,269.0506,277.07703,261.06412,7.542184e-06
1996-02-26,0.0,273.14343,279.99896,265.91757,8.157329e-06
1996-02-27,0.0,273.26627,280.2333,265.67993,9.215799e-06
1996-02-28,0.0,272.85922,278.84467,268.60303,7.68472e-06
1996-02-29,0.0,271.86133,279.7468,265.08594,9.156844e-06
1996-03-01,0.0,275.84525,282.76733,267.3127,1.2728049e-05
1996-03-02,0.0,272.43256,277.61853,269.38812,1.7193344e-05
1996-03-03,0.0,270.6539,277.1947,265.13177,9.502625e-06
1996-03-04,0.0,269.8846,276.22397,264.36304,1.0090911e-05
1996-03-05,0.0,268.8808,277.11948,262.42868,1.0294318e-05
1996-03-06,0.0,272.41772,281.20074,264.39804,1.1565406e-05
1996-03-07,0.0,273.5529,276.8352,268.1561,7.647728e-06
1996-03-08,1.5405105e-06,274.08868,276.2331,272.37213,1.2289649e-05
1996-03-09,0.0,272.0777,275.99295,267.15018,1.1224351e-05
1996-03-10,0.0,271.8591,277.9773,267.38776,1.3820568e-05
1996-03-11,0.0,270.73886,274.077,265.69232,1.1102258e-05
1996-03-12,1.5986525e-05,269.82626,272.48978,269.19864,6.843818e-06
1996-03-13,5.3445267e-05,270.96902,273.4691,267.34402,5.743577e-06
1996-03-14,1.1768173e-05,273.921,280.28452,268.17627,8.997313e-06
1996-03-15,0.0,275.1542,280.19803,271.72015,8.926819e-06
1996-03-16,0.0,274.94916,276.01132,274.0686,9.689712e-06
1996-03-17,1.8894842e-05,275.9555,278.78238,273.96228,1.0812477e-05
1996-03-18,3.3405618e-06,276.25018,278.42117,274.6656,8.084182e-06
1996-03-19,6.5971557e-07,275.98615,279.31232,274.28476,1.0034081e-05
1996-03-20,0.0,275.67178,282.95035,270.6506,1.7998973e-05
1996-03-21,0.0,276.87076,286.0443,269.0701,1.895074e-05
1996-03-22,5.7993308e-08,278.65524,285.94342,273.71677,1.5367606e-05
1996-03-23,9.756712e-06,277.50787,280.9433,274.95132,9.89934e-06
1996-03-24,5.8832698e-06,279.94464,287.53082,274.68716,2.2185866e-05
1996-03-25,0.0,279.7492,282.6421,276.11066,1.0747639e-05
1996-03-26,1.1853599e-06,280.2312,283.83258,277.6108,1.1127338e-05
1996-03-27,0.0,278.0143,283.91885,275.32504,1.3465452e-05
1996-03-28,2.0018497e-06,275.43912,282.71896,270.24084,3.0546016e-05
1996-03-29,0.0,277.1789,283.69382,270.29117,2.209219e-05
1996-03-30,1.6438269e-05,275.68436,279.6405,273.4852,1.3947238e-05
1996-03-31,1.831138e-05,277.3204,282.4845,271.85934,2.4948784e-05
1996-04-01,0.0,275.35117,278.42114,273.2795,1.0132407e-05
1996-04-02,0.00031430493,273.87122,276.5033,273.85327,9.099819e-06
1996-04-03,0.00048093696,274.71866,277.02914,273.7966,1.10410065e-05
1996-04-04,4.850726e-05,274.7049,276.1052,273.6023,8.776005e-06
1996-04-05,8.219442e-05,277.2211,279.51544,275.391,8.889387e-06
1996-04-06,8.063181e-06,281.23444,290.2606,275.72903,2.2976028e-05
1996-04-07,0.0,282.36884,292.17792,273.48807,3.0434556e-05
1996-04-08,0.0,283.42514,291.53723,274.681,2.9893266e-05
1996-04-09,9.3138965e-07,282.00308,289.35156,277.61096,2.7203587e-05
1996-04-10,3.6674928e-06,280.979,287.63318,274.95215,2.4223536e-05
1996-04-11,8.710216e-06,281.59723,288.0644,274.5368,2.1304677e-05
1996-04-12,5.77189e-06,283.2444,290.0126,277.98514,2.897714e-05
1996-04-13,3.4061883e-05,274.75275,283.09143,274.19568,1.1330327e-05
1996-04-14,2.707941e-05,279.65915,285.33725,272.76944,2.944828e-05
1996-04-15,3.4583923e-06,282.39774,287.1518,274.62115,4.2355936e-05
1996-04-16,0.0,282.7124,288.89496,278.37482,4.0162366e-05
1996-04-17,0.0,282.05435,291.29532,272.0112,3.5710716e-05
1996-04-18,0.0,283.54318,293.69965,273.34286,3.8763777e-05
1996-04-19,0.0,285.38947,295.3472,274.5962,3.8571154e-05
1996-04-20,0.0,286.70145,297.33456,275.2066,4.3140222e-05
1996-04-21,0.0,286.54987,297.5482,275.93094,5.1092484e-05
1996-04-22,0.0,286.8408,297.2164,276.98267,5.5423345e-05
1996-04-23,0.0,288.11728,293.5517,282.25153,4.7511985e-05
1996-04-24,1.4915516e-06,286.65573,290.6604,282.1204,2.2990638e-05
1996-04-25,2.1562746e-05,284.90152,287.28333,282.7997,1.269517e-05
1996-04-26,0.0001432833,285.46832,288.06015,284.1743,1.6479858e-05
1996-04-27,1.8406521e-05,284.4792,286.21198,282.75226,1.17824275e-05
1996-04-28,8.639275e-05,286.51273,293.1492,282.9126,3.1769283e-05
1996-04-29,0.0,286.47086,292.5839,278.79144,3.176058e-05
1996-04-30,1.3387757e-05,285.4693,288.92154,283.8705,1.7070377e-05
1996-05-01,0.00018888843,285.97015,289.568,283.48547,1.9208675e-05
1996-05-02,3.952488e-05,286.43588,291.12436,282.85428,3.6896432e-05
1996-05-03,5.8106656e-05,282.6516,287.94028,281.01453,1.9298388e-05
1996-05-04,0.00021891558,283.78824,292.10013,277.0367,3.9563616e-05
1996-05-05,5.2002656e-06,284.60577,291.87802,277.90997,2.9794506e-05
1996-05-06,2.6140204e-05,286.55417,289.90732,282.7186,2.132681e-05
1996-05-07,0.0,288.94666,296.65393,280.77774,4.21737e-05
1996-05-08,7.08952e-06,289.44153,297.30298,282.78098,4.555082e-05
1996-05-09,6.2884515e-06,287.06824,292.184,284.96918,3.1309766e-05
1996-05-10,1.427335e-05,286.3668,290.52176,281.46536,2.2210823e-05
1996-05-11,0.0001176891,287.96973,292.83325,283.65344,3.2716678e-05
1996-05-12,2.7227275e-05,286.55847,288.98016,284.93167,1.7361112e-05
1996-05-13,0.0003380799,288.29407,293.8412,284.47003,4.277288e-05
1996-05-14,5.560122e-06,287.498,289.8679,284.79575,1.9320603e-05
1996-05-15,3.094682e-05,290.01813,297.39288,284.96198,4.2533196e-05
1996-05-16,5.1636795e-05,289.89355,295.97864,286.51224,3.3339486e-05
1996-05-17,1.4776057e-05,290.84055,296.76553,283.97433,5.4088367e-05
1996-05-18,0.0,291.64062,297.99286,284.47888,4.877485e-05
1996-05-19,0.0,293.04138,299.1731,287.22885,5.519508e-05
1996-05-20,1.8799341e-05,286.17755,292.77438,283.85278,2.1862284e-05
1996-05-21,8.887656e-05,286.8844,292.92682,281.49615,4.0424235e-05
1996-05-22,2.7531545e-05,286.38574,292.6378,281.89993,4.185305e-05
1996-05-23,2.1178528e-05,287.58948,293.25455,282.92227,3.538298e-05
1996-05-24,0.0,290.666,297.99658,283.8618,5.187702e-05
1996-05-25,0.0,291.57562,298.51276,282.4873,5.614601e-05
1996-05-26,5.767752e-06,288.98068,293.19977,286.567,2.5551593e-05
1996-05-27,0.00010858405,286.109,291.0469,283.87527,1.5400878e-05
1996-05-28,0.00021355497,286.2354,292.69534,281.7564,5.6395154e-05
1996-05-29,2.7503822e-06,287.03885,293.83713,280.91547,5.5429187e-05
1996-05-30,0.0,288.3707,296.1502,277.82623,5.4144948e-05
1996-05-31,0.0,291.73483,300.22964,280.55353,5.8034886e-05
1996-06-01,0.0,294.14536,301.88745,284.0264,5.9260827e-05
1996-06-02,0.0,293.0467,300.81097,284.6276,6.222018e-05
1996-06-03,0.0,293.3312,301.78223,283.52893,6.6325105e-05
1996-06-04,0.0,294.51328,300.63843,284.37265,5.710168e-05
1996-06-05,1.3400822e-05,292.20276,298.0719,289.16693,5.4046817e-05
1996-06-06,0.0,293.1492,299.38345,286.0561,5.139057e-05
1996-06-07,0.0,295.0866,302.58878,285.67145,6.403551e-05
1996-06-08,0.0,296.20142,304.85263,286.9284,6.782372e-05
1996-06-09,0.0,296.87488,305.18246,285.68762,6.543566e-05
1996-06-10,0.0,297.15494,304.3597,288.3046,5.9803522e-05
1996-06-11,4.134077e-06,296.69662,304.6473,289.14664,6.1024504e-05
1996-06-12,1.0050726e-05,296.47598,303.74313,289.42978,5.6239696e-05
1996-06-13,3.904536e-05,294.26703,300.30136,290.80035,4.9656715e-05
1996-06-14,1.6208103e-06,289.4376,294.9584,284.68372,6.105815e-05
1996-06-15,0.0,288.6773,294.7866,281.72733,5.3402e-05
1996-06-16,0.0,289.63568,296.33252,282.0766,5.192557e-05
1996-06-17,5.478584e-06,290.80286,297.6468,282.3676,5.2366984e-05
1996-06-18,0.0,292.80005,300.1709,281.40417,6.365464e-05
1996-06-19,0.0,292.91376,299.74408,287.69254,5.6277855e-05
1996-06-20,6.4159256e-05,292.29474,297.88748,285.07245,3.797482e-05
1996-06-21,0.0001976843,290.76544,294.25613,289.1613,1.9751504e-05
1996-06-22,0.00046690213,287.86572,296.16028,283.87845,2.2019716e-05
1996-06-23,0.00024462977,283.95847,286.74377,282.77298,2.3039463e-05
1996-06-24,2.4505493e-05,285.83673,291.44827,281.15668,3.856401e-05
1996-06-25,6.4231804e-06,284.75525,287.3939,281.8052,1.8239414e-05
1996-06-26,0.00021130811,285.34787,286.9937,284.03815,1.4484445e-05
1996-06-27,0.00015799559,286.86108,294.51007,283.47086,4.1211944e-05
1996-06-28,2.171228e-05,290.51962,297.78333,282.40213,4.7910005e-05
1996-06-29,0.0,292.61267,298.68314,284.17435,5.4699543e-05
1996-06-30,0.00035676165,287.0357,293.03696,284.9195,3.526235e-05
1996-07-01,2.462465e-06,286.17902,288.37247,282.8437,1.705686e-05
1996-07-02,0.00061737327,287.23734,289.30637,285.7877,1.7310316e-05
1996-07-03,0.00045667926,288.01382,292.04416,285.491,2.9705963e-05
1996-07-04,6.3165095e-09,290.13983,300.62213,281.11722,5.386123e-05
1996-07-05,0.0,293.1321,299.81528,282.54147,5.7154346e-05
1996-07-06,3.4707107e-06,292.93427,298.0307,289.69385,4.5163404e-05
1996-07-07,2.5013234e-05,289.6977,293.8723,287.6973,2.9923885e-05
1996-07-08,9.655851e-06,287.591,295.78876,285.79846,2.7520171e-05
1996-07-09,0.00016382837,287.62708,294.6267,281.74475,4.596772e-05
1996-07-10,3.0000322e-06,286.46484,292.31613,279.2378,3.090772e-05
1996-07-11,2.4450796e-06,288.3243,294.44992,282.83456,3.8143386e-05
1996-07-12,1.1556039e-06,291.43323,297.51428,284.1293,4.683255e-05
1996-07-13,0.0,293.11554,300.34164,284.4861,5.435869e-05
1996-07-14,0.0,294.27734,300.9729,286.064,5.5188273e-05
1996-07-15,0.0,295.886,302.136,286.82156,5.573375e-05
1996-07-16,0.00010951994,292.4718,297.36914,290.2952,3.3989552e-05
1996-07-17,8.31575e-05,289.72995,294.06238,285.97754,4.71195e-05
1996-07-18,0.0,291.00027,298.01788,283.76465,5.401196e-05
1996-07-19,0.0,290.14383,294.79916,284.9686,5.3429332e-05
1996-07-20,0.0,289.3062,294.49225,283.675,4.9374386e-05
1996-07-21,0.0,288.5551,295.33264,281.81644,5.0966926e-05
1996-07-22,0.0,289.37912,296.41663,279.65826,4.9305407e-05
1996-07-23,0.0,291.5608,299.5424,283.15796,5.4895077e-05
1996-07-24,0.0,292.77524,298.89462,285.90775,4.004315e-05
1996-07-25,7.35418e-05,290.81345,295.07565,288.64032,3.430806e-05
1996-07-26,7.801526e-05,292.3664,300.15192,285.33038,5.280379e-05
1996-07-27,0.0,293.62402,301.0331,286.91962,5.3767235e-05
1996-07-28,2.9552664e-06,293.1476,301.3516,288.57144,4.9116916e-05
1996-07-29,1.1054227e-05,294.18213,301.07184,286.00574,4.9499376e-05
1996-07-30,1.7012359e-05,291.7481,299.9958,289.52615,3.0378933e-05
1996-07-31,7.38481e-05,292.80896,300.2859,286.26508,5.199599e-05
1996-08-01,0.0,293.71875,301.25143,285.85388,5.5000506e-05
1996-08-02,0.0,294.74887,303.31537,286.09982,5.5086002e-05
1996-08-03,6.960388e-06,292.56757,298.2276,287.74384,3.0621963e-05
1996-08-04,0.00024659754,290.31827,294.79498,287.84088,2.6533044e-05
1996-08-05,7.957631e-06,290.2344,296.1884,284.72604,4.1480882e-05
1996-08-06,0.0,292.4545,299.04453,286.12677,4.2313088e-05
1996-08-07,3.3845354e-05,293.87643,299.00336,288.12543,3.778177e-05
1996-08-08,0.00027371466,290.82413,294.6409,289.33145,2.4601868e-05
1996-08-09,4.4723387e-05,291.1105,297.64148,286.39713,4.3700948e-05
1996-08-10,0.0,292.04767,298.68344,285.43494,4.4128006e-05
1996-08-11,1.1715097e-06,291.40503,297.8333,286.73358,3.4872344e-05
1996-08-12,0.000119599936,290.24783,294.4115,288.5395,2.0935293e-05
1996-08-13,0.0004811159,290.02106,295.10684,284.76862,3.0811818e-05
1996-08-14,4.3671156e-05,291.20007,297.78525,285.9584,4.2909305e-05
1996-08-15,6.7017427e-06,289.47885,295.6169,285.2954,2.6284752e-05
1996-08-16,0.00017929534,290.90958,297.4875,286.01303,4.2522224e-05
1996-08-17,4.036739e-06,291.64032,298.3456,286.09512,3.9320083e-05
1996-08-18,1.5609821e-06,289.9096,294.98672,285.8429,2.5127249e-05
1996-08-19,1.3380713e-06,290.6468,297.03702,285.361,3.645837e-05
1996-08-20,1.8361467e-06,290.88843,299.05826,284.40005,4.344091e-05
1996-08-21,3.83039e-06,291.46713,300.1128,283.4931,4.4882196e-05
1996-08-22,0.0,291.44513,299.38126,284.0199,4.086838e-05
1996-08-23,8.254207e-06,291.79416,300.56094,286.15955,4.3276585e-05
1996-08-24,1.9397698e-06,293.03754,300.98788,285.0727,4.430029e-05
1996-08-25,9.411389e-06,290.98212,296.79788,288.05725,2.6285457e-05
1996-08-26,7.26373e-05,290.55542,295.3008,287.9727,2.5953075e-05
1996-08-27,4.2686694e-05,290.757,296.79712,286.8373,2.1833761e-05
1996-08-28,5.0898852e-06,289.64633,292.98605,284.85458,1.7862465e-05
1996-08-29,0.0002487697,289.985,293.04596,287.14316,1.7300004e-05
1996-08-30,0.00012958814,290.70486,296.25748,287.4117,3.1393403e-05
1996-08-31,5.190907e-06,289.7805,293.56113,287.27225,2.3454033e-05
1996-09-01,3.310714e-06,288.7546,293.22397,286.2005,2.3969233e-05
1996-09-02,1.3315598e-05,287.54907,290.0494,285.53726,1.6429482e-05
1996-09-03,1.5288555e-05,287.50272,289.31464,286.10266,1.4293969e-05
1996-09-04,3.4311866e-05,287.92398,292.95154,286.29916,2.0781075e-05
1996-09-05,2.5361214e-05,284.69162,292.15298,282.8755,1.7165581e-05
1996-09-06,7.261001e-05,284.7321,292.4644,280.40576,3.1373344e-05
1996-09-07,2.5657669e-06,286.60724,290.93423,277.97128,4.1928815e-05
1996-09-08,1.6704365e-06,287.58725,293.17145,283.5299,4.5162746e-05
1996-09-09,0.0,284.72894,291.44775,276.6916,2.8108678e-05
1996-09-10,3.8386128e-07,284.59073,291.7789,278.65097,2.5804871e-05
1996-09-11,3.6377455e-06,286.55896,292.73154,279.91553,2.4894867e-05
1996-09-12,1.227161e-05,287.11325,289.6292,283.90533,1.406266e-05
1996-09-13,9.915571e-05,281.78864,287.08685,279.749,1.4013457e-05
1996-09-14,0.0001127646,283.52756,291.21338,277.0929,2.0011708e-05
1996-09-15,0.0,285.35657,291.78964,280.93198,2.5200425e-05
1996-09-16,1.1977918e-05,284.18686,290.1202,280.12793,2.4192737e-05
1996-09-17,0.0,283.23926,286.48297,280.63205,1.5325248e-05
1996-09-18,5.101188e-06,283.07413,286.28845,280.88327,1.6394071e-05
1996-09-19,1.6559605e-05,283.44415,286.93512,280.14975,1.6419532e-05
1996-09-20,7.2569106e-05,283.92935,286.05432,282.2345,1.1574074e-05
1996-09-21,2.1351532e-05,285.60864,287.26147,283.46112,1.1574074e-05
1996-09-22,0.00033504338,287.3595,290.07855,285.39255,1.3835517e-05
1996-09-23,0.00014687527,286.32663,288.4177,284.96255,1.1574074e-05
1996-09-24,9.575886e-05,286.01593,291.78946,282.21503,1.8235934e-05
1996-09-25,0.00023607572,282.9809,286.5189,281.72382,1.2688021e-05
1996-09-26,3.7523983e-05,284.17865,290.69308,278.5056,1.9716044e-05
1996-09-27,0.0,283.45807,291.7967,277.4295,1.9829755e-05
1996-09-28,2.0357734e-06,285.54956,294.15485,279.26642,2.1363498e-05
1996-09-29,1.3555745e-06,285.23434,292.68033,279.72678,1.9531493e-05
1996-09-30,0.0,286.76572,295.19138,281.1963,2.3797591e-05
1996-10-01,0.0,287.16785,293.12625,281.05408,2.5079888e-05
1996-10-02,4.588568e-06,284.27982,289.92923,281.5085,1.0761427e-05
1996-10-03,0.00047296134,282.5586,288.18552,279.4679,1.7056884e-05
1996-10-04,0.0,281.59827,285.7234,276.55704,1.2245001e-05
1996-10-05,2.2227303e-05,282.6566,283.80035,281.45224,8.101852e-06
1996-10-06,0.00033878526,283.8373,285.09448,282.91312,1.0148428e-05
1996-10-07,8.1947124e-05,285.58453,288.82587,283.6232,1.40805705e-05
1996-10-08,0.0,285.87646,287.84238,284.3506,1.1864184e-05
1996-10-09,0.0,285.2979,289.62463,282.19077,1.6219463e-05
1996-10-10,1.0662518e-06,284.9938,288.22223,281.95956,1.1454901e-05
1996-10-11,1.4525336e-05,283.95465,289.5672,281.28955,1.4724397e-05
1996-10-12,1.3077625e-06,283.2321,289.52905,280.0616,1.2721934e-05
1996-10-13,0.0,282.6672,290.63715,276.62415,1.346851e-05
1996-10-14,3.1630535e-07,282.79102,284.92365,277.36365,7.1655995e-06
1996-10-15,7.345909e-05,286.1509,288.64453,283.03757,1.0397642e-05
1996-10-16,9.849457e-05,287.19754,289.25095,285.86078,9.259259e-06
1996-10-17,0.0003773468,285.78882,288.72125,284.17923,1.1285933e-05
1996-10-18,0.00014023094,283.4493,285.8552,282.7317,8.101852e-06
1996-10-19,0.000112951435,283.00137,287.39474,279.99182,9.259259e-06
1996-10-20,0.0,283.45865,290.2815,278.63663,1.41934215e-05
1996-10-21,1.3170788e-06,281.6462,286.11142,278.27884,9.259259e-06
1996-10-22,0.0,282.19638,288.55896,277.67166,9.429319e-06
1996-10-23,0.0,279.84204,288.3928,275.16998,1.22099555e-05
1996-10-24,0.0,278.99634,283.47855,274.2225,8.165606e-06
1996-10-25,0.0,278.0826,285.00476,275.07584,1.0416667e-05
1996-10-26,0.0,277.82663,284.47736,271.68564,8.823046e-06
1996-10-27,0.0,279.03973,287.67725,274.90833,9.259259e-06
1996-10-28,0.0,281.47308,284.79736,276.95264,9.259259e-06
1996-10-29,3.067654e-08,283.891,287.14365,280.2567,8.979163e-06
1996-10-30,0.00014118342,280.19638,288.07602,276.5224,1.0444539e-05
1996-10-31,0.0,277.71228,286.5769,271.92532,8.101852e-06
1996-11-01,0.0,279.82376,285.8518,273.26593,8.0388945e-06
1996-11-02,0.0,280.16068,289.6747,274.35205,7.877131e-06
1996-11-03,0.0,280.97406,292.56433,274.19583,9.003159e-06
1996-11-04,0.0,282.35742,292.15317,274.1996,1.6858721e-05
1996-11-05,0.0,283.27756,286.62897,277.64056,1.2333874e-05
1996-11-06,8.646161e-06,283.4518,286.02087,282.13403,6.5395793e-06
1996-11-07,1.7693059e-05,283.20264,287.9168,278.1399,1.2059764e-05
1996-11-08,3.9526068e-08,282.25513,287.2336,279.70776,7.997371e-06
1996-11-09,1.24004055e-05,279.17697,285.87625,276.11734,8.164787e-06
1996-11-10,0.0,279.964,283.34515,273.2131,4.7008707e-06
1996-11-11,9.155514e-05,285.52744,287.6463,280.94983,8.678595e-06
1996-11-12,3.805485e-05,288.14343,290.13153,285.04654,1.3744701e-05
1996-11-13,6.051754e-06,287.48334,290.226,285.70206,1.3375033e-05
1996-11-14,1.8924875e-05,286.51746,290.46277,284.49268,1.211345e-05
1996-11-15,6.8708825e-05,282.1858,286.1544,280.28363,6.20663e-06
1996-11-16,2.4626443e-05,283.1553,286.21286,280.04276,5.026021e-06
1996-11-17,0.0003416705,284.38748,286.96027,282.61542,5.790463e-06
1996-11-18,0.0003911874,282.81418,286.11334,281.03574,7.536042e-06
1996-11-19,0.00035498803,281.04218,285.4496,277.1333,6.176763e-06
1996-11-20,1.01795185e-05,279.23648,281.57654,276.23013,5.558213e-06
1996-11-21,0.000350131,278.4089,282.46637,275.62393,4.6296295e-06
1996-11-22,8.2192106e-05,275.0468,277.8339,274.17657,4.56177e-06
1996-11-23,7.4549745e-05,273.23065,276.77817,271.7425,3.3577985e-06
1996-11-24,0.0,272.98175,276.6659,270.43808,4.527605e-06
1996-11-25,0.0,272.44324,275.78937,268.28705,3.3127822e-06
1996-11-26,5.4139662e-05,273.73358,274.59805,273.10538,2.3148148e-06
1996-11-27,7.6454344e-05,273.70874,275.7503,272.1238,3.42299e-06
1996-11-28,2.8602271e-05,273.6108,274.76013,272.48395,2.639822e-06
1996-11-29,8.810477e-05,271.5751,275.49524,269.76645,2.3371338e-06
1996-11-30,0.0,273.0106,274.65393,268.94797,3.4531975e-06
1996-12-01,8.274673e-06,272.42844,274.57584,269.7189,1.2010845e-06
1996-12-02,0.0,270.7481,273.59286,266.92456,3.4722223e-06
1996-12-03,1.7934135e-05,270.25333,275.48846,266.25394,2.335111e-06
1996-12-04,0.0,269.81866,273.3357,267.33966,2.187134e-06
1996-12-05,0.0,269.43408,273.19492,266.39813,2.3148148e-06
1996-12-06,0.0,269.44757,273.69467,266.9918,2.110875e-06
1996-12-07,0.0,269.47754,272.72992,266.86093,2.3148148e-06
1996-12-08,0.0,269.3291,271.63794,268.326,2.3148148e-06
1996-12-09,0.0,270.39792,270.82278,269.09967,2.5172355e-06
1996-12-10,0.0,271.75623,272.89996,269.92606,3.3520553e-06
1996-12-11,1.5718753e-05,273.0761,274.22586,272.29416,3.4722223e-06
1996-12-12,7.886352e-06,274.4353,276.22888,272.38397,2.3716807e-06
1996-12-13,2.6286918e-06,275.6545,277.4903,272.6146,2.8577222e-06
1996-12-14,0.00011266438,276.7235,278.35617,275.69955,3.4722223e-06
1996-12-15,4.6912686e-05,275.8371,278.3522,275.06516,3.6261395e-06
1996-12-16,0.0,274.73203,276.4862,273.59647,4.4116537e-06
1996-12-17,0.0,276.39423,280.07983,272.84436,4.534947e-06
1996-12-18,0.0,275.68552,280.94827,271.99463,3.3230433e-06
1996-12-19,0.0,278.38455,280.9903,271.88556,7.2672756e-06
1996-12-20,2.0145812e-06,280.18402,282.43533,278.4528,5.787037e-06
1996-12-21,0.00018502085,276.6885,280.05307,275.4913,4.264733e-06
1996-12-22,5.307173e-05,273.29352,275.46643,272.37088,3.4722223e-06
1996-12-23,0.00014297535,272.99225,273.73248,271.8463,3.3200943e-06
1996-12-24,0.0001162715,270.78397,273.58646,270.1783,4.412241e-06
1996-12-25,8.270621e-05,269.0236,270.71082,268.47107,5.8743835e-06
1996-12-26,5.602082e-06,264.86395,270.58313,261.02283,4.2994106e-06
1996-12-27,0.0,260.20535,266.1613,257.71533,3.0708434e-06
1996-12-28,1.970992e-06,261.95764,263.89423,255.33347,2.7586423e-06
1996-12-29,5.692298e-06,261.70102,264.3277,258.96707,2.8124675e-06
1996-12-30,2.8427198e-06,260.10995,265.244,257.6453,2.3148148e-06
1996-12-31,0.0,263.55954,265.08588,257.9738,1.6232628e-06
1997-01-01,0.00014951112,264.45813,264.83936,263.1437,2.3148148e-06
1997-01-02,0.00013699023,266.5326,266.85495,264.30148,2.216874e-06
1997-01-03,4.7616963e-05,268.76852,269.82852,265.93753,2.3148148e-06
1997-01-04,0.00011045194,271.50143,273.0225,269.17642,2.3148148e-06
1997-01-05,0.0002348723,273.631,274.59564,271.07483,2.3148148e-06
1997-01-06,1.8194267e-05,273.30984,274.4794,272.86383,2.833226e-06
1997-01-07,3.3406886e-05,271.86166,273.04376,271.61414,4.3518316e-06
1997-01-08,0.0,271.7154,273.15433,271.08096,4.368534e-06
1997-01-09,0.0,271.70053,273.0598,270.84866,3.4531975e-06
1997-01-10,0.00014076351,272.71933,274.1344,271.40625,3.9955085e-06
1997-01-11,3.2158307e-05,273.31073,274.73297,272.10776,5.0329004e-06
1997-01-12,4.5521488e-06,273.61417,274.18997,272.93347,5.808765e-06
1997-01-13,0.0,272.68225,275.00296,271.02914,5.7590805e-06
1997-01-14,0.0,272.78015,275.65533,270.5872,3.4959173e-06
1997-01-15,0.0,271.34818,273.81885,269.4466,2.3765754e-06
1997-01-16,0.0,270.08246,272.2601,268.7831,3.2105606e-06
1997-01-17,0.0,268.72556,271.13364,267.87744,2.3148148e-06
1997-01-18,0.0,269.22708,273.2039,266.2283,1.5523626e-06
1997-01-19,0.0,271.901,274.71976,268.06995,2.3148148e-06
1997-01-20,1.6176531e-06,275.4617,277.70654,273.06784,3.364907e-06
1997-01-21,8.597654e-05,274.16718,276.3525,273.63455,3.529622e-06
1997-01-22,8.637105e-05,273.99097,274.85828,273.77808,3.4531975e-06
1997-01-23,0.0,275.53625,278.69156,272.7059,3.7171037e-06
1997-01-24,0.0,275.3073,280.0378,272.8359,3.4722223e-06
1997-01-25,0.0,273.9567,275.9958,272.05804,5.5163932e-06
1997-01-26,6.54564e-06,272.2862,274.71988,271.09204,5.4200427e-06
1997-01-27,0.0,269.12552,272.8313,267.01224,3.884834e-06
1997-01-28,0.0,268.9501,271.18954,265.83636,3.5078433e-06
1997-01-29,0.0,269.36356,275.46228,264.448,3.1688612e-06
1997-01-30,0.0,269.73117,276.35028,266.20267,3.4722223e-06
1997-01-31,0.0,268.60782,272.41196,264.8374,2.3148148e-06
1997-02-01,0.0,269.58038,274.06894,266.4296,2.707648e-06
1997-02-02,0.0,268.1943,273.42084,265.71964,3.4458853e-06
1997-02-03,0.0,267.78607,274.93353,260.90482,3.4722223e-06
1997-02-04,0.0,269.4108,275.13156,262.4247,3.91931e-06
1997-02-05,0.0,274.80106,277.69992,267.96524,5.426664e-06
1997-02-06,0.0,274.983,281.9464,272.4362,6.786664e-06
1997-02-07,0.0,272.3827,279.75906,266.78723,5.288946e-06
1997-02-08,0.0,272.28442,283.0515,265.6217,7.1978184e-06
1997-02-09,0.0,273.26712,282.08218,268.51486,6.778669e-06
1997-02-10,0.0,273.10223,283.0473,267.0702,6.5974027e-06
1997-02-11,0.0,275.94507,282.3565,269.22293,7.768215e-06
1997-02-12,0.0,278.11066,281.8149,273.26486,7.9523825e-06
1997-02-13,4.1770263e-06,278.81525,282.65952,274.05444,7.654211e-06
1997-02-14,0.00011908861,274.38165,280.34253,271.54935,7.020869e-06
1997-02-15,0.0,277.04224,279.70425,271.9917,9.540798e-06
1997-02-16,5.5131135e-08,276.43533,281.7296,273.78397,1.3067215e-05
1997-02-17,0.0,273.6931,278.81845,270.73938,7.895039e-06
1997-02-18,0.0,273.79385,277.46445,267.89777,8.024449e-06
1997-02-19,1.3709695e-05,276.2238,282.5365,271.71002,1.622538e-05
1997-02-20,0.0,276.8394,285.9016,270.24362,1.5466474e-05
1997-02-21,0.0,277.1372,286.40826,269.40033,1.3780659e-05
1997-02-22,0.0,277.79065,288.89066,271.7471,1.3623283e-05
1997-02-23,0.0,278.13672,287.3073,270.51303,1.6222933e-05
1997-02-24,0.0,279.38022,282.95227,273.57376,9.851099e-06
1997-02-25,1.987622e-06,281.87976,284.07983,277.97955,1.0706323e-05
1997-02-26,3.300628e-05,281.53143,284.67737,279.995,1.0209236e-05
1997-02-27,0.00014480433,280.35715,285.499,276.77005,1.9368981e-05
1997-02-28,2.6138378e-06,276.83325,284.2671,273.0163,1.4949525e-05
1997-03-01,0.0,278.7857,287.785,269.54648,1.5289106e-05
1997-03-02,0.0,279.88177,291.1022,271.41464,1.925248e-05
1997-03-03,0.0,281.8887,293.3677,272.10748,2.378721e-05
1997-03-04,0.0,280.03818,287.38715,275.15756,1.5192107e-05
1997-03-05,0.0,279.56668,285.9188,272.5866,1.3525459e-05
1997-03-06,1.897935e-06,280.52618,285.2228,277.29282,1.1126189e-05
1997-03-07,1.4094558e-05,279.89978,286.7746,273.22546,1.6801481e-05
1997-03-08,0.0,277.5584,286.53616,272.52246,2.0165071e-05
1997-03-09,0.0,277.50128,288.2385,270.02194,2.1714408e-05
1997-03-10,0.0,279.12424,288.4333,270.48312,1.9610667e-05
1997-03-11,0.0,277.0689,286.65176,271.5571,2.500255e-05
1997-03-12,0.0,276.9053,288.26718,268.60318,2.2354589e-05
1997-03-13,0.0,282.43552,291.66513,270.32068,2.085053e-05
1997-03-14,0.0,280.82877,290.32498,273.3253,2.3034352e-05
1997-03-15,0.0,281.158,289.62958,273.71634,2.009292e-05
1997-03-16,0.0,283.74994,293.00705,274.34705,2.5458616e-05
1997-03-17,0.0,282.48254,293.81122,275.05798,4.884513e-05
1997-03-18,1.2962836e-05,275.13712,280.0691,272.8701,1.5651238e-05
1997-03-19,3.5582878e-05,275.82385,279.1582,272.40964,7.793464e-06
1997-03-20,4.597374e-05,278.41327,286.10428,274.3191,1.8957002e-05
1997-03-21,2.902023e-05,275.91837,279.65903,272.90952,1.5285774e-05
1997-03-22,7.405962e-06,275.3672,278.8433,272.14035,1.1119076e-05
1997-03-23,1.0901252e-05,275.2218,277.45096,272.24072,1.0631878e-05
1997-03-24,3.6340287e-05,275.23892,277.31378,273.44534,7.009273e-06
1997-03-25,3.2926382e-06,277.6855,283.46033,272.87112,1.5913953e-05
1997-03-26,3.992815e-06,276.7649,282.2684,275.46912,1.6034153e-05
1997-03-27,0.0,277.81827,285.56036,272.3592,1.4476496e-05
1997-03-28,0.0,280.05093,286.7151,273.21097,2.024807e-05
1997-03-29,1.6798425e-05,277.96768,284.47668,271.84598,2.9240577e-05
1997-03-30,0.0,279.15714,283.95236,272.99728,3.356302e-05
1997-03-31,0.0,279.08835,285.3051,271.23242,2.1308084e-05
1997-04-01,9.858355e-06,281.35727,286.19547,277.31378,2.0150013e-05
1997-04-02,0.0,282.96152,292.0043,275.22034,2.6496435e-05
1997-04-03,0.0,284.63138,293.42908,274.7902,3.1399308e-05
1997-04-04,0.0,280.3286,286.43176,277.53043,2.3967656e-05
1997-04-05,2.7706925e-05,279.3196,285.27713,271.20105,3.077004e-05
1997-04-06,0.0,281.7263,289.06277,273.52518,4.439585e-05
1997-04-07,4.872453e-06,277.3554,282.13367,274.2153,3.3129425e-05
1997-04-08,0.0,276.7692,284.67667,268.08014,2.9796945e-05
1997-04-09,0.0,279.4555,288.31564,268.3171,2.968992e-05
1997-04-10,0.0,282.59506,292.8946,272.47693,3.6941503e-05
1997-04-11,0.0,284.66022,290.43216,276.17914,3.9475857e-05
1997-04-12,5.653582e-06,280.2333,286.43097,274.9871,3.664381e-05
1997-04-13,0.0,275.7596,281.31125,271.40015,1.759413e-05
1997-04-14,5.1125953e-06,278.91162,287.167,271.01376,2.9859568e-05
1997-04-15,0.0,278.1779,285.39066,274.97116,2.281738e-05
1997-04-16,1.4712383e-05,275.97348,281.20557,271.2703,2.320006e-05
1997-04-17,1.0256525e-07,278.44287,285.9617,268.83295,3.549113e-05
1997-04-18,0.0,281.7508,291.0303,270.93857,4.0498664e-05
1997-04-19,0.0,281.66574,290.54175,271.84766,4.1391617e-05
1997-04-20,0.0,276.115,283.24084,274.01236,1.3991468e-05
1997-04-21,0.00021390313,274.99716,278.18915,271.86194,1.6908467e-05
1997-04-22,4.46067e-05,275.4031,279.25833,273.8063,1.5994561e-05
1997-04-23,6.0021875e-07,279.7869,286.59726,272.6528,3.343027e-05
1997-04-24,0.0,280.5544,288.92603,271.70804,3.5225337e-05
1997-04-25,0.0,283.75812,293.00256,271.26276,3.7697006e-05
1997-04-26,0.0,284.00363,290.64432,277.14883,2.4077923e-05
1997-04-27,6.212153e-06,281.43622,285.1089,279.25262,1.05922245e-05
1997-04-28,0.00025663676,282.98865,286.92252,279.7153,2.029439e-05
1997-04-29,1.067979e-05,283.2797,287.97296,280.92218,1.9675927e-05
1997-04-30,8.754329e-05,284.88583,291.45218,280.03732,2.8857068e-05
1997-05-01,1.0009989e-05,285.6477,291.44464,277.69153,2.9283994e-05
1997-05-02,0.0,285.77148,294.37115,276.41418,4.4338478e-05
1997-05-03,0.0,288.58688,299.26358,276.4755,5.509654e-05
1997-05-04,0.0,289.87064,297.85727,280.8233,5.2916446e-05
1997-05-05,0.0,286.5938,291.13583,280.96854,3.541919e-05
1997-05-06,1.5638529e-05,286.82358,291.2204,284.43454,2.5244242e-05
1997-05-07,0.00026138432,284.83972,288.8679,282.64563,2.4149289e-05
1997-05-08,5.7442783e-05,280.7678,284.14746,278.84378,1.49642e-05
1997-05-09,0.0002437048,283.64844,289.5219,278.37497,3.2168322e-05
1997-05-10,7.2645074e-05,284.39005,289.21558,281.30878,2.2811319e-05
1997-05-11,4.2654597e-06,286.6032,295.75107,276.9097,4.647685e-05
1997-05-12,0.0,289.66428,298.91025,280.30106,4.9397713e-05
1997-05-13,0.0,292.0281,301.1223,281.37857,4.8829243e-05
1997-05-14,0.0,292.5279,301.21606,285.0523,4.4285953e-05
1997-05-15,0.0,292.41336,300.81763,283.434,5.456571e-05
1997-05-16,3.7464042e-07,292.32614,299.99915,281.07123,5.4033557e-05
1997-05-17,0.0,291.75748,300.5094,282.18707,5.048019e-05
1997-05-18,1.3257436e-05,292.9707,300.52133,283.45404,6.351524e-05
1997-05-19,2.1041487e-06,291.8085,298.7674,284.78516,6.056685e-05
1997-05-20,0.0,291.87274,297.4032,283.47247,5.7704037e-05
1997-05-21,5.42465e-05,290.1557,296.82913,285.52744,4.4963657e-05
1997-05-22,4.414082e-05,286.48734,293.20712,284.27023,3.817739e-05
1997-05-23,2.35627e-05,288.04742,295.8331,278.7676,4.6277557e-05
1997-05-24,5.5314613e-06,287.57635,293.23596,281.47845,3.162529e-05
1997-05-25,8.2715975e-05,284.8473,290.53778,283.0713,3.6668484e-05
1997-05-26,0.0,286.38223,291.94464,280.10904,3.9846618e-05
1997-05-27,0.0,288.59958,295.08557,282.17014,4.9114806e-05
1997-05-28,4.9881222e-05,285.34274,290.48126,282.93542,3.8301216e-05
1997-05-29,8.226818e-05,286.0376,293.30722,277.06845,5.2862266e-05
1997-05-30,0.0,287.449,295.12885,278.73917,4.1677245e-05
1997-05-31,0.0,285.88184,291.2679,277.48688,5.40712e-05
1997-06-01,2.0658738e-06,285.69897,290.4473,281.17334,3.2061653e-05
1997-06-02,5.579657e-05,284.8884,286.58234,283.1418,1.7361112e-05
1997-06-03,5.429536e-05,288.68436,295.09143,283.10504,4.0028586e-05
1997-06-04,1.1354685e-05,288.3018,292.78177,285.27982,2.7050672e-05
1997-06-05,7.3523144e-05,289.52808,294.80417,284.28583,2.9721416e-05
1997-06-06,0.00013434072,290.358,296.69598,285.59293,4.1259213e-05
1997-06-07,1.5007786e-05,291.29785,296.04144,285.86615,4.1498086e-05
1997-06-08,0.0,291.34772,296.2523,286.36508,3.3101576e-05
1997-06-09,7.090666e-07,291.8823,299.7039,285.9044,4.8377962e-05
1997-06-10,6.8316425e-05,292.1425,300.08575,287.34235,5.349127e-05
1997-06-11,7.2069033e-06,293.08997,299.8041,285.4541,4.5282653e-05
1997-06-12,2.9404825e-06,293.79352,301.8504,287.24057,5.1708746e-05
1997-06-13,8.725941e-05,292.76514,297.50916,289.16745,3.6094825e-05
1997-06-14,3.0894313e-05,293.45493,300.63812,288.0675,4.7851412e-05
1997-06-15,9.700252e-05,293.79724,299.5536,287.5419,5.978042e-05
1997-06-16,0.0,293.74893,299.91733,288.6046,5.456693e-05
1997-06-17,2.8724224e-05,294.79593,300.59802,289.19794,5.639345e-05
1997-06-18,0.00033097068,287.72958,294.63382,286.6994,2.3938866e-05
1997-06-19,0.00014647483,287.29044,290.5271,283.06918,1.881261e-05
1997-06-20,0.00039184082,289.79214,295.66324,286.93365,3.8771574e-05
1997-06-21,1.7095523e-05,291.99368,297.5948,285.84534,4.4109864e-05
1997-06-22,3.7631953e-06,294.2045,298.75308,288.8388,4.2748936e-05
1997-06-23,0.00032111292,288.44824,295.17145,286.74258,4.1891108e-05
1997-06-24,2.9082114e-05,287.8437,294.11115,284.0347,3.9174538e-05
1997-06-25,4.4898192e-05,288.85156,294.17538,282.00708,4.462543e-05
1997-06-26,1.996903e-06,289.08472,294.04492,282.74313,2.9618433e-05
1997-06-27,1.7991668e-05,292.0266,297.50958,287.70184,3.9217946e-05
1997-06-28,1.0036742e-05,293.08716,299.9961,287.85483,4.513889e-05
1997-06-29,2.2388592e-06,295.60632,303.01907,284.93552,6.13717e-05
1997-06-30,1.4624258e-06,292.03296,296.4668,289.82047,5.785308e-05
1997-07-01,2.318386e-06,289.52286,294.9863,285.9921,3.9424463e-05
1997-07-02,6.119091e-06,291.52994,298.53458,283.09857,5.006071e-05
1997-07-03,0.0,291.91003,298.82834,285.0906,4.5372974e-05
1997-07-04,0.0,293.66473,301.9246,283.72253,6.477967e-05
1997-07-05,8.96022e-05,289.4062,295.35522,286.77103,3.397054e-05
1997-07-06,0.00018051459,288.71753,295.35318,284.44156,3.8688835e-05
1997-07-07,1.06042025e-05,289.8946,293.42587,283.00043,3.5258592e-05
1997-07-08,9.236663e-06,293.25275,299.07056,288.42114,5.4112854e-05
1997-07-09,0.0,292.42328,300.53864,282.9623,5.831436e-05
1997-07-10,0.0,292.37677,299.90967,285.0069,5.2417006e-05
1997-07-11,3.7325426e-05,289.3506,296.6186,286.24057,2.9845154e-05
1997-07-12,0.00014934453,292.23807,298.51782,286.27594,4.8335525e-05
1997-07-13,2.3327839e-06,292.17197,300.27222,285.6603,5.493045e-05
1997-07-14,0.000110707246,292.0415,298.2775,285.65204,3.7653066e-05
1997-07-15,0.0002761604,290.4856,296.09415,288.508,3.6641224e-05
1997-07-16,1.791287e-05,292.12668,298.62335,285.16302,5.1022616e-05
1997-07-17,0.0,292.35345,299.58948,286.7538,4.421248e-05
1997-07-18,0.00013738754,289.75464,292.55444,287.87518,1.8518518e-05
1997-07-19,0.00019891448,290.52557,296.55112,286.94498,3.9966544e-05
1997-07-20,7.458543e-06,289.94675,298.04706,285.16077,4.2153457e-05
1997-07-21,1.7389963e-05,291.1901,298.27875,284.86932,5.170044e-05
1997-07-22,9.655309e-06,292.61218,300.25095,284.6301,5.0656006e-05
1997-07-23,0.0,295.15256,301.82092,285.2597,4.98764e-05
1997-07-24,3.2996035e-05,292.82364,299.6918,289.3304,4.208137e-05
1997-07-25,7.644962e-05,291.96564,298.38272,287.79837,3.685924e-05
1997-07-26,6.2066734e-05,291.96387,298.5973,287.85095,5.456889e-05
1997-07-27,2.0795221e-06,292.7495,300.4502,282.9831,5.80081e-05
1997-07-28,0.0,293.8325,301.73883,286.46057,5.578118e-05
1997-07-29,1.3821342e-05,291.46567,298.45053,288.44803,3.537401e-05
1997-07-30,6.0502633e-05,292.6327,299.69675,285.54434,5.2112002e-05
1997-07-31,0.0,293.69186,301.33185,286.259,5.3127187e-05
1997-08-01,0.00026494227,286.98218,293.14078,285.4774,2.320678e-05
1997-08-02,3.510405e-05,289.7894,296.73413,283.30582,3.9452807e-05
1997-08-03,0.0,291.8263,299.4647,283.66,5.157683e-05
1997-08-04,0.0,293.93808,301.09744,285.1368,4.967434e-05
1997-08-05,0.0,294.12677,301.86502,288.27634,4.6306675e-05
1997-08-06,3.4871537e-05,291.64273,296.17737,290.13046,2.240845e-05
1997-08-07,0.00011219877,292.50223,297.74796,289.12747,3.6244215e-05
1997-08-08,1.2811334e-06,293.0633,299.13022,289.12418,4.0989875e-05
1997-08-09,1.6802618e-05,292.15118,298.57404,286.2179,4.2041007e-05
1997-08-10,1.2614157e-05,291.06393,298.88074,285.05307,4.2512864e-05
1997-08-11,9.394641e-05,291.97235,299.1775,285.11658,4.9776598e-05
1997-08-12,0.0,292.59753,300.1254,284.92276,4.7731693e-05
1997-08-13,0.0,292.51804,300.75455,285.45343,4.950621e-05
1997-08-14,0.0,293.82324,302.32227,284.92032,4.8791164e-05
1997-08-15,0.0,293.1614,302.65567,287.36166,5.036985e-05
1997-08-16,8.427335e-05,292.80356,300.0012,287.65076,4.055998e-05
1997-08-17,2.3417804e-05,292.06738,298.31482,287.713,3.61454e-05
1997-08-18,6.379728e-05,291.48993,295.07126,289.16867,2.0999145e-05
1997-08-19,3.0114885e-05,291.54175,296.75073,288.77585,2.9137525e-05
1997-08-20,2.5921629e-05,290.97656,296.50235,286.42465,3.2658896e-05
1997-08-21,2.070966e-05,292.4257,298.6806,288.5916,3.9551935e-05
1997-08-22,1.5515558e-05,291.61783,299.4941,286.1929,4.470415e-05
1997-08-23,0.0,292.6918,300.10843,284.80414,4.2456122e-05
1997-08-24,4.7762147e-05,292.26617,300.16763,287.44522,3.9651935e-05
1997-08-25,0.0,292.73212,300.8176,285.2977,4.350131e-05
1997-08-26,0.0,293.09018,301.2611,287.421,4.594333e-05
1997-08-27,8.435146e-06,292.9109,299.75702,287.92392,4.2602787e-05
1997-08-28,0.0,292.86902,298.25223,287.98056,2.4307341e-05
1997-08-29,0.00020585154,287.48578,293.35342,285.8769,1.6752441e-05
1997-08-30,0.00011268736,287.93982,295.98026,281.63525,3.9527386e-05
1997-08-31,0.0,291.27292,300.00305,280.70364,3.9159488e-05
1997-09-01,0.0,292.31003,299.7111,286.84808,4.3736607e-05
1997-09-02,0.0,292.84595,300.68127,286.97467,3.949065e-05
1997-09-03,0.0,292.8472,300.2915,286.9085,3.7988662e-05
1997-09-04,0.0,292.3502,300.464,286.9615,4.073471e-05
1997-09-05,7.1246196e-09,292.801,301.01242,286.5443,3.8695925e-05
1997-09-06,0.0,293.31113,302.0537,287.0049,4.0316758e-05
1997-09-07,9.374799e-06,293.614,300.14774,289.05487,3.2809832e-05
1997-09-08,9.923786e-05,290.5993,296.50928,288.51294,2.7935474e-05
1997-09-09,2.1280532e-06,291.81436,299.72714,284.87222,3.795139e-05
1997-09-10,0.0,289.3378,294.64606,285.08627,3.45405e-05
1997-09-11,0.0,287.82718,295.0329,284.05682,3.0877236e-05
1997-09-12,0.0,291.29,299.4918,283.62048,3.4395864e-05
1997-09-13,7.5701673e-06,292.26385,297.94537,287.53278,2.5224432e-05
1997-09-14,0.00083347823,284.87164,292.14548,283.46265,1.5466225e-05
1997-09-15,3.4120094e-05,283.9991,291.42386,280.56744,3.3129127e-05
1997-09-16,0.0,283.34433,292.4444,276.2999,3.0868967e-05
1997-09-17,0.0,285.43808,293.5868,277.08914,2.662037e-05
1997-09-18,0.0,286.78418,294.717,280.99588,2.5564626e-05
1997-09-19,0.0,287.78595,295.76474,281.21167,2.5319932e-05
1997-09-20,9.549502e-07,284.35205,288.4862,282.12708,1.4284091e-05
1997-09-21,2.6940509e-06,283.10803,290.7747,279.56662,2.577487e-05
1997-09-22,0.0,284.11758,292.18198,277.84476,2.228914e-05
1997-09-23,0.0,283.92337,292.85834,279.19257,2.518498e-05
1997-09-24,0.0,286.33337,293.8651,277.37692,2.7919486e-05
1997-09-25,0.0,284.7379,291.89624,279.82697,2.7811373e-05
1997-09-26,0.0,284.245,293.1645,277.15265,2.5839947e-05
1997-09-27,0.0,285.52158,294.84775,277.2218,2.4201074e-05
1997-09-28,0.0,285.90347,293.1818,280.59854,2.2701875e-05
1997-09-29,0.0,286.89926,294.53207,283.45377,2.290896e-05
1997-09-30,0.0,286.73694,293.0891,279.67218,1.6203703e-05
1997-10-01,0.0,286.35587,288.8625,284.32632,1.0485406e-05
1997-10-02,1.9561763e-05,289.57303,295.93106,284.25906,2.6373149e-05
1997-10-03,4.9914747e-06,284.15775,289.5494,281.35715,1.6836666e-05
1997-10-04,0.0,283.56058,291.45984,277.56314,1.7358196e-05
1997-10-05,0.0,285.57678,293.9108,280.24222,2.4020563e-05
1997-10-06,0.0,287.07654,295.2579,278.35144,2.5545485e-05
1997-10-07,2.491052e-06,288.43018,292.741,285.05228,1.27000385e-05
1997-10-08,4.168088e-05,289.60742,294.915,286.25436,1.5355132e-05
1997-10-09,7.551077e-06,290.76163,296.8832,285.999,2.3218841e-05
1997-10-10,2.8592794e-06,290.50858,293.49738,287.73,1.5887428e-05
1997-10-11,0.00014631196,286.60013,292.2346,283.9283,1.4415155e-05
1997-10-12,3.6497051e-06,284.70993,287.5065,282.125,8.058222e-06
1997-10-13,0.00013774702,281.31046,288.80338,275.75256,1.6053935e-05
1997-10-14,1.6809661e-05,279.58926,286.95154,276.24625,1.5382557e-05
1997-10-15,0.0,279.06192,287.20026,271.6522,1.523375e-05
1997-10-16,0.0,281.8045,286.5573,276.84525,1.079922e-05
1997-10-17,6.605452e-06,279.61566,282.35248,277.82092,9.614503e-06
1997-10-18,1.9873905e-06,279.91043,281.7568,279.1203,8.128639e-06
1997-10-19,0.0,279.95163,286.02402,276.79105,1.1552404e-05
1997-10-20,0.0,279.2766,286.62637,274.49576,1.1321247e-05
1997-10-21,0.0,279.03256,282.99362,275.50198,7.862738e-06
1997-10-22,4.270475e-05,277.9085,280.36572,275.77863,8.1202625e-06
1997-10-23,0.0,278.44794,281.85107,276.03,6.9254197e-06
1997-10-24,0.0,278.39444,282.17563,275.7755,9.264165e-06
1997-10-25,0.0,274.6974,282.72934,271.3281,1.0560891e-05
1997-10-26,0.0,276.8553,283.73978,270.69733,9.757673e-06
1997-10-27,0.0,274.23352,278.3886,272.55463,1.08851145e-05
1997-10-28,4.3499326e-06,272.6857,277.46347,268.75827,1.1682907e-05
1997-10-29,0.0,270.91287,278.7485,266.47598,1.5467129e-05
1997-10-30,0.0,271.84848,276.21942,265.91702,1.0191027e-05
1997-10-31,3.7392795e-06,274.57376,277.71866,272.20013,1.1448114e-05
1997-11-01,0.0,275.4247,281.35873,272.62936,7.369652e-06
1997-11-02,0.0,274.86407,283.87494,270.59787,5.814038e-06
1997-11-03,0.0,277.01434,285.9648,270.4988,8.171194e-06
1997-11-04,0.0,276.16077,279.94308,272.4474,1.0138049e-05
1997-11-05,0.0,278.5685,279.38394,271.22458,5.787037e-06
1997-11-06,6.0053553e-05,285.67172,288.26917,279.81253,7.031074e-06
1997-11-07,9.545403e-05,287.5863,290.34286,285.37994,8.339196e-06
1997-11-08,0.00084884063,284.61584,288.4375,281.16675,8.275107e-06
1997-11-09,0.00011947714,283.73434,286.8876,280.76865,9.171884e-06
1997-11-10,0.0001389061,282.29974,286.69037,280.48666,6.308837e-06
1997-11-11,6.805783e-05,282.402,286.71164,278.8801,7.5521643e-06
1997-11-12,1.4431629e-05,284.10638,286.8742,279.8705,5.787037e-06
1997-11-13,9.131041e-05,281.22668,285.1823,279.61673,5.787037e-06
1997-11-14,0.00012216973,278.90402,283.9333,276.94934,7.371057e-06
1997-11-15,0.0,275.5486,283.81363,271.3154,4.7299964e-06
1997-11-16,1.4956443e-06,276.4526,279.6645,272.6059,4.6296295e-06
1997-11-17,9.94318e-06,277.12863,278.83585,275.807,5.5454866e-06
1997-11-18,0.0,275.41528,279.96735,273.22083,5.512676e-06
1997-11-19,3.469745e-05,271.32953,275.1534,269.55792,5.080021e-06
1997-11-20,0.0,269.55273,275.22714,266.8643,3.7672414e-06
1997-11-21,0.0,271.41092,276.02722,265.9318,3.4722223e-06
1997-11-22,0.0,272.1219,276.0084,268.3501,3.4722223e-06
1997-11-23,1.1869918e-07,273.3902,274.5747,271.87955,4.4200433e-06
1997-11-24,0.0002263284,274.13898,275.56915,273.43375,4.1162502e-06
1997-11-25,5.2664254e-06,274.50027,275.7824,273.83908,3.4458853e-06
1997-11-26,1.8202018e-06,276.4966,277.11603,274.0926,3.4722223e-06
1997-11-27,5.2538476e-06,275.74515,278.20996,275.01996,3.1562026e-06
1997-11-28,1.6276578e-06,277.68097,279.34003,275.0361,3.1544844e-06
1997-11-29,3.331979e-06,278.68317,279.62198,275.79593,4.6296295e-06
1997-11-30,0.00035833239,277.65408,279.30984,277.00766,5.5357536e-06
1997-12-01,0.00030478422,278.0602,279.3714,277.14548,6.0835114e-06
1997-12-02,3.9229384e-05,277.25385,278.6512,276.60434,4.620081e-06
1997-12-03,0.00016775428,275.98767,277.73886,274.39597,4.5350826e-06
1997-12-04,0.0002669655,276.54532,280.8337,273.5057,3.4047255e-06
1997-12-05,0.0,273.84924,276.5265,272.68954,3.878062e-06
1997-12-06,0.0,271.8619,276.99823,269.23676,5.0324657e-06
1997-12-07,0.0,271.39575,275.6544,267.18204,2.2860627e-06
1997-12-08,0.0,273.3219,278.28345,269.56433,2.29579e-06
1997-12-09,0.0,273.90933,275.2912,272.18445,3.669798e-06
1997-12-10,2.4545354e-05,275.56485,277.43497,273.1993,2.7069395e-06
1997-12-11,0.0,277.2486,278.91095,273.34247,4.7443455e-06
1997-12-12,9.404248e-06,277.5148,281.11993,275.01422,4.6296295e-06
1997-12-13,0.000116499294,275.48444,277.5247,273.65668,5.787037e-06
1997-12-14,0.0,273.40622,278.53113,270.89725,2.3148148e-06
1997-12-15,0.0,272.6234,275.82828,269.34128,5.0111157e-06
1997-12-16,5.9448375e-06,270.33588,272.44742,269.7624,4.431679e-06
1997-12-17,9.481562e-06,267.1732,269.77203,267.2792,3.6094305e-06
1997-12-18,5.9046197e-05,269.2727,271.18042,266.1209,2.3148148e-06
1997-12-19,7.6085744e-05,274.47092,274.63773,269.97955,2.4426715e-06
1997-12-20,6.0304432e-05,276.2102,275.57495,273.46667,3.4722223e-06
1997-12-21,0.00023712005,277.31268,279.37827,275.75113,3.2130288e-06
1997-12-22,3.1972868e-05,276.7797,278.57364,275.9646,3.4847287e-06
1997-12-23,9.431433e-06,276.46512,278.8073,275.56683,2.3148148e-06
1997-12-24,0.0,274.95462,276.0324,274.50058,3.4722223e-06
1997-12-25,0.0,276.44977,281.711,272.71463,4.4167086e-06
1997-12-26,1.5586134e-05,279.95087,281.1259,274.91476,5.3908057e-06
1997-12-27,0.00058397744,275.68604,280.40576,274.29053,5.1835887e-06
1997-12-28,6.1589426e-06,274.496,275.20383,273.07083,3.3374415e-06
1997-12-29,0.0,273.10757,274.19382,270.93048,2.3148148e-06
1997-12-30,0.0,273.5277,276.70267,270.17093,1.8129977e-06
1997-12-31,0.0,277.1685,279.6644,273.36642,5.328782e-06
1998-01-01,1.7964874e-06,278.5948,281.61966,274.5121,5.0887074e-06
1998-01-02,9.0112866e-07,279.50198,281.29837,278.15765,4.742636e-06
1998-01-03,8.306183e-05,279.12967,281.01135,278.0365,3.845924e-06
1998-01-04,7.463846e-05,277.92984,283.10217,274.27112,4.45338e-06
1998-01-05,2.2788638e-05,277.94852,283.19974,274.11887,6.334298e-06
1998-01-06,2.2054267e-06,277.8168,283.84128,273.7579,5.398279e-06
1998-01-07,0.0,275.3461,282.17218,271.31882,2.6124865e-06
1998-01-08,0.0,275.47913,282.00073,271.14865,2.8184768e-06
1998-01-09,0.0,273.37244,277.86438,271.95377,2.358415e-06
1998-01-10,0.0,272.21594,276.72684,268.65927,2.4488352e-06
1998-01-11,0.0,272.40747,280.5852,268.15024,1.2866e-06
1998-01-12,0.0,273.3803,279.4113,268.29446,3.4015359e-06
1998-01-13,0.0,276.63046,279.4545,269.85406,6.7373335e-06
1998-01-14,1.1156468e-06,279.49588,281.76248,276.42624,7.4041154e-06
1998-01-15,2.4463668e-07,278.46173,280.4073,275.78354,4.861111e-06
1998-01-16,8.359414e-06,278.28323,281.1924,275.1926,4.878935e-06
1998-01-17,3.8008925e-06,277.9055,281.81625,275.44586,4.843036e-06
1998-01-18,0.0,272.99185,280.67847,268.9072,3.45968e-06
1998-01-19,0.0,275.36334,278.20657,270.64963,4.4471603e-06
1998-01-20,7.659579e-05,276.92596,278.99258,273.3785,1.46576995e-05
1998-01-21,0.0,278.1864,280.75214,275.8216,2.6070558e-05
1998-01-22,0.0,276.44595,279.2731,275.00278,1.208098e-05
1998-01-23,9.443233e-09,274.89417,276.5012,274.21887,7.660112e-06
1998-01-24,0.0,273.15588,277.30408,269.18524,4.985193e-06
1998-01-25,0.0,272.22372,275.121,270.91797,6.120897e-06
1998-01-26,0.0,269.96387,274.16162,267.13077,6.7392043e-06
1998-01-27,0.0,267.84827,273.56036,264.41492,3.7284813e-06
1998-01-28,0.0,268.72614,275.82983,262.48477,2.7774292e-06
1998-01-29,0.0,271.26718,276.63132,265.21176,4.6296295e-06
1998-01-30,0.0,271.41223,278.41843,266.4357,5.824391e-06
1998-01-31,0.0,271.15848,277.41757,265.44434,5.709068e-06
1998-02-01,2.5011773e-06,267.9684,272.94965,266.77124,1.1825205e-05
1998-02-02,0.0,268.57013,272.945,266.07468,5.753388e-06
1998-02-03,0.0,270.73514,278.5272,263.0657,6.922666e-06
1998-02-04,0.0,270.33017,276.13528,266.91522,8.022309e-06
1998-02-05,0.0,269.74826,279.51395,263.99634,7.476711e-06
1998-02-06,0.0,270.10547,280.44873,262.9728,7.195828e-06
1998-02-07,0.0,271.77716,282.36804,264.47992,8.100416e-06
1998-02-08,0.0,273.24677,280.35382,269.1621,8.7034105e-06
1998-02-09,0.0,272.19287,280.43158,264.67615,7.615024e-06
1998-02-10,0.0,275.68002,287.51562,269.47244,9.173253e-06
1998-02-11,0.0,276.3956,289.94574,268.91397,1.1591765e-05
1998-02-12,0.0,277.98492,290.33722,269.86548,1.3994077e-05
1998-02-13,0.0,280.86942,289.99084,273.8843,1.04122155e-05
1998-02-14,0.0,279.4909,290.90494,271.35617,1.14424065e-05
1998-02-15,0.0,279.85123,290.7779,271.39435,1.3783297e-05
1998-02-16,0.0,282.83267,292.76938,273.29095,2.8163198e-05
1998-02-17,0.0,281.92984,289.6689,275.6529,2.224695e-05
1998-02-18,0.0,275.8988,283.84418,271.3424,1.1574074e-05
1998-02-19,0.0,277.40506,290.43616,269.38715,1.6133046e-05
1998-02-20,0.0,278.05206,288.19998,270.1997,1.3549032e-05
1998-02-21,0.0,281.1657,290.33502,269.5672,2.3214754e-05
1998-02-22,0.0,280.60776,286.55722,273.79962,1.7580287e-05
1998-02-23,3.0452948e-06,279.81885,283.89258,274.48148,8.25068e-06
1998-02-24,4.3225587e-05,280.04193,287.2738,276.17307,1.2653512e-05
1998-02-25,1.5743301e-06,281.6691,286.81213,276.10962,1.2818506e-05
1998-02-26,0.0,279.00128,287.45078,274.47272,1.5748417e-05
1998-02-27,0.0,279.21777,290.61984,271.58762,1.731765e-05
1998-02-28,0.0,280.80942,287.61655,271.31973,1.8466395e-05
1998-03-01,4.6020126e-05,275.82275,282.35034,273.92496,7.764042e-06
1998-03-02,0.00019113487,275.4639,276.10846,271.25803,5.9253775e-06
1998-03-03,0.0,278.6873,284.8603,272.4373,1.4485903e-05
1998-03-04,0.0,281.8565,285.42154,277.5476,1.7197694e-05
1998-03-05,5.310402e-06,279.61273,285.0755,276.46866,8.605326e-06
1998-03-06,0.00016102075,278.56467,285.49188,272.54288,1.807497e-05
1998-03-07,0.0,281.87952,288.8031,274.2625,2.6106822e-05
1998-03-08,1.078047e-06,279.69098,287.6694,276.34622,1.6683884e-05
1998-03-09,7.221039e-05,276.3347,282.77206,273.82437,2.3036206e-05
1998-03-10,1.7519731e-07,274.36334,279.7865,271.90332,2.3593799e-05
1998-03-11,1.7357589e-06,272.41983,278.25037,268.86847,1.0594637e-05
1998-03-12,0.0,273.02197,281.2589,266.95688,1.7351564e-05
1998-03-13,0.0,276.53238,284.06662,268.02045,1.697621e-05
1998-03-14,0.0,277.33063,286.86963,269.258,1.9675927e-05
1998-03-15,1.1259112e-06,275.66098,278.57477,272.14478,7.7642135e-06
1998-03-16,3.2080614e-05,276.29428,279.3132,272.98312,9.098382e-06
1998-03-17,1.99439e-06,278.55814,285.53015,271.76807,1.5327665e-05
1998-03-18,0.0,280.53165,287.47092,275.5193,2.0894973e-05
1998-03-19,0.0,279.26938,286.9191,273.83688,2.074692e-05
1998-03-20,0.0,278.3405,285.26096,270.41187,2.2651515e-05
1998-03-21,7.138033e-05,273.73782,280.3121,271.27856,1.4430509e-05
1998-03-22,1.7005465e-06,273.12988,278.05182,268.8244,1.3408083e-05
1998-03-23,2.763052e-08,272.87228,277.34503,269.86963,1.4131171e-05
1998-03-24,0.0,275.00394,280.93875,268.4603,2.4118963e-05
1998-03-25,0.0,275.27753,280.21863,271.5869,2.781208e-05
1998-03-26,0.0,274.02924,281.8559,268.44742,2.3281482e-05
1998-03-27,0.0,276.44385,286.23068,267.50714,2.4296007e-05
1998-03-28,0.0,281.51373,291.99496,270.84543,2.7814693e-05
1998-03-29,0.0,282.00723,290.40402,273.38647,2.8766932e-05
1998-03-30,0.0,281.87384,290.29526,274.0363,2.7607257e-05
1998-03-31,0.0,283.52142,293.08667,272.9545,3.1285465e-05
1998-04-01,0.0,284.0602,292.6054,276.41364,3.531011e-05
1998-04-02,0.0,284.07468,289.55722,278.60895,2.436879e-05
1998-04-03,0.0,284.84897,289.18045,279.60168,1.9069643e-05
1998-04-04,3.344951e-06,286.8584,288.2576,284.66345,1.6362192e-05
1998-04-05,4.3304647e-07,285.76984,289.10788,284.2907,1.2753877e-05
1998-04-06,0.00051010447,282.14084,287.5414,280.48874,2.1312773e-05
1998-04-07,9.531069e-05,282.80865,289.2789,276.00085,3.20466e-05
1998-04-08,3.3110242e-05,284.9225,289.85995,281.2808,2.8446562e-05
1998-04-09,6.158057e-05,280.33932,285.06302,279.50565,1.5005462e-05
1998-04-10,4.9881673e-05,282.31378,287.52112,277.99158,2.0861782e-05
1998-04-11,0.00012525197,282.56894,287.8988,276.75018,2.5125362e-05
1998-04-12,9.11291e-05,278.71527,283.14203,277.4449,1.6509975e-05
1998-04-13,7.856763e-05,276.8134,279.68893,273.35754,1.0974363e-05
1998-04-14,0.0001635513,277.4299,283.2127,272.85803,2.0933017e-05
1998-04-15,1.5703192e-05,279.87427,284.8411,272.87936,2.1336597e-05
1998-04-16,0.00014678169,279.6296,283.00833,277.42148,1.5224143e-05
1998-04-17,5.784023e-05,279.98462,282.39447,276.89758,1.22020465e-05
1998-04-18,0.00016151738,279.5934,282.28873,278.09027,1.3769245e-05
1998-04-19,4.4959364e-05,281.42844,287.61926,276.6533,2.5236002e-05
1998-04-20,1.9059808e-05,281.88788,290.5654,276.5912,3.676123e-05
1998-04-21,0.0,285.70215,293.76797,273.3843,4.0010025e-05
1998-04-22,0.0,282.87018,289.32117,280.40234,2.3713228e-05
1998-04-23,4.3006014e-05,282.32523,289.4355,278.772,2.3636725e-05
1998-04-24,0.0,285.19604,293.1298,275.2354,3.280653e-05
1998-04-25,4.37117e-06,287.50818,294.3342,281.82263,3.868486e-05
1998-04-26,0.0,287.9562,296.3664,278.64047,4.163563e-05
1998-04-27,0.0,289.33685,296.10638,280.0918,4.276163e-05
1998-04-28,0.0,286.2799,292.66553,281.94968,2.8965549e-05
1998-04-29,9.8761106e-05,283.57532,288.6399,281.56467,2.2354754e-05
1998-04-30,4.447908e-05,284.15692,290.14383,276.01697,2.7703041e-05
1998-05-01,1.39545755e-05,285.26514,289.69397,281.69327,2.5440626e-05
1998-05-02,1.0897561e-05,285.1644,290.77988,281.15186,3.460803e-05
1998-05-03,3.386613e-07,286.81125,293.65848,276.49625,4.0356656e-05
1998-05-04,3.2100594e-05,284.98703,288.2552,283.65356,1.9494515e-05
1998-05-05,3.648887e-05,284.19803,290.65686,279.45422,3.7637525e-05
1998-05-06,0.0,285.3168,292.07602,276.1528,3.7995967e-05
1998-05-07,0.0,286.57898,293.75482,281.11194,3.4401182e-05
1998-05-08,0.0,288.9131,297.84286,277.50192,5.0646526e-05
1998-05-09,0.0,289.615,297.7506,278.77515,5.0827413e-05
1998-05-10,0.0,290.87256,299.1079,281.44827,5.48534e-05
1998-05-11,0.0,291.17847,299.4046,280.75266,5.3726322e-05
1998-05-12,0.0,290.79868,300.70618,281.87195,5.0773117e-05
1998-05-13,3.814562e-05,292.607,300.84412,282.22888,4.97123e-05
1998-05-14,3.9082617e-05,288.12323,294.9441,285.10617,3.9443228e-05
1998-05-15,0.0,287.13797,295.26593,278.81992,4.5392055e-05
1998-05-16,7.901023e-06,285.64374,292.6131,278.10742,4.1222334e-05
1998-05-17,5.415609e-05,282.0735,288.28482,278.76218,3.0034716e-05
1998-05-18,4.6920028e-05,283.9377,288.42532,278.52032,2.5502228e-05
1998-05-19,2.9461617e-07,286.54706,290.4899,281.95844,2.4676321e-05
1998-05-20,6.825241e-06,289.58957,296.9053,282.39554,5.0108087e-05
1998-05-21,1.1242104e-06,288.4066,295.57138,279.5652,4.2442465e-05
1998-05-22,2.6159782e-05,286.34314,291.79465,282.7362,3.2215114e-05
1998-05-23,3.144071e-05,287.62265,292.87607,282.1136,4.4799406e-05
1998-05-24,5.971635e-06,284.14508,288.4556,281.9204,2.0989624e-05
1998-05-25,0.00010710171,284.70996,288.05258,282.8422,2.0850612e-05
1998-05-26,3.359505e-06,287.39722,295.23242,279.5044,4.7227248e-05
1998-05-27,0.0,289.03278,297.35373,279.4899,5.5677836e-05
1998-05-28,1.1555333e-06,290.24475,297.3516,281.3419,4.8750193e-05
1998-05-29,0.0,288.94852,293.75436,283.76404,2.6345198e-05
1998-05-30,1.5339694e-05,289.94147,295.5501,286.93414,3.903414e-05
1998-05-31,1.4493158e-05,291.08047,297.45917,281.6288,5.5210654e-05
1998-06-01,4.812418e-06,290.09402,295.90494,286.25754,4.5084187e-05
1998-06-02,6.320412e-06,291.93976,299.1312,282.24265,5.9912454e-05
1998-06-03,0.0,294.92966,303.3153,283.87912,6.732906e-05
1998-06-04,1.2999892e-05,293.91867,303.84634,288.23834,5.7042384e-05
1998-06-05,2.8169256e-07,296.0146,303.39343,287.0439,6.164588e-05
1998-06-06,0.0,296.39468,305.37747,286.49,6.934833e-05
1998-06-07,0.0,296.7906,304.309,287.0274,6.3264095e-05
1998-06-08,1.6830201e-05,291.64496,297.6129,290.33615,2.5247493e-05
1998-06-09,0.00020632442,292.2195,297.7742,287.5825,4.6101704e-05
1998-06-10,1.2203462e-06,294.10153,300.8244,286.13684,5.9281556e-05
1998-06-11,1.0521112e-05,289.4304,294.84152,287.7765,2.1877782e-05
1998-06-12,0.00012608744,287.87656,292.24994,284.63864,3.4105648e-05
1998-06-13,2.890868e-05,286.17276,291.57977,283.96097,4.0258667e-05
1998-06-14,0.0,287.5238,294.18765,279.8394,4.6753798e-05
1998-06-15,7.291531e-06,288.94705,295.23672,281.3845,4.5849396e-05
1998-06-16,7.415018e-05,288.17654,293.01233,285.13547,3.4091438e-05
1998-06-17,0.000113664115,284.9803,290.00232,284.33038,2.4769057e-05
1998-06-18,2.0966096e-05,288.5748,295.855,280.60315,4.789874e-05
1998-06-19,6.0213806e-06,290.3611,295.40594,285.4674,3.691414e-05
1998-06-20,2.9948467e-06,293.5245,300.5221,286.55713,5.5167617e-05
1998-06-21,0.0,295.57333,302.36,286.20047,5.823204e-05
1998-06-22,0.0,295.54712,303.41312,288.89862,5.16204e-05
1998-06-23,6.309237e-05,289.67334,294.09363,288.7278,2.2875438e-05
1998-06-24,0.00018065606,292.29514,299.0172,287.39032,4.5102835e-05
1998-06-25,2.0522648e-05,294.5557,300.58112,288.63522,4.925279e-05
1998-06-26,0.0,296.04895,302.05145,290.2195,5.2107775e-05
1998-06-27,1.0654255e-06,296.66843,302.69092,289.53952,5.900839e-05
1998-06-28,0.0,294.15067,301.32205,289.91003,4.693886e-05
1998-06-29,2.8307972e-05,292.815,295.5526,290.82196,2.8139491e-05
1998-06-30,5.281317e-06,294.60675,299.65494,289.53494,4.041722e-05
1998-07-01,1.5549605e-06,294.72308,300.8387,287.97165,4.3957796e-05
1998-07-02,5.0084527e-06,292.18314,298.53915,288.74008,3.237308e-05
1998-07-03,0.00033530622,290.3418,295.8594,287.30222,3.2699514e-05
1998-07-04,0.00036443365,292.0551,298.30994,287.10773,4.9592003e-05
1998-07-05,4.444761e-06,290.197,295.77722,286.87866,3.552258e-05
1998-07-06,4.7940153e-05,292.41486,298.39987,284.78708,5.1726518e-05
1998-07-07,0.0,290.68835,298.31482,286.50864,2.3480265e-05
1998-07-08,0.0005000242,288.32413,293.34186,286.6281,4.0650324e-05
1998-07-09,1.0775641e-06,288.473,295.1268,278.41345,4.142577e-05
1998-07-10,0.0,292.16125,298.53226,283.49448,5.218143e-05
1998-07-11,6.3508674e-07,293.5193,298.74246,288.3509,4.3527612e-05
1998-07-12,7.125321e-05,292.533,296.30902,290.01956,2.6720329e-05
1998-07-13,2.2170776e-05,295.10474,301.7561,288.52966,5.7361565e-05
1998-07-14,0.00017238183,287.5469,294.043,286.4717,1.8676967e-05
1998-07-15,0.0007772934,286.9233,292.32324,284.91165,2.7496126e-05
1998-07-16,1.8171783e-06,290.2866,297.62302,280.45865,5.0607705e-05
1998-07-17,0.0,292.55945,299.59534,282.45132,5.2296e-05
1998-07-18,1.3904489e-05,293.93164,301.26288,285.76642,5.6647026e-05
1998-07-19,0.0,294.86615,302.71057,287.28256,5.3786753e-05
1998-07-20,7.961822e-06,296.61893,304.64362,287.15063,6.059143e-05
1998-07-21,0.0,297.64252,305.32303,288.87863,6.145115e-05
1998-07-22,1.828846e-06,297.88773,304.72882,288.70712,5.780469e-05
1998-07-23,0.0,298.22696,305.2195,291.1081,5.9369682e-05
1998-07-24,0.0,296.9357,303.52078,289.88855,6.189782e-05
1998-07-25,3.5755875e-06,296.06265,302.2733,290.35492,5.0605046e-05
1998-07-26,0.00021686243,294.82443,300.10666,289.96158,4.282628e-05
1998-07-27,0.0,296.5867,303.7708,290.2402,5.191642e-05
1998-07-28,5.866466e-05,291.80396,297.5045,289.11313,2.8579374e-05
1998-07-29,0.00025639482,292.67215,299.12567,288.72067,5.006083e-05
1998-07-30,0.0,294.39694,302.297,286.82294,5.4965978e-05
1998-07-31,0.0,296.51123,303.31735,287.97675,5.638332e-05
1998-08-01,2.6831242e-06,295.89325,300.63626,291.8202,4.361905e-05
1998-08-02,0.0,297.98465,305.226,290.99115,5.182968e-05
1998-08-03,0.0,298.34863,306.1521,291.02258,5.265189e-05
1998-08-04,1.3240434e-06,298.5468,304.55188,291.7869,5.0528884e-05
1998-08-05,0.00022624346,293.7459,298.80722,291.55457,4.0508676e-05
1998-08-06,1.090408e-05,291.6906,298.27216,285.88782,5.4669443e-05
1998-08-07,0.0,292.2675,299.87186,283.45685,5.392532e-05
1998-08-08,0.0,294.12616,302.34726,285.09787,5.2091225e-05
1998-08-09,0.0,295.41263,305.38477,285.56494,5.5481887e-05
1998-08-10,0.0,296.08994,303.0056,288.7766,5.324074e-05
1998-08-11,0.0,296.2544,303.61005,289.3187,5.3047002e-05
1998-08-12,0.0,296.4912,305.32175,289.51834,5.3635973e-05
1998-08-13,0.0,295.83487,306.10593,286.86682,5.34204e-05
1998-08-14,1.4653716e-05,293.99744,300.3203,289.8563,4.177565e-05
1998-08-15,0.0,295.71207,303.15295,289.70825,5.0025785e-05
1998-08-16,3.4442357e-06,295.3959,302.49298,288.9937,4.1432762e-05
1998-08-17,0.0,295.82434,304.66415,289.98218,5.3017433e-05
1998-08-18,1.097316e-05,295.61063,303.3158,289.16318,4.566836e-05
1998-08-19,7.202327e-05,292.81073,298.3869,289.9849,2.9682542e-05
1998-08-20,5.064331e-05,293.2244,297.7107,290.28046,2.9049317e-05
1998-08-21,6.9226016e-06,294.90375,301.38297,288.87265,4.7918686e-05
1998-08-22,9.20806e-05,290.4461,296.53607,288.78387,2.5086652e-05
1998-08-23,0.0005660547,289.14203,294.67984,287.2001,2.730075e-05
1998-08-24,0.0,291.95532,298.42612,284.45822,3.516998e-05
1998-08-25,0.0001790334,289.82855,296.19156,285.2683,3.9490864e-05
1998-08-26,0.0,290.15677,297.5762,284.8847,3.851556e-05
1998-08-27,0.0,289.16235,297.17813,283.32672,3.4661556e-05
1998-08-28,0.0004945239,285.13086,289.8463,282.7791,2.638078e-05
1998-08-29,0.0,284.89783,290.70563,279.92776,2.6475804e-05
1998-08-30,0.0,285.6876,293.34503,277.75583,3.237821e-05
1998-08-31,2.7236567e-07,286.89615,294.1348,280.74927,3.1115986e-05
1998-09-01,1.9542329e-06,289.1567,295.00977,284.05124,2.5657117e-05
1998-09-02,2.0121824e-06,291.4271,296.89584,286.14487,2.9904106e-05
1998-09-03,0.0,293.19086,299.6878,287.6486,3.3702985e-05
1998-09-04,0.00019414317,291.28516,295.43982,287.40573,2.7384633e-05
1998-09-05,0.00013216394,288.0111,291.2086,287.6466,1.2309557e-05
1998-09-06,0.0004515556,288.519,295.80923,282.07767,3.1931704e-05
1998-09-07,3.0595682e-05,289.57004,295.95193,283.0071,2.774246e-05
1998-09-08,4.234376e-06,289.29193,291.8376,286.80692,1.37745765e-05
1998-09-09,1.9618748e-05,290.68307,296.35577,287.39993,3.1161326e-05
1998-09-10,0.0,290.26718,296.5257,286.5285,2.9410035e-05
1998-09-11,0.0,292.08542,297.36493,286.24585,2.470134e-05
1998-09-12,9.8676006e-05,288.18506,293.11295,286.19043,1.3888889e-05
1998-09-13,0.000422908,284.8261,289.63004,282.2447,1.884868e-05
1998-09-14,0.00025899248,282.2868,288.15707,279.07822,1.79934e-05
1998-09-15,1.8253455e-05,285.24265,291.66144,279.27304,2.3481834e-05
1998-09-16,0.0,286.40964,292.9823,280.65836,2.2670212e-05
1998-09-17,1.8203578e-07,284.17685,288.2846,282.32327,1.5568496e-05
1998-09-18,8.965871e-05,284.68106,290.65894,279.5751,1.9830131e-05
1998-09-19,8.050499e-07,284.71582,292.14487,280.7721,2.3552582e-05
1998-09-20,2.9664711e-06,285.73825,289.39685,278.55954,1.524678e-05
1998-09-21,0.0,287.38525,293.80576,283.68912,2.39022e-05
1998-09-22,0.0,284.96396,291.77682,279.52283,2.4652085e-05
1998-09-23,0.0,284.48932,292.47675,279.0925,2.3467528e-05
1998-09-24,0.0,284.744,293.089,279.54266,2.3038243e-05
1998-09-25,0.0,287.3458,294.19028,278.18143,2.4130406e-05
1998-09-26,8.880259e-06,289.8621,294.43054,286.17474,1.7688712e-05
1998-09-27,0.000121165474,289.28918,293.0461,287.4031,1.1550068e-05
1998-09-28,0.00021886271,286.57343,288.85083,285.52295,1.1889746e-05
1998-09-29,0.00014485895,286.88037,294.41428,283.5701,2.198946e-05
1998-09-30,2.9562334e-06,287.16714,293.7986,279.92273,2.0920777e-05
1998-10-01,0.00013773666,288.2568,290.64532,286.4139,1.0541725e-05
1998-10-02,0.00026189504,286.50858,292.801,283.8308,2.165133e-05
1998-10-03,2.9821525e-05,285.51172,289.84985,280.88376,1.4828907e-05
1998-10-04,6.279974e-05,284.52185,287.83743,282.57184,1.1585783e-05
1998-10-05,7.267121e-05,285.18033,286.8728,282.99164,9.259259e-06
1998-10-06,0.00040896147,287.28986,288.90628,284.96375,9.259259e-06
1998-10-07,0.00025422694,287.0621,290.0927,285.06638,1.1508907e-05
1998-10-08,0.00021967792,286.72595,289.4177,284.20032,1.0404125e-05
1998-10-09,6.740799e-05,285.93314,291.50357,283.11832,1.379609e-05
1998-10-10,4.0046816e-05,286.61288,290.88367,281.71082,1.8260189e-05
1998-10-11,3.6341914e-06,284.4832,291.4263,280.1304,1.9493327e-05
1998-10-12,1.132701e-05,284.77838,289.31613,282.7226,1.3930939e-05
1998-10-13,2.4939673e-05,281.71634,289.72104,277.2157,1.6085345e-05
1998-10-14,0.0,281.3253,286.31183,273.52213,1.14815575e-05
1998-10-15,1.4865598e-06,284.9022,292.94424,279.71976,1.6203703e-05
1998-10-16,0.0,285.10037,292.90982,278.9445,1.4842431e-05
1998-10-17,0.0,286.78687,290.48474,279.69812,1.4813237e-05
1998-10-18,1.2576918e-05,286.7973,290.59412,285.7177,1.0833135e-05
1998-10-19,0.00061554305,280.94232,286.3968,280.48517,8.692225e-06
1998-10-20,0.00027828666,279.5963,284.3132,277.59213,1.05536e-05
1998-10-21,5.130692e-06,278.1344,283.5563,275.1417,8.101852e-06
1998-10-22,0.0,280.26382,289.28778,274.26443,1.3969252e-05
1998-10-23,0.0,280.27744,290.89017,273.49304,9.757621e-06
1998-10-24,0.0,279.8705,285.7563,276.09253,8.101852e-06
1998-10-25,5.229647e-06,281.2605,284.78738,277.44858,6.6700895e-06
1998-10-26,9.462393e-05,278.70172,287.7061,275.22412,9.531639e-06
1998-10-27,1.8907238e-05,278.78104,287.78198,274.08386,1.00501275e-05
1998-10-28,0.0,284.6759,289.04468,275.15002,1.96506e-05
1998-10-29,0.0,284.2529,290.8726,279.8163,1.6143686e-05
1998-10-30,0.00026718044,278.4854,284.26617,274.9283,8.39913e-06
1998-10-31,0.0,277.47293,286.24512,271.95178,1.0016281e-05
1998-11-01,7.3592387e-06,281.31693,285.4424,273.87463,6.6236826e-06
1998-11-02,1.942742e-05,280.107,285.47876,274.8306,9.350073e-06
1998-11-03,5.096649e-05,284.17688,288.38144,277.72165,8.054736e-06
1998-11-04,0.00018769997,285.84973,287.9313,284.05853,6.18248e-06
1998-11-05,0.0009037652,275.625,285.16922,274.2045,7.90315e-06
1998-11-06,0.00012864971,274.9468,278.99582,272.67142,4.9591804e-06
1998-11-07,0.0,275.22287,281.4552,272.9541,5.72254e-06
1998-11-08,0.0,276.6244,281.5809,273.53802,5.535304e-06
1998-11-09,0.0,278.82065,283.21814,274.77374,5.787037e-06
1998-11-10,0.0,280.86884,285.2648,275.7335,8.101852e-06
1998-11-11,8.1089725e-05,280.0538,284.92194,277.37756,1.2754917e-05
1998-11-12,1.1983059e-06,273.88947,281.5834,270.17142,4.9285295e-06
1998-11-13,0.0,273.71686,281.01724,269.48114,4.68086e-06
1998-11-14,0.0,276.7176,280.732,270.05804,4.6296295e-06
1998-11-15,0.00015817383,275.05,279.4436,272.93063,4.525149e-06
1998-11-16,0.0,275.72357,277.44492,272.06085,4.4349244e-06
1998-11-17,1.8475823e-06,274.26987,280.02167,271.4165,4.657042e-06
1998-11-18,1.7235991e-06,270.9993,278.4328,267.12082,2.789179e-06
1998-11-19,0.0,269.9344,276.36713,265.98572,3.3538647e-06
1998-11-20,0.0,271.29364,275.8104,265.65424,5.863708e-06
1998-11-21,0.0,270.31787,273.28375,268.7686,1.0677532e-05
1998-11-22,6.7015862e-06,270.3566,271.3284,267.198,4.5187044e-06
1998-11-23,1.1647755e-05,272.19656,273.3669,270.51343,4.620059e-06
1998-11-24,7.5186936e-06,273.8634,275.5751,272.39713,4.820298e-06
1998-11-25,0.0,274.1646,275.68365,273.10242,4.480905e-06
1998-11-26,6.2686368e-06,274.33453,275.89597,273.40106,5.378238e-06
1998-11-27,1.2971286e-06,274.5952,275.79236,274.0061,5.5513274e-06
1998-11-28,3.644492e-06,273.54947,275.6903,271.85913,2.8794748e-06
1998-11-29,0.0,273.9003,275.36026,272.95868,5.6830263e-06
1998-11-30,0.0,274.50418,275.53998,273.49326,5.264427e-06
1998-12-01,0.0,273.8377,276.03323,273.04565,6.705546e-06
1998-12-02,1.3787846e-05,271.55258,273.43274,271.6911,5.4153315e-06
1998-12-03,2.004639e-06,272.18384,273.54132,270.94214,4.3333325e-06
1998-12-04,0.0,270.3215,272.72253,269.55035,2.5512925e-06
1998-12-05,0.00017181729,269.8247,272.78766,266.22794,2.3148148e-06
1998-12-06,2.4324627e-06,264.62476,270.7365,260.70264,9.940541e-07
1998-12-07,0.0,263.4521,271.107,259.51758,9.380757e-07
1998-12-08,0.0,262.9064,269.71588,259.4141,1.1478592e-06
1998-12-09,0.0,260.8026,270.25986,258.08585,2.0028708e-07
1998-12-10,0.0,265.4684,269.9932,256.66418,8.5159775e-07
1998-12-11,2.2806587e-05,268.75058,271.1529,267.65363,3.4263992e-06
1998-12-12,0.0,268.70078,271.94107,265.0223,2.2190834e-06
1998-12-13,0.0,270.76376,274.94473,265.38226,1.638911e-06
1998-12-14,0.0,273.2275,276.71387,265.764,2.334301e-06
1998-12-15,0.0,271.8985,277.44965,267.62808,5.021785e-07
1998-12-16,0.0,270.7551,275.5315,267.1703,1.1574074e-06
1998-12-17,0.0,270.03238,275.22336,267.00125,1.208475e-06
1998-12-18,0.0,270.25104,276.0867,266.74652,5.7432675e-07
1998-12-19,0.0,269.6588,275.5103,265.0712,8.7768035e-07
1998-12-20,0.0,272.51315,273.87534,266.63168,2.3148148e-06
1998-12-21,0.00016662729,273.6501,275.1104,272.60443,3.0769615e-06
1998-12-22,3.0206618e-05,268.21344,274.942,263.3387,1.2136362e-06
1998-12-23,0.0,268.57397,272.84003,264.17456,1.1574074e-06
1998-12-24,0.0,266.9623,270.75806,264.41724,2.2368458e-06
1998-12-25,0.0,264.28354,271.15604,262.3772,1.1574074e-06
1998-12-26,0.0,263.98035,270.63785,260.76532,1.1574074e-06
1998-12-27,0.0,266.96957,274.4385,261.10477,1.1748831e-06
1998-12-28,0.0,273.1363,276.78244,264.62067,1.8056253e-06
1998-12-29,1.2344589e-06,272.44998,277.35516,268.0045,1.2341732e-06
1998-12-30,0.0,271.66522,274.35382,269.2581,2.42454e-06
1998-12-31,0.0,271.98926,272.92474,271.41302,2.3148148e-06
1999-01-01,0.0,272.9075,274.75522,271.34137,2.3148148e-06
1999-01-02,1.9969296e-08,273.7042,274.0859,270.8566,2.4353496e-06
1999-01-03,5.483756e-05,275.03296,277.00632,273.9237,2.3148148e-06
1999-01-04,8.091073e-07,275.18732,275.94318,273.4908,2.6060193e-06
1999-01-05,0.0,273.39877,275.99103,271.38885,2.3148148e-06
1999-01-06,0.0,272.77206,275.59613,270.434,2.099999e-06
1999-01-07,0.0,273.80646,281.0205,267.70215,1.3777506e-06
1999-01-08,0.0,275.01602,276.7178,271.9029,3.998388e-06
1999-01-09,1.8658286e-05,274.57312,276.9337,273.08466,4.5762577e-06
1999-01-10,3.4262313e-05,272.96802,275.4189,270.72974,2.9487026e-06
1999-01-11,0.00012257924,273.2516,273.57382,272.08545,3.1417464e-06
1999-01-12,0.0001617557,275.4087,277.49216,273.21683,2.3692835e-06
1999-01-13,3.53928e-05,274.51492,276.5241,273.38858,2.8169934e-06
1999-01-14,3.3997885e-06,271.87183,275.22418,268.06085,3.1620107e-06
1999-01-15,6.488958e-07,270.30328,276.1146,266.58298,1.974445e-06
1999-01-16,0.0,272.68604,277.43213,266.2088,4.7424724e-06
1999-01-17,0.0,275.17206,281.11703,268.60855,8.378941e-06
1999-01-18,0.0,273.3282,278.24573,269.9589,3.0099131e-06
1999-01-19,0.0,271.56717,277.78165,268.7248,2.4440462e-06
1999-01-20,0.0,270.23938,272.27838,266.89963,2.4344592e-06
1999-01-21,0.0,269.83582,271.37134,267.38013,2.7205504e-06
1999-01-22,0.0,270.10733,270.78305,267.24326,2.7092187e-06
1999-01-23,0.0,269.8263,272.99426,266.80228,3.4722223e-06
1999-01-24,0.0,268.8498,270.23734,266.5718,3.2096996e-06
1999-01-25,0.0,270.13553,277.0124,266.4734,3.3882359e-06
1999-01-26,0.0,274.18137,279.17816,266.3034,5.189866e-06
1999-01-27,1.6553107e-05,273.8091,277.8898,272.384,3.4722223e-06
1999-01-28,6.5118555e-05,272.56766,275.57733,269.81677,3.3209517e-06
1999-01-29,0.0,272.4561,277.14682,269.79407,9.99826e-06
1999-01-30,1.4365473e-06,267.9469,271.75665,266.2206,1.581306e-05
1999-01-31,0.0,267.71887,272.75946,262.4976,7.083801e-06
1999-02-01,2.8879854e-06,268.86993,273.02332,265.35257,5.7508887e-06
1999-02-02,0.0,271.00317,274.50305,268.3231,4.5585684e-06
1999-02-03,2.1099556e-08,272.84338,279.6223,266.9915,6.9444445e-06
1999-02-04,0.0,273.9078,281.07092,270.82516,6.0014086e-06
1999-02-05,0.0,274.4513,282.7894,268.6718,8.378574e-06
1999-02-06,0.0,273.01358,279.299,268.83734,5.065957e-06
1999-02-07,0.0,274.89108,282.21075,266.7484,8.561939e-06
1999-02-08,0.00013229359,271.65634,277.076,268.9902,4.8959855e-06
1999-02-09,1.4431427e-06,272.39185,274.4702,266.02307,3.569479e-06
1999-02-10,0.00076863467,270.88324,273.42456,269.36548,4.812323e-06
1999-02-11,8.819702e-05,269.161,272.01224,267.7318,4.804292e-06
1999-02-12,2.6561202e-06,266.48834,273.31573,260.75058,4.633284e-06
1999-02-13,0.0,267.86688,272.83575,261.22058,4.198456e-06
1999-02-14,1.1594105e-05,270.3374,273.4133,267.39215,4.6106047e-06
1999-02-15,2.3032717e-06,267.84344,274.33173,262.9617,4.620081e-06
1999-02-16,0.0,269.2882,275.77695,257.85675,7.8315625e-06
1999-02-17,0.0,273.20325,277.3736,265.37546,9.5847345e-06
1999-02-18,1.4023817e-06,269.12146,278.86172,261.2237,9.626056e-06
1999-02-19,0.0,272.8525,279.79956,261.72986,9.324789e-06
1999-02-20,0.0,276.1127,280.9283,271.13434,9.259259e-06
1999-02-21,2.9874634e-06,275.82904,277.23508,273.41327,4.6296295e-06
1999-02-22,3.739987e-05,275.17596,278.14688,273.69525,4.2186084e-06
1999-02-23,0.00013417884,272.44626,279.57648,265.98303,9.542554e-06
1999-02-24,0.0,274.26135,281.32748,267.0891,1.1730328e-05
1999-02-25,1.2160095e-06,272.41177,281.23114,267.7182,1.1255719e-05
1999-02-26,0.0,273.14417,282.3494,265.23502,1.1196022e-05
1999-02-27,0.0,276.5274,286.66748,267.45117,1.6265598e-05
1999-02-28,0.0,275.7438,285.83536,270.39465,1.27690555e-05
1999-03-01,0.0,276.98907,284.87537,269.33804,1.2699396e-05
1999-03-02,0.0,278.29837,282.87967,274.50507,1.0735102e-05
1999-03-03,0.0,280.24454,283.1126,276.28616,7.180195e-06
1999-03-04,2.1843704e-05,282.14764,286.35422,278.79266,1.1758032e-05
1999-03-05,7.517384e-05,279.08817,282.97754,277.21158,1.0353092e-05
1999-03-06,6.296174e-05,276.7574,281.76392,273.8504,9.568048e-06
1999-03-07,0.00011585484,275.33762,279.89124,273.82623,8.524563e-06
1999-03-08,3.789538e-05,275.88486,281.82315,272.4414,1.1774256e-05
1999-03-09,0.0,279.26688,283.5311,273.0672,1.31499655e-05
1999-03-10,0.0,281.08734,286.65396,275.72232,2.2378123e-05
1999-03-11,1.2568369e-06,281.0317,287.30185,277.2743,1.6183643e-05
1999-03-12,1.0235459e-06,280.91577,288.36102,277.15103,1.6441174e-05
1999-03-13,0.0,280.8334,290.23947,273.31055,1.9539417e-05
1999-03-14,0.0,281.06085,287.64124,275.1118,1.6787366e-05
1999-03-15,0.0,282.11288,290.92783,275.85336,2.212469e-05
1999-03-16,1.1312254e-05,277.7031,282.2191,275.52133,1.4067616e-05
1999-03-17,6.465742e-06,275.2665,278.15497,273.12698,1.9078734e-05
1999-03-18,0.0,276.48816,279.45917,274.50937,2.9185803e-05
1999-03-19,0.0,276.93384,283.63687,270.85297,2.5280038e-05
1999-03-20,0.0,278.7442,285.0236,271.92255,2.3832348e-05
1999-03-21,0.0,276.96603,286.08987,269.27322,2.586344e-05
1999-03-22,0.0,277.06827,280.73663,271.29047,8.329267e-06
1999-03-23,0.00019297098,277.53888,284.0505,274.5667,1.52021885e-05
1999-03-24,0.0,280.13153,290.484,272.31955,2.6128602e-05
1999-03-25,0.0,281.68936,290.58478,271.9145,3.508957e-05
1999-03-26,0.0,282.78555,286.60043,278.5426,1.3047953e-05
1999-03-27,5.730373e-05,280.27106,284.7873,278.56302,8.409923e-06
1999-03-28,0.00014381912,281.83533,289.02182,275.98978,2.1996711e-05
1999-03-29,0.000117911026,281.71518,285.14197,279.4763,1.4336495e-05
1999-03-30,1.14414215e-05,282.11798,286.5906,279.462,1.8221472e-05
1999-03-31,1.0391927e-05,284.63663,291.08463,276.42715,2.635972e-05
1999-04-01,0.0,284.01416,291.85956,275.6785,2.8402941e-05
1999-04-02,2.1033184e-06,284.13556,293.0086,277.22177,2.899368e-05
1999-04-03,0.0,283.72345,293.07645,277.27084,3.456505e-05
1999-04-04,0.0,285.19513,293.73206,274.6582,2.9183553e-05
1999-04-05,1.8204803e-06,285.04068,292.82724,282.2103,2.9140878e-05
1999-04-06,4.422478e-06,285.3972,295.06015,277.04153,3.66565e-05
1999-04-07,0.0,286.1708,293.5994,278.12354,3.5555437e-05
1999-04-08,0.00034141558,279.935,286.3421,277.65082,1.3696454e-05
1999-04-09,9.093782e-05,282.9907,287.96756,278.02603,2.1842523e-05
1999-04-10,0.0,282.73724,290.3128,276.9485,3.2305332e-05
1999-04-11,0.0,283.15582,287.52084,278.80878,1.791657e-05
1999-04-12,3.048584e-06,282.09482,284.3014,279.32828,1.1458258e-05
1999-04-13,7.498935e-05,280.48132,283.39407,279.48856,1.0450355e-05
1999-04-14,0.00010276482,281.1314,288.0478,275.46027,2.2826003e-05
1999-04-15,2.1580467e-05,284.33875,288.9668,279.89243,2.4531168e-05
1999-04-16,4.8475697e-05,283.2982,285.21616,282.0633,1.2807627e-05
1999-04-17,0.00029278177,281.78452,287.06903,279.96295,3.3051303e-05
1999-04-18,0.00018384485,278.92987,283.97653,276.41367,2.0476253e-05
1999-04-19,3.9166538e-05,278.26273,282.32532,274.51797,1.7580347e-05
1999-04-20,8.374496e-05,280.20703,287.13623,274.54694,3.0783693e-05
1999-04-21,1.4774241e-06,282.117,285.42484,277.29312,1.28952925e-05
1999-04-22,0.00015093012,281.61725,286.586,280.31625,1.40500215e-05
1999-04-23,0.00014389913,284.48724,290.2536,279.01895,2.8092256e-05
1999-04-24,1.2169917e-06,284.22952,291.50476,278.4546,3.3380566e-05
1999-04-25,3.2547858e-05,284.14902,291.19794,280.6148,2.7642787e-05
1999-04-26,1.2364264e-05,285.03912,293.11423,277.91138,3.6199497e-05
1999-04-27,5.697334e-05,284.1077,289.82468,278.14438,2.107685e-05
1999-04-28,1.6690867e-05,284.9032,291.4033,276.928,2.9679946e-05
1999-04-29,0.0,288.01218,295.1059,279.0226,4.348441e-05
1999-04-30,0.0,287.5335,293.98557,282.39972,3.7533e-05
1999-05-01,0.0,285.73294,293.95636,282.7106,3.1644893e-05
1999-05-02,2.3667955e-05,287.99338,296.46606,279.3382,4.133483e-05
1999-05-03,5.296212e-05,289.9666,297.827,280.1169,4.4987126e-05
1999-05-04,0.0,288.16263,292.78384,281.3668,2.0726528e-05
1999-05-05,0.00020026833,283.06683,288.98746,282.5604,2.3042512e-05
1999-05-06,2.0742145e-06,283.85336,287.29068,281.14957,2.9315052e-05
1999-05-07,8.0550564e-07,284.1789,287.6437,280.90375,2.4504392e-05
1999-05-08,0.0,287.3085,292.94458,279.03787,4.27699e-05
1999-05-09,0.00010684585,285.23984,289.87772,283.05304,2.0498823e-05
1999-05-10,3.1437296e-05,288.56903,296.7014,280.18066,4.6158657e-05
1999-05-11,0.0,289.72662,295.34442,281.55023,4.2041742e-05
1999-05-12,0.0,289.28104,293.32144,285.90613,2.6123167e-05
1999-05-13,0.00019839236,290.01752,297.0405,286.69107,3.9617626e-05
1999-05-14,6.782946e-06,288.87003,294.63562,286.6815,2.232826e-05
1999-05-15,0.00031776304,287.0737,291.8268,284.95746,2.6700518e-05
1999-05-16,4.681996e-05,285.05453,289.94193,282.62097,3.0043817e-05
1999-05-17,1.2787246e-05,286.78354,290.75055,281.89783,3.548009e-05
1999-05-18,0.0,286.48965,293.75897,282.15207,4.1780506e-05
1999-05-19,1.1816259e-06,286.83295,291.21274,282.10498,3.650971e-05
1999-05-20,0.0,286.1053,288.66302,283.58298,1.3831071e-05
1999-05-21,0.00027954776,285.13593,287.69138,284.13806,1.7510672e-05
1999-05-22,5.724647e-05,287.59738,294.32837,283.32535,4.0127696e-05
1999-05-23,2.309907e-05,288.04736,294.7952,281.29248,3.7325808e-05
1999-05-24,1.5743805e-06,288.2881,294.86,281.64673,4.7993286e-05
1999-05-25,0.0,290.44867,298.5133,280.67856,4.9692902e-05
1999-05-26,6.6887325e-05,290.25793,297.7955,283.85065,4.8591988e-05
1999-05-27,4.4929264e-05,292.114,300.511,282.67142,5.5280812e-05
1999-05-28,1.3666607e-06,292.7766,300.92938,284.31625,5.1815994e-05
1999-05-29,5.7225574e-05,292.50052,299.97827,284.49924,4.896397e-05
1999-05-30,4.1553e-06,294.0444,300.92096,285.68353,5.9308804e-05
1999-05-31,0.0,295.90292,303.88852,288.4511,5.7251375e-05
1999-06-01,7.8907806e-07,295.20538,301.23462,290.1843,5.947942e-05
1999-06-02,8.661027e-07,295.73596,302.6396,288.69672,5.8133e-05
1999-06-03,2.0555246e-06,294.94235,301.11987,288.36365,5.6646895e-05
1999-06-04,0.0,289.15344,298.43167,286.32047,3.6138037e-05
1999-06-05,5.677969e-05,290.3864,297.5568,282.80972,5.254846e-05
1999-06-06,0.0,292.83316,300.48325,282.6275,5.9093592e-05
1999-06-07,0.0,294.61606,300.73532,286.8637,5.1684627e-05
1999-06-08,8.170637e-05,290.33167,297.78787,286.96738,3.4248795e-05
1999-06-09,0.00024084857,290.4018,295.7047,284.69717,5.3718715e-05
1999-06-10,0.0,291.0502,296.10385,284.23566,4.2717125e-05
1999-06-11,1.9386276e-05,289.64832,293.58414,287.84482,2.199074e-05
1999-06-12,0.00046677838,291.06543,295.15146,287.56784,3.9085113e-05
1999-06-13,0.00036161233,290.79977,296.22195,288.1355,4.0985084e-05
1999-06-14,1.418523e-05,291.39743,296.13818,286.66837,4.3445063e-05
1999-06-15,0.0,289.6675,294.84515,286.69232,3.1256233e-05
1999-06-16,0.00023685447,291.25943,296.75912,287.8054,3.912476e-05
1999-06-17,4.8699367e-06,291.22037,297.88556,285.74106,3.912396e-05
1999-06-18,4.4652083e-05,290.557,298.09866,285.84412,4.331326e-05
1999-06-19,5.040002e-05,286.8654,290.2208,285.20334,2.1346816e-05
1999-06-20,2.9103121e-05,288.72095,293.4934,284.79605,2.9059729e-05
1999-06-21,1.8962805e-06,285.92722,291.19412,282.9137,2.1853224e-05
1999-06-22,0.00027757042,287.778,293.06445,283.18774,5.6728895e-05
1999-06-23,1.0860609e-07,288.1297,294.711,279.8009,5.616314e-05
1999-06-24,0.0,289.22372,294.0619,281.08307,4.6620768e-05
1999-06-25,0.0,290.18594,296.71225,282.10925,5.3955904e-05
1999-06-26,0.0,291.78757,299.26617,281.63788,5.6731587e-05
1999-06-27,0.0,293.0969,299.88394,285.96252,4.7024023e-05
1999-06-28,1.0026996e-06,291.4095,296.7953,287.07074,3.826354e-05
1999-06-29,3.908821e-07,292.8127,299.39883,286.65863,4.591668e-05
1999-06-30,0.0,292.98004,299.9619,286.15277,4.5853565e-05
1999-07-01,0.00018526748,292.3705,299.6951,288.43817,4.5841793e-05
1999-07-02,3.2246528e-05,294.24792,301.58823,285.98206,5.756875e-05
1999-07-03,3.3867211e-06,296.1046,303.18146,287.19604,5.946759e-05
1999-07-04,0.0,297.1955,304.38962,288.50793,6.449241e-05
1999-07-05,2.2093166e-06,296.72296,304.73248,290.73337,6.5140346e-05
1999-07-06,0.0,296.4292,304.4345,288.88904,6.786441e-05
1999-07-07,1.730045e-05,289.50366,295.54962,288.46875,2.2310765e-05
1999-07-08,0.00020072475,292.01883,297.51657,286.31186,4.5989425e-05
1999-07-09,6.10125e-06,289.15616,292.60205,287.6094,2.4178811e-05
1999-07-10,0.00033008435,290.97345,294.04254,288.73764,2.3838536e-05
1999-07-11,0.00035096033,291.4393,296.68542,289.32104,3.308862e-05
1999-07-12,6.7994144e-05,292.05798,298.71487,287.5358,4.5747478e-05
1999-07-13,2.1711085e-05,294.34833,300.5503,286.64526,5.4631182e-05
1999-07-14,6.2021704e-06,291.61646,299.99963,287.26443,4.2780845e-05
1999-07-15,0.00016812513,291.23584,298.46484,285.22253,4.581176e-05
1999-07-16,0.0001880867,291.92038,298.47177,287.4274,4.8175305e-05
1999-07-17,5.717214e-06,292.2444,298.99042,286.69803,4.956981e-05
1999-07-18,0.0,292.8611,299.98422,286.46805,5.512786e-05
1999-07-19,0.0,294.03326,300.88742,286.38657,5.4698095e-05
1999-07-20,0.0,294.65665,302.96252,286.46677,5.9678598e-05
1999-07-21,0.0,295.63214,302.87097,287.33258,4.9670078e-05
1999-07-22,0.0,290.83777,295.5059,288.37485,1.7681787e-05
1999-07-23,0.0004379519,289.18558,295.31882,284.77832,4.3791206e-05
1999-07-24,1.725276e-05,290.2213,295.75,281.61368,4.1100742e-05
1999-07-25,0.0,289.91394,294.66434,287.83493,2.786407e-05
1999-07-26,4.4041276e-06,290.44684,295.11273,287.02274,2.1022286e-05
1999-07-27,2.087268e-05,295.44354,302.0599,288.40936,5.3602795e-05
1999-07-28,1.9039777e-05,293.74484,298.72812,290.59106,4.264607e-05
1999-07-29,0.0,292.48187,298.1174,289.42276,4.260422e-05
1999-07-30,0.0,291.35428,297.9664,285.02832,4.8102374e-05
1999-07-31,0.0,290.3885,298.39948,282.59387,4.5436336e-05
1999-08-01,1.3314235e-06,291.26828,298.7413,282.92313,4.4184944e-05
1999-08-02,3.9231754e-06,291.69656,299.2221,288.102,4.435075e-05
1999-08-03,1.9253854e-05,292.86658,299.76904,284.42035,4.811992e-05
1999-08-04,8.606577e-05,293.6665,299.9515,288.10873,4.7515317e-05
1999-08-05,0.0,295.3789,302.371,288.99722,5.020697e-05
1999-08-06,9.468909e-06,295.97906,303.11572,289.95084,5.144907e-05
1999-08-07,8.555404e-06,296.42844,303.9189,289.69284,5.2167332e-05
1999-08-08,0.0,294.92017,302.30466,289.02,3.97561e-05
1999-08-09,1.8227862e-05,296.7352,304.21048,289.4133,5.9307444e-05
1999-08-10,0.0,295.04727,302.6372,289.9595,4.707977e-05
1999-08-11,0.000107142936,292.15442,297.98724,288.20654,3.50577e-05
1999-08-12,4.6665346e-06,290.47803,295.03342,287.63504,2.6700704e-05
1999-08-13,0.00017730822,288.5513,291.56302,286.7056,2.2206146e-05
1999-08-14,1.3982348e-05,289.44376,296.5198,283.5181,4.3119588e-05
1999-08-15,0.0,291.6131,298.59015,283.73804,4.121799e-05
1999-08-16,6.1425885e-06,293.78244,300.11438,288.62015,4.1237286e-05
1999-08-17,0.00044980756,291.69318,296.00977,287.45477,2.8753992e-05
1999-08-18,4.891373e-06,291.96274,296.61478,289.74335,2.8936449e-05
1999-08-19,1.1118123e-06,294.71405,301.3199,288.44724,3.869502e-05
1999-08-20,0.0,291.94965,296.90607,288.97012,2.0169275e-05
1999-08-21,0.00046590663,289.1821,293.84216,286.83908,3.234283e-05
1999-08-22,2.0454909e-06,290.5445,296.40863,285.8128,4.0559673e-05
1999-08-23,0.0,289.0446,295.9111,284.19174,3.8370494e-05
1999-08-24,0.0,289.95337,295.62836,284.77954,3.1146294e-05
1999-08-25,0.0,291.40167,297.00864,287.42096,3.7449237e-05
1999-08-26,0.0,291.98438,297.63852,288.11368,3.7461567e-05
1999-08-27,0.0,289.11545,292.23117,288.4408,1.32743335e-05
1999-08-28,2.8754113e-05,292.50006,297.73523,287.92,3.0238738e-05
1999-08-29,5.399323e-05,290.87253,294.28198,289.06796,1.8282204e-05
1999-08-30,6.84354e-05,289.51514,291.2205,288.52072,1.6930198e-05
1999-08-31,7.1465815e-06,290.76602,297.11255,287.02426,3.467218e-05
1999-09-01,0.0,289.82825,296.13974,284.52838,2.8043365e-05
1999-09-02,7.149773e-05,286.71255,292.57346,282.93973,2.80336e-05
1999-09-03,1.2872827e-05,287.64825,290.2434,283.9887,1.6072563e-05
1999-09-04,2.0059164e-05,288.71646,292.4618,287.12543,2.0937212e-05
1999-09-05,3.2400499e-06,287.79675,291.1268,285.77438,1.880647e-05
1999-09-06,2.5376942e-06,289.32312,295.37796,284.98734,2.9923656e-05
1999-09-07,0.0,289.9632,297.45078,283.71436,2.8037159e-05
1999-09-08,2.3008228e-05,290.42123,297.8542,283.59515,3.22156e-05
1999-09-09,3.036001e-06,291.42734,299.41443,285.1739,3.498633e-05
1999-09-10,2.4781277e-06,291.43094,299.74307,286.3425,3.9351853e-05
1999-09-11,0.0,290.65958,298.6408,285.468,3.6604666e-05
1999-09-12,0.0,290.04257,298.45166,283.81604,3.260155e-05
1999-09-13,0.0,289.35114,298.2502,283.29834,3.2530203e-05
1999-09-14,0.0,289.85352,299.62137,282.9566,3.2963737e-05
1999-09-15,0.0,290.19028,299.65775,282.7242,3.775168e-05
1999-09-16,0.0,289.83627,298.6967,282.45026,2.8639532e-05
1999-09-17,0.0,290.76352,298.29538,284.38242,2.733076e-05
1999-09-18,1.4162496e-06,290.82828,296.14624,285.0883,2.4127576e-05
1999-09-19,3.811021e-05,290.34467,296.5593,286.78622,1.997299e-05
1999-09-20,2.0664984e-05,291.7452,296.6696,287.61887,2.0345899e-05
1999-09-21,0.00041926742,290.29742,296.07144,287.3655,2.8580114e-05
1999-09-22,7.1654636e-06,288.9303,296.54828,282.51898,2.9335515e-05
1999-09-23,0.0,290.37875,297.3536,283.08807,3.0033227e-05
1999-09-24,0.0,291.31137,298.94363,284.30566,2.9351226e-05
1999-09-25,0.0,291.0712,297.29758,285.3284,2.6317868e-05
1999-09-26,0.0,291.8709,298.90097,288.4612,2.5254583e-05
1999-09-27,6.7840534e-05,289.5527,294.28992,287.28375,1.6279988e-05
1999-09-28,5.0671373e-05,287.5904,293.21112,286.2882,1.3789994e-05
1999-09-29,0.00011672489,286.6564,294.604,282.22986,2.5281583e-05
1999-09-30,0.0,288.03778,294.66534,281.86865,1.5443813e-05
1999-10-01,0.00014630554,286.70697,293.26993,284.30316,2.1896005e-05
1999-10-02,6.3922494e-06,287.8005,293.29395,282.308,1.6615646e-05
1999-10-03,5.2468804e-06,291.1964,295.09198,285.7753,2.239897e-05
1999-10-04,7.151214e-05,283.6746,291.84064,281.53076,1.00545885e-05
1999-10-05,0.00013059334,282.79706,286.075,281.25656,1.1354149e-05
1999-10-06,1.494947e-05,282.51004,287.81912,279.85468,1.5529653e-05
1999-10-07,2.6810795e-07,280.10062,289.51105,274.95123,1.7361112e-05
1999-10-08,0.0,280.74503,289.94528,273.07907,1.6793356e-05
1999-10-09,0.0,284.13464,292.644,277.4617,1.7283142e-05
1999-10-10,0.0,284.95914,294.97083,279.31445,1.7051143e-05
1999-10-11,0.0,284.92578,294.26697,278.98093,1.8812656e-05
1999-10-12,0.0,284.68137,291.82083,278.06467,1.2863956e-05
1999-10-13,0.0,285.87427,292.3954,281.88947,1.43444595e-05
1999-10-14,0.0,284.22162,289.69296,281.34778,1.0781383e-05
1999-10-15,0.0,283.9281,289.0903,279.29297,1.4031711e-05
1999-10-16,0.0,282.65262,287.49298,280.89056,1.6160242e-05
1999-10-17,0.0,277.77087,283.87424,275.25623,1.2331358e-05
1999-10-18,0.0,277.4948,281.95428,272.9824,1.3118288e-05
1999-10-19,0.0,276.6833,278.777,275.7505,8.339873e-06
1999-10-20,1.1944081e-06,278.29977,281.53418,275.1506,8.862769e-06
1999-10-21,3.2038897e-05,278.88104,280.13135,277.29367,6.8983286e-06
1999-10-22,2.3165865e-05,281.526,283.15976,279.34454,7.557925e-06
1999-10-23,1.4676676e-05,284.39032,286.91504,281.28256,6.8013123e-06
1999-10-24,0.00027517107,286.8681,290.6545,283.2604,1.265284e-05
1999-10-25,0.00013717382,290.79514,294.0657,285.97498,1.41907985e-05
1999-10-26,4.4968694e-08,290.61972,294.5415,288.65427,1.6511773e-05
1999-10-27,1.15221355e-05,286.6146,293.832,283.85788,1.1889252e-05
1999-10-28,0.0,284.2074,291.3603,279.009,9.28901e-06
1999-10-29,0.0,285.83884,292.65988,278.8389,1.1735567e-05
1999-10-30,1.1426189e-06,283.83716,289.18243,281.22128,9.259259e-06
1999-10-31,0.0,284.78638,292.7799,280.35562,1.2513692e-05
1999-11-01,0.0,284.4516,291.16107,280.51355,9.635469e-06
1999-11-02,0.0,283.4321,289.57306,276.37573,1.3166827e-05
1999-11-03,1.3595361e-06,283.3831,286.48904,277.5554,6.926754e-06
1999-11-04,2.0477315e-05,282.59903,284.4865,282.00967,7.348382e-06
1999-11-05,7.3026087e-07,282.87244,285.8606,280.73868,6.9444445e-06
1999-11-06,2.3988352e-06,284.1755,287.93942,280.68146,8.910301e-06
1999-11-07,0.00020538316,281.99268,285.25174,280.11475,1.0434397e-05
1999-11-08,8.106464e-06,278.85678,284.44785,276.37933,7.3998613e-06
1999-11-09,0.0,276.90375,280.16187,274.11676,5.7307675e-06
1999-11-10,8.8475936e-05,277.29932,278.98273,275.81042,4.9984733e-06
1999-11-11,2.6550485e-06,277.45422,279.74594,276.1415,8.7768185e-06
1999-11-12,0.0,278.06665,280.97754,276.14713,5.8222677e-06
1999-11-13,0.0,276.5483,278.09576,274.90305,5.7240904e-06
1999-11-14,0.0,278.2466,280.07022,273.6742,4.6296295e-06
1999-11-15,0.00012682291,275.27194,279.8087,274.136,6.2839827e-06
1999-11-16,5.324734e-05,272.65842,274.1668,272.58386,5.6043814e-06
1999-11-17,1.5331729e-05,272.71152,273.27682,271.98907,3.4722223e-06
1999-11-18,0.0001126318,273.66327,277.06607,271.66873,2.3148148e-06
1999-11-19,0.00014624518,272.6918,274.25644,272.04062,2.9761172e-06
1999-11-20,9.485109e-05,267.46606,273.985,264.1411,1.9020031e-06
1999-11-21,4.5050956e-06,269.4945,271.04428,265.4578,3.4135376e-06
1999-11-22,0.00016855529,270.60648,272.69702,269.47232,3.462674e-06
1999-11-23,0.0,268.61386,271.84247,264.80463,2.3148148e-06
1999-11-24,0.0,269.80212,272.89362,266.00394,2.3148148e-06
1999-11-25,0.0,270.8865,277.60455,266.51334,1.681861e-06
1999-11-26,0.0,270.81638,273.7672,266.87793,1.1918146e-06
1999-11-27,0.0,268.0683,273.86743,266.04257,1.1574074e-06
1999-11-28,0.0,269.5362,272.2921,265.76288,1.435582e-06
1999-11-29,0.0,268.1429,271.69516,265.37442,2.3148148e-06
1999-11-30,0.0,267.30737,272.91626,262.7886,1.1574074e-06
1999-12-01,0.0,270.21127,274.39893,263.95612,1.3834035e-06
1999-12-02,0.0,274.03784,279.4474,270.5389,2.3148148e-06
1999-12-03,0.0,274.5353,278.06653,268.1326,4.092357e-06
1999-12-04,0.0,278.21402,280.74106,276.50073,6.3891503e-06
1999-12-05,1.6018048e-05,275.56204,279.97757,273.77277,3.6366685e-06
1999-12-06,3.8607475e-05,271.837,278.35077,268.76602,2.1957271e-06
1999-12-07,0.0,271.79776,279.25677,266.8531,1.5348388e-06
1999-12-08,0.0,274.85956,280.81094,268.453,6.799632e-06
1999-12-09,0.0,278.23816,281.05728,271.62936,5.9447657e-06
1999-12-10,4.470904e-05,278.5673,281.46353,275.82538,4.6296295e-06
1999-12-11,0.0002956264,276.1546,278.90808,274.60278,3.6464673e-06
1999-12-12,3.2229686e-08,277.7379,279.5376,272.69296,4.6296295e-06
1999-12-13,0.00030532273,276.20483,280.46802,273.80658,3.1743866e-06
1999-12-14,0.0,275.7712,278.254,271.54538,3.4722223e-06
1999-12-15,0.000172315,274.17358,277.98114,273.45932,4.255336e-06
1999-12-16,0.00015522062,272.54437,274.32318,271.3033,3.4411614e-06
1999-12-17,2.1491971e-06,268.7742,273.16257,266.7267,1.9205038e-06
1999-12-18,0.0,272.11356,275.33273,265.07724,3.8617786e-06
1999-12-19,0.0,275.85327,277.6847,273.89038,5.288418e-06
1999-12-20,0.00018631518,271.49518,276.28494,270.34885,2.5272334e-06
1999-12-21,7.0744354e-06,266.41858,272.8541,262.06705,1.146094e-06
1999-12-22,0.0,263.54346,270.73297,259.65274,3.6818772e-06
1999-12-23,0.0,262.917,268.80078,256.44052,3.342642e-06
1999-12-24,0.0,263.77432,266.93048,261.02716,2.284607e-06
1999-12-25,0.0,271.77887,276.55228,263.18042,2.3484638e-06
1999-12-26,7.560446e-05,274.4376,278.0029,271.9745,2.358275e-06
1999-12-27,0.000171876,275.31348,279.79068,272.21936,2.406167e-06
1999-12-28,0.00017085201,274.6961,276.4738,272.38562,3.6448769e-06
1999-12-29,0.000117984106,270.55594,277.7839,267.47287,5.950533e-07
1999-12-30,0.0,267.4625,274.2854,263.86462,1.1574074e-06
1999-12-31,0.0,265.93668,272.1834,261.40945,1.9767028e-06
2000-01-01,0.0,267.6644,271.7513,261.23337,1.1574074e-06
2000-01-02,0.0,270.41965,274.82382,266.25626,5.5616727e-07
2000-01-03,0.0,270.48804,275.74252,266.25674,2.3338396e-06
2000-01-04,0.0,266.8661,274.251,261.9196,2.0974862e-07
2000-01-05,0.0,268.30005,275.77228,263.8548,1.1964438e-07
2000-01-06,0.0,267.8288,274.3971,264.4088,1.1574074e-06
2000-01-07,0.0,268.55,272.12106,264.35956,1.1574074e-06
2000-01-08,0.0,269.1033,274.89053,266.1746,1.5165701e-06
2000-01-09,0.0,269.30606,270.94022,266.00607,2.3148148e-06
2000-01-10,2.7362912e-06,270.65417,272.95486,268.0465,3.7290645e-06
2000-01-11,2.8446402e-06,272.14923,274.13925,270.65363,4.018152e-06
2000-01-12,0.0,270.46152,274.27426,266.70093,4.1005264e-06
2000-01-13,0.0,269.4806,272.17316,266.95227,2.7922508e-06
2000-01-14,0.0,268.9531,272.99426,264.79965,2.3425578e-06
2000-01-15,0.0,268.4676,272.39026,264.1176,3.6272113e-06
2000-01-16,0.0,269.2042,272.64697,268.34015,3.6617828e-06
2000-01-17,0.0,267.11523,272.71954,263.11548,2.3148148e-06
2000-01-18,0.0,275.1935,285.60645,264.37296,1.0392185e-05
2000-01-19,3.4379386e-07,274.7774,280.0672,269.95532,1.3440125e-05
2000-01-20,0.0,271.2298,276.75684,266.07147,2.8012803e-06
2000-01-21,0.0,275.39417,283.57996,265.25388,7.6325e-06
2000-01-22,9.528124e-06,269.1822,277.89664,268.4502,4.6296295e-06
2000-01-23,2.074408e-05,269.79895,274.25513,265.25015,2.9377625e-06
2000-01-24,9.690016e-06,267.70032,272.7561,265.11508,7.510605e-06
2000-01-25,0.0,262.29874,270.6731,256.27216,3.4722223e-06
2000-01-26,0.0,263.013,272.51535,255.90363,2.1696392e-06
2000-01-27,0.0,266.47525,277.83698,259.0939,3.4722223e-06
2000-01-28,0.0,267.83517,277.20203,261.22348,3.6829958e-06
2000-01-29,0.0,272.88055,277.89877,263.63284,4.853815e-06
2000-01-30,0.0,275.49832,280.70514,271.68375,7.127621e-06
2000-01-31,3.0590436e-06,276.31848,282.32138,270.63824,6.9444445e-06
2000-02-01,0.0,276.60687,284.25687,270.87564,6.5097e-06
2000-02-02,0.0,277.93332,282.1175,273.59702,9.349587e-06
2000-02-03,1.6321729e-06,278.58652,286.89124,273.33936,9.978466e-06
2000-02-04,0.0,275.02313,282.70963,270.49677,7.3074993e-06
2000-02-05,0.0,277.01077,285.49332,271.52255,9.253417e-06
2000-02-06,0.0,278.2167,289.58823,272.86353,9.904062e-06
2000-02-07,0.0,277.33014,285.35895,271.21997,1.17712225e-05
2000-02-08,0.0,278.20932,281.8154,273.01312,7.0528818e-06
2000-02-09,2.8989803e-06,279.49774,282.49594,277.17154,1.3804603e-05
2000-02-10,4.1159747e-06,275.66736,284.25256,270.51697,1.1489753e-05
2000-02-11,0.0,275.32794,281.6795,269.23767,7.970993e-06
2000-02-12,0.0,276.2115,279.61267,273.48383,7.9443835e-06
2000-02-13,4.4013746e-06,275.5113,282.48584,270.52103,7.0673123e-06
2000-02-14,0.0,275.56076,283.22263,271.03705,8.373707e-06
2000-02-15,0.0,276.4307,284.16553,271.75507,9.349876e-06
2000-02-16,3.6483586e-06,275.82983,280.0257,272.7538,5.753388e-06
2000-02-17,0.00018300592,273.43414,278.30746,271.68143,6.6279363e-06
2000-02-18,0.0,272.82513,278.47812,268.6525,7.9433985e-06
2000-02-19,0.0,274.4665,280.70786,269.9279,8.8439465e-06
2000-02-20,0.0,275.73584,282.13016,269.4198,9.7622005e-06
2000-02-21,0.0,273.6911,279.48242,269.26508,1.390604e-05
2000-02-22,0.0,271.0174,278.10468,266.05618,9.784055e-06
2000-02-23,0.0,273.23114,280.87726,266.3948,1.0373206e-05
2000-02-24,0.0,275.0371,281.7338,268.7507,1.1574074e-05
2000-02-25,0.0,277.261,283.59897,271.96887,1.7050092e-05
2000-02-26,0.0,275.41946,282.40485,270.33777,8.484165e-06
2000-02-27,0.0,276.28256,284.7696,271.3788,1.20111445e-05
2000-02-28,0.0,276.04654,286.09753,270.3378,1.5376676e-05
2000-02-29,0.0,278.52512,283.459,270.22992,1.3802184e-05
2000-03-01,2.752867e-05,278.294,281.60413,276.93826,6.9111047e-06
2000-03-02,0.0004496996,278.498,283.85727,274.11502,2.6771842e-05
2000-03-03,0.0,276.81302,283.1942,268.4888,1.882243e-05
2000-03-04,0.0,277.86612,282.25424,275.06406,1.26118375e-05
2000-03-05,6.0021175e-06,274.0199,281.48108,270.62833,1.8784056e-05
2000-03-06,0.0,275.55438,283.32837,266.68494,2.0403459e-05
2000-03-07,0.0,277.36053,286.2498,269.02463,2.1219477e-05
2000-03-08,0.0,279.07516,287.10873,270.94244,1.8386601e-05
2000-03-09,0.0,281.56152,290.0453,274.83548,2.418634e-05
2000-03-10,0.0,282.59512,289.94705,274.79987,2.3568486e-05
2000-03-11,0.0,281.11545,286.52142,276.41138,2.0058802e-05
2000-03-12,0.0,281.04398,289.74966,272.7504,2.7091059e-05
2000-03-13,0.0,279.2575,288.00708,272.48703,2.0953827e-05
2000-03-14,0.0,279.82657,289.4044,271.54263,2.42268e-05
2000-03-15,3.4758e-06,279.82678,286.0444,276.515,2.112477e-05
2000-03-16,0.0,276.52487,282.58072,269.41284,1.5190363e-05
2000-03-17,1.7116594e-05,277.1322,286.21445,273.3897,1.7975713e-05
2000-03-18,9.25558e-06,276.9036,284.58194,272.8816,2.7037562e-05
2000-03-19,0.0,275.17426,279.9376,268.16083,1.4905065e-05
2000-03-20,0.0,276.2307,283.97375,269.8318,1.9632465e-05
2000-03-21,0.0,278.29886,287.31506,270.78107,2.3037132e-05
2000-03-22,0.0,279.29364,290.49252,269.2608,2.6747346e-05
2000-03-23,0.0,280.98294,292.36948,270.44266,2.5959189e-05
2000-03-24,0.0,282.8496,287.5564,276.7021,2.150139e-05
2000-03-25,0.0,282.21936,287.34842,275.87228,1.9090237e-05
2000-03-26,5.5085966e-08,281.67783,285.92587,277.59915,1.193275e-05
2000-03-27,6.878537e-05,280.11194,284.3217,278.74976,1.1535442e-05
2000-03-28,0.00020105261,281.47983,286.56702,276.81555,2.2178141e-05
2000-03-29,8.037742e-05,279.04486,281.5732,277.96997,9.259259e-06
2000-03-30,0.00048289832,279.65646,282.70856,276.2889,1.6810738e-05
2000-03-31,3.0867635e-05,281.35068,287.707,277.1844,2.617479e-05
2000-04-01,0.0,278.12076,281.82928,277.01096,1.1574074e-05
2000-04-02,0.00013227922,280.96655,286.40363,276.1531,2.3360231e-05
2000-04-03,3.6953095e-06,281.3041,284.1706,278.8526,1.374204e-05
2000-04-04,1.6968088e-05,283.59912,289.50903,280.49524,2.3078033e-05
2000-04-05,3.255709e-06,284.09772,291.54343,277.8089,2.4069503e-05
2000-04-06,2.1565244e-05,281.6177,288.42905,279.1733,2.2272798e-05
2000-04-07,7.567668e-06,279.6402,287.02954,271.74768,3.08669e-05
2000-04-08,0.0,280.82767,287.94403,272.61484,2.9428102e-05
2000-04-09,0.0,281.14676,288.2894,276.37015,2.8940723e-05
2000-04-10,0.0,281.9259,286.38394,277.525,2.1790305e-05
2000-04-11,7.274548e-06,282.44138,285.44635,279.6104,1.7795395e-05
2000-04-12,5.6558176e-05,282.7737,286.59338,280.90656,1.7891325e-05
2000-04-13,0.00012471982,283.95502,288.36832,280.94873,1.9318153e-05
2000-04-14,1.5090118e-05,285.8175,290.61984,282.00317,3.151965e-05
2000-04-15,0.0,285.3857,290.62012,280.14853,2.4329653e-05
2000-04-16,1.658341e-05,285.9621,292.90182,280.43982,3.687601e-05
2000-04-17,0.0,287.81207,296.31195,278.4341,3.8090275e-05
2000-04-18,1.7047481e-06,287.5305,294.09152,280.9372,3.023636e-05
2000-04-19,7.515035e-05,289.24255,296.06583,283.03714,3.5094614e-05
2000-04-20,8.738601e-06,289.52936,297.89883,284.01294,4.6403617e-05
2000-04-21,0.0,289.6943,299.34015,279.42767,4.512214e-05
2000-04-22,1.2129336e-06,290.59158,300.28217,280.49316,4.5391174e-05
2000-04-23,0.0,290.12378,300.60785,279.70752,5.33982e-05
2000-04-24,0.0,284.93524,293.15155,279.46423,3.0522115e-05
2000-04-25,8.4403706e-05,287.48938,295.05597,282.06638,3.837521e-05
2000-04-26,1.5135522e-06,288.572,296.73798,279.68484,4.4177614e-05
2000-04-27,0.0,289.28366,295.56546,279.359,3.2407406e-05
2000-04-28,0.0,289.34,293.8639,284.67975,2.3148148e-05
2000-04-29,4.71501e-06,287.43094,292.62405,284.17648,2.1939946e-05
2000-04-30,0.00011186403,288.13065,294.74573,282.85648,3.1946704e-05
2000-05-01,7.0604847e-06,287.19586,295.2763,283.87088,2.7444443e-05
2000-05-02,0.00011087688,289.14264,295.719,284.2691,3.7002992e-05
2000-05-03,4.0753304e-05,286.80884,294.14597,283.013,4.8117174e-05
2000-05-04,0.0,288.01337,295.385,278.22223,4.064247e-05
2000-05-05,5.844275e-06,287.10052,291.05862,284.2093,2.0040392e-05
2000-05-06,7.96614e-07,288.76517,295.4853,281.12405,3.8505976e-05
2000-05-07,1.1678416e-06,290.04636,295.97357,283.2546,4.096641e-05
2000-05-08,2.6204665e-05,287.67078,291.18387,285.8748,2.0651385e-05
2000-05-09,4.1529674e-05,290.38882,297.00803,284.7608,5.0073744e-05
2000-05-10,1.264375e-06,291.64868,298.8115,282.1437,5.4765595e-05
2000-05-11,0.0,292.02643,299.42905,284.5874,6.0166632e-05
2000-05-12,2.3762707e-06,291.707,298.4716,285.29156,5.167016e-05
2000-05-13,8.694447e-05,287.53424,292.07916,285.52103,3.2850792e-05
2000-05-14,1.8557957e-06,288.22287,296.241,280.2833,5.1926767e-05
2000-05-15,0.0,289.68024,298.34015,279.0633,5.4462507e-05
2000-05-16,0.0,291.5658,300.1711,280.21512,5.305726e-05
2000-05-17,1.4787645e-06,292.93835,301.07806,283.41086,6.753825e-05
2000-05-18,0.0,290.5308,299.04852,282.93805,5.311899e-05
2000-05-19,1.4754078e-05,284.42056,291.61713,282.20062,2.0763098e-05
2000-05-20,0.00014674365,280.65063,283.48196,278.23175,1.3077784e-05
2000-05-21,8.996592e-05,285.61243,293.56085,276.74463,4.2878484e-05
2000-05-22,2.7317627e-05,284.69742,289.82004,281.811,3.1401523e-05
2000-05-23,0.00017017912,287.5515,294.7897,281.23965,4.859857e-05
2000-05-24,0.0,289.4716,297.64624,278.387,5.2737985e-05
2000-05-25,0.0,291.21225,299.4477,281.95755,5.4659544e-05
2000-05-26,0.0,291.83957,299.1607,283.0944,5.3231495e-05
2000-05-27,0.0,291.74374,299.89462,282.36847,5.450716e-05
2000-05-28,0.0,291.76172,297.91025,284.92868,4.0687974e-05
2000-05-29,6.400573e-05,285.20868,291.32907,283.20554,2.0481988e-05
2000-05-30,0.00035631427,286.2185,291.71844,281.35965,4.0637784e-05
2000-05-31,0.0,287.59464,294.08612,280.00568,3.1835272e-05
2000-06-01,2.3706501e-05,288.07294,293.38455,281.67905,4.3134445e-05
2000-06-02,0.0,290.84763,297.61697,280.53693,5.3893033e-05
2000-06-03,0.0,293.39136,300.3021,285.35947,5.6927263e-05
2000-06-04,3.206257e-06,293.8712,301.88876,284.81946,5.7311685e-05
2000-06-05,3.7575019e-06,295.18948,302.29233,286.0526,6.357444e-05
2000-06-06,0.0,295.28748,302.2198,286.7339,6.2196115e-05
2000-06-07,9.520833e-06,287.61874,294.51382,286.2737,2.3217168e-05
2000-06-08,9.667004e-05,289.59378,295.9874,283.0031,5.1846797e-05
2000-06-09,0.0,293.2964,301.36224,282.77914,5.9065103e-05
2000-06-10,0.0,295.38647,302.87018,285.6942,5.759216e-05
2000-06-11,3.0538276e-06,295.52087,302.40363,287.72217,5.831403e-05
2000-06-12,0.0,295.0316,304.22504,287.2848,6.139914e-05
2000-06-13,0.00020814095,294.00903,300.4526,289.107,3.8017868e-05
2000-06-14,3.6647798e-05,294.79944,302.3993,288.94724,5.894599e-05
2000-06-15,2.5194993e-06,292.6028,300.8377,286.0272,4.6163394e-05
2000-06-16,8.4696294e-05,291.70035,296.84988,287.66977,4.426982e-05
2000-06-17,0.0,288.6423,293.78864,281.25143,5.712168e-05
2000-06-18,0.0,289.28748,296.09668,278.03754,5.461309e-05
2000-06-19,0.0,292.87112,300.51718,281.55264,6.1133636e-05
2000-06-20,0.0,295.21887,303.87527,284.9778,6.322852e-05
2000-06-21,0.0,295.6218,304.07486,285.32614,6.5956825e-05
2000-06-22,6.3610046e-06,296.75635,304.64145,286.51123,7.256376e-05
2000-06-23,0.0,295.63434,303.80524,286.9028,6.771103e-05
2000-06-24,0.00011347205,290.96487,296.6009,286.6861,4.0026287e-05
2000-06-25,0.00027371402,285.1931,290.64536,283.14365,2.3991977e-05
2000-06-26,7.094038e-05,288.79288,295.68698,281.2711,4.4439636e-05
2000-06-27,1.08928725e-05,290.35913,296.63553,284.60638,4.9214294e-05
2000-06-28,0.0,290.05212,297.34094,284.62662,3.6074696e-05
2000-06-29,8.2582825e-05,289.8875,295.9096,285.5315,3.969497e-05
2000-06-30,9.252986e-05,290.34106,296.50378,286.31094,3.914904e-05
2000-07-01,5.1045686e-06,293.4787,300.47998,285.23935,5.3756612e-05
2000-07-02,0.0,295.7879,302.04642,287.64853,6.4868305e-05
2000-07-03,0.0,296.0755,303.485,289.25998,6.769092e-05
2000-07-04,0.0,297.0376,302.32,289.4123,5.2474188e-05
2000-07-05,7.005002e-06,295.06223,302.31284,288.3017,5.8395926e-05
2000-07-06,2.1157914e-06,295.17087,302.2787,288.4005,5.8492456e-05
2000-07-07,0.0,296.02597,304.51245,286.93637,6.564917e-05
2000-07-08,2.3440948e-06,289.9433,295.48264,288.2913,2.4648622e-05
2000-07-09,0.0005968009,288.5448,294.3779,283.24298,4.4700122e-05
2000-07-10,7.1431855e-06,291.6892,297.776,283.7363,4.9489092e-05
2000-07-11,0.0004130961,289.1406,294.50305,286.80667,2.8497883e-05
2000-07-12,8.0280195e-05,288.99084,294.70984,283.9375,4.6085817e-05
2000-07-13,1.7861438e-06,286.90842,293.4609,284.24597,4.0812163e-05
2000-07-14,1.0726967e-05,287.40298,293.5097,281.30884,2.6764728e-05
2000-07-15,0.00016601474,286.09674,291.62466,284.03745,3.0471883e-05
2000-07-16,8.273086e-05,285.79803,292.87982,282.45148,3.125e-05
2000-07-17,2.6227015e-05,288.17194,296.08594,280.071,5.1213505e-05
2000-07-18,4.4781787e-06,288.63248,294.21707,284.68835,3.960996e-05
2000-07-19,2.0149494e-06,289.03455,296.40533,282.9054,3.978976e-05
2000-07-20,2.5806903e-05,289.85004,296.0128,282.3358,4.7102098e-05
2000-07-21,3.071834e-06,289.8729,296.18524,285.04947,3.99238e-05
2000-07-22,0.0,290.5974,298.6035,285.1222,4.8062044e-05
2000-07-23,4.459731e-06,292.58798,300.12543,284.0632,5.0349874e-05
2000-07-24,0.0,293.2348,298.7089,288.54565,4.0886625e-05
2000-07-25,1.0466193e-08,293.68478,299.88538,288.6774,5.0934745e-05
2000-07-26,3.4616394e-07,293.80884,300.55783,288.9979,5.176931e-05
2000-07-27,2.8388302e-05,293.48837,300.7375,286.89062,5.614938e-05
2000-07-28,0.0,288.72147,298.72134,285.42456,3.4264118e-05
2000-07-29,0.00018586346,290.69382,298.19434,283.81668,4.5243796e-05
2000-07-30,7.795033e-05,289.61667,295.55322,286.7336,3.797034e-05
2000-07-31,8.661154e-06,289.79776,296.63873,283.48727,4.5820292e-05
2000-08-01,3.313774e-06,291.80826,300.5193,282.59793,5.149774e-05
2000-08-02,0.0,293.51532,302.49487,284.8775,5.4161297e-05
2000-08-03,0.0,295.12634,300.5135,287.74005,4.591763e-05
2000-08-04,2.0507512e-06,290.96634,295.8647,287.6879,2.8146771e-05
2000-08-05,6.644434e-05,289.57755,290.8014,288.49158,1.0711342e-05
2000-08-06,0.00038335903,290.42303,296.5006,287.11774,3.3240245e-05
2000-08-07,1.7860732e-05,290.92456,298.1256,286.3479,4.2311396e-05
2000-08-08,1.0348805e-05,291.12894,297.96268,284.797,4.4363314e-05
2000-08-09,0.0,291.6501,299.3455,286.11884,4.3016036e-05
2000-08-10,5.487255e-06,292.82516,300.5568,287.27985,4.9335842e-05
2000-08-11,0.0,293.8967,302.28687,286.36148,4.846e-05
2000-08-12,8.052152e-07,294.0191,304.22592,286.4209,5.1819876e-05
2000-08-13,2.033899e-05,293.713,300.91785,287.92175,4.241284e-05
2000-08-14,1.4779229e-06,294.682,303.14047,287.11603,4.5730187e-05
2000-08-15,6.66055e-06,294.59012,303.0183,288.28812,4.9886297e-05
2000-08-16,2.3869693e-06,294.68155,303.58163,285.74722,4.9063055e-05
2000-08-17,0.0,295.40814,305.27274,287.4737,5.2793548e-05
2000-08-18,4.5336883e-06,296.27615,305.37115,289.6046,5.7352074e-05
2000-08-19,0.0,296.76727,306.64606,287.51108,5.5113636e-05
2000-08-20,0.0,296.38705,306.49728,286.7015,6.0596398e-05
2000-08-21,0.0,296.4329,307.12335,286.59286,5.611157e-05
2000-08-22,0.0,296.82895,305.20093,287.42252,5.8683712e-05
2000-08-23,0.0,295.2179,303.3518,287.44247,5.1882518e-05
2000-08-24,6.26619e-06,293.42853,300.94244,289.18814,4.516489e-05
2000-08-25,0.0,294.43433,303.2827,286.35413,4.4251592e-05
2000-08-26,0.0,290.28256,297.3915,282.84207,4.5587927e-05
2000-08-27,0.0,290.13516,297.27866,281.55084,4.216662e-05
2000-08-28,0.0,287.67044,290.92093,286.22787,1.3236073e-05
2000-08-29,1.882703e-05,288.91614,298.72012,284.23404,3.9048555e-05
2000-08-30,0.0,292.65717,301.56595,281.49048,3.9949125e-05
2000-08-31,7.638426e-09,291.1104,295.96878,287.65564,2.3680845e-05
2000-09-01,0.0003010748,291.94836,298.63995,288.00085,3.432043e-05
2000-09-02,0.0,289.03345,296.3441,284.3902,2.3144825e-05
2000-09-03,0.00041180666,287.69806,294.81375,283.61942,3.445853e-05
2000-09-04,2.2872151e-05,285.89172,293.30127,282.12137,2.2663038e-05
2000-09-05,0.00010183711,285.6138,291.8253,281.15442,2.739395e-05
2000-09-06,0.0,286.88974,294.11182,281.02408,3.295255e-05
2000-09-07,6.951242e-05,286.4697,292.83643,284.10715,1.6116945e-05
2000-09-08,2.0557105e-05,286.021,293.7373,279.33072,2.6574724e-05
2000-09-09,0.0,286.29453,295.30576,279.43732,3.3006818e-05
2000-09-10,0.0,286.5715,296.18988,278.41714,3.2460324e-05
2000-09-11,0.0,287.41754,297.6732,278.67172,3.1666164e-05
2000-09-12,0.0,288.76965,298.9967,280.50864,3.158668e-05
2000-09-13,0.0,290.47327,299.6219,280.9705,3.395636e-05
2000-09-14,0.0,291.4144,299.73953,285.02087,3.1375755e-05
2000-09-15,3.4827751e-06,291.25482,297.72577,284.51465,2.6576581e-05
2000-09-16,0.0,290.78543,298.1927,286.33862,3.0179823e-05
2000-09-17,0.000248675,288.46317,293.6194,284.6242,2.5031293e-05
2000-09-18,2.1431939e-05,288.93692,291.98355,286.25143,1.6495627e-05
2000-09-19,1.3359118e-05,288.14886,291.93457,285.83252,1.4884945e-05
2000-09-20,6.864416e-05,292.19946,298.9137,285.97006,2.8345832e-05
2000-09-21,0.0001040108,288.9685,293.93756,287.16248,2.3058237e-05
2000-09-22,1.1190725e-05,287.78876,295.6947,283.4192,2.4490142e-05
2000-09-23,0.0,286.57953,291.23346,282.33246,2.1496491e-05
2000-09-24,0.0,285.031,290.46164,279.5535,1.937408e-05
2000-09-25,0.0,285.50143,292.84155,279.11688,2.0476757e-05
2000-09-26,0.0,286.5039,294.44095,280.5201,2.1319345e-05
2000-09-27,0.0,286.26398,294.7551,280.81638,2.2298167e-05
2000-09-28,0.0,287.7555,294.2983,279.55478,1.9679703e-05
2000-09-29,0.0,288.106,294.6548,282.35425,2.2787302e-05
2000-09-30,0.0,287.11337,290.3505,282.65375,1.0309171e-05
2000-10-01,0.00020880804,288.0972,289.10022,286.8765,9.810515e-06
2000-10-02,0.00029302004,287.80258,292.21542,285.92938,1.7067041e-05
2000-10-03,0.00012868804,286.81607,288.80887,285.6124,1.1498902e-05
2000-10-04,9.613388e-05,287.1659,290.8483,285.59824,1.4196268e-05
2000-10-05,6.6011457e-06,287.30692,291.91992,283.45306,1.5229669e-05
2000-10-06,0.0,287.05807,290.8686,284.77194,1.5115352e-05
2000-10-07,0.00013240997,282.444,286.5697,281.96082,9.066824e-06
2000-10-08,0.00028526527,282.27408,283.8598,280.70914,9.550588e-06
2000-10-09,2.1492666e-05,282.40665,283.53558,281.7111,8.159149e-06
2000-10-10,6.3221894e-05,283.43103,286.19174,279.88794,1.2571005e-05
2000-10-11,0.00027535178,286.51874,289.95093,283.18634,1.3221137e-05
2000-10-12,3.01632e-06,289.47488,293.13635,285.8918,1.4651073e-05
2000-10-13,1.7164153e-08,290.24808,297.00497,286.65878,1.7790702e-05
2000-10-14,1.2306385e-06,289.32086,298.2679,284.237,1.72141e-05
2000-10-15,0.0,288.085,293.2272,282.18033,1.4839647e-05
2000-10-16,4.9683425e-05,286.35468,293.42395,283.55792,1.6203703e-05
2000-10-17,0.0,285.99954,291.66022,281.79083,1.3650233e-05
2000-10-18,2.4959818e-05,286.51865,290.32825,284.0143,1.06558755e-05
2000-10-19,1.6523512e-05,285.7368,287.37494,284.5373,8.101852e-06
2000-10-20,3.365717e-05,283.82767,286.4165,282.56824,1.0063121e-05
2000-10-21,1.8674717e-06,281.96356,284.19366,279.3452,9.989853e-06
2000-10-22,0.0,280.74142,287.903,278.02023,1.0178265e-05
2000-10-23,0.0,278.8416,284.56934,275.05844,7.996916e-06
2000-10-24,0.0,280.70242,289.73267,273.2342,1.10340025e-05
2000-10-25,0.0,281.0254,289.5769,275.39075,1.1574074e-05
2000-10-26,0.0,283.1532,290.77356,277.2803,1.3729797e-05
2000-10-27,1.1087012e-06,282.06836,286.44754,278.025,7.440931e-06
2000-10-28,0.0,281.15836,288.76114,278.0843,8.972921e-06
2000-10-29,0.0,282.37808,289.8657,274.1044,1.3869864e-05
2000-10-30,2.5437862e-06,285.41086,289.76138,279.96805,9.829893e-06
2000-10-31,7.168137e-05,287.69525,291.49017,283.93735,1.7564967e-05
2000-11-01,0.000117693504,282.96103,287.96844,281.05557,7.735043e-06
2000-11-02,9.334577e-05,282.79453,286.23087,279.01077,6.9661887e-06
2000-11-03,4.2097585e-05,284.97986,287.0871,282.06522,6.3732646e-06
2000-11-04,0.00045864045,281.90527,287.38754,279.42032,7.265861e-06
2000-11-05,0.00027679326,280.0548,282.65103,278.53888,6.099803e-06
2000-11-06,6.974669e-05,282.78745,284.74634,277.91724,6.8747313e-06
2000-11-07,0.00054718537,282.60007,286.48434,280.8871,9.358864e-06
2000-11-08,0.00022220636,280.65216,285.18268,279.58917,6.9107955e-06
2000-11-09,0.00028917953,280.58936,285.76596,276.35352,7.2477314e-06
2000-11-10,6.3941094e-05,278.31665,284.51923,275.39154,5.083402e-06
2000-11-11,7.1639766e-07,276.39343,280.84875,273.41415,4.0677805e-06
2000-11-12,0.0,278.3151,282.3269,271.76807,7.785154e-06
2000-11-13,2.5775089e-05,284.83527,287.06995,278.15097,5.7633265e-06
2000-11-14,0.00017459378,289.0398,291.47086,285.5919,1.5325882e-05
2000-11-15,0.00011346041,286.0346,290.36395,284.49405,8.593272e-06
2000-11-16,0.00035911016,284.6129,287.06232,282.65558,5.787037e-06
2000-11-17,0.00016727266,282.87555,285.34027,281.53726,5.421794e-06
2000-11-18,0.00023620804,280.70288,283.65015,279.29535,4.8576644e-06
2000-11-19,6.956266e-05,278.25116,279.83823,277.69498,5.7058046e-06
2000-11-20,5.289175e-05,279.2858,279.94446,276.37955,4.5838065e-06
2000-11-21,0.00030128876,281.56543,283.4545,279.3987,4.6296295e-06
2000-11-22,0.00015249684,280.97034,283.72705,278.6238,3.4918828e-06
2000-11-23,0.0,280.70358,283.00626,276.69843,5.3120134e-06
2000-11-24,0.0,282.08047,283.43027,278.9086,4.6296295e-06
2000-11-25,0.00021376446,281.29428,282.65164,280.52597,4.6296295e-06
2000-11-26,0.000119139375,279.69485,283.76312,277.27634,5.167285e-06
2000-11-27,0.0,276.9117,284.34692,272.71387,4.649926e-06
2000-11-28,0.0,274.7156,279.68893,270.49557,2.3148148e-06
2000-11-29,0.0,274.65775,283.0845,270.30734,2.3148148e-06
2000-11-30,0.0,275.41724,281.57855,270.6109,2.3148148e-06
2000-12-01,0.0,277.202,283.82474,271.61026,6.2029567e-06
2000-12-02,0.0,279.2555,282.5455,272.33694,5.929979e-06
2000-12-03,1.8571052e-06,281.13098,286.15344,277.941,6.814968e-06
2000-12-04,1.4004719e-06,278.95557,282.0716,276.5955,3.4722223e-06
2000-12-05,0.0,277.81085,279.9151,276.86035,4.2067027e-06
2000-12-06,0.0,277.46298,278.382,276.61575,3.4722223e-06
2000-12-07,0.0,280.09457,281.8986,275.83292,5.7188195e-06
2000-12-08,1.198802e-06,284.55124,286.54227,280.7357,1.1224142e-05
2000-12-09,1.7930897e-05,284.4614,286.6848,283.52966,6.549134e-06
2000-12-10,0.00018825702,282.08704,287.1512,280.24857,4.6563655e-06
2000-12-11,0.0,279.48386,284.03027,276.58835,2.3839384e-06
2000-12-12,0.0,276.6686,282.24753,273.03012,2.9760452e-06
2000-12-13,0.0,278.20126,282.083,275.07196,4.8686334e-06
2000-12-14,1.2224997e-06,278.32867,281.34006,274.20465,3.4722223e-06
2000-12-15,6.764032e-05,277.55338,282.4837,274.09094,3.4722223e-06
2000-12-16,0.0004443782,274.5323,276.70602,272.95538,1.368181e-06
2000-12-17,0.0,273.82806,276.4882,271.71527,1.736111e-06
2000-12-18,0.0,273.17188,275.90298,270.9311,2.16584e-06
2000-12-19,0.0,273.8148,274.44138,270.9425,2.3148148e-06
2000-12-20,1.0529868e-05,272.9579,276.02872,271.40457,2.897212e-06
2000-12-21,0.0,270.0982,272.5756,268.13553,4.648754e-06
2000-12-22,0.0,268.51752,270.52594,268.1351,6.0580587e-06
2000-12-23,1.1092663e-06,267.5456,272.2428,264.01822,1.1842919e-06
2000-12-24,0.0,273.23718,277.0805,262.99625,4.53481e-06
2000-12-25,4.8520284e-05,276.9358,279.24384,274.6005,3.4722223e-06
2000-12-26,0.0001632396,278.52435,281.0451,276.00034,3.2704938e-06
2000-12-27,6.875909e-05,278.58194,280.1355,276.32333,3.7572845e-06
2000-12-28,0.00024251171,278.13617,279.62375,276.42947,4.325108e-06
2000-12-29,0.000103207894,275.35437,278.0467,274.39072,4.1455146e-06
2000-12-30,0.00014098277,273.7151,277.1292,271.917,3.191306e-06
2000-12-31,0.0,271.51645,274.5744,269.9926,2.2857798e-06
2001-01-01,0.0,269.36063,273.44702,267.06766,1.4368334e-06
2001-01-02,0.0,274.97183,278.4019,267.07724,4.035833e-06
2001-01-03,4.9425227e-05,277.48495,280.03427,275.75864,3.4722223e-06
2001-01-04,2.0615002e-05,277.21704,279.0891,275.03473,4.6296295e-06
2001-01-05,2.211813e-05,277.5924,279.81863,274.5177,4.5366555e-06
2001-01-06,7.4621566e-06,282.99527,285.20926,278.2834,6.56229e-06
2001-01-07,0.00013536554,285.57068,287.18994,283.44928,8.510545e-06
2001-01-08,8.054532e-05,280.20703,284.74512,278.23462,5.753388e-06
2001-01-09,0.00034434936,277.49945,282.37714,275.07986,6.967054e-06
2001-01-10,7.886365e-06,278.70322,281.99948,273.9613,7.657488e-06
2001-01-11,2.111769e-07,278.6828,281.94568,276.40152,6.9070684e-06
2001-01-12,6.225669e-06,274.97092,278.48108,273.9032,6.4334545e-06
2001-01-13,3.3426456e-06,271.7874,274.67282,270.37173,1.0511283e-05
2001-01-14,0.0,270.97696,273.08405,267.37607,1.33044805e-05
2001-01-15,0.0,269.20065,273.3919,264.8669,7.763093e-06
2001-01-16,0.0,268.99814,271.4122,266.0427,5.252099e-06
2001-01-17,1.4994425e-06,269.54697,270.94202,265.74384,3.6504023e-06
2001-01-18,2.4826331e-06,271.5149,272.67374,268.80914,3.4722223e-06
2001-01-19,3.121506e-05,272.78217,274.75516,271.1922,2.648494e-06
2001-01-20,0.0,272.56732,274.15323,270.9849,4.6329237e-06
2001-01-21,5.9603203e-06,271.55728,272.84634,271.55408,4.7325475e-06
2001-01-22,1.4046381e-05,272.1324,273.41104,271.0354,3.452736e-06
2001-01-23,4.0655195e-06,275.24292,278.11758,271.59308,3.4722223e-06
2001-01-24,1.0446119e-05,278.06738,280.47122,273.7788,4.5987076e-06
2001-01-25,0.00020992782,280.81857,282.3117,278.54187,4.7148e-06
2001-01-26,0.00057778566,279.87982,284.21783,277.9467,5.938698e-06
2001-01-27,1.4480343e-05,277.59354,280.8789,273.87,5.350454e-06
2001-01-28,0.00015701856,275.57495,278.13864,273.93863,5.756221e-06
2001-01-29,1.21348585e-05,274.86475,275.98422,272.68118,6.7905953e-06
2001-01-30,3.3649403e-06,273.9893,275.7418,273.93222,4.2344727e-06
2001-01-31,3.425857e-05,274.13943,276.58054,272.42828,5.7245284e-06
2001-02-01,0.0,273.05386,277.80606,270.14313,1.022765e-05
2001-02-02,0.0,270.7322,277.3382,266.19565,5.736636e-06
2001-02-03,0.0,272.86887,277.20193,266.70514,6.8060226e-06
2001-02-04,0.0,277.11548,281.3977,272.6954,1.0084448e-05
2001-02-05,2.3880727e-06,279.36554,283.26315,276.7189,8.451086e-06
2001-02-06,1.5639362e-05,280.513,283.92166,275.72894,1.0436165e-05
2001-02-07,0.0,283.16852,286.63892,279.49167,1.330551e-05
2001-02-08,3.171947e-06,282.55197,287.20044,280.0337,1.4979508e-05
2001-02-09,5.099966e-05,279.77646,284.25217,277.4445,6.9444445e-06
2001-02-10,6.763964e-05,279.3022,283.03043,274.88013,6.552497e-06
2001-02-11,4.348204e-07,275.7248,283.54456,272.31042,8.127138e-06
2001-02-12,0.0,275.37366,283.97617,270.15958,8.089067e-06
2001-02-13,0.0,277.95886,283.66357,272.60004,7.406568e-06
2001-02-14,0.0,275.8838,283.8014,272.83554,1.0850607e-05
2001-02-15,0.0,275.06113,283.61325,269.12244,1.0126625e-05
2001-02-16,0.0,276.17526,287.13684,269.69385,1.1304199e-05
2001-02-17,0.0,277.27972,285.21704,270.5332,1.2826394e-05
2001-02-18,0.0,278.48392,285.8392,274.25818,1.1602362e-05
2001-02-19,0.0,274.81277,282.47775,271.0479,1.3768722e-05
2001-02-20,0.0,276.46677,283.26572,269.8174,1.3907285e-05
2001-02-21,0.0,275.8675,283.93494,270.25912,1.3448161e-05
2001-02-22,0.0,277.9902,286.93063,269.33356,1.9759536e-05
2001-02-23,0.0,276.6826,283.09552,270.30624,1.0378156e-05
2001-02-24,7.3820585e-05,272.0769,276.49484,271.5674,5.2450473e-06
2001-02-25,3.0603245e-05,272.04672,273.6775,269.70856,8.135722e-06
2001-02-26,0.0,271.0976,274.93375,269.3558,7.773996e-06
2001-02-27,0.0,271.31174,277.53244,263.21658,9.813813e-06
2001-02-28,0.0,270.9573,273.75806,269.15002,4.7849685e-06
2001-03-01,9.937346e-05,272.7016,278.47565,268.1017,8.188513e-06
2001-03-02,1.3260681e-06,274.72464,280.08325,268.0269,9.494863e-06
2001-03-03,0.0002595859,277.8814,281.78513,273.6798,5.6457984e-06
2001-03-04,0.00018070052,283.31915,285.5698,276.84283,9.296385e-06
2001-03-05,0.0003261216,281.2984,285.67776,279.54007,9.695822e-06
2001-03-06,0.00015693257,275.20874,279.29056,274.55786,9.350181e-06
2001-03-07,0.0,275.97156,279.43488,273.93085,1.092153e-05
2001-03-08,0.0,278.85562,282.24396,271.5873,1.0506534e-05
2001-03-09,2.6778293e-05,281.2684,285.32565,278.8755,1.13512115e-05
2001-03-10,0.000112480266,281.99237,286.06097,279.0715,1.51802915e-05
2001-03-11,1.9729437e-06,282.15222,288.94156,275.6814,2.0930185e-05
2001-03-12,0.0,283.29602,287.57846,277.90726,1.8394381e-05
2001-03-13,0.000105465704,279.62564,284.293,276.97424,7.4324803e-06
2001-03-14,0.000486201,280.16232,286.82004,274.2718,1.7274228e-05
2001-03-15,5.366726e-06,281.4046,288.49902,275.08594,1.8718285e-05
2001-03-16,0.0,283.1978,289.5443,277.36237,2.3615388e-05
2001-03-17,2.1781646e-06,283.02377,286.36264,280.44913,1.296875e-05
2001-03-18,5.123763e-05,283.09723,288.12186,278.11942,2.0029613e-05
2001-03-19,7.003155e-07,283.05182,288.3383,280.91257,2.1100042e-05
2001-03-20,0.00024058901,279.03198,283.098,277.1441,1.18403195e-05
2001-03-21,0.0,282.86932,285.37247,278.63782,9.015105e-06
2001-03-22,3.7634494e-05,283.48212,288.51297,281.20422,1.6125083e-05
2001-03-23,4.252269e-05,284.62997,291.86456,275.3228,2.3944536e-05
2001-03-24,0.0,286.11374,293.76956,277.31644,2.9136881e-05
2001-03-25,0.0,287.37247,294.7041,283.4701,3.996469e-05
2001-03-26,0.00013015303,284.2981,290.74805,279.67252,2.1586216e-05
2001-03-27,8.209163e-05,275.68326,284.22162,274.84677,1.0959198e-05
2001-03-28,2.1759168e-05,276.6008,279.22964,274.971,1.14272825e-05
2001-03-29,4.2016145e-05,277.82056,279.41782,275.2101,9.259259e-06
2001-03-30,0.00016156588,280.24518,282.05392,278.22552,1.3118497e-05
2001-03-31,3.9198647e-05,282.03043,286.9706,279.793,2.0647034e-05
2001-04-01,0.0,281.10272,288.90396,277.96835,2.4839146e-05
2001-04-02,0.0,281.39093,290.56946,272.73575,3.0199115e-05
2001-04-03,0.0,283.2182,293.60165,272.67517,3.1440915e-05
2001-04-04,0.0,282.66653,291.28,276.69614,3.3914188e-05
2001-04-05,7.596555e-05,280.2242,284.2696,278.38263,1.4303287e-05
2001-04-06,0.00012174249,281.5648,289.2123,274.45984,2.9325603e-05
2001-04-07,0.0,281.35788,286.43094,276.83115,1.3531986e-05
2001-04-08,0.00017899601,280.789,283.42365,279.21362,1.3309399e-05
2001-04-09,6.115677e-05,281.46835,289.0636,275.29245,2.935033e-05
2001-04-10,0.0,281.79907,290.3906,271.9542,3.221542e-05
2001-04-11,8.896168e-08,279.92484,283.5839,278.91968,1.2671205e-05
2001-04-12,0.0001777584,282.8545,288.43082,279.01483,2.5225005e-05
2001-04-13,2.1400602e-07,278.01904,283.24234,273.46942,2.472879e-05
2001-04-14,2.4174487e-06,275.6141,281.07358,271.4608,2.6566999e-05
2001-04-15,0.0,277.11655,283.4979,269.71722,2.836944e-05
2001-04-16,0.0,277.50574,282.3347,272.4725,1.2731482e-05
2001-04-17,9.580581e-05,278.645,285.76028,276.1369,1.9523768e-05
2001-04-18,1.7954299e-06,279.61942,284.96152,272.85532,1.7610575e-05
2001-04-19,2.3549987e-06,281.5922,285.78027,277.8143,1.6852602e-05
2001-04-20,8.375575e-05,280.72058,283.6685,278.5977,1.590086e-05
2001-04-21,0.00015737233,280.1374,285.05505,278.12332,2.2053026e-05
2001-04-22,7.378558e-05,281.0076,284.21185,276.60446,2.0755668e-05
2001-04-23,1.667023e-07,282.92065,290.59702,273.97995,3.965592e-05
2001-04-24,0.0,284.3435,292.45328,274.2827,4.1969583e-05
2001-04-25,0.0,285.8766,292.50485,275.89252,3.7733684e-05
2001-04-26,1.705784e-05,280.8772,286.528,279.72696,1.144224e-05
2001-04-27,0.00014972838,282.83514,290.95364,276.0009,3.393252e-05
2001-04-28,0.0,285.76166,295.06534,275.61115,4.2693675e-05
2001-04-29,0.0,287.4188,296.8312,277.6217,4.367427e-05
2001-04-30,0.0,289.45712,298.73004,279.28833,4.754278e-05
2001-05-01,0.0,290.2036,299.83844,280.3024,4.8995138e-05
2001-05-02,0.0,291.2894,300.91522,279.81015,4.941732e-05
2001-05-03,4.553453e-06,288.6875,297.8306,283.4176,3.8794708e-05
2001-05-04,4.779337e-06,287.8925,296.21436,281.56622,3.483029e-05
2001-05-05,4.4795594e-05,288.41922,294.976,283.43286,3.8053644e-05
2001-05-06,0.000163599,285.82382,290.18762,284.6035,1.9831896e-05
2001-05-07,7.510973e-05,286.65985,290.44363,282.86157,2.2629929e-05
2001-05-08,3.5825957e-05,286.52054,290.79434,284.26678,2.2354292e-05
2001-05-09,7.63551e-06,286.30765,294.3168,282.74576,3.6039215e-05
2001-05-10,3.984072e-05,287.21948,294.54846,281.22458,4.1708336e-05
2001-05-11,0.0,288.1248,295.57645,278.9259,3.80968e-05
2001-05-12,4.595607e-06,287.51523,294.97015,282.69843,4.1768624e-05
2001-05-13,0.0,286.1364,293.41162,279.00766,4.4632143e-05
2001-05-14,0.0,288.342,294.89722,277.80576,4.7444708e-05
2001-05-15,0.0,287.91147,292.56433,282.52994,2.9931896e-05
2001-05-16,9.905748e-06,289.6258,294.89725,283.23724,4.226673e-05
2001-05-17,2.9356922e-06,290.83746,295.4789,283.29788,4.2827978e-05
2001-05-18,3.249282e-06,288.4662,295.0736,284.95712,3.6791065e-05
2001-05-19,0.00013085274,286.3398,293.4449,280.56036,4.781968e-05
2001-05-20,0.0,287.23245,294.55566,280.13168,4.5288798e-05
2001-05-21,0.0,286.01996,289.60693,282.17944,1.8518518e-05
2001-05-22,0.00012120516,287.59326,290.8305,284.86472,2.2046475e-05
2001-05-23,2.5056224e-06,287.93436,294.33112,285.9517,4.3065193e-05
2001-05-24,0.0,289.36795,297.06873,280.4423,5.08546e-05
2001-05-25,0.0,289.52783,297.65366,281.55878,4.071269e-05
2001-05-26,2.3070488e-05,291.24872,298.6451,283.3872,5.5164386e-05
2001-05-27,0.0,292.5196,300.86398,282.88284,5.389328e-05
2001-05-28,0.0,295.15964,303.17795,287.45776,5.427703e-05
2001-05-29,0.0,294.52264,302.9393,288.2016,4.4615284e-05
2001-05-30,0.0,294.93036,301.61212,287.0993,5.040052e-05
2001-05-31,0.000315444,289.68155,295.10184,287.93124,1.895621e-05
2001-06-01,0.00044309747,287.29184,293.19504,285.41104,4.1784784e-05
2001-06-02,2.869611e-05,286.52512,292.29056,278.60544,3.5134162e-05
2001-06-03,8.784447e-09,283.77856,292.8055,279.32715,3.65844e-05
2001-06-04,0.000111644316,286.1885,292.61047,278.3418,5.2059448e-05
2001-06-05,0.0,287.91577,295.2945,278.70578,5.37064e-05
2001-06-06,0.0,286.84827,295.42944,280.2659,3.624644e-05
2001-06-07,7.9700774e-05,289.25662,296.42722,282.446,5.1839354e-05
2001-06-08,0.0,291.27838,298.17795,281.6897,6.0485803e-05
2001-06-09,0.0,291.38434,297.2527,287.20798,4.8727565e-05
2001-06-10,0.0,291.6095,297.65277,284.9698,3.521783e-05
2001-06-11,5.820451e-06,285.15616,293.6267,280.83414,1.8553765e-05
2001-06-12,0.00033704826,285.95844,292.78995,278.68658,4.458075e-05
2001-06-13,0.0,288.56845,294.3716,280.94693,4.737344e-05
2001-06-14,0.0,287.86325,295.483,284.12985,3.8970014e-05
2001-06-15,8.134314e-05,290.73538,298.96347,282.7776,5.499799e-05
2001-06-16,0.0,292.29407,299.50726,284.0702,5.678254e-05
2001-06-17,1.7294975e-05,288.1398,292.70905,285.7143,2.5902727e-05
2001-06-18,0.0002800086,289.04526,293.95462,285.4413,3.2601856e-05
2001-06-19,6.7967812e-06,290.20584,294.96,283.93213,5.0616563e-05
2001-06-20,0.0,291.3948,296.56384,284.7037,6.352989e-05
2001-06-21,0.0,292.01614,299.60593,281.4058,6.2693136e-05
2001-06-22,0.0,293.02307,298.2441,285.33188,5.286205e-05
2001-06-23,4.5274182e-06,290.7542,295.2099,287.63705,4.346162e-05
2001-06-24,1.8647698e-06,292.7342,300.83176,282.39874,5.9127142e-05
2001-06-25,0.0,293.98785,300.38455,285.74536,5.7384546e-05
2001-06-26,0.0,294.15695,300.91458,286.4109,5.3991338e-05
2001-06-27,0.0,295.39862,302.8308,286.68747,6.1041115e-05
2001-06-28,0.0,294.12018,301.0656,287.11865,4.8249985e-05
2001-06-29,6.631267e-05,292.01407,297.37573,290.06342,2.7977705e-05
2001-06-30,2.1159885e-05,294.0394,300.39557,286.50558,5.7239286e-05
2001-07-01,0.00016813671,291.87073,298.0051,288.4714,4.4637705e-05
2001-07-02,8.972179e-06,290.75858,297.655,283.62158,4.562027e-05
2001-07-03,0.0,290.08276,295.83276,284.01874,4.1089108e-05
2001-07-04,5.2275183e-05,291.1603,296.6223,282.94614,4.234415e-05
2001-07-05,0.0,293.1981,298.4496,287.82352,4.425009e-05
2001-07-06,0.0,295.21402,301.71295,288.19196,5.1613657e-05
2001-07-07,0.0,295.37814,303.05957,287.78058,6.303752e-05
2001-07-08,4.429847e-05,294.03772,301.04727,287.06833,5.844942e-05
2001-07-09,4.6950802e-08,292.62927,297.9759,287.497,3.7762755e-05
2001-07-10,2.2366385e-06,292.43793,298.83383,285.99994,3.869715e-05
2001-07-11,4.1245175e-06,294.93655,302.49448,286.03543,5.644082e-05
2001-07-12,3.6378328e-06,290.0293,294.95355,288.08945,2.2171314e-05
2001-07-13,2.135586e-05,293.89526,300.29807,284.82495,4.8515783e-05
2001-07-14,0.0,296.20853,303.61072,288.0122,5.9863414e-05
2001-07-15,0.0,296.87225,305.51505,287.6274,5.9367645e-05
2001-07-16,2.7457083e-06,294.04288,302.17715,289.995,4.0118986e-05
2001-07-17,9.71069e-05,289.6909,295.74905,288.0766,3.202741e-05
2001-07-18,6.769256e-05,291.9819,299.55292,284.5154,4.9900533e-05
2001-07-19,7.678561e-05,293.0898,299.8505,289.03195,4.5469267e-05
2001-07-20,8.674937e-05,288.6788,292.41708,287.3367,1.936921e-05
2001-07-21,0.00013519224,291.0832,298.7781,285.91122,5.186773e-05
2001-07-22,3.0246376e-08,291.95685,300.2104,283.38266,5.3038282e-05
2001-07-23,0.0,293.5975,301.19302,285.94907,4.8876253e-05
2001-07-24,0.0,292.7252,298.5809,287.47705,3.200611e-05
2001-07-25,7.6898505e-06,293.13788,298.6344,289.7861,3.4044682e-05
2001-07-26,6.233121e-06,295.44855,302.4442,289.16367,5.1786996e-05
2001-07-27,6.5466124e-06,295.1552,302.2298,287.94742,4.7717618e-05
2001-07-28,1.0841532e-05,295.85767,303.78516,288.01764,5.562504e-05
2001-07-29,2.6588843e-05,295.61032,303.83752,289.1318,4.9607846e-05
2001-07-30,0.000104372906,294.00473,301.65942,288.08456,5.0035487e-05
2001-07-31,2.7302688e-06,295.24405,303.81613,286.68292,5.790914e-05
2001-08-01,0.0,297.18402,305.11,287.9586,5.559e-05
2001-08-02,0.0,296.85907,304.6486,290.0657,5.5243716e-05
2001-08-03,0.0,297.21683,306.25568,289.0778,6.136182e-05
2001-08-04,0.0,297.09326,305.5984,288.93466,6.345705e-05
2001-08-05,1.5622967e-06,292.3147,300.43973,288.77274,4.775799e-05
2001-08-06,4.345475e-05,291.50098,298.23196,288.1077,4.2997883e-05
2001-08-07,0.0,293.8813,302.0223,284.30527,5.463258e-05
2001-08-08,0.0,296.34528,304.24075,286.44687,6.253547e-05
2001-08-09,0.0,295.08588,302.01227,287.2699,4.498252e-05
2001-08-10,1.3791435e-05,294.44907,303.16885,288.05804,4.0030794e-05
2001-08-11,7.3608884e-05,286.14536,292.72546,284.89734,1.98614e-05
2001-08-12,9.451841e-05,288.50235,296.912,280.84195,4.2854834e-05
2001-08-13,0.0,290.6677,299.12698,281.35745,4.6854348e-05
2001-08-14,0.0,294.26093,302.13733,284.12805,5.0709612e-05
2001-08-15,0.0,295.14047,302.80106,286.57025,5.083401e-05
2001-08-16,0.0,296.55472,304.06223,287.30048,4.7984602e-05
2001-08-17,0.0,296.4831,303.66782,288.89386,5.2215943e-05
2001-08-18,4.3850105e-06,296.46692,303.83975,288.9475,4.721407e-05
2001-08-19,4.1581525e-06,294.81458,303.9844,289.05472,4.6984685e-05
2001-08-20,1.1095391e-05,294.73642,302.6179,287.09286,4.586929e-05
2001-08-21,6.7995115e-06,292.76285,301.57697,287.0148,4.344839e-05
2001-08-22,2.564841e-05,293.81442,300.55902,287.39197,4.4291668e-05
2001-08-23,1.9035433e-05,294.05316,300.86667,287.86142,3.916379e-05
2001-08-24,0.0,293.566,300.49316,287.8023,3.8807495e-05
2001-08-25,2.8430655e-08,294.35876,302.84723,286.0181,4.422713e-05
2001-08-26,0.0,295.94537,305.00287,286.79654,4.8487243e-05
2001-08-27,0.0,296.39362,306.33295,287.78152,5.1922532e-05
2001-08-28,0.0,291.93668,296.17654,288.88995,2.4862527e-05
2001-08-29,1.2578057e-06,293.2129,301.1212,286.357,4.417397e-05
2001-08-30,0.0,290.0025,295.68665,287.46103,3.145276e-05
2001-08-31,1.5425443e-05,287.31903,289.9979,285.94888,1.2874903e-05
2001-09-01,0.00041865848,289.70493,295.2094,286.16354,2.889545e-05
2001-09-02,4.878589e-07,288.82935,294.09222,286.63693,2.4567165e-05
2001-09-03,1.52543025e-05,289.14157,297.4804,281.9138,3.5164772e-05
2001-09-04,0.0,287.954,295.30154,282.4475,1.9172638e-05
2001-09-05,0.00033466978,286.3342,290.0753,284.31482,1.6788e-05
2001-09-06,6.136879e-06,285.56256,292.25153,280.22485,2.7756418e-05
2001-09-07,1.5667603e-05,286.82,294.4563,279.9633,2.7349277e-05
2001-09-08,4.1576045e-06,288.74496,294.45068,283.15042,2.0651953e-05
2001-09-09,4.531421e-06,284.11404,290.41388,281.2801,1.8449764e-05
2001-09-10,0.000108556655,284.33884,291.25766,277.97836,2.6381218e-05
2001-09-11,0.0,285.4237,292.5684,279.6543,2.4740588e-05
2001-09-12,4.2478518e-05,284.4846,292.4249,281.11353,2.4313114e-05
2001-09-13,2.4893493e-06,286.97647,294.0356,279.1704,2.5074154e-05
2001-09-14,6.149608e-06,285.7104,291.27545,283.2733,1.237182e-05
2001-09-15,0.000640133,282.48734,287.81644,280.37143,1.4337687e-05
2001-09-16,1.1278029e-06,281.55768,285.2145,278.88788,8.874127e-06
2001-09-17,0.00024044848,281.93488,284.2493,280.51547,1.149731e-05
2001-09-18,2.620984e-05,283.43338,289.3421,280.31097,2.0630561e-05
2001-09-19,1.5453843e-05,283.93225,289.88007,278.5645,2.0709556e-05
2001-09-20,1.4550654e-05,285.57,293.72617,280.52737,2.9934268e-05
2001-09-21,0.0,284.9611,293.9784,278.41016,2.40981e-05
2001-09-22,0.0,285.6513,291.15277,278.41217,1.3898464e-05
2001-09-23,3.1384247e-05,285.81024,287.28763,285.32867,7.883977e-06
2001-09-24,0.00038570125,288.05045,292.66132,285.2692,1.5734655e-05
2001-09-25,0.00012690411,286.63968,288.88684,285.36362,8.077531e-06
2001-09-26,0.0005851228,283.61154,286.78314,281.82767,1.1252455e-05
2001-09-27,3.8257484e-05,284.1126,292.06354,279.61096,2.1511536e-05
2001-09-28,0.0,284.99924,294.4545,278.35703,2.3582643e-05
2001-09-29,0.0,286.06906,293.9922,279.21,2.5946385e-05
2001-09-30,4.8839206e-06,287.4736,290.7207,283.25266,1.0954766e-05
2001-10-01,0.00011974952,288.0243,293.18607,285.03006,1.8199138e-05
2001-10-02,0.0,288.07748,294.10324,284.28992,2.4666198e-05
2001-10-03,0.0,288.6239,295.49515,284.5766,2.8697812e-05
2001-10-04,0.0,288.64853,296.5412,283.48712,2.5454548e-05
2001-10-05,0.00036452303,286.76065,289.8698,285.31467,1.0383018e-05
2001-10-06,1.3618683e-06,287.46265,295.63962,283.02054,2.1749664e-05
2001-10-07,8.6144854e-07,289.13474,294.19083,284.52423,1.10011615e-05
2001-10-08,7.301491e-05,290.2234,296.8434,287.86606,2.3771923e-05
2001-10-09,0.0,289.31058,298.08762,285.2072,2.1703043e-05
2001-10-10,0.0,285.99243,294.09534,280.60294,1.3638131e-05
2001-10-11,0.0,286.90704,295.47156,281.1542,1.7266702e-05
2001-10-12,0.0,285.48148,293.67004,280.2947,1.8419954e-05
2001-10-13,0.0,285.5372,293.547,281.09326,1.4971629e-05
2001-10-14,0.0,285.4377,293.0658,279.745,1.4245701e-05
2001-10-15,0.0,284.25555,292.05734,280.2337,1.38552405e-05
2001-10-16,0.0,284.42203,291.74216,279.95303,1.5046296e-05
2001-10-17,0.0,283.92105,289.9568,279.78818,9.347305e-06
2001-10-18,0.0,284.13037,291.89767,280.41043,1.3060111e-05
2001-10-19,0.0,285.09735,291.78677,278.3898,1.6171154e-05
2001-10-20,1.5510594e-06,288.0862,291.51935,282.15103,9.8471e-06
2001-10-21,9.812366e-05,288.07083,293.71722,285.38324,1.43727875e-05
2001-10-22,0.00013658183,284.84457,292.1526,281.18958,1.1574074e-05
2001-10-23,0.0,283.75922,291.3492,278.01022,1.0416667e-05
2001-10-24,0.0,284.62198,287.00558,282.07504,8.04848e-06
2001-10-25,1.0465054e-05,284.28732,287.9536,282.40063,9.46295e-06
2001-10-26,1.2688378e-05,282.23358,285.30835,280.9867,8.743719e-06
2001-10-27,0.0,280.94153,286.53577,277.23996,9.259259e-06
2001-10-28,0.0,282.5811,289.6319,277.14236,9.286144e-06
2001-10-29,0.0,282.68964,288.72168,277.13794,7.55271e-06
2001-10-30,0.0,281.28555,286.9354,278.05106,8.114321e-06
2001-10-31,0.0,285.0822,294.20892,276.07016,1.4579367e-05
2001-11-01,0.0,280.86612,287.14203,276.97498,1.22041765e-05
2001-11-02,2.588138e-08,277.46863,286.3735,272.10486,8.764729e-06
2001-11-03,0.0,276.36966,284.4053,271.66806,5.914906e-06
2001-11-04,0.0,277.1103,285.1885,272.38632,6.9444445e-06
2001-11-05,0.0,279.49512,286.19125,271.56335,5.645738e-06
2001-11-06,0.0,278.4867,283.22495,276.10178,6.1861847e-06
2001-11-07,0.0,278.19968,284.04028,273.3689,5.443707e-06
2001-11-08,0.0,283.278,285.83768,277.92236,7.977853e-06
2001-11-09,0.00024656704,274.9536,283.78836,273.7035,5.1725137e-06
2001-11-10,0.0002081801,274.6966,276.9018,273.2213,3.81705e-06
2001-11-11,1.9019393e-05,274.48178,275.3374,273.38666,3.4531975e-06
2001-11-12,0.00015779086,276.479,277.56842,274.6077,4.6296295e-06
2001-11-13,1.8989098e-05,277.2331,278.6298,276.29214,5.1957295e-06
2001-11-14,1.07946086e-07,275.9424,280.6963,273.49588,5.7982234e-06
2001-11-15,0.0,272.70206,279.30713,268.6427,6.3170005e-06
2001-11-16,0.0,272.4886,281.47162,266.01505,3.1760217e-06
2001-11-17,0.0,272.78775,281.03802,267.97717,3.4907239e-06
2001-11-18,0.0,272.58554,279.9534,266.88306,2.6521438e-06
2001-11-19,8.593165e-06,273.2679,275.92267,270.80283,4.6006935e-06
2001-11-20,3.722083e-06,273.7005,278.78223,270.2061,2.6153202e-06
2001-11-21,0.0,272.56546,277.35886,268.65396,3.273968e-06
2001-11-22,0.0,275.65784,280.5127,268.1497,5.10252e-06
2001-11-23,2.6334255e-05,275.8146,280.81534,274.55365,1.8275085e-05
2001-11-24,0.0,274.30444,281.821,267.82834,6.176684e-06
2001-11-25,0.0,270.809,279.0823,266.33423,2.3148148e-06
2001-11-26,0.0,273.52805,281.021,266.89648,3.849913e-06
2001-11-27,0.0,276.03503,278.372,271.2949,4.6296295e-06
2001-11-28,5.643124e-05,276.64856,279.68527,275.6311,3.6016286e-06
2001-11-29,0.0,274.9544,278.99838,272.62552,3.4722223e-06
2001-11-30,2.0155277e-08,275.4082,277.41412,272.16925,3.2914197e-06
2001-12-01,0.0,274.1425,276.92752,272.6853,4.1616245e-06
2001-12-02,0.0,273.24982,275.89026,270.95496,3.4188506e-06
2001-12-03,0.0,272.6275,273.96664,271.11572,3.6182796e-06
2001-12-04,0.0,272.69412,274.50247,271.76797,3.4722223e-06
2001-12-05,0.0,273.38388,276.36633,272.30258,3.5137834e-06
2001-12-06,1.851717e-08,276.35434,277.7779,272.14035,2.4684039e-06
2001-12-07,0.0,275.71356,279.878,273.5947,5.9306326e-06
2001-12-08,1.4583799e-06,271.12314,274.91656,269.33926,4.7241865e-06
2001-12-09,0.0,269.2297,273.82776,266.607,2.4236328e-06
2001-12-10,0.0,267.10257,273.4366,262.36664,1.8410866e-06
2001-12-11,0.0,270.37982,271.97913,265.15018,4.044717e-06
2001-12-12,2.1979435e-05,271.76532,273.46674,270.34995,2.386986e-06
2001-12-13,9.425397e-05,266.21756,272.41177,262.09048,3.4620004e-06
2001-12-14,4.7938312e-05,262.02643,267.6915,257.8971,7.2397245e-07
2001-12-15,8.4953285e-07,259.92197,266.49,255.11394,9.618382e-07
2001-12-16,0.0,266.90436,270.42337,256.61053,1.9385675e-06
2001-12-17,0.0,266.08945,272.58084,262.1862,1.1574074e-06
2001-12-18,5.8038974e-09,267.00266,272.49796,263.35736,1.3888889e-06
2001-12-19,0.0,265.64478,271.95218,261.10715,0.0
2001-12-20,0.0,269.2889,272.77225,259.7849,1.813623e-06
2001-12-21,2.3590226e-06,267.97775,271.9834,265.57693,1.6164317e-06
2001-12-22,0.0,272.04007,276.33975,264.25677,3.0305498e-06
2001-12-23,1.1720876e-05,270.19217,274.88892,265.58795,2.4409737e-06
2001-12-24,1.0370131e-05,261.59055,269.34567,258.1915,5.0986176e-07
2001-12-25,0.0,264.09937,268.9233,256.73825,1.52455e-06
2001-12-26,1.6271421e-06,273.09134,274.70667,262.70798,2.3148148e-06
2001-12-27,0.00018191636,269.75064,275.28998,265.64737,2.3680595e-06
2001-12-28,1.3368606e-06,266.72958,272.2591,262.18845,9.1646575e-07
2001-12-29,0.0,275.73438,279.40363,264.92905,4.0550635e-06
2001-12-30,7.9093e-05,276.3739,280.64267,273.38712,8.240404e-06
2001-12-31,1.1811229e-05,271.74826,275.38538,269.8132,5.23659e-06
2002-01-01,1.1667054e-06,268.9879,275.4383,264.87158,4.2316115e-06
2002-01-02,0.0,269.54938,276.65042,263.2536,3.2032458e-06
2002-01-03,0.0,268.2939,275.417,263.6577,2.589469e-06
2002-01-04,0.0,264.32507,271.28262,258.93936,1.1574074e-06
2002-01-05,0.0,267.09305,270.10626,259.7947,1.1574074e-06
2002-01-06,0.0,268.2548,274.9852,262.91934,2.1803305e-06
2002-01-07,0.0,269.5758,277.74088,264.9708,9.92273e-07
2002-01-08,0.0,269.12115,275.37213,264.045,1.2180332e-06
2002-01-09,0.0,269.07858,275.43118,264.33856,1.1574074e-06
2002-01-10,0.0,269.0349,274.39508,263.97913,1.8943426e-07
2002-01-11,0.0,268.02982,270.19165,265.02606,2.8879824e-06
2002-01-12,0.0,268.77338,270.72998,265.67258,1.8734236e-06
2002-01-13,0.0,269.70706,271.6587,266.102,2.2713546e-06
2002-01-14,2.137519e-05,270.2396,271.44513,268.65118,2.278902e-06
2002-01-15,1.964584e-05,268.41238,270.22272,267.8914,2.6158698e-06
2002-01-16,4.2243395e-05,267.9331,269.74677,266.57437,2.3148148e-06
2002-01-17,9.532069e-06,268.97928,270.19708,267.1079,2.2713546e-06
2002-01-18,0.0,268.2992,271.49255,266.4603,2.9748796e-06
2002-01-19,0.0,267.98395,274.49286,263.79794,2.3148148e-06
2002-01-20,0.0,270.52725,278.541,265.08255,2.3749565e-06
2002-01-21,0.0,273.41196,276.60095,265.93488,3.91768e-06
2002-01-22,0.0,275.78406,279.9651,270.11475,4.5431016e-06
2002-01-23,0.0,276.8284,280.82996,270.0765,5.328782e-06
2002-01-24,2.7149995e-06,278.15625,281.8412,275.65097,5.7774887e-06
2002-01-25,4.8008143e-05,275.41333,279.61542,274.18948,3.1237985e-06
2002-01-26,0.0,275.15433,279.76456,272.01752,3.2822356e-06
2002-01-27,2.546024e-06,277.2058,280.51062,273.44644,6.377847e-06
2002-01-28,0.0,277.9221,284.54892,275.2795,6.498147e-06
2002-01-29,0.0,276.06476,282.07205,270.62024,4.19907e-06
2002-01-30,0.0,275.76828,283.46933,270.2912,6.8300424e-06
2002-01-31,0.0,277.31894,281.62747,272.119,9.201895e-06
2002-02-01,1.4083341e-06,276.2051,283.6032,272.08252,5.787037e-06
2002-02-02,0.0,276.12567,285.58676,270.56436,8.101852e-06
2002-02-03,0.0,275.60132,285.52808,269.5098,6.2827626e-06
2002-02-04,0.0,276.09705,286.8068,269.12564,8.101852e-06
2002-02-05,0.0,276.17697,286.27484,269.30023,8.211757e-06
2002-02-06,1.4203063e-07,278.86728,281.30814,274.0691,5.787037e-06
2002-02-07,0.00013920882,278.37408,280.05307,277.10617,4.620081e-06
2002-02-08,5.445282e-05,277.29532,282.39536,274.33484,4.9621717e-06
2002-02-09,0.0,277.23102,283.88376,272.61862,7.1768372e-06
2002-02-10,9.2452433e-07,277.89777,285.0325,274.5195,1.0190411e-05
2002-02-11,9.702208e-06,275.35056,280.30203,271.45648,5.977244e-06
2002-02-12,0.0,277.37146,284.10464,273.3607,1.0314627e-05
2002-02-13,0.0,277.05402,283.64096,272.22736,8.866487e-06
2002-02-14,0.0,276.8662,279.10608,273.91312,4.9047967e-06
2002-02-15,2.261293e-05,274.20435,276.8261,273.5569,7.1760746e-06
2002-02-16,8.026978e-06,273.1302,274.64746,272.98984,3.7293141e-06
2002-02-17,0.00024116278,273.76544,274.3434,272.68686,4.6296295e-06
2002-02-18,0.0002811074,275.3655,278.77805,273.65683,4.6296295e-06
2002-02-19,0.0,275.22433,278.78702,272.22925,4.706711e-06
2002-02-20,6.716694e-07,277.41266,281.20557,271.74734,7.5679545e-06
2002-02-21,1.3155552e-06,278.08652,280.22137,275.4673,7.961388e-06
2002-02-22,2.5169225e-05,273.88782,278.57782,270.00476,1.0774215e-05
2002-02-23,0.0,275.89716,281.3745,270.8473,1.292174e-05
2002-02-24,4.0391876e-07,276.03784,282.9861,272.51083,2.3717337e-05
2002-02-25,1.4594854e-06,275.276,284.13968,268.43912,2.146428e-05
2002-02-26,0.0,279.7227,284.4776,272.68317,1.4972763e-05
2002-02-27,5.280844e-07,281.4676,284.01663,277.54053,1.1574074e-05
2002-02-28,1.3774292e-05,281.30447,284.33942,279.24792,6.2875683e-06
2002-03-01,0.00016161904,275.579,280.80502,274.35394,5.7774887e-06
2002-03-02,5.2449093e-05,280.5383,284.44333,275.4555,7.3743286e-06
2002-03-03,1.3360665e-05,278.20078,282.03525,276.4671,6.5996232e-06
2002-03-04,4.9502873e-05,276.73483,283.31897,274.8019,1.4740474e-05
2002-03-05,0.0,278.72403,285.5584,271.0224,1.3102434e-05
2002-03-06,1.3270378e-06,282.6107,289.39273,278.01987,1.5028163e-05
2002-03-07,1.541356e-05,282.91965,287.6236,279.4437,2.1846567e-05
2002-03-08,0.0,280.99637,286.87378,273.26852,1.7368558e-05
2002-03-09,0.0,278.0894,287.438,272.01895,1.8755194e-05
2002-03-10,0.0,280.54733,289.25394,273.24637,2.0641286e-05
2002-03-11,0.0,278.58606,288.81964,270.86066,2.1514095e-05
2002-03-12,0.0,278.30817,288.5653,270.5933,2.1862998e-05
2002-03-13,0.0,280.06378,290.44238,271.2819,1.7370938e-05
2002-03-14,0.0,282.78857,291.02673,271.83493,2.7114724e-05
2002-03-15,0.0,284.2945,289.7552,279.5166,2.3016493e-05
2002-03-16,4.7414375e-08,282.49762,290.99124,275.8119,2.1575106e-05
2002-03-17,0.0,282.49368,290.99857,273.41583,2.2120965e-05
2002-03-18,0.0,282.804,292.2811,273.44382,2.6546832e-05
2002-03-19,0.0,282.3746,286.85867,275.67963,1.5896869e-05
2002-03-20,1.8715717e-06,283.406,290.54517,277.2755,1.6375603e-05
2002-03-21,0.0,285.27655,291.4387,279.2196,1.861772e-05
2002-03-22,9.00104e-05,284.35324,291.03073,280.93173,2.8435321e-05
2002-03-23,0.0,278.04346,284.27164,274.75098,2.9236013e-05
2002-03-24,0.0,277.29276,280.35562,274.05765,2.565152e-05
2002-03-25,0.0,278.1415,284.18152,272.00174,2.5495901e-05
2002-03-26,0.0,277.82388,284.1904,274.06424,2.6688935e-05
2002-03-27,0.0,275.75293,281.5329,271.56424,2.6005058e-05
2002-03-28,0.0,277.19226,285.74445,268.00543,2.4556384e-05
2002-03-29,0.0,278.6919,288.26254,269.21042,2.6914866e-05
2002-03-30,0.0,281.65656,292.50616,270.94968,3.108207e-05
2002-03-31,0.0,282.67935,292.6312,271.50943,2.8345046e-05
2002-04-01,0.0,282.71863,293.07513,273.24445,3.074385e-05
2002-04-02,0.0,282.5728,293.2227,273.20956,3.3194396e-05
2002-04-03,0.0,285.04312,290.80237,275.50418,3.1368e-05
2002-04-04,0.0,282.3029,287.76215,278.62347,4.015153e-05
2002-04-05,0.0,280.38513,285.83444,277.7333,1.6039108e-05
2002-04-06,3.8318813e-05,277.7257,282.44748,273.24536,1.8846162e-05
2002-04-07,0.0,276.65204,283.27963,271.90613,2.6260614e-05
2002-04-08,0.0,279.0673,284.6023,272.55405,2.2231927e-05
2002-04-09,4.4207784e-05,276.3839,279.538,275.55103,8.5316115e-06
2002-04-10,0.00012125148,276.95715,278.57156,275.4407,1.0778022e-05
2002-04-11,1.6545604e-05,277.8728,279.4782,276.0475,8.969507e-06
2002-04-12,0.0002194344,278.63113,279.75772,277.4101,1.143585e-05
2002-04-13,0.00026814584,282.11884,286.18802,278.78098,1.5676233e-05
2002-04-14,7.595415e-05,283.47006,289.25742,277.82462,2.8915278e-05
2002-04-15,3.108442e-05,281.3656,284.24026,280.2464,1.2611157e-05
2002-04-16,0.00013313844,280.87012,282.4543,279.66525,1.1020426e-05
2002-04-17,1.806251e-05,281.63843,285.01068,279.8413,1.5247638e-05
2002-04-18,6.1608625e-05,281.3984,284.2292,279.4602,1.1921769e-05
2002-04-19,4.984121e-05,282.40726,286.13196,280.8558,1.4002073e-05
2002-04-20,5.3492986e-06,282.6947,286.14847,279.5216,1.7223687e-05
2002-04-21,9.018563e-05,285.60617,291.17944,281.27615,3.2398126e-05
2002-04-22,4.2292246e-05,285.88416,293.7297,280.26166,3.2015345e-05
2002-04-23,2.0532507e-05,286.10226,292.42102,281.13574,3.572261e-05
2002-04-24,0.0,284.83487,291.03357,281.75076,3.160752e-05
2002-04-25,4.454834e-06,284.36954,291.15134,279.65665,3.0102246e-05
2002-04-26,0.0,287.41162,294.6519,280.7639,4.307317e-05
2002-04-27,3.883214e-05,280.88614,287.4293,279.10138,1.6297352e-05
2002-04-28,0.0002537229,284.04422,291.326,275.64212,3.6490634e-05
2002-04-29,0.0,284.1585,289.88312,277.4784,2.711963e-05
2002-04-30,1.8066772e-05,284.50385,291.01205,282.21738,2.6349535e-05
2002-05-01,1.3167149e-06,286.8416,295.04794,277.55173,4.4271157e-05
2002-05-02,0.0,288.95938,296.98288,279.4265,4.5180248e-05
2002-05-03,0.0,289.4897,295.14737,282.79434,2.9828563e-05
2002-05-04,8.5346485e-08,285.14758,290.73245,282.809,1.8452933e-05
2002-05-05,2.0878688e-05,284.11182,291.8492,281.41318,3.4167446e-05
2002-05-06,9.910335e-06,285.07635,294.3813,276.43802,4.5876874e-05
2002-05-07,0.0,287.1032,294.54242,277.34332,4.290333e-05
2002-05-08,0.0,290.86752,297.0783,282.10147,4.6015408e-05
2002-05-09,2.2200154e-06,287.76385,291.9957,286.3231,1.7013293e-05
2002-05-10,0.0002546883,288.4908,294.62213,286.03372,4.3366617e-05
2002-05-11,3.13856e-06,287.48178,294.6543,280.1413,3.549686e-05
2002-05-12,1.9209735e-06,288.26938,295.25842,281.20395,3.825273e-05
2002-05-13,1.6773562e-05,287.52747,293.84085,282.52557,3.0528347e-05
2002-05-14,5.8414535e-06,288.87204,298.46915,280.41705,4.593636e-05
2002-05-15,3.6702833e-05,289.81598,296.83755,282.08087,4.7633042e-05
2002-05-16,0.0,291.03976,298.24643,281.41492,5.2892192e-05
2002-05-17,0.0,292.06265,300.17682,282.42627,6.2949264e-05
2002-05-18,0.0,292.51132,300.92178,283.9473,6.228633e-05
2002-05-19,4.689673e-06,289.04794,296.2133,283.31226,3.341914e-05
2002-05-20,0.00020528464,287.67865,290.28482,286.28137,1.7763683e-05
2002-05-21,2.8501812e-05,288.62457,294.95895,285.7489,3.315574e-05
2002-05-22,9.600618e-07,290.0374,297.50424,281.3191,4.7478195e-05
2002-05-23,0.0,290.8666,294.5647,285.9805,3.254248e-05
2002-05-24,4.337258e-06,291.054,294.94894,287.38156,2.7743232e-05
2002-05-25,9.009603e-06,290.61465,293.8048,288.2029,2.4710771e-05
2002-05-26,0.00022340415,288.9723,292.5238,287.53586,2.2764612e-05
2002-05-27,9.353839e-05,288.7727,295.3649,285.70032,4.0455667e-05
2002-05-28,6.6042165e-05,285.90326,288.62634,284.99738,1.5561529e-05
2002-05-29,6.420269e-05,289.6854,296.67517,282.7115,5.436154e-05
2002-05-30,1.219167e-06,290.378,297.59872,280.58258,5.5161803e-05
2002-05-31,0.0,290.08063,296.95416,283.81497,4.7306108e-05
2002-06-01,0.0,290.8764,298.39554,282.59937,4.589062e-05
2002-06-02,3.201083e-05,289.91623,295.42004,285.708,5.4165877e-05
2002-06-03,0.0,290.36755,297.39203,281.21405,5.295855e-05
2002-06-04,0.0,291.8046,298.8225,283.4728,4.6115827e-05
2002-06-05,1.0800134e-05,290.99246,294.34055,286.67072,2.4574512e-05
2002-06-06,4.186645e-06,290.71487,295.48654,288.30603,2.1626467e-05
2002-06-07,0.0004027639,287.3004,289.88098,284.6048,1.5285019e-05
2002-06-08,0.00014616447,289.72388,294.29654,285.4322,3.4174973e-05
2002-06-09,0.0,288.24905,291.5951,284.02527,2.3999084e-05
2002-06-10,1.4783265e-05,289.53574,296.08264,285.95096,4.122122e-05
2002-06-11,1.201835e-05,291.1344,298.10953,281.86282,6.067125e-05
2002-06-12,0.0,291.98724,298.61652,283.27667,5.768949e-05
2002-06-13,0.0,293.9296,301.92267,284.1284,6.0432467e-05
2002-06-14,0.0,295.9431,303.3114,285.54028,6.318532e-05
2002-06-15,0.0,297.3441,304.8213,288.6798,6.4403546e-05
2002-06-16,3.4757823e-06,294.77698,303.55814,289.2667,4.8712896e-05
2002-06-17,0.0002812153,296.0301,301.74973,288.43173,5.6875415e-05
2002-06-18,0.0,297.67236,303.2833,289.37286,6.298799e-05
2002-06-19,0.0,296.84296,303.76315,291.59985,6.550098e-05
2002-06-20,0.0,297.06113,304.43228,288.45233,6.792168e-05
2002-06-21,0.0,297.79355,304.5939,289.04224,6.12982e-05
2002-06-22,2.0896823e-06,298.64038,304.133,291.3938,6.58651e-05
2002-06-23,0.0,299.4756,307.10086,290.71497,6.934713e-05
2002-06-24,4.8206557e-06,296.73257,305.17316,290.38803,6.0957187e-05
2002-06-25,0.00022561107,288.2824,293.90567,286.92383,2.3294066e-05
2002-06-26,0.00013123426,290.62503,298.0916,284.86218,5.6171695e-05
2002-06-27,0.0,293.51907,299.8098,282.56888,6.187213e-05
2002-06-28,2.3953888e-05,289.4307,294.5964,287.82947,2.1815145e-05
2002-06-29,0.00058692,288.83887,295.5342,283.4899,4.9036447e-05
2002-06-30,0.0,290.24432,296.86505,282.8211,5.311216e-05
2002-07-01,0.0,290.99045,300.01917,283.4273,5.7069734e-05
2002-07-02,0.0,293.4183,299.47412,286.9645,4.9939856e-05
2002-07-03,0.0,295.815,301.3927,289.02237,4.9879298e-05
2002-07-04,2.4953613e-07,289.42456,296.62054,287.44064,3.7124184e-05
2002-07-05,0.00017517988,290.2859,296.07474,282.53458,5.455279e-05
2002-07-06,0.0,293.36554,300.42917,285.0826,5.4614964e-05
2002-07-07,5.873836e-05,291.6918,298.28717,287.85574,3.9423954e-05
2002-07-08,5.8510554e-06,294.10638,301.40488,284.81848,5.8192352e-05
2002-07-09,0.0,295.45892,302.87747,286.18033,6.0776147e-05
2002-07-10,0.0,296.75574,303.6048,288.5446,5.837643e-05
2002-07-11,0.0,296.837,301.81348,288.72507,5.6074554e-05
2002-07-12,0.0,293.55215,297.79208,291.03336,3.5617762e-05
2002-07-13,0.0,295.96075,302.3209,289.0346,5.2536834e-05
2002-07-14,2.4706496e-05,293.5912,300.38568,289.2313,4.2134758e-05
2002-07-15,0.00037005267,293.24655,298.7918,290.36304,3.8293245e-05
2002-07-16,0.0002532165,293.8202,299.05884,290.7769,4.518022e-05
2002-07-17,2.627484e-05,291.44455,297.1383,288.22556,3.2271044e-05
2002-07-18,1.6262204e-05,292.2948,299.33093,286.5627,3.6150534e-05
2002-07-19,9.128866e-05,292.1233,296.09592,289.1509,3.730443e-05
2002-07-20,1.8724867e-06,293.29968,300.61276,285.0611,5.2542746e-05
2002-07-21,2.7429667e-06,295.19714,302.04532,286.15067,5.5274013e-05
2002-07-22,3.4222146e-05,289.62454,296.2115,287.1435,3.1097305e-05
2002-07-23,9.459447e-05,292.62424,299.5804,287.27057,5.527507e-05
2002-07-24,0.0,292.3847,300.42236,286.2555,4.313446e-05
2002-07-25,0.00021088998,290.76245,297.46912,288.16284,4.3049295e-05
2002-07-26,5.6647543e-05,290.37958,296.1319,284.9063,4.2953605e-05
2002-07-27,2.0043053e-06,291.78812,298.3677,285.4913,5.3933723e-05
2002-07-28,0.0,293.24454,299.61218,285.28354,4.9852046e-05
2002-07-29,3.1180641e-06,292.99475,302.39847,287.7429,4.837912e-05
2002-07-30,5.468955e-05,293.9229,302.26248,289.36877,4.674845e-05
2002-07-31,1.9628294e-08,292.82666,300.39594,289.11014,4.1988114e-05
2002-08-01,0.00014193598,294.0885,299.41528,289.9321,4.3648346e-05
2002-08-02,1.0629676e-05,294.54654,300.7964,288.9616,5.5860386e-05
2002-08-03,0.0,295.34967,303.01358,286.55725,5.1769664e-05
2002-08-04,5.973412e-06,294.35275,300.19492,288.70355,4.4682864e-05
2002-08-05,0.00026276096,293.9941,300.49207,289.7337,4.5198034e-05
2002-08-06,0.0001614705,289.40802,293.84677,288.57056,1.6731175e-05
2002-08-07,0.000441821,291.64062,296.73077,288.09268,3.6415277e-05
2002-08-08,1.3824846e-08,292.57132,298.92874,288.08237,4.3967822e-05
2002-08-09,5.6668464e-06,289.95267,297.68903,287.15027,3.141613e-05
2002-08-10,6.4368665e-05,290.41403,294.21548,287.33505,2.634704e-05
2002-08-11,0.00027694268,289.24863,292.36206,288.47473,1.9699914e-05
2002-08-12,0.00052286644,289.20792,292.97208,287.2106,2.0833333e-05
2002-08-13,2.987555e-05,291.40054,298.8626,286.45447,4.1245454e-05
2002-08-14,1.768996e-06,291.55807,299.1312,281.767,4.236067e-05
2002-08-15,0.0,292.10626,299.3473,283.96097,4.342483e-05
2002-08-16,3.0012604e-08,292.52136,300.43027,285.39368,4.1996424e-05
2002-08-17,1.3421624e-06,292.28247,300.58612,286.8976,3.3371176e-05
2002-08-18,1.0822142e-05,292.7051,300.57254,285.99966,4.585774e-05
2002-08-19,2.6144442e-05,292.70004,300.09338,287.75397,3.9482147e-05
2002-08-20,1.0358056e-05,292.46588,300.28928,287.08817,4.3622174e-05
2002-08-21,2.610474e-05,289.30533,295.10077,287.4231,1.9903342e-05
2002-08-22,0.00019628322,290.08142,294.63553,287.51077,2.6426926e-05
2002-08-23,3.7708487e-05,291.3254,299.01685,285.07007,3.9524046e-05
2002-08-24,0.0,292.48672,300.48163,286.41135,4.3008935e-05
2002-08-25,6.020173e-06,293.43054,300.40347,286.5993,4.2551485e-05
2002-08-26,5.8292835e-06,292.75098,300.2875,287.0723,3.7180467e-05
2002-08-27,0.00012087622,292.13165,296.6222,288.9452,2.5781337e-05
2002-08-28,2.7043932e-05,291.8672,297.54706,288.24515,3.0747273e-05
2002-08-29,5.9682585e-05,291.44144,295.7014,287.48764,2.6655493e-05
2002-08-30,6.505829e-05,292.54663,299.21918,288.4315,3.8224633e-05
2002-08-31,4.342685e-06,291.85126,300.02432,286.14764,4.029722e-05
2002-09-01,2.7176731e-05,291.46567,296.7967,288.89767,3.151808e-05
2002-09-02,1.0764059e-07,290.54593,297.0535,284.84198,3.5369703e-05
2002-09-03,6.2355803e-06,289.8776,295.34137,286.85284,2.9092904e-05
2002-09-04,1.6476664e-06,290.47006,296.6448,286.10886,2.803807e-05
2002-09-05,2.0350391e-05,290.15042,296.3395,284.81104,2.5049278e-05
2002-09-06,3.4050643e-06,289.27545,293.53943,287.00034,1.9105957e-05
2002-09-07,2.6649506e-05,288.63724,295.8127,284.5476,2.7864051e-05
2002-09-08,1.1562703e-06,289.86044,297.57547,284.24988,3.100622e-05
2002-09-09,4.634318e-06,290.52505,298.65854,284.95996,3.04855e-05
2002-09-10,3.0050323e-06,290.3643,298.79306,284.62067,3.1248084e-05
2002-09-11,4.6801033e-05,288.64258,292.8532,287.3554,1.7231188e-05
2002-09-12,4.0498387e-07,286.797,294.0393,283.51212,3.3351294e-05
2002-09-13,0.0,283.48584,291.87408,277.52408,2.8685843e-05
2002-09-14,0.0,284.40732,293.28284,277.8689,2.8741058e-05
2002-09-15,0.0,284.47363,291.26865,277.6701,2.4299246e-05
2002-09-16,3.2535945e-06,284.986,292.84268,277.13858,2.4063784e-05
2002-09-17,0.0,286.84586,294.66034,279.54684,3.2476997e-05
2002-09-18,0.0,287.64612,296.28928,280.36646,3.0752384e-05
2002-09-19,7.721604e-07,289.4275,296.2425,281.56488,2.1375788e-05
2002-09-20,0.0,290.55405,296.4661,285.46954,2.0727335e-05
2002-09-21,5.8480873e-05,287.2365,290.65884,285.86215,1.0997149e-05
2002-09-22,0.0001816629,285.2549,286.91907,284.739,1.2878099e-05
2002-09-23,5.9185488e-05,283.15143,285.196,282.11453,1.0397642e-05
2002-09-24,0.00030426547,282.82797,284.29715,281.62015,1.0378156e-05
2002-09-25,0.00017200768,282.01978,283.4321,281.43567,1.0113018e-05
2002-09-26,8.229576e-05,282.47888,287.88043,277.90787,1.9873753e-05
2002-09-27,1.937338e-06,283.5416,290.71664,278.3347,1.7617174e-05
2002-09-28,0.0,282.09573,287.9643,276.99332,1.6675656e-05
2002-09-29,0.0,281.57516,289.98834,278.25836,2.0699645e-05
2002-09-30,0.0,281.01273,290.40244,276.2542,2.0650652e-05
2002-10-01,0.0,281.41806,290.46417,274.63632,1.954897e-05
2002-10-02,0.0,282.84702,291.52902,275.48376,1.7509008e-05
2002-10-03,0.0,284.17764,291.02896,276.91125,1.5058802e-05
2002-10-04,0.0,284.73755,289.7063,278.61707,1.1574074e-05
2002-10-05,1.6732741e-06,284.16476,288.9053,281.41772,1.3005848e-05
2002-10-06,2.3240184e-06,283.9839,288.68225,281.12622,1.3784408e-05
2002-10-07,2.9532372e-05,282.64615,288.3429,279.44305,1.7213242e-05
2002-10-08,4.793862e-06,280.76538,286.791,278.50516,1.34220945e-05
2002-10-09,3.8077895e-05,280.9935,282.36295,278.32574,7.035858e-06
2002-10-10,1.3782711e-05,282.60626,284.1461,280.6729,8.101852e-06
2002-10-11,0.0002145792,283.7082,284.3165,282.37643,6.7725737e-06
2002-10-12,0.00034727936,282.3002,283.90295,281.79758,6.7646665e-06
2002-10-13,6.7525565e-05,281.39743,285.02115,280.4148,9.466597e-06
2002-10-14,0.0,282.21786,288.67737,278.67703,1.35473865e-05
2002-10-15,0.0,285.60477,291.1483,279.4504,1.3888889e-05
2002-10-16,4.9059063e-06,288.56345,291.83264,284.4592,1.3822624e-05
2002-10-17,3.1404984e-06,289.95703,291.95724,288.17215,1.6355307e-05
2002-10-18,6.209313e-05,282.56622,290.4148,280.13278,1.2803775e-05
2002-10-19,0.00011755433,279.64575,285.83295,276.58142,1.0073313e-05
2002-10-20,1.6100604e-06,280.0098,286.03024,275.4567,9.391824e-06
2002-10-21,0.0,284.84415,289.67978,275.75665,1.6494574e-05
2002-10-22,0.0001971186,286.56158,289.6801,284.40378,9.259259e-06
2002-10-23,0.0002625049,286.109,291.48022,284.13358,1.24126145e-05
2002-10-24,0.0003112725,280.68863,287.208,277.79706,9.646812e-06
2002-10-25,1.7113069e-05,283.9158,287.34787,277.36536,1.2706015e-05
2002-10-26,6.7570284e-07,284.88358,290.64902,281.70547,1.3752578e-05
2002-10-27,0.0,285.79233,291.07712,278.79285,1.3909337e-05
2002-10-28,0.0,281.591,290.39258,276.9539,1.6372354e-05
2002-10-29,0.0,279.54565,287.9909,271.7051,9.219527e-06
2002-10-30,0.0,281.8712,289.61023,277.46405,1.593384e-05
2002-10-31,1.4948903e-06,282.04544,285.24792,277.66904,6.9444445e-06
2002-11-01,0.0,282.89374,290.115,278.70377,9.9219415e-06
2002-11-02,0.0,282.8568,287.02817,278.45825,9.259259e-06
2002-11-03,0.0,281.06012,283.6438,276.5537,5.787037e-06
2002-11-04,0.00023221306,280.95358,284.0885,279.46765,6.4137976e-06
2002-11-05,1.7590786e-06,278.00378,283.69916,275.79913,8.536554e-06
2002-11-06,2.7732112e-06,272.8347,276.4023,271.9213,7.3781857e-06
2002-11-07,0.0,272.80945,278.38913,270.47443,6.9444445e-06
2002-11-08,0.0,274.03162,280.41522,269.7704,6.6155885e-06
2002-11-09,0.0,276.27878,280.8266,269.62482,6.8719546e-06
2002-11-10,0.0,277.64838,285.57208,271.1337,8.322152e-06
2002-11-11,1.2550958e-06,280.94083,286.21786,273.23962,8.5823895e-06
2002-11-12,0.0,280.93237,287.73068,273.1767,6.9444445e-06
2002-11-13,3.0107187e-05,282.76074,284.95212,279.24625,5.4833463e-06
2002-11-14,0.00010183825,287.9092,290.70834,283.57584,1.2028468e-05
2002-11-15,0.0,289.2518,292.3896,285.9932,1.2772988e-05
2002-11-16,0.0,290.1019,293.24057,286.02728,1.4847774e-05
2002-11-17,1.5535426e-07,284.9628,290.5312,281.08456,9.28626e-06
2002-11-18,0.00024030759,284.2431,286.04184,282.81305,5.5004275e-06
2002-11-19,0.00017389563,282.0298,285.73694,280.543,6.6644993e-06
2002-11-20,2.2953378e-05,282.13406,287.03403,278.08463,8.3786645e-06
2002-11-21,4.704309e-06,283.76852,287.31082,280.5939,6.051726e-06
2002-11-22,0.00015992207,281.99042,284.79126,280.98596,5.787037e-06
2002-11-23,0.00021918362,280.3308,285.84033,277.0902,4.6296295e-06
2002-11-24,1.5502396e-06,282.78107,286.89688,278.5724,5.707485e-06
2002-11-25,2.4749306e-05,284.84772,287.03656,281.0949,5.9027084e-06
2002-11-26,3.2034538e-06,285.13458,287.74982,283.02737,4.6296295e-06
2002-11-27,1.7610322e-06,282.05118,285.5881,280.00296,4.6296295e-06
2002-11-28,0.0,281.23578,283.62177,279.15042,4.1015865e-06
2002-11-29,7.485439e-06,282.6297,284.96802,280.0398,4.6296295e-06
2002-11-30,0.00019506419,280.25577,282.93655,278.81796,4.5861693e-06
2002-12-01,2.476524e-05,279.0453,281.26785,277.3536,3.6422302e-06
2002-12-02,1.9934294e-06,277.34445,279.6433,275.7209,4.5990923e-06
2002-12-03,0.00012615995,274.9105,276.3377,273.91782,2.9838282e-06
2002-12-04,6.746978e-06,278.7726,279.8646,274.84174,4.6994596e-06
2002-12-05,3.9730403e-05,279.56998,280.20734,278.52637,5.4325756e-06
2002-12-06,7.362266e-05,278.08618,279.85846,277.45987,5.2484975e-06
2002-12-07,1.8847344e-05,276.3967,278.46356,275.40192,6.3780526e-06
2002-12-08,0.0,272.68375,275.50916,271.80023,7.025297e-06
2002-12-09,5.2488886e-06,269.8361,272.1498,268.8307,7.066941e-06
2002-12-10,5.5731994e-06,266.76718,268.93958,266.2756,4.5318593e-06
2002-12-11,0.0,267.84036,268.63022,265.0842,2.2568663e-06
2002-12-12,1.4836249e-05,269.16595,269.68054,267.63248,2.3052664e-06
2002-12-13,3.963961e-06,271.83698,273.08514,269.45605,2.3148148e-06
2002-12-14,2.8161652e-05,272.22208,272.91714,271.2393,2.6058665e-06
2002-12-15,0.0,272.15778,272.87296,271.8901,3.3691788e-06
2002-12-16,5.0675284e-05,272.6423,273.9955,271.23486,2.3148148e-06
2002-12-17,6.5927516e-06,273.35516,274.84195,272.73538,2.3718992e-06
2002-12-18,1.5440854e-05,274.2713,275.62607,273.2163,3.3141894e-06
2002-12-19,3.8186704e-06,272.92288,275.17743,271.43875,2.3868145e-06
2002-12-20,0.0,271.22043,275.11676,268.66034,2.3148148e-06
2002-12-21,0.0,273.29544,276.40784,268.4311,3.5084013e-06
2002-12-22,0.0,276.2098,278.8763,270.29074,3.735368e-06
2002-12-23,3.793069e-06,277.75604,282.187,274.82358,4.371375e-06
2002-12-24,2.7374037e-06,273.93103,277.20673,272.906,3.6173433e-06
2002-12-25,9.894515e-07,271.52072,272.86835,271.25345,4.740967e-06
2002-12-26,0.0,271.7734,272.81924,271.2281,4.4122785e-06
2002-12-27,1.6772864e-06,277.24426,279.56152,271.6874,4.6296295e-06
2002-12-28,2.2363072e-05,281.53806,284.14368,278.72293,4.217284e-06
2002-12-29,7.258916e-05,279.93994,283.66028,278.25998,3.5711168e-06
2002-12-30,0.0,279.97586,282.6976,276.81567,5.3736085e-06
2002-12-31,2.3650962e-05,279.6945,282.29282,278.07632,4.7587646e-06
2003-01-01,9.801301e-05,273.64856,278.70624,272.66293,4.7000817e-06
2003-01-02,0.0,278.5681,282.00626,270.94052,5.217327e-06
2003-01-03,8.223424e-05,277.99493,284.10382,274.67804,2.9781252e-06
2003-01-04,0.0,278.3517,283.07874,273.68356,4.560506e-06
2003-01-05,1.3622531e-05,273.57114,278.66058,271.35855,2.9949342e-06
2003-01-06,0.00012800144,270.2573,272.58807,268.91647,2.518506e-06
2003-01-07,0.00013865772,267.58737,270.55,266.97983,2.5868417e-06
2003-01-08,3.9810064e-05,265.08447,267.8471,259.73877,1.3442382e-06
2003-01-09,7.1861235e-05,264.49304,266.34747,263.99292,2.2614431e-06
2003-01-10,5.693166e-05,265.62573,268.44418,263.7655,3.4410964e-06
2003-01-11,1.7258546e-05,263.51764,268.9963,261.0196,1.996106e-06
2003-01-12,0.0,257.78094,266.98196,254.55112,1.4977485e-06
2003-01-13,0.0,261.3745,266.19687,251.84944,2.5194154e-07
2003-01-14,0.0,267.60257,274.54172,261.26227,1.5366716e-06
2003-01-15,0.0,269.62152,276.90063,265.06528,1.298913e-06
2003-01-16,0.0,270.02,274.73544,263.29486,2.3148148e-06
2003-01-17,0.0,269.15936,274.42957,265.0042,2.3148148e-06
2003-01-18,0.0,269.9946,273.0634,265.09714,1.5205853e-06
2003-01-19,0.0,267.823,273.7681,263.70206,1.4120033e-06
2003-01-20,0.0,267.6146,273.35632,263.22214,2.3148148e-06
2003-01-21,0.0,273.06357,274.44937,264.83585,2.3148148e-06
2003-01-22,0.00018545127,275.0034,277.32678,273.81976,3.4722223e-06
2003-01-23,2.1710952e-05,274.85883,278.12653,273.00214,2.617277e-06
2003-01-24,0.0,275.22757,277.75903,271.77124,3.4481875e-06
2003-01-25,1.1030966e-06,275.23447,278.0034,272.36572,5.0374674e-06
2003-01-26,1.6082574e-06,274.74518,279.7085,270.34875,5.5848095e-06
2003-01-27,0.0,272.71365,276.48132,269.56616,3.6289218e-06
2003-01-28,0.0,275.56476,280.76166,270.424,3.6734734e-06
2003-01-29,0.0,272.50244,278.47745,269.583,3.922343e-06
2003-01-30,0.0,272.81845,278.27985,266.0877,6.0425546e-06
2003-01-31,1.3718673e-05,273.25702,277.49014,270.454,5.3781923e-06
2003-02-01,1.0012182e-08,270.6299,275.84103,267.27887,8.855411e-06
2003-02-02,0.0,267.06003,272.38263,264.02792,3.428762e-06
2003-02-03,0.0,271.85638,276.09708,262.64627,8.101852e-06
2003-02-04,0.00026370463,273.71384,275.43262,272.37894,4.05918e-06
2003-02-05,0.0002060226,272.17447,278.03278,269.05585,8.477273e-06
2003-02-06,0.0,270.23196,278.0275,263.14868,5.1555403e-06
2003-02-07,0.0,268.7318,276.19165,260.96878,4.603293e-06
2003-02-08,0.0,271.08813,274.59628,267.69598,5.4375714e-06
2003-02-09,1.6608106e-05,271.07233,273.41113,269.24756,4.5616034e-06
2003-02-10,0.0,270.87036,272.93542,268.91922,4.56968e-06
2003-02-11,0.0,270.80884,272.82153,269.26337,5.478655e-06
2003-02-12,8.539378e-07,269.1502,272.9636,262.92618,6.3122034e-06
2003-02-13,5.3380535e-07,267.6036,272.18137,261.80396,5.6222507e-06
2003-02-14,1.3971355e-06,265.57468,272.8393,262.24835,4.9693535e-06
2003-02-15,0.0,267.9012,273.85614,258.51138,6.0531133e-06
2003-02-16,5.505047e-07,270.4535,272.95883,267.55038,6.6016833e-06
2003-02-17,1.3619112e-05,268.37155,272.83005,266.3386,6.715491e-06
2003-02-18,2.3542917e-07,266.83163,275.29752,260.5262,5.522414e-06
2003-02-19,0.0,267.08667,274.30316,259.93658,6.3402113e-06
2003-02-20,0.0,268.53452,277.53772,261.54596,6.5902946e-06
2003-02-21,0.0,271.84744,276.81244,264.28976,7.4610043e-06
2003-02-22,0.0,273.13858,274.50815,271.44562,7.553998e-06
2003-02-23,0.0,270.0089,277.7906,264.71936,8.3147725e-06
2003-02-24,0.0,269.57657,280.55542,262.34286,7.752459e-06
2003-02-25,0.0,270.85205,280.74557,263.84454,1.0219436e-05
2003-02-26,0.0,273.01523,283.00272,263.32462,1.0642662e-05
2003-02-27,0.0,274.77725,282.89194,267.64212,1.3736345e-05
2003-02-28,0.0,276.09033,285.5514,268.7303,1.1319241e-05
2003-03-01,0.0,275.6668,285.42447,269.15045,1.3693917e-05
2003-03-02,0.0,277.32642,283.5619,270.90833,1.0333273e-05
2003-03-03,0.0,277.47687,282.73047,273.8936,1.1099349e-05
2003-03-04,0.0,277.8624,284.80295,272.68222,1.5088626e-05
2003-03-05,0.0,277.53146,284.9729,273.98044,1.6092466e-05
2003-03-06,0.0,274.69113,277.7103,271.0179,6.334425e-06
2003-03-07,1.0253657e-05,274.9212,277.73392,273.4911,7.850411e-06
2003-03-08,1.1410923e-06,277.55725,284.8993,272.74194,1.4813665e-05
2003-03-09,0.0,278.79266,286.49515,270.70062,1.5403024e-05
2003-03-10,0.0,280.55157,291.8004,273.67023,1.8025628e-05
2003-03-11,0.0,280.52155,291.26093,271.5068,2.0410382e-05
2003-03-12,0.0,282.22397,288.18494,277.71967,1.8182374e-05
2003-03-13,8.3058485e-06,276.65244,285.04056,274.0631,1.7214164e-05
2003-03-14,8.568553e-07,274.9529,280.10324,269.967,1.448097e-05
2003-03-15,2.674015e-06,276.2303,279.73328,273.56976,1.8947989e-05
2003-03-16,0.0,277.29703,281.54736,272.18628,2.1576436e-05
2003-03-17,9.974981e-07,277.0432,286.18362,268.96085,2.1437574e-05
2003-03-18,0.0,276.9451,286.31577,270.04535,2.0820327e-05
2003-03-19,0.0,277.07098,287.3795,270.0739,2.1937369e-05
2003-03-20,0.0,281.18158,290.73877,270.16937,2.5369141e-05
2003-03-21,0.0,277.01086,283.14267,272.7729,1.8200537e-05
2003-03-22,0.0,273.7841,280.51636,268.99216,2.336881e-05
2003-03-23,0.0,273.61038,284.254,266.5987,2.146226e-05
2003-03-24,0.0,279.46265,292.36108,268.6487,3.1219482e-05
2003-03-25,0.0,281.20065,293.37112,270.9265,2.521592e-05
2003-03-26,0.0,282.43872,293.91306,273.125,3.108714e-05
2003-03-27,0.0,283.4496,293.66693,272.8147,2.8748751e-05
2003-03-28,0.0,283.1897,293.02603,273.95135,3.3744167e-05
2003-03-29,0.0,283.59152,290.93307,274.5841,2.77756e-05
2003-03-30,0.0,284.05875,293.403,279.5996,3.068998e-05
2003-03-31,2.216179e-06,282.9692,290.97995,275.93427,2.3148148e-05
2003-04-01,2.0676065e-05,278.96494,287.46875,273.51376,3.0063906e-05
2003-04-02,0.0,277.94193,284.41418,271.1514,1.6611959e-05
2003-04-03,0.00031817806,276.49283,278.13113,275.0358,9.188372e-06
2003-04-04,0.00010139985,277.85162,283.30435,275.49747,2.0607164e-05
2003-04-05,1.2359367e-07,279.94846,288.4604,271.70245,2.9923087e-05
2003-04-06,3.0690776e-06,275.19302,282.09027,272.44342,2.8782932e-05
2003-04-07,1.4982431e-05,274.15424,277.01373,269.67615,2.4692123e-05
2003-04-08,0.0,275.94955,283.64542,269.85254,3.2102358e-05
2003-04-09,2.4488706e-06,276.48172,282.15793,270.08765,2.3894218e-05
2003-04-10,5.0728277e-06,277.18018,280.98468,274.74762,1.0814874e-05
2003-04-11,0.00014363683,279.63602,283.1318,275.15283,1.4090179e-05
2003-04-12,8.724006e-06,277.75308,279.15018,277.08524,8.75989e-06
2003-04-13,0.00013106542,282.79584,290.27698,276.28333,3.1568896e-05
2003-04-14,0.0,282.5412,289.42853,273.92178,3.382716e-05
2003-04-15,0.0,282.95142,287.13745,280.1216,2.0431029e-05
2003-04-16,0.0,285.36407,292.98654,276.15265,4.1205123e-05
2003-04-17,0.0,284.64066,291.25864,275.7614,4.0974115e-05
2003-04-18,0.0,283.94928,291.0832,274.82242,4.0604256e-05
2003-04-19,0.0,282.63425,287.16687,277.6887,2.127559e-05
2003-04-20,0.0,284.76004,291.24707,277.50735,2.9919574e-05
2003-04-21,5.597775e-06,284.11908,290.42215,280.58954,2.9176459e-05
2003-04-22,0.0,284.28326,292.83215,276.32928,3.6242098e-05
2003-04-23,0.0,286.19992,293.66962,276.71292,3.9661045e-05
2003-04-24,1.16634105e-07,285.84235,293.08762,278.23947,3.9904826e-05
2003-04-25,0.0,286.88776,294.84286,276.97412,4.2384218e-05
2003-04-26,0.0,288.51062,295.49857,279.01276,4.978573e-05
2003-04-27,4.5475645e-05,285.07062,290.09286,283.2886,2.1505732e-05
2003-04-28,6.7331996e-05,286.49683,292.56393,278.07605,3.5594894e-05
2003-04-29,0.0,288.0209,293.72562,282.0689,4.242273e-05
2003-04-30,0.0,290.07724,296.28937,282.90332,4.1177147e-05
2003-05-01,2.0596501e-06,289.73013,296.87955,284.9613,4.374054e-05
2003-05-02,0.0,291.81714,299.09732,283.75302,4.9331968e-05
2003-05-03,0.0,288.54355,297.4032,283.38733,3.8839364e-05
2003-05-04,1.4918606e-06,287.3147,296.3632,277.96637,4.9725884e-05
2003-05-05,0.0,290.281,299.88757,278.20908,4.8697544e-05
2003-05-06,0.0,291.8046,303.75095,280.66882,5.4331365e-05
2003-05-07,0.0,292.4097,303.16348,280.49292,6.282798e-05
2003-05-08,0.0,293.3748,303.21686,283.71494,5.726641e-05
2003-05-09,0.0,291.69186,300.78152,284.33475,4.6766876e-05
2003-05-10,0.0,290.4773,295.2077,282.6924,3.4398094e-05
2003-05-11,4.256451e-06,291.08157,298.47665,286.0533,3.9351853e-05
2003-05-12,0.0,292.12317,301.08926,282.26334,5.0826624e-05
2003-05-13,0.0,291.26678,299.18384,282.5691,5.3383526e-05
2003-05-14,2.9815523e-05,282.21075,288.69275,279.92484,1.7554214e-05
2003-05-15,1.1903283e-05,283.44907,290.4268,279.09384,3.601145e-05
2003-05-16,0.0,284.47394,292.5539,274.74945,4.4510496e-05
2003-05-17,0.0,286.70367,295.3772,275.27887,4.4899945e-05
2003-05-18,0.0,289.41794,297.9196,278.38293,4.9818915e-05
2003-05-19,0.0,291.64523,299.87265,282.06815,5.9818267e-05
2003-05-20,4.734965e-06,283.8841,291.01715,281.70306,1.8939314e-05
2003-05-21,0.00040949418,283.90405,289.02118,281.59753,2.4954643e-05
2003-05-22,7.083104e-06,287.62946,294.39996,277.70737,5.3592732e-05
2003-05-23,0.0,288.3506,297.00803,278.35074,5.0910738e-05
2003-05-24,0.0,290.77585,298.1072,280.354,5.464608e-05
2003-05-25,0.0,292.05386,300.3202,283.22955,5.2605286e-05
2003-05-26,1.9748857e-06,292.20755,300.62595,284.5746,4.967602e-05
2003-05-27,9.7584285e-05,291.48953,299.41782,286.77618,4.3870314e-05
2003-05-28,1.7774792e-05,292.62277,300.53528,285.21616,5.1787185e-05
2003-05-29,1.8433084e-05,292.80878,299.7033,287.5592,5.3862248e-05
2003-05-30,1.6679855e-05,293.19806,299.854,285.84167,4.9948663e-05
2003-05-31,2.9440494e-06,293.64505,301.2263,285.77753,5.3254404e-05
2003-06-01,3.2039766e-06,291.6783,297.22168,287.49408,3.7762216e-05
2003-06-02,1.9861385e-05,289.57883,294.45773,285.01956,2.6520103e-05
2003-06-03,4.2014675e-05,292.77487,299.74915,285.2523,4.8554786e-05
2003-06-04,3.4520388e-06,294.41956,301.87173,285.917,5.8932277e-05
2003-06-05,0.0,296.3574,304.16742,286.8596,6.544534e-05
2003-06-06,0.0,296.09357,304.30157,286.63776,6.114447e-05
2003-06-07,1.0730041e-06,296.51096,303.73538,288.13895,6.19364e-05
2003-06-08,9.629215e-06,294.4996,303.01492,288.9282,4.6017234e-05
2003-06-09,2.7391093e-06,296.548,304.82614,286.6007,6.630743e-05
2003-06-10,2.903206e-05,297.47824,304.91772,290.08716,6.4279135e-05
2003-06-11,2.3763992e-06,298.8361,307.32397,289.36526,7.473446e-05
2003-06-12,6.3832954e-07,298.76932,306.21445,292.03748,6.1488805e-05
2003-06-13,2.620427e-06,297.86597,307.14526,290.30075,6.2791674e-05
2003-06-14,3.584453e-05,298.36057,303.84695,291.99548,6.6726796e-05
2003-06-15,4.6346726e-05,295.45038,302.56937,290.62857,5.6259938e-05
2003-06-16,2.3227676e-05,294.716,302.32855,289.64697,5.436532e-05
2003-06-17,5.564836e-05,295.17044,300.77844,289.0075,5.7211393e-05
2003-06-18,9.973884e-06,292.0406,296.92474,290.3908,2.7917891e-05
2003-06-19,3.3400378e-05,293.30023,300.41852,287.19345,5.0683535e-05
2003-06-20,0.0,295.4943,303.05396,285.61658,6.34331e-05
2003-06-21,4.5992947e-05,293.54956,299.32642,289.97922,4.906025e-05
2003-06-22,1.5746273e-06,296.4727,303.12134,289.27737,6.3286265e-05
2003-06-23,0.0,298.72968,305.75626,287.75314,8.0548816e-05
2003-06-24,0.0,296.61475,305.84964,291.07086,6.804216e-05
2003-06-25,1.3989274e-05,296.05902,305.41138,288.4593,6.0909108e-05
2003-06-26,9.11915e-06,293.38095,300.63132,289.24792,5.4496835e-05
2003-06-27,0.00011298212,292.79037,299.43527,288.35773,4.7548157e-05
2003-06-28,5.0966715e-05,294.2319,300.91864,288.4329,5.0692703e-05
2003-06-29,0.00022772775,291.87085,296.566,289.65366,2.7660335e-05
2003-06-30,1.0621054e-05,295.57922,302.0973,287.03418,6.314243e-05
2003-07-01,0.0,297.26544,302.8868,289.74487,6.717716e-05
2003-07-02,4.4237488e-05,290.88184,297.86517,287.58768,3.1020965e-05
2003-07-03,3.0283716e-06,290.5384,296.05875,287.31384,3.8701e-05
2003-07-04,0.00019963007,289.06525,294.2256,286.76523,3.2298765e-05
2003-07-05,3.7270176e-05,289.8338,297.5893,285.0985,4.8719783e-05
2003-07-06,1.7019785e-05,291.92477,299.28842,283.9584,4.8648526e-05
2003-07-07,2.407287e-06,292.5067,299.90634,285.03342,5.5906632e-05
2003-07-08,3.4651657e-06,293.25906,300.1761,285.05234,5.0641647e-05
2003-07-09,0.0,292.4004,300.67014,285.8305,4.8744238e-05
2003-07-10,4.2113086e-05,293.57886,299.93542,287.3922,4.8475886e-05
2003-07-11,7.1890113e-06,294.22366,299.69922,289.16095,5.3945376e-05
2003-07-12,0.0,295.4954,303.44778,287.76605,5.8463283e-05
2003-07-13,2.963046e-07,291.8004,296.74268,289.70813,3.7965216e-05
2003-07-14,2.7442096e-05,292.10962,298.09726,285.86435,5.1661227e-05
2003-07-15,0.0,295.1096,302.39886,286.83954,5.8542664e-05
2003-07-16,0.0,297.00467,304.0007,289.2824,6.1582214e-05
2003-07-17,7.7653995e-06,297.11053,305.96747,291.92245,6.4136955e-05
2003-07-18,8.01284e-05,295.76318,302.87357,288.94308,5.81205e-05
2003-07-19,0.0,295.7699,303.30255,285.2125,6.19199e-05
2003-07-20,0.0,296.42126,304.83017,286.6683,6.0996616e-05
2003-07-21,0.0,298.9842,307.8892,288.0337,6.507379e-05
2003-07-22,5.288814e-06,298.98138,307.4209,290.89014,7.2200775e-05
2003-07-23,1.5453736e-06,293.2135,300.66,290.22488,4.1099083e-05
2003-07-24,7.5587166e-05,294.15244,300.99756,287.85187,4.2539188e-05
2003-07-25,2.7927785e-05,295.541,302.13452,290.36914,5.6529025e-05
2003-07-26,0.0,297.40906,305.74237,287.3907,6.0693947e-05
2003-07-27,0.0,298.89505,307.99344,288.4932,6.636453e-05
2003-07-28,0.0,296.14417,305.0131,289.742,5.5489003e-05
2003-07-29,0.00025649488,292.89047,298.5104,289.57425,3.6183406e-05
2003-07-30,1.0020602e-06,292.84262,300.8815,283.66492,4.8488142e-05
2003-07-31,0.0,290.16693,293.97748,286.65488,2.2275313e-05
2003-08-01,9.498077e-05,293.84903,300.8785,289.3237,4.241601e-05
2003-08-02,1.9426461e-06,296.50903,303.95377,288.79044,5.94263e-05
2003-08-03,0.0,297.82388,306.0044,288.58932,5.9459584e-05
2003-08-04,0.0,298.795,308.34314,290.32202,6.1121515e-05
2003-08-05,0.0,299.3876,308.63388,290.76193,5.6427118e-05
2003-08-06,6.324658e-06,295.7726,306.2226,291.53928,4.6224555e-05
2003-08-07,5.3013002e-05,296.4051,303.63998,288.96655,5.1750707e-05
2003-08-08,0.0,297.1576,305.9716,288.0956,5.343725e-05
2003-08-09,0.0,296.74142,305.77054,287.93127,4.6138695e-05
2003-08-10,0.0,296.22763,307.0575,286.98483,4.907989e-05
2003-08-11,4.199717e-05,297.31796,305.4241,290.8689,5.816824e-05
2003-08-12,0.0,297.0147,305.7832,289.43845,5.056056e-05
2003-08-13,0.0,299.25912,310.2989,288.1509,6.47279e-05
2003-08-14,0.0,295.22476,307.5787,289.92236,6.592727e-05
2003-08-15,0.0002001368,294.5074,303.1778,288.84622,4.2342774e-05
2003-08-16,0.00016486495,295.39267,302.9941,289.0001,5.12302e-05
2003-08-17,0.0,297.95364,306.03958,289.88846,5.0147424e-05
2003-08-18,0.0,298.47742,307.1865,290.76437,6.381288e-05
2003-08-19,7.134537e-05,295.18073,303.7487,290.24863,4.5257886e-05
2003-08-20,2.4009138e-08,295.50342,302.72144,290.51718,5.0057686e-05
2003-08-21,1.1454077e-06,296.10822,304.49808,290.275,4.4981312e-05
2003-08-22,4.2641823e-06,296.77008,305.8898,288.5853,4.972237e-05
2003-08-23,0.0,297.37662,306.87704,289.7604,5.079711e-05
2003-08-24,7.2347905e-07,297.68158,305.13712,291.58966,4.835029e-05
2003-08-25,4.130297e-05,290.39612,296.68442,289.04483,2.2521028e-05
2003-08-26,5.1978062e-05,291.94977,301.0068,285.70895,4.2642998e-05
2003-08-27,0.0,294.04614,303.6134,284.62302,4.919838e-05
2003-08-28,0.0,296.57083,304.38107,287.37247,4.587471e-05
2003-08-29,0.0002150948,297.08362,302.7682,289.88928,4.565529e-05
2003-08-30,3.191465e-05,294.55075,301.38104,290.57788,4.1188803e-05
2003-08-31,6.3589345e-05,285.1851,294.44492,282.66064,1.6810478e-05
2003-09-01,0.0002621785,286.14676,292.0725,280.21414,2.88483e-05
2003-09-02,8.836969e-06,287.0124,292.18198,284.4703,2.8952536e-05
2003-09-03,5.347177e-06,284.70053,292.07303,278.2741,3.3531225e-05
2003-09-04,0.0,285.51984,295.1611,276.8621,3.484696e-05
2003-09-05,0.0,287.85925,297.10422,278.42606,3.5316298e-05
2003-09-06,0.0,289.7519,296.87073,280.33636,3.0841147e-05
2003-09-07,0.0,290.057,297.07172,284.65164,3.103549e-05
2003-09-08,0.0,287.79678,292.28564,283.06934,1.7223894e-05
2003-09-09,1.5782854e-05,287.26874,288.58807,286.28708,1.2751142e-05
2003-09-10,0.00023890664,288.2314,292.64987,286.15765,2.1605883e-05
2003-09-11,7.400835e-05,284.53067,294.6431,280.97424,2.895697e-05
2003-09-12,1.3065506e-05,287.11316,293.69995,279.69614,2.4518358e-05
2003-09-13,3.8003075e-06,287.8903,291.9146,284.5411,1.9782956e-05
2003-09-14,3.5658552e-06,288.20773,294.22293,284.10004,3.6458514e-05
2003-09-15,0.0,285.32098,293.91156,278.78604,3.1459578e-05
2003-09-16,0.0,285.72632,294.95654,277.65643,2.9648561e-05
2003-09-17,0.0,287.5482,297.54672,278.6166,2.9806435e-05
2003-09-18,0.0,288.95966,298.9283,280.41568,3.0213701e-05
2003-09-19,0.0,290.19055,299.99847,280.5101,3.438098e-05
2003-09-20,0.0,290.73334,300.09244,282.20154,3.1732583e-05
2003-09-21,0.0,290.4616,301.40875,282.60516,3.2407406e-05
2003-09-22,0.0,290.0724,300.3519,280.7166,3.6003e-05
2003-09-23,0.0,290.921,299.03326,283.02267,3.3076656e-05
2003-09-24,0.00025586347,285.58606,290.7054,284.09235,1.3693619e-05
2003-09-25,9.029906e-05,283.33606,290.7622,280.07266,2.7702246e-05
2003-09-26,0.0,282.8545,291.82465,276.33322,2.3479139e-05
2003-09-27,0.0,284.00592,293.78955,275.6857,2.267601e-05
2003-09-28,0.0,286.74384,293.93185,277.5863,2.2987566e-05
2003-09-29,2.242133e-05,285.49988,288.0192,283.76395,1.0416667e-05
2003-09-30,0.00025959563,285.2719,291.2918,281.7476,2.0651953e-05
2003-10-01,0.0,287.04288,291.31754,280.37546,1.620325e-05
2003-10-02,0.0,289.02203,294.97818,283.4032,1.9313824e-05
2003-10-03,2.4286962e-06,290.0826,294.9038,284.4665,1.5810012e-05
2003-10-04,0.00028685504,287.86575,290.58444,286.47787,1.1225597e-05
2003-10-05,0.00042986637,285.61386,290.4666,283.26904,2.0466407e-05
2003-10-06,0.0001127734,283.2677,289.08063,280.45258,1.738421e-05
2003-10-07,5.5624264e-06,283.80832,288.09436,277.26364,1.2261983e-05
2003-10-08,0.000117951575,281.6901,288.65195,278.96948,2.3395176e-05
2003-10-09,1.5913306e-06,282.55157,292.01303,276.9337,3.0325671e-05
2003-10-10,0.0,285.50034,293.46442,278.72842,2.3202874e-05
2003-10-11,0.0,285.23468,293.30893,279.21027,1.7325667e-05
2003-10-12,0.0,285.21472,290.7064,279.6912,1.5362977e-05
2003-10-13,0.0,283.07077,288.17007,281.5526,1.5854457e-05
2003-10-14,0.0,281.78262,285.07785,280.7181,1.9286143e-05
2003-10-15,0.0,277.79657,285.31406,273.20047,1.5867403e-05
2003-10-16,0.0,277.39038,283.85742,272.01877,1.6573358e-05
2003-10-17,0.0,275.55972,282.40125,271.2023,1.4624618e-05
2003-10-18,0.0,277.35675,282.68018,270.05515,1.1322775e-05
2003-10-19,0.0,278.48108,283.96204,275.34116,9.945676e-06
2003-10-20,1.926114e-06,282.7226,285.3392,276.7904,6.664718e-06
2003-10-21,0.0002503148,283.70566,288.05222,282.18088,8.087105e-06
2003-10-22,0.00023094036,278.60208,283.0625,278.1786,9.892701e-06
2003-10-23,1.7598337e-06,275.5124,279.1397,273.97235,4.9583327e-06
2003-10-24,0.00025321502,274.25192,274.74454,273.60733,6.9591338e-06
2003-10-25,1.7429837e-05,273.00693,277.27673,270.89206,6.918108e-06
2003-10-26,0.0,274.35364,280.51334,268.7711,7.2818893e-06
2003-10-27,2.7131387e-06,275.74475,282.19278,273.13297,1.0887254e-05
2003-10-28,2.668524e-06,274.14505,280.71088,271.06842,6.9009843e-06
2003-10-29,0.0,276.22797,278.82855,271.50012,5.787037e-06
2003-10-30,8.611913e-05,277.46393,280.21237,275.9353,5.128571e-06
2003-10-31,0.0001070769,281.02264,284.8525,273.86505,8.220331e-06
2003-11-01,3.250509e-05,286.8381,291.00778,283.4169,1.1458215e-05
2003-11-02,0.000269009,282.4564,285.95383,281.31482,6.925439e-06
2003-11-03,5.0645336e-05,280.76944,287.67673,276.56696,9.0907015e-06
2003-11-04,0.0,280.3081,288.2754,275.2446,7.717253e-06
2003-11-05,0.0,278.3686,285.205,276.62823,1.0354587e-05
2003-11-06,0.0,277.90363,282.55463,272.8569,7.968133e-06
2003-11-07,3.924497e-06,278.6201,280.28757,275.402,9.231192e-06
2003-11-08,3.6381705e-05,278.02588,279.16376,277.1449,5.6665863e-06
2003-11-09,2.9697769e-05,279.37003,281.97528,277.22583,5.467499e-06
2003-11-10,3.2187638e-06,278.23502,280.4796,277.7452,6.8240943e-06
2003-11-11,4.837934e-07,276.96533,278.89944,276.48892,1.1725025e-05
2003-11-12,0.0,275.80774,278.14578,275.07193,8.327953e-06
2003-11-13,0.0,275.06433,280.58334,271.043,3.1695463e-06
2003-11-14,0.0,275.4724,277.47336,272.5184,4.2806814e-06
2003-11-15,0.0,276.4607,283.36703,271.88443,4.6788327e-06
2003-11-16,0.0,281.3202,284.38,273.0904,6.9444445e-06
2003-11-17,4.1342762e-05,281.86823,285.48953,280.1854,6.41134e-06
2003-11-18,0.000110736044,279.91165,284.9181,276.84674,3.8139347e-06
2003-11-19,0.0,278.08603,286.29233,274.22647,5.562155e-06
2003-11-20,0.0,278.91962,284.64017,274.5683,5.7774623e-06
2003-11-21,0.0,279.17743,284.2992,275.6716,6.0519474e-06
2003-11-22,0.0,281.6654,285.90695,274.97498,7.575817e-06
2003-11-23,1.6516846e-06,284.6784,286.8054,282.28348,9.157023e-06
2003-11-24,1.0683653e-06,284.47726,287.99155,282.65765,8.273872e-06
2003-11-25,0.0,283.20532,287.36432,280.70596,5.347216e-06
2003-11-26,1.57764e-05,282.63696,284.00162,280.72864,4.6296295e-06
2003-11-27,0.00087513326,283.2914,287.10886,281.35266,6.095119e-06
2003-11-28,1.6876287e-05,280.83694,284.39633,279.0322,4.6106047e-06
2003-11-29,0.00011966963,279.80426,280.92712,277.62317,4.558816e-06
2003-11-30,3.4134468e-05,278.19162,281.45343,276.6809,3.6162792e-06
2003-12-01,0.0,277.53983,279.34384,274.87567,3.4722223e-06
2003-12-02,0.0,278.61212,283.36728,275.39804,2.3148148e-06
2003-12-03,0.0,276.16345,279.96948,274.36807,3.4135903e-06
2003-12-04,0.0,276.19922,278.06873,273.9436,3.4722223e-06
2003-12-05,0.0,277.5157,283.00272,273.82733,2.3148148e-06
2003-12-06,0.0,278.6914,282.80234,273.29367,6.9444445e-06
2003-12-07,9.910318e-07,273.31796,279.8562,270.35025,1.0437984e-05
2003-12-08,0.0,269.8617,275.75983,266.5902,8.737059e-07
2003-12-09,0.0,269.87366,276.1568,264.83716,8.558246e-07
2003-12-10,0.0,271.71185,273.47787,268.0692,2.8513032e-06
2003-12-11,1.1254356e-05,273.48514,274.88297,271.56808,3.4722223e-06
2003-12-12,5.3189022e-05,276.79025,282.2754,273.8141,2.3148148e-06
2003-12-13,0.0,274.00427,276.96997,272.6639,1.8918995e-06
2003-12-14,0.0,276.2888,279.91815,272.61096,3.7543527e-06
2003-12-15,0.0,273.62534,279.81354,270.70544,6.9009843e-06
2003-12-16,0.0,273.58218,279.36496,269.6447,1.4542896e-05
2003-12-17,0.0,271.9273,276.6317,268.7026,2.3148148e-06
2003-12-18,0.0,271.3841,279.1765,266.4125,3.88734e-07
2003-12-19,0.0,273.3864,279.25934,267.09695,2.5461386e-06
2003-12-20,0.0,272.71625,280.6423,267.72122,7.8437773e-07
2003-12-21,0.0,278.3697,281.23428,270.00244,5.7818665e-06
2003-12-22,0.00036853008,274.6755,279.2627,273.60916,2.2713546e-06
2003-12-23,3.178175e-05,270.78766,275.18817,268.20624,7.0156916e-06
2003-12-24,0.0,267.30792,274.36053,263.61737,4.9460036e-06
2003-12-25,0.0,264.97928,271.5069,260.5124,1.1574074e-06
2003-12-26,0.0,266.8135,272.33658,262.3484,1.1574074e-06
2003-12-27,0.0,273.38498,279.4155,262.78424,3.3501778e-06
2003-12-28,4.017664e-06,277.78906,281.07654,274.46426,4.579968e-06
2003-12-29,6.51681e-05,276.84818,278.6646,275.8281,3.5430253e-06
2003-12-30,0.00031195252,276.08136,277.26285,275.44333,3.6261395e-06
2003-12-31,0.00028850744,275.6599,277.44308,274.9298,3.962976e-06
2004-01-01,9.7549244e-05,274.28378,276.19415,273.70627,3.848148e-06
2004-01-02,1.6263474e-06,272.21667,274.45773,271.91162,5.5211794e-06
2004-01-03,6.620982e-08,269.90656,272.40094,269.0596,6.9818047e-06
2004-01-04,0.0,267.41132,269.90445,266.59805,3.350052e-06
2004-01-05,0.0,269.4577,275.0437,262.99292,2.3148148e-06
2004-01-06,0.0,268.97983,271.33142,267.66843,3.598203e-06
2004-01-07,0.0,270.40128,275.1527,267.42123,3.4626476e-06
2004-01-08,0.0,271.88235,275.0459,265.41504,2.3148148e-06
2004-01-09,1.3449523e-05,273.71835,274.8389,272.61307,3.4722223e-06
2004-01-10,3.9803985e-05,273.8428,276.2934,271.55826,2.518506e-06
2004-01-11,3.1809736e-06,273.17163,275.70715,267.8794,2.428758e-06
2004-01-12,0.0,276.31522,279.36288,270.49997,3.5759995e-06
2004-01-13,5.2267096e-05,277.21097,280.25443,274.8626,4.7152553e-06
2004-01-14,0.0,278.20456,283.8626,274.22522,6.020362e-06
2004-01-15,9.865764e-05,275.1607,278.09558,273.13104,4.5762577e-06
2004-01-16,9.011822e-07,274.42877,279.3217,268.4229,4.6633395e-06
2004-01-17,3.476701e-05,275.7941,280.24356,273.58163,4.5535485e-06
2004-01-18,0.0004486385,273.50858,274.3316,272.74103,3.3502658e-06
2004-01-19,0.0001529733,272.94302,275.10294,271.74292,2.655465e-06
2004-01-20,0.0,273.23343,277.64035,270.6513,3.4722223e-06
2004-01-21,0.0,270.70496,275.09576,268.4121,3.4123343e-06
2004-01-22,0.0,267.36417,272.32138,263.70114,2.5162697e-06
2004-01-23,1.3236606e-06,264.81308,270.76743,260.77356,2.707549e-06
2004-01-24,0.0,263.68073,271.7641,257.88254,2.3148148e-06
2004-01-25,0.0,268.49243,272.6855,261.30954,2.3148148e-06
2004-01-26,1.51858e-06,269.67612,272.26843,263.57703,2.3148148e-06
2004-01-27,6.6485986e-06,272.73825,275.366,269.5731,2.4131803e-06
2004-01-28,8.780446e-05,271.88766,274.88315,271.0833,2.7368392e-06
2004-01-29,0.0,268.9702,273.68115,266.32794,2.8533061e-06
2004-01-30,0.0,266.2335,274.97546,260.16992,2.7792935e-06
2004-01-31,0.0,272.2903,278.13162,261.53503,5.031314e-06
2004-02-01,0.0,273.173,279.2773,271.3975,5.9863823e-06
2004-02-02,0.0,272.71823,278.783,267.654,5.1252937e-06
2004-02-03,0.0,275.6192,284.22818,269.79718,6.317247e-06
2004-02-04,0.0,275.24112,281.96826,271.98965,6.026118e-06
2004-02-05,0.0,276.63583,288.05405,270.69235,1.2143316e-05
2004-02-06,0.0,276.51248,285.48477,270.62598,7.752603e-06
2004-02-07,0.0,277.9582,281.27347,272.91223,6.9444445e-06
2004-02-08,2.7254668e-05,275.8086,281.12558,273.0479,6.068613e-06
2004-02-09,0.0,276.35837,281.51752,271.78638,1.8177268e-05
2004-02-10,0.0,273.84875,279.85864,268.44223,9.126014e-06
2004-02-11,0.0,278.21805,284.44247,271.51187,1.738997e-05
2004-02-12,1.5972226e-05,269.5077,280.28006,268.09995,5.7488055e-06
2004-02-13,1.969569e-05,270.59805,274.55038,266.22073,5.787037e-06
2004-02-14,0.0,273.60443,281.55255,266.07312,6.802811e-06
2004-02-15,0.0,275.12024,283.64264,268.46936,8.795446e-06
2004-02-16,0.0,274.94373,281.7178,269.89456,9.449374e-06
2004-02-17,0.0,273.49127,280.94205,268.6865,8.559167e-06
2004-02-18,0.0,275.2238,281.33633,266.92282,9.893186e-06
2004-02-19,4.2107265e-05,273.68616,277.43472,273.1387,7.1623253e-06
2004-02-20,3.2933738e-06,273.00497,274.32657,272.6727,7.890555e-06
2004-02-21,3.0341283e-07,271.17352,274.06055,271.37903,6.748237e-06
2004-02-22,0.00010427521,273.40472,274.16693,271.05188,4.6296295e-06
2004-02-23,0.00013530148,274.42822,277.15332,273.6085,4.4112803e-06
2004-02-24,0.00049319986,271.83035,274.0261,271.35748,5.250143e-06
2004-02-25,6.3475374e-05,270.9947,274.88107,264.91614,5.753388e-06
2004-02-26,6.515413e-06,272.52115,274.32477,271.11826,4.6296295e-06
2004-02-27,0.00019656305,272.99466,274.4805,272.17404,5.399841e-06
2004-02-28,0.00014266586,272.10648,273.77295,269.5232,4.620081e-06
2004-02-29,3.120762e-05,272.29614,275.23883,270.2016,6.012642e-06
2004-03-01,6.7783056e-08,269.66974,276.69104,264.51804,9.057031e-06
2004-03-02,0.0,268.23288,275.57758,261.23636,7.3980796e-06
2004-03-03,0.0,270.4661,279.22418,263.03464,8.034396e-06
2004-03-04,0.0,272.95267,277.25397,265.46506,8.207412e-06
2004-03-05,0.0,271.5852,275.0101,270.2694,9.888556e-06
2004-03-06,0.0,271.53122,275.47705,268.10284,1.0008963e-05
2004-03-07,5.5062455e-06,271.65698,273.6472,269.85898,4.6106047e-06
2004-03-08,0.00022869765,272.65375,274.27274,271.12906,6.1873698e-06
2004-03-09,2.7620708e-05,273.5561,278.02887,271.79187,8.7341405e-06
2004-03-10,0.0,272.59576,278.0585,267.839,1.1449998e-05
2004-03-11,5.1931033e-07,273.98737,276.8092,269.9154,7.913394e-06
2004-03-12,0.0,274.98187,279.4614,272.15198,8.002029e-06
2004-03-13,0.0,277.00363,282.1755,271.40366,1.1530614e-05
2004-03-14,0.0,278.5768,283.37152,275.13388,1.0416667e-05
2004-03-15,1.2831182e-06,279.41156,286.85794,272.636,1.607641e-05
2004-03-16,0.0,279.40002,289.35208,271.52286,1.7334938e-05
2004-03-17,0.0,281.38724,291.9305,272.76666,2.1485837e-05
2004-03-18,0.0,282.5322,294.61563,272.68,2.859271e-05
2004-03-19,0.0,283.8827,294.38788,273.67978,2.84073e-05
2004-03-20,0.0,283.19406,290.21283,278.44077,2.1830487e-05
2004-03-21,0.0,283.51276,286.36847,281.31085,1.7393153e-05
2004-03-22,5.651234e-05,277.06442,282.73352,274.5036,9.76245e-06
2004-03-23,0.0004166039,275.43167,277.20233,274.0713,8.7029175e-06
2004-03-24,0.00014581817,275.777,276.66324,274.80945,8.101852e-06
2004-03-25,0.000121170706,278.86792,282.30545,274.7854,1.558464e-05
2004-03-26,5.201219e-06,275.42917,278.4921,274.7768,8.962443e-06
2004-03-27,3.2064127e-05,275.3284,279.11154,272.78745,1.6256057e-05
2004-03-28,0.0,277.2781,284.43845,271.15274,2.2030097e-05
2004-03-29,0.0,278.47623,285.3061,272.7415,2.1013706e-05
2004-03-30,0.0,278.03247,283.4398,272.35,2.0066604e-05
2004-03-31,0.0,280.5165,287.25183,273.00214,2.426196e-05
2004-04-01,0.0,283.41397,288.4053,278.86188,1.8013847e-05
2004-04-02,0.0,283.78433,289.25073,280.6671,2.151112e-05
2004-04-03,0.0,284.81876,294.25595,276.05682,3.324087e-05
2004-04-04,0.0,285.16876,293.05963,276.57413,3.2334803e-05
2004-04-05,0.0,281.64816,286.6291,279.4808,1.4039466e-05
2004-04-06,0.00032371556,275.82047,280.63947,274.8751,8.101852e-06
2004-04-07,0.00054077205,274.81927,279.9174,273.51456,1.1428141e-05
2004-04-08,7.13953e-05,277.8231,285.33987,272.846,1.9287774e-05
2004-04-09,1.8270671e-06,277.46887,281.0708,274.26358,1.07046635e-05
2004-04-10,0.00014777064,278.44684,280.39304,276.03723,8.623655e-06
2004-04-11,3.7198986e-06,282.6408,289.1043,277.3296,3.066282e-05
2004-04-12,0.0,280.26007,284.6,276.84314,2.2471368e-05
2004-04-13,3.0629995e-05,279.9871,284.1091,277.36478,1.3189991e-05
2004-04-14,1.5671943e-05,280.77597,283.61835,278.22528,1.7245722e-05
2004-04-15,1.6257839e-06,281.18167,284.87253,275.97617,1.5586002e-05
2004-04-16,1.6486672e-06,282.51825,286.60214,277.63156,1.9404699e-05
2004-04-17,3.0264962e-05,283.3549,287.05682,280.4406,1.8485973e-05
2004-04-18,1.1695936e-06,283.99994,289.74158,279.29892,2.0952064e-05
2004-04-19,8.5121224e-05,283.32266,287.17096,281.8214,1.7089322e-05
2004-04-20,0.000114200746,283.11786,287.08255,280.8894,2.1592166e-05
2004-04-21,5.85412e-07,285.61673,293.04135,280.68008,3.520492e-05
2004-04-22,0.0,287.7657,296.67743,277.23447,4.2815693e-05
2004-04-23,0.0,287.9385,295.98474,281.5791,3.796119e-05
2004-04-24,1.7678445e-05,283.64822,290.6161,282.06146,1.596581e-05
2004-04-25,0.00013508684,282.5658,288.5087,276.8999,2.9138093e-05
2004-04-26,0.0,283.24982,287.44547,278.86026,2.0490563e-05
2004-04-27,0.0,283.04807,289.14148,276.4732,2.3882272e-05
2004-04-28,0.0,286.48267,295.1529,276.50278,4.0338273e-05
2004-04-29,0.0,285.86057,293.0366,280.06647,3.587004e-05
2004-04-30,1.4242439e-06,285.63818,290.73322,279.4663,2.3591378e-05
2004-05-01,3.2655185e-05,285.8865,291.90726,283.40955,2.4307781e-05
2004-05-02,9.500293e-06,286.41302,293.9369,279.80505,4.1228846e-05
2004-05-03,3.5516157e-06,285.85373,291.37653,279.37808,2.6119722e-05
2004-05-04,9.2730545e-07,283.81122,288.04337,280.84763,1.205597e-05
2004-05-05,0.0001807374,284.4518,287.20618,281.28864,1.3856317e-05
2004-05-06,0.00030966787,283.36087,289.0718,280.90833,3.1840562e-05
2004-05-07,5.0912608e-05,280.00415,285.22324,276.94965,1.5636762e-05
2004-05-08,0.00014460541,280.72742,285.49026,278.05927,2.6371361e-05
2004-05-09,2.4800229e-05,282.90997,288.77298,276.29245,2.8328084e-05
2004-05-10,8.451314e-06,284.39752,290.86575,278.06903,3.3705066e-05
2004-05-11,0.0,286.0634,294.28598,277.13855,4.3060194e-05
2004-05-12,0.0,286.13605,293.56808,279.74963,3.510966e-05
2004-05-13,4.9913517e-05,285.1397,288.47675,283.058,2.0749094e-05
2004-05-14,1.674515e-05,286.256,292.42892,279.5869,4.1612344e-05
2004-05-15,0.0,286.6075,293.2561,277.2308,4.286772e-05
2004-05-16,0.0,286.7557,291.62952,281.70984,4.387442e-05
2004-05-17,3.092787e-06,284.6643,289.16443,280.5685,2.6346257e-05
2004-05-18,0.0,287.92734,295.57883,280.069,4.925885e-05
2004-05-19,0.0,289.50946,297.85434,281.00375,4.3892833e-05
2004-05-20,2.371238e-08,291.77908,300.60577,281.3959,5.8237234e-05
2004-05-21,0.0,290.61337,298.14072,282.75696,5.7594003e-05
2004-05-22,0.0,284.57764,293.31708,280.9112,2.3986171e-05
2004-05-23,0.0005013598,282.59543,288.10977,279.2848,3.0944266e-05
2004-05-24,7.1050176e-06,283.2819,289.9305,274.90173,4.2753352e-05
2004-05-25,0.0,285.91553,293.79712,275.3936,4.6997466e-05
2004-05-26,0.0,287.6725,296.1262,277.0644,5.1861905e-05
2004-05-27,0.0,288.7949,296.5102,278.60074,4.941884e-05
2004-05-28,2.2738827e-06,284.21207,289.36987,282.81714,1.763305e-05
2004-05-29,7.9392e-05,286.05325,289.53796,281.84418,2.4284991e-05
2004-05-30,0.0,289.1559,295.20813,281.8881,5.2079275e-05
2004-05-31,0.0,289.86182,297.8728,279.68344,5.0863382e-05
2004-06-01,5.3609474e-06,287.59738,293.3347,284.7681,2.4276138e-05
2004-06-02,5.176593e-05,286.68674,293.7153,284.86142,3.1072457e-05
2004-06-03,5.545866e-05,288.1792,293.58966,282.35617,3.6804377e-05
2004-06-04,0.0,287.7652,291.37283,283.31647,2.4231413e-05
2004-06-05,5.6754866e-06,286.6137,289.2565,284.9879,1.7361112e-05
2004-06-06,4.1840034e-05,288.06387,293.3347,284.4982,3.350134e-05
2004-06-07,0.0,290.60925,297.85684,281.36838,5.4782664e-05
2004-06-08,0.0,292.82672,301.06668,282.9628,5.7386856e-05
2004-06-09,5.7067896e-06,295.20718,303.77994,284.15167,6.154195e-05
2004-06-10,0.0,295.97577,304.5782,287.21478,6.248866e-05
2004-06-11,8.4336825e-06,295.7192,302.46664,289.25925,5.8994425e-05
2004-06-12,2.4635181e-08,291.94504,298.51782,288.70624,4.460556e-05
2004-06-13,0.00047087265,284.91522,290.2972,282.59137,1.5189582e-05
2004-06-14,8.035403e-05,288.94223,293.33475,284.554,3.2005093e-05
2004-06-15,0.0,291.38385,296.75467,284.02267,5.145108e-05
2004-06-16,6.447022e-08,291.0519,297.25296,286.32663,3.6239016e-05
2004-06-17,7.69473e-05,290.30606,295.565,285.8543,5.5136185e-05
2004-06-18,0.0,292.1135,299.04504,284.6031,5.2066323e-05
2004-06-19,1.5437242e-06,291.48566,296.42297,286.60416,3.8725968e-05
2004-06-20,5.6643363e-05,286.72894,291.3209,285.5771,1.7722055e-05
2004-06-21,0.0004698257,287.84647,291.3293,284.76385,2.7596774e-05
2004-06-22,1.5277887e-05,290.618,297.43878,285.04984,4.8942253e-05
2004-06-23,2.8809422e-06,291.80954,297.5566,283.38028,5.1106897e-05
2004-06-24,7.0374244e-06,292.59207,297.3844,288.00443,3.513321e-05
2004-06-25,0.0,287.81415,293.8978,285.89966,2.5559237e-05
2004-06-26,0.0002853977,290.40976,296.96512,284.66193,5.6144178e-05
2004-06-27,0.0,293.73407,301.10254,285.2037,5.527813e-05
2004-06-28,1.1458379e-07,293.6098,301.1145,288.96893,4.302451e-05
2004-06-29,0.0004470278,289.51147,292.5242,288.3194,2.9470428e-05
2004-06-30,2.6560563e-05,291.6806,297.97763,283.91302,5.763148e-05
2004-07-01,0.0,294.27084,301.0631,286.26108,5.3120973e-05
2004-07-02,0.00048118338,287.04715,292.44162,286.2172,1.7060947e-05
2004-07-03,0.0002097656,290.02017,296.22797,283.15186,5.4209086e-05
2004-07-04,0.0,292.1297,297.43625,283.91006,4.9295853e-05
2004-07-05,0.0,294.9407,302.33167,286.27893,6.227337e-05
2004-07-06,1.989327e-06,294.19733,302.36823,287.50772,5.6040793e-05
2004-07-07,5.7433957e-05,292.71216,297.7883,287.5312,4.870403e-05
2004-07-08,0.0,295.9887,302.29523,288.7084,5.2039875e-05
2004-07-09,0.0,295.08234,301.0549,289.4125,6.231921e-05
2004-07-10,0.0,289.67255,296.52917,284.9477,3.5957233e-05
2004-07-11,5.252263e-05,284.0959,288.2458,283.32303,2.3416043e-05
2004-07-12,0.00011532547,285.47482,292.27008,280.85425,3.381037e-05
2004-07-13,5.97623e-06,287.92264,295.3664,280.9431,4.0148672e-05
2004-07-14,4.5531087e-05,288.4424,294.5683,281.89926,3.880123e-05
2004-07-15,4.5867893e-08,291.7755,298.5273,284.97345,4.6382364e-05
2004-07-16,0.0,293.6006,301.1397,287.65167,4.9358154e-05
2004-07-17,8.793685e-07,294.30743,301.517,287.80496,5.9386868e-05
2004-07-18,2.5824231e-06,295.32938,303.50925,286.6822,6.1841594e-05
2004-07-19,0.0,295.2766,303.2064,286.0003,5.370289e-05
2004-07-20,2.3184575e-06,296.26544,304.8534,287.16882,5.8687794e-05
2004-07-21,0.0,297.3364,304.80197,288.4313,5.8308964e-05
2004-07-22,0.0,298.15594,306.01773,289.6345,6.181597e-05
2004-07-23,7.518698e-06,295.21555,304.80624,290.3704,5.156638e-05
2004-07-24,0.000121495505,292.8257,299.37283,288.94794,3.070825e-05
2004-07-25,0.00014749668,293.03384,297.96625,290.47946,3.4601384e-05
2004-07-26,3.4474215e-06,293.06647,299.12292,288.72568,4.6575617e-05
2004-07-27,0.00015822706,290.17444,295.07907,287.3456,3.4745648e-05
2004-07-28,3.5523895e-05,289.87616,296.21133,283.31183,4.429301e-05
2004-07-29,1.7664274e-06,290.07004,296.2649,285.004,3.41227e-05
2004-07-30,0.0,292.3767,300.11447,283.05334,4.649453e-05
2004-07-31,1.2976543e-06,294.7555,302.00528,286.56506,5.369602e-05
2004-08-01,0.0,293.5544,302.47626,287.83572,4.472689e-05
2004-08-02,6.161111e-05,294.89755,301.5037,289.1787,4.8749123e-05
2004-08-03,3.2535467e-05,294.03705,300.17737,289.8192,4.3698627e-05
2004-08-04,0.00011550522,293.6776,300.1415,289.683,4.358377e-05
2004-08-05,1.0564995e-06,294.11652,300.94366,288.34555,5.176235e-05
2004-08-06,2.5567583e-06,294.38873,301.1249,288.117,4.7108715e-05
2004-08-07,2.3196024e-05,292.82886,300.82733,288.69745,3.967774e-05
2004-08-08,0.00026075146,293.02844,298.7233,289.8794,3.539258e-05
2004-08-09,0.00012346814,292.20068,300.4074,288.51602,4.7319285e-05
2004-08-10,9.0183516e-05,292.3563,299.27048,285.84787,4.6124762e-05
2004-08-11,0.0,294.62387,301.25525,287.09677,4.3684617e-05
2004-08-12,0.0,296.68613,303.28586,289.4584,5.301705e-05
2004-08-13,0.0001478815,290.8811,297.4085,289.32285,2.3030896e-05
2004-08-14,0.00020066104,291.28162,298.0589,286.69934,4.128088e-05
2004-08-15,3.7804793e-06,291.50406,298.1143,287.219,4.129227e-05
2004-08-16,1.2629579e-06,292.26532,299.38828,285.59717,4.429886e-05
2004-08-17,0.0,293.17868,301.28244,286.07663,4.9223327e-05
2004-08-18,0.0,294.0588,301.53128,286.47382,5.4302905e-05
2004-08-19,0.0,295.9372,303.1056,288.77292,5.3063966e-05
2004-08-20,0.0,294.90182,301.6999,289.7735,4.2913784e-05
2004-08-21,0.0003585294,289.24396,296.0842,286.26096,2.7500575e-05
2004-08-22,0.00018339408,290.36444,297.18298,283.4233,4.356688e-05
2004-08-23,0.0,290.64008,299.3376,283.93713,4.3356224e-05
2004-08-24,0.0,292.09543,300.12952,283.23132,4.1322943e-05
2004-08-25,0.0,292.11337,297.84262,287.0882,3.0025678e-05
2004-08-26,9.253051e-05,286.0937,291.54517,283.93024,1.4826245e-05
2004-08-27,0.00014640241,289.07376,297.2148,282.99146,4.01785e-05
2004-08-28,0.0,290.4031,299.03488,281.91656,4.0235434e-05
2004-08-29,0.0,291.52628,299.91595,282.6546,3.9559145e-05
2004-08-30,6.6275163e-07,291.32593,299.1975,283.8425,3.14822e-05
2004-08-31,2.4250305e-05,286.92737,292.63513,285.40726,1.4069237e-05
2004-09-01,0.00018968762,286.9033,290.63055,285.17926,2.1014082e-05
2004-09-02,4.3629702e-06,288.16,290.8581,283.24072,2.1487753e-05
2004-09-03,0.0,288.94266,294.12125,286.74567,2.103906e-05
2004-09-04,0.0,290.36554,296.2975,285.42825,2.3641087e-05
2004-09-05,2.8976624e-06,290.656,297.5266,286.25958,3.7688493e-05
2004-09-06,0.0,289.48184,297.15427,285.1778,3.8939197e-05
2004-09-07,0.0,289.35712,296.99863,284.27222,3.901014e-05
2004-09-08,0.0,290.09674,298.12036,282.68546,3.2728472e-05
2004-09-09,0.0,288.01703,294.447,282.92795,3.740308e-05
2004-09-10,0.0,285.37286,292.73172,280.78708,3.273887e-05
2004-09-11,0.0,287.0011,295.4946,277.68695,3.0246754e-05
2004-09-12,0.0,288.71002,294.566,283.09262,1.8586314e-05
2004-09-13,4.2352494e-05,288.96716,295.1344,285.80362,2.2226839e-05
2004-09-14,2.0241773e-06,291.60773,298.91495,283.44177,3.204741e-05
2004-09-15,3.703558e-05,291.2758,295.59125,288.9034,1.7979582e-05
2004-09-16,0.0002960495,286.89536,290.5533,285.45398,1.2514073e-05
2004-09-17,1.4185401e-05,285.9454,291.44672,283.32126,2.7905457e-05
2004-09-18,0.0,284.87497,293.09592,280.0162,2.839042e-05
2004-09-19,0.0,286.73282,294.91348,279.99496,2.5740956e-05
2004-09-20,0.0,288.8885,296.8696,283.2207,2.5858106e-05
2004-09-21,0.0,289.2651,296.55466,282.0529,2.1606791e-05
2004-09-22,1.5506437e-05,286.43835,290.3009,285.8175,1.2508792e-05
2004-09-23,2.6726747e-07,289.28763,292.61447,284.51822,1.4621642e-05
2004-09-24,0.0001250729,282.31833,291.5999,280.11694,1.01671085e-05
2004-09-25,0.000523299,283.482,288.41312,279.86276,1.4910623e-05
2004-09-26,3.6484473e-06,282.85287,289.5051,280.2538,2.077056e-05
2004-09-27,0.0,283.6598,291.25684,275.99713,1.9893281e-05
2004-09-28,0.0,285.9664,291.86658,281.4309,1.8054323e-05
2004-09-29,0.0,286.8405,294.44812,281.35245,2.3780436e-05
2004-09-30,0.0,286.67163,293.33716,282.04303,1.7303162e-05
2004-10-01,0.0,286.89984,291.32635,283.54932,1.3888889e-05
2004-10-02,0.00013863455,285.7122,291.2243,282.82928,1.5679854e-05
2004-10-03,2.7805975e-06,287.60654,293.53336,283.63718,1.8414037e-05
2004-10-04,0.0,287.40543,293.5739,283.55032,1.8514922e-05
2004-10-05,0.0,287.8817,296.05893,281.44644,1.8425526e-05
2004-10-06,0.0,287.71957,294.1444,282.7835,1.5083594e-05
2004-10-07,0.0,288.56152,295.47815,282.62445,1.9510095e-05
2004-10-08,0.0,288.76068,295.12076,284.6834,1.9194576e-05
2004-10-09,5.0334356e-06,288.8744,292.37137,285.52646,1.2009743e-05
2004-10-10,0.00046071937,282.28308,289.61905,281.32745,1.0155215e-05
2004-10-11,0.00035755354,280.32104,281.80164,279.64767,1.2210374e-05
2004-10-12,3.0216108e-06,279.4201,282.56757,278.67557,1.8487597e-05
2004-10-13,0.0,278.04813,279.67407,277.52448,9.254892e-06
2004-10-14,1.5223708e-06,278.55255,279.70773,276.8173,7.3102874e-06
2004-10-15,0.000113899274,280.40594,283.00714,277.8263,8.058391e-06
2004-10-16,0.00017885702,280.464,283.72897,278.2839,6.9444445e-06
2004-10-17,0.00043203164,280.04306,285.31683,277.02893,9.105154e-06
2004-10-18,2.584894e-05,281.8649,288.40448,274.15274,1.3051458e-05
2004-10-19,2.0019509e-06,283.95258,286.10535,279.35678,8.101852e-06
2004-10-20,2.2328159e-06,285.28946,288.3052,280.9653,7.196554e-06
2004-10-21,1.5039524e-06,288.30704,292.83102,285.30844,1.15404255e-05
2004-10-22,4.3763157e-05,287.45224,289.25925,286.14685,7.059177e-06
2004-10-23,0.00028902432,286.63354,292.4016,281.58133,1.2773778e-05
2004-10-24,1.1941927e-06,285.04437,291.8073,281.90958,1.4447457e-05
2004-10-25,0.0,285.98306,291.2079,281.82626,1.37373445e-05
2004-10-26,1.9071595e-06,287.14456,292.7372,283.40463,1.2731482e-05
2004-10-27,5.463894e-06,288.6485,294.1037,283.4269,1.1263186e-05
2004-10-28,7.2756455e-05,287.32797,291.3238,284.94998,1.0456383e-05
2004-10-29,8.107927e-06,287.01297,290.48734,282.72217,8.41422e-06
2004-10-30,0.00030969497,287.3225,293.36737,283.64905,1.3002207e-05
2004-10-31,0.00017770109,285.3513,287.28802,283.33972,7.327575e-06
2004-11-01,0.00028335856,285.7883,288.4483,283.33453,5.787037e-06
2004-11-02,6.7609557e-07,285.77573,289.24658,284.355,6.9444445e-06
2004-11-03,0.0,285.06235,286.92212,283.8923,6.918108e-06
2004-11-04,0.0,284.41046,285.8016,283.6747,7.440362e-06
2004-11-05,0.0,283.398,284.66006,282.99286,6.89365e-06
2004-11-06,0.00012915446,280.96768,284.2957,280.12003,6.8263257e-06
2004-11-07,4.279004e-05,277.77533,280.7482,276.05234,6.1062296e-06
2004-11-08,3.9312686e-06,278.01706,281.6678,273.3005,9.619995e-06
2004-11-09,9.601242e-09,276.57587,281.7174,273.562,6.608834e-06
2004-11-10,4.630322e-05,275.01624,276.7617,273.78757,5.6348886e-06
2004-11-11,0.00024793716,277.4669,279.5743,274.17,6.1913724e-06
2004-11-12,0.0,278.87183,281.25092,276.69833,5.671497e-06
2004-11-13,6.029294e-09,278.60513,280.5459,277.3521,5.7837965e-06
2004-11-14,3.4547505e-05,278.08325,279.62924,275.0964,1.6870354e-05
2004-11-15,1.4267856e-06,276.03513,279.15244,275.30487,1.0877988e-05
2004-11-16,0.0,274.00305,280.33994,269.8002,3.6832253e-06
2004-11-17,0.0,277.04776,284.93307,270.04327,3.5180472e-06
2004-11-18,0.0,278.34152,284.82864,271.50192,6.6140774e-06
2004-11-19,3.0246422e-06,278.07806,283.70755,273.849,1.5046296e-05
2004-11-20,1.4668732e-05,273.80606,281.26318,269.37012,9.542354e-06
2004-11-21,0.0,272.3187,280.9052,267.2042,8.988867e-06
2004-11-22,0.0,275.03128,281.20633,266.5612,8.13803e-06
2004-11-23,0.0,276.81195,283.40503,271.25217,8.355755e-06
2004-11-24,0.0,274.13528,282.0379,270.21326,3.1869904e-06
2004-11-25,0.0,271.38647,278.39474,266.47195,1.1883334e-06
2004-11-26,0.0,274.26947,283.04382,267.01917,6.6654343e-06
2004-11-27,0.0,273.2682,280.99002,269.46683,2.5966842e-06
2004-11-28,0.0,273.1076,276.87253,268.73257,3.9652277e-06
2004-11-29,1.7650364e-06,277.72867,281.1537,274.65512,5.5793003e-06
2004-11-30,3.394774e-05,276.9106,279.1828,275.2783,4.6106047e-06
2004-12-01,0.000401282,276.7705,278.108,275.57474,4.5094625e-06
2004-12-02,1.3781682e-05,279.87878,282.2165,275.66663,4.4693297e-06
2004-12-03,8.882837e-06,279.5425,284.75153,276.0897,4.4737894e-06
2004-12-04,0.0,278.1224,280.6464,275.92117,5.761429e-06
2004-12-05,0.0,277.81036,279.44977,277.23065,6.5184518e-06
2004-12-06,3.1588308e-05,277.34793,278.80774,276.46368,4.620081e-06
2004-12-07,0.0,275.05603,277.35815,273.38168,3.553676e-06
2004-12-08,0.0,273.35074,274.8805,272.87213,3.7416955e-06
2004-12-09,0.0,272.73724,275.05667,272.17157,5.0190033e-06
2004-12-10,0.0,270.66605,273.5902,270.5981,4.0775108e-06
2004-12-11,0.0,270.63644,275.48984,268.1273,1.4282701e-06
2004-12-12,0.0,269.7988,272.30618,266.91647,2.3148148e-06
2004-12-13,0.0,269.2008,269.60406,267.87704,2.8414872e-06
2004-12-14,0.0,268.88785,269.6327,267.4588,3.4531975e-06
2004-12-15,0.0,267.99258,268.78525,267.35184,2.4986862e-06
2004-12-16,0.0,269.3096,271.49088,266.44647,3.4722223e-06
2004-12-17,2.622596e-05,273.6753,274.31192,270.18942,3.4722223e-06
2004-12-18,1.8445802e-05,274.7835,278.75854,272.19708,3.2250146e-06
2004-12-19,0.0,271.40567,273.84726,267.31165,1.6877897e-06
2004-12-20,1.3115928e-06,270.93552,277.82883,268.4041,2.5486102e-06
2004-12-21,0.0,267.94205,275.5644,263.3809,1.5603081e-06
2004-12-22,0.0,268.44586,275.38507,262.9772,1.0299505e-06
2004-12-23,0.0,269.9096,275.70035,263.59067,4.6002133e-06
2004-12-24,0.0,272.3221,277.34967,265.04376,3.2392986e-06
2004-12-25,1.4371426e-06,277.29163,280.08847,272.3862,6.7955393e-06
2004-12-26,0.00012977439,277.94714,280.25073,276.15668,4.6296295e-06
2004-12-27,0.00050808035,276.2451,278.19034,275.2726,3.637524e-06
2004-12-28,0.0002856806,274.89374,276.46838,274.06094,3.7630407e-06
2004-12-29,1.9749874e-05,274.16864,278.2647,271.51236,2.6287933e-06
2004-12-30,0.0,271.93652,277.70526,267.5534,1.1214945e-06
2004-12-31,0.0,271.4705,277.97055,267.8388,7.4061256e-07
2005-01-01,0.0,272.75256,278.6239,269.3608,2.0427879e-06
2005-01-02,0.0,274.7205,281.04898,268.16022,5.787037e-06
2005-01-03,3.2891712e-06,273.43433,278.85822,270.15594,2.3273212e-06
2005-01-04,0.0,273.4438,279.59778,268.65405,1.5252047e-06
2005-01-05,0.0,272.40463,281.04495,268.41168,2.1996748e-06
2005-01-06,0.0,274.19653,281.88797,268.79074,5.1463644e-06
2005-01-07,0.0,273.49927,281.75293,269.54376,3.9479396e-06
2005-01-08,0.0,274.9386,282.58325,269.20264,6.70034e-06
2005-01-09,0.0,274.9518,279.19858,272.0459,5.069065e-06
2005-01-10,0.0,271.9409,278.22372,268.63217,2.837811e-06
2005-01-11,0.0,272.9112,280.39127,268.34174,3.30533e-06
2005-01-12,0.0,271.42673,278.93903,267.65704,1.163972e-06
2005-01-13,0.0,273.2354,277.82657,267.1308,3.037198e-06
2005-01-14,2.2489951e-07,273.08423,280.61267,270.57452,2.38982e-06
2005-01-15,0.0,270.68195,278.01422,265.57092,1.0252427e-06
2005-01-16,0.0,269.27658,276.4043,265.0823,1.5735036e-06
2005-01-17,0.0,269.07318,276.26746,263.85052,1.0385182e-06
2005-01-18,0.0,271.44376,276.55258,262.12332,3.7387174e-06
2005-01-19,1.859234e-05,273.20624,275.95053,271.44382,3.3068773e-06
2005-01-20,1.1232178e-06,271.10654,276.05997,265.99268,3.833901e-06
2005-01-21,0.0,275.3632,281.3457,269.6506,7.6182246e-06
2005-01-22,3.2059596e-08,274.28018,281.85883,268.35934,8.914924e-06
2005-01-23,0.0,271.04044,277.4286,266.96024,5.0329286e-06
2005-01-24,1.3649862e-06,270.5117,273.63193,266.28583,5.7812804e-06
2005-01-25,8.83055e-09,271.47733,274.18674,269.0977,7.4185027e-06
2005-01-26,0.0,271.08728,272.91675,269.33517,1.314071e-05
2005-01-27,1.0640892e-08,268.9786,274.82434,264.64954,7.17245e-06
2005-01-28,0.0,267.23953,269.72745,265.07144,5.37784e-06
2005-01-29,2.5245386e-06,266.8783,271.10538,265.026,5.2457062e-06
2005-01-30,4.864439e-08,263.5809,271.38388,258.01355,5.4910433e-06
2005-01-31,0.0,269.21,275.5837,259.46567,4.2075494e-06
2005-02-01,0.0,271.9447,279.77582,265.92224,1.0550198e-05
2005-02-02,8.4203276e-07,272.3735,277.50974,265.2139,5.9581776e-06
2005-02-03,2.2876759e-05,273.2491,276.92313,270.86963,4.1571875e-06
2005-02-04,7.9605015e-05,270.813,274.7379,269.15894,4.0753794e-06
2005-02-05,1.7632847e-06,265.79727,274.35226,262.79724,3.9886736e-06
2005-02-06,0.0,264.37988,273.2806,261.3368,3.695448e-06
2005-02-07,0.0,263.15768,271.24203,255.2782,4.16786e-06
2005-02-08,0.0,261.5034,270.9001,255.1127,3.7363684e-06
2005-02-09,0.0,262.33228,272.22635,255.80153,3.820554e-06
2005-02-10,0.0,268.62695,277.86337,257.72153,4.2829624e-06
2005-02-11,0.0,273.73468,280.1446,267.45,6.634668e-06
2005-02-12,0.0,277.1611,279.65955,273.21298,7.564479e-06
2005-02-13,8.271225e-05,277.19327,282.70102,274.7565,1.0342125e-05
2005-02-14,6.986205e-06,274.99542,280.2953,270.98715,1.087481e-05
2005-02-15,0.0,273.39737,276.6725,271.10107,1.068162e-05
2005-02-16,0.0,274.0198,278.74832,270.54514,1.1867534e-05
2005-02-17,4.072526e-06,272.54886,277.50015,270.2699,8.135131e-06
2005-02-18,2.9182615e-06,271.49365,278.408,268.15692,9.215799e-06
2005-02-19,0.0,272.2776,278.12332,266.72766,8.615174e-06
2005-02-20,0.0,272.65366,275.85074,270.49982,9.353033e-06
2005-02-21,2.9811736e-05,270.7435,273.17813,270.12146,4.841169e-06
2005-02-22,0.00015126735,272.07922,275.34006,269.10654,4.6296295e-06
2005-02-23,3.931005e-06,272.65433,275.01065,269.70724,4.6402392e-06
2005-02-24,2.5188114e-05,272.22687,278.07904,268.5944,6.9009843e-06
2005-02-25,1.7780852e-05,272.35782,275.12784,267.17444,4.873164e-06
2005-02-26,7.3207084e-05,271.62323,274.84436,269.83832,6.297925e-06
2005-02-27,3.0148744e-06,270.82187,274.57748,268.5661,7.4174827e-06
2005-02-28,4.5996214e-07,264.3775,272.71188,260.53,7.950796e-06
2005-03-01,0.0,261.77225,271.84717,254.18196,7.3968968e-06
2005-03-02,0.0,262.72092,272.6321,254.66975,7.109173e-06
2005-03-03,0.0,267.45172,274.6942,255.57144,6.235095e-06
2005-03-04,8.1866165e-05,272.1748,276.53384,269.2401,7.5774665e-06
2005-03-05,9.090601e-09,270.30606,275.51346,267.022,6.8246864e-06
2005-03-06,2.8220177e-06,270.47305,277.08182,262.78043,8.483237e-06
2005-03-07,0.0,268.5573,276.23407,259.95804,1.1336301e-05
2005-03-08,0.0,273.15466,281.13983,266.06375,1.1905075e-05
2005-03-09,0.0,274.73187,282.34906,265.90955,1.2011595e-05
2005-03-10,4.285186e-06,270.54175,275.94876,268.23926,8.988288e-06
2005-03-11,2.5986553e-06,272.92526,278.29996,264.40524,1.1685435e-05
2005-03-12,1.0819148e-06,277.18332,280.16644,274.84726,6.5637973e-06
2005-03-13,0.00010864563,275.02597,282.61264,271.99744,1.2487911e-05
2005-03-14,0.0,276.7085,285.08908,267.9133,1.4687473e-05
2005-03-15,0.0,278.87894,287.75275,270.92825,1.9546314e-05
2005-03-16,0.0,279.28986,291.716,271.11584,2.6556168e-05
2005-03-17,0.0,281.4493,292.83997,271.78418,2.5605057e-05
2005-03-18,0.0,283.81342,295.4882,274.79062,3.0570387e-05
2005-03-19,0.0,282.23236,291.19116,275.03223,1.7759494e-05
2005-03-20,7.051952e-06,275.47717,280.21414,272.66394,1.6526132e-05
2005-03-21,0.0,277.17758,284.77124,272.11038,2.0578987e-05
2005-03-22,0.0,279.00598,286.48297,271.66656,1.9723731e-05
2005-03-23,0.0,281.46246,288.74307,273.53738,2.0582998e-05
2005-03-24,8.667151e-07,282.64987,291.133,276.42563,2.628936e-05
2005-03-25,4.971873e-06,281.78098,285.20874,279.12286,8.838203e-06
2005-03-26,8.863257e-05,283.70792,288.60083,279.99252,1.6078327e-05
2005-03-27,1.970033e-05,283.40442,289.83566,277.79507,1.9848583e-05
2005-03-28,1.0405343e-05,285.24228,292.86795,280.55493,2.8196779e-05
2005-03-29,7.931697e-06,283.84244,291.57425,279.11758,2.3740153e-05
2005-03-30,3.6377038e-05,282.76538,290.03082,277.1037,2.0171008e-05
2005-03-31,0.0001482003,280.86346,285.37524,279.1416,1.8866043e-05
2005-04-01,1.0713678e-05,279.8877,285.61185,274.70105,3.368449e-05
2005-04-02,0.0,278.17664,286.98953,270.74875,2.7324935e-05
2005-04-03,0.0,279.0891,289.2234,270.49084,3.0316904e-05
2005-04-04,0.0,281.26834,291.38495,270.36566,3.1578504e-05
2005-04-05,0.0,281.69943,291.21024,272.09106,3.4602177e-05
2005-04-06,0.0,283.25894,293.33234,272.27563,3.58187e-05
2005-04-07,0.0,283.69818,289.9083,273.66235,3.197072e-05
2005-04-08,0.0,285.0663,289.91888,281.1768,3.409799e-05
2005-04-09,0.00012973903,281.52902,285.30493,279.99063,1.1574074e-05
2005-04-10,0.00041347143,277.93396,281.04355,276.70114,1.1419538e-05
2005-04-11,0.00020070394,277.4998,279.4373,275.18396,1.767571e-05
2005-04-12,4.4786495e-05,278.953,280.55518,277.10696,1.1056462e-05
2005-04-13,2.2577777e-05,281.36172,284.68274,277.87195,1.7398e-05
2005-04-14,3.857432e-06,283.7266,292.76913,276.3519,3.2474883e-05
2005-04-15,9.2348155e-06,284.65237,292.333,277.86734,3.8137023e-05
2005-04-16,0.0,283.74524,291.47705,276.89755,2.4381838e-05
2005-04-17,8.379003e-05,281.01755,288.35516,277.141,3.0177158e-05
2005-04-18,3.3250387e-06,282.98434,289.57492,273.59143,2.9170114e-05
2005-04-19,7.671206e-05,283.6868,287.65637,280.667,2.0718364e-05
2005-04-20,8.802357e-05,281.3905,283.62323,280.23413,1.3728113e-05
2005-04-21,0.00017895467,279.67548,285.886,277.33475,2.9991385e-05
2005-04-22,0.0,279.37302,287.53427,271.5833,3.4659275e-05
2005-04-23,0.0,281.81555,289.34064,271.52164,3.7594422e-05
2005-04-24,0.0,283.5218,286.94977,277.1972,1.7085069e-05
2005-04-25,5.4150398e-05,283.46042,288.14166,281.2101,1.5223197e-05
2005-04-26,0.00016690421,286.64227,293.94443,280.6413,3.0059728e-05
2005-04-27,0.0,287.9111,296.01886,279.11838,4.7001722e-05
2005-04-28,0.0,287.41043,293.95886,282.7831,3.5733185e-05
2005-04-29,1.9226889e-06,288.06784,293.46115,282.6888,2.9703451e-05
2005-04-30,0.0,288.90326,295.86166,283.06232,4.148629e-05
2005-05-01,0.0,290.20938,299.56802,279.67773,5.1440747e-05
2005-05-02,0.0,291.84866,301.16867,281.71405,5.2530366e-05
2005-05-03,0.0,292.27362,299.36877,282.58386,5.46446e-05
2005-05-04,0.00012023103,286.91528,295.48474,284.6441,4.1237057e-05
2005-05-05,0.0003675026,283.38745,286.47647,282.7382,1.392876e-05
2005-05-06,5.6454064e-05,285.77112,292.24652,281.04932,3.320064e-05
2005-05-07,2.7279814e-06,284.878,291.64066,277.71225,3.383796e-05
2005-05-08,8.813777e-05,282.52203,287.90405,279.55603,3.4946883e-05
2005-05-09,3.4857342e-06,278.8332,283.40872,277.8415,1.557898e-05
2005-05-10,5.102313e-06,279.9859,283.56516,274.03632,1.2034398e-05
2005-05-11,2.0547333e-05,283.3114,289.36017,279.87054,3.1993037e-05
2005-05-12,8.085009e-08,283.63583,290.96198,275.96066,4.1158997e-05
2005-05-13,0.0,285.70517,293.19147,275.8305,4.089147e-05
2005-05-14,0.0,287.5219,294.7229,279.33746,3.601382e-05
2005-05-15,5.879653e-05,287.3886,292.77792,283.49756,3.1351337e-05
2005-05-16,8.991985e-06,288.73154,295.01843,282.72897,3.651774e-05
2005-05-17,0.0,288.97394,294.99637,283.58652,3.4381774e-05
2005-05-18,0.00010405859,286.46387,291.0485,284.30978,2.6512003e-05
2005-05-19,0.0003744706,284.91556,290.60718,281.8418,3.8741495e-05
2005-05-20,0.0,286.5249,294.8882,275.93213,4.692353e-05
2005-05-21,0.0,290.40887,298.86676,277.93903,5.241796e-05
2005-05-22,0.0,291.97748,299.70294,282.4819,5.3061358e-05
2005-05-23,0.0,290.36462,297.75574,283.32526,4.0234787e-05
2005-05-24,1.1238636e-05,290.84677,296.65472,285.08676,4.6358964e-05
2005-05-25,0.0,291.34366,298.0655,283.81165,5.483599e-05
2005-05-26,0.0,291.77774,299.79053,282.86316,5.9929996e-05
2005-05-27,0.0,294.0897,302.5154,284.17883,6.0213577e-05
2005-05-28,0.0,295.25415,303.31693,286.17673,6.126094e-05
2005-05-29,0.0,295.89886,303.75195,287.49854,6.037064e-05
2005-05-30,0.0,296.03244,304.82764,287.86542,6.754007e-05
2005-05-31,2.8703238e-05,289.26862,294.13232,287.40198,2.2375942e-05
2005-06-01,8.743283e-05,289.1237,294.6248,283.54483,4.460773e-05
2005-06-02,0.0,290.40433,296.47278,282.90918,5.297025e-05
2005-06-03,0.0,292.1631,299.28476,281.6004,6.072279e-05
2005-06-04,0.0,292.93594,299.63132,282.60852,5.5321525e-05
2005-06-05,0.00013415766,286.87146,292.82675,285.73703,1.9620174e-05
2005-06-06,3.19379e-05,288.44,294.2751,284.6475,3.5535915e-05
2005-06-07,9.440837e-06,283.9697,292.00775,281.0928,2.865161e-05
2005-06-08,8.228316e-05,285.92575,291.07227,276.8901,4.8026533e-05
2005-06-09,2.1634023e-06,284.81247,290.04953,279.04984,4.4969125e-05
2005-06-10,0.0,287.563,293.18747,281.49622,5.3414686e-05
2005-06-11,0.0,288.1732,293.23935,278.9027,3.885641e-05
2005-06-12,1.5643744e-06,288.63647,292.84805,285.68314,3.1558488e-05
2005-06-13,0.0,290.68054,296.7619,284.48895,4.6349498e-05
2005-06-14,4.8836137e-06,290.67624,297.65558,283.7543,3.9351853e-05
2005-06-15,4.669076e-05,291.90085,298.75583,286.73578,4.327692e-05
2005-06-16,8.031855e-06,291.0936,297.74625,288.26602,3.76434e-05
2005-06-17,7.2389485e-05,294.7605,301.6173,286.09323,5.3964148e-05
2005-06-18,0.0,294.16293,300.78522,288.88983,4.1691397e-05
2005-06-19,0.0,292.63437,299.02722,285.21362,6.107822e-05
2005-06-20,0.0,293.39304,299.27765,283.60596,5.616319e-05
2005-06-21,0.0,294.679,302.11905,286.22894,5.9959875e-05
2005-06-22,0.0,294.41537,304.35406,287.38998,5.8526788e-05
2005-06-23,8.2549544e-05,295.64377,301.66803,287.22815,5.4685894e-05
2005-06-24,7.2848934e-06,296.36523,301.9305,292.5919,5.9739552e-05
2005-06-25,0.0,297.35703,305.13965,288.97543,6.569289e-05
2005-06-26,0.0,295.198,302.9412,290.29868,5.4222284e-05
2005-06-27,4.1166684e-05,295.4469,303.61255,289.24902,5.4739412e-05
2005-06-28,5.4863565e-05,295.94427,303.7177,289.87903,5.2731008e-05
2005-06-29,1.1113558e-05,293.36386,302.98938,287.98825,4.2448144e-05
2005-06-30,0.00038335563,294.08234,301.20346,288.59167,4.9028524e-05
2005-07-01,0.00031017483,288.64664,293.16705,287.24734,1.8095048e-05
2005-07-02,0.00044667136,292.37082,298.42618,284.1673,4.939413e-05
2005-07-03,0.0,292.75507,299.04385,286.4324,5.2384526e-05
2005-07-04,0.0,293.38602,300.02304,284.43964,4.9437298e-05
2005-07-05,1.9288465e-05,287.20932,293.03528,283.82166,1.3950268e-05
2005-07-06,0.0004859393,288.91074,295.81146,281.06412,5.2345247e-05
2005-07-07,1.1307112e-06,290.13528,295.41882,284.51102,3.398859e-05
2005-07-08,0.00024844697,288.53757,292.18707,285.5927,2.2634298e-05
2005-07-09,0.00010388198,288.52057,291.65805,286.0762,2.1186912e-05
2005-07-10,1.0786206e-05,290.51462,295.84338,285.51004,3.5913185e-05
2005-07-11,0.00019581236,290.26718,295.63184,287.63266,3.410108e-05
2005-07-12,2.5499532e-05,289.67426,292.57346,287.7323,2.3829374e-05
2005-07-13,1.8407834e-05,292.47153,299.9013,288.14682,5.1040734e-05
2005-07-14,1.7676216e-06,293.82648,300.4706,287.6478,5.2093073e-05
2005-07-15,6.842491e-06,294.6357,302.22903,286.2224,5.940006e-05
2005-07-16,2.2835718e-07,294.41678,302.40408,289.20465,5.0350987e-05
2005-07-17,2.8713783e-05,295.56863,302.78436,288.08865,5.3188673e-05
2005-07-18,1.966779e-06,296.36108,303.07077,290.0927,5.3481428e-05
2005-07-19,5.0302882e-05,293.5406,300.22653,290.70502,5.14329e-05
2005-07-20,2.0518133e-05,292.98663,298.85257,287.89465,4.4455566e-05
2005-07-21,0.00015127537,289.9697,296.56375,288.1579,3.199218e-05
2005-07-22,5.9346472e-05,290.94147,298.93253,286.3257,4.7983394e-05
2005-07-23,0.00014192559,290.8389,295.18216,287.33398,2.9308505e-05
2005-07-24,4.226485e-05,292.70346,299.22192,287.46765,5.2438e-05
2005-07-25,0.0,294.75082,300.55646,287.6507,5.238192e-05
2005-07-26,2.447579e-06,296.15103,303.0167,290.0754,5.242988e-05
2005-07-27,1.4803891e-05,296.84448,304.7577,288.44244,5.9471564e-05
2005-07-28,0.0,297.71246,306.6973,288.95755,6.0745195e-05
2005-07-29,0.0,298.32272,306.63425,288.60873,6.468167e-05
2005-07-30,0.0,299.03412,306.1669,290.32178,5.9858838e-05
2005-07-31,2.4456144e-06,296.5888,302.20947,291.93237,4.737691e-05
2005-08-01,1.1551123e-05,294.76776,300.40695,291.73184,5.2430318e-05
2005-08-02,0.0,294.70453,301.04767,289.5477,4.7936755e-05
2005-08-03,6.6107414e-06,291.4274,294.2712,289.87112,1.7111073e-05
2005-08-04,0.00019170152,289.72626,293.552,287.87982,2.198267e-05
2005-08-05,0.00012600585,289.77542,297.326,285.1561,5.1451465e-05
2005-08-06,0.0,290.27625,298.19476,282.19827,4.4369976e-05
2005-08-07,0.0005764055,285.05252,289.83954,283.08807,1.9513998e-05
2005-08-08,6.681496e-05,286.58,294.10876,280.60757,4.356784e-05
2005-08-09,1.7307902e-06,288.6337,296.09906,279.37933,4.4475004e-05
2005-08-10,0.0,291.3726,298.4649,281.5578,4.6187484e-05
2005-08-11,2.6076675e-06,290.9397,295.71808,286.11337,2.6920565e-05
2005-08-12,0.0003904957,287.8364,291.6946,286.2103,1.8510842e-05
2005-08-13,5.4600732e-05,290.75446,298.66586,283.98822,4.3368116e-05
2005-08-14,0.000119192046,291.9073,296.76898,287.6515,3.3209377e-05
2005-08-15,0.0004255177,287.29413,291.3647,283.37436,2.362373e-05
2005-08-16,5.040066e-05,287.7014,291.07214,284.84024,2.2682803e-05
2005-08-17,1.6130878e-05,290.1268,294.62216,285.69617,2.77334e-05
2005-08-18,0.0,291.93143,299.0103,285.63727,4.246389e-05
2005-08-19,7.4252165e-07,292.45816,300.39185,286.37665,4.2037394e-05
2005-08-20,3.734716e-07,291.96732,297.92557,287.93396,3.091997e-05
2005-08-21,0.00024625252,289.67566,291.94247,288.8371,1.6253978e-05
2005-08-22,0.00033311787,288.65427,292.73175,287.3715,1.984725e-05
2005-08-23,0.0002646688,290.34213,295.49484,285.62613,2.8883014e-05
2005-08-24,5.173013e-06,291.15033,297.9126,286.683,3.7703652e-05
2005-08-25,2.5288607e-06,291.58545,298.65604,284.41034,4.0621486e-05
2005-08-26,1.5799254e-05,290.47897,293.9416,288.92212,1.3973805e-05
2005-08-27,0.00028121547,289.00357,291.90222,287.7632,1.3912274e-05
2005-08-28,3.274035e-05,289.8385,292.53967,288.18204,1.8028648e-05
2005-08-29,3.499658e-05,291.42432,296.9544,287.6371,3.1787044e-05
2005-08-30,0.0,291.919,298.39404,286.756,3.623765e-05
2005-08-31,0.0,292.52383,299.3304,287.37057,3.1069852e-05
2005-09-01,0.0,293.29327,300.50183,287.51645,4.2473188e-05
2005-09-02,0.0,293.77206,301.66278,288.28378,3.6266865e-05
2005-09-03,8.922397e-05,291.7086,297.97113,288.5883,2.4662862e-05
2005-09-04,0.0003855044,289.378,294.9287,287.7552,2.5432404e-05
2005-09-05,0.0,288.70505,295.50162,282.721,3.2162166e-05
2005-09-06,0.0,289.41727,296.66,284.04684,3.3207398e-05
2005-09-07,0.0,290.17163,297.85553,283.35703,3.6825484e-05
2005-09-08,0.0,291.99765,299.89893,284.9873,3.8023925e-05
2005-09-09,0.0,291.7179,298.0833,288.02884,2.4247889e-05
2005-09-10,0.00018031635,291.24506,297.22778,288.41397,3.1180563e-05
2005-09-11,1.6429005e-06,291.31323,297.82764,287.55426,2.9942672e-05
2005-09-12,2.0691383e-05,290.15463,297.8319,285.70944,3.9001126e-05
2005-09-13,4.328093e-06,289.30807,297.56293,282.8471,2.7821323e-05
2005-09-14,4.0552783e-05,289.761,297.2081,284.79608,3.0936626e-05
2005-09-15,0.0,290.14465,298.08896,284.36874,3.045675e-05
2005-09-16,0.0,291.005,297.5922,284.7772,3.0148303e-05
2005-09-17,9.710534e-05,286.02548,292.9884,284.0251,1.2711074e-05
2005-09-18,0.00039665293,282.80014,284.7915,282.1944,1.0595088e-05
2005-09-19,0.00023566945,282.77158,284.15887,282.33792,9.1404645e-06
2005-09-20,8.643602e-05,284.17535,286.7093,282.3223,1.329178e-05
2005-09-21,2.20913e-05,284.1076,286.36737,281.95087,1.2986898e-05
2005-09-22,9.381452e-09,285.9932,287.77496,283.85162,1.2141068e-05
2005-09-23,2.488614e-06,286.7182,292.277,283.58398,2.3482196e-05
2005-09-24,0.0,286.93152,294.63907,281.27725,2.3817709e-05
2005-09-25,0.0,286.67624,294.23303,282.58527,2.3055836e-05
2005-09-26,0.0,287.42865,295.3112,282.5044,2.1468572e-05
2005-09-27,0.0,288.12518,293.93198,281.91052,1.730774e-05
2005-09-28,0.00016238395,288.19315,293.3359,285.15344,1.8295581e-05
2005-09-29,3.6219815e-05,285.8926,288.44995,283.60553,8.373572e-06
2005-09-30,0.000659464,283.91968,290.93607,280.951,2.1174528e-05
2005-10-01,0.0,282.38876,289.8693,276.26205,2.0780157e-05
2005-10-02,2.2109932e-06,283.61868,286.438,281.08356,1.1496105e-05
2005-10-03,5.6508426e-05,284.93463,286.0379,283.42026,8.206456e-06
2005-10-04,0.00020082235,287.4135,289.29337,285.2391,1.0483117e-05
2005-10-05,0.00025242806,286.5206,287.87488,285.59164,7.8616085e-06
2005-10-06,0.00021602442,286.25226,288.1758,285.047,8.850796e-06
2005-10-07,2.6347503e-05,285.6931,287.8807,284.06268,8.99075e-06
2005-10-08,4.3807628e-05,284.19473,288.22528,282.6869,1.5472373e-05
2005-10-09,4.2302403e-07,283.75598,288.15735,281.3258,1.4565052e-05
2005-10-10,0.0,283.60406,291.05502,278.87015,1.869728e-05
2005-10-11,0.0,284.20596,290.9137,279.60425,1.8220846e-05
2005-10-12,0.0,283.02972,288.22263,279.534,1.576156e-05
2005-10-13,0.0,281.72293,289.6154,277.78485,1.5269552e-05
2005-10-14,0.0,281.78503,290.43027,275.38113,1.3510751e-05
2005-10-15,0.0,281.84903,289.10968,278.22162,1.3869864e-05
2005-10-16,0.0,282.3511,288.89954,276.77747,1.2627001e-05
2005-10-17,0.0,280.59882,286.33698,276.6623,1.4756841e-05
2005-10-18,0.0,277.6371,286.44907,274.036,1.3746637e-05
2005-10-19,0.0,279.10425,284.85974,271.80023,1.0044448e-05
2005-10-20,0.0,281.23145,283.84854,275.9198,6.8680943e-06
2005-10-21,2.4082432e-05,284.743,290.2639,282.0528,1.1288263e-05
2005-10-22,3.4278608e-07,285.87677,291.80865,279.49158,1.5970027e-05
2005-10-23,1.2162366e-06,287.93234,292.7263,283.42902,1.5046296e-05
2005-10-24,0.0,285.69684,289.92975,283.73322,1.0220951e-05
2005-10-25,8.9462375e-08,285.56412,291.2054,281.91025,1.4634002e-05
2005-10-26,1.3443704e-06,285.1015,292.45984,280.70544,1.6734633e-05
2005-10-27,0.0,283.97842,293.06323,277.71133,1.0932638e-05
2005-10-28,0.0,284.54846,290.99466,278.07474,8.921884e-06
2005-10-29,0.0,284.48798,290.4527,282.15826,9.259259e-06
2005-10-30,0.0,282.31775,286.54523,279.70178,8.358527e-06
2005-10-31,0.0,280.44458,282.154,279.3482,6.9444445e-06
2005-11-01,1.7230537e-06,281.0463,282.78943,279.7433,5.8269916e-06
2005-11-02,5.7954367e-06,283.60635,287.42764,281.1659,8.058391e-06
2005-11-03,1.5710691e-06,283.25128,285.59952,281.13684,7.996193e-06
2005-11-04,0.0,283.20044,287.82874,280.91232,9.193629e-06
2005-11-05,0.0,285.21857,289.68945,279.98862,9.5158075e-06
2005-11-06,7.686246e-05,282.29846,285.5842,281.7348,6.7761866e-06
2005-11-07,4.1426403e-05,282.53986,283.65933,281.24588,5.787037e-06
2005-11-08,5.1871473e-05,281.83194,285.99155,278.9248,6.876062e-06
2005-11-09,0.0,279.2323,284.85165,276.48373,5.787037e-06
2005-11-10,0.0,278.83194,283.81995,274.80704,4.6296295e-06
2005-11-11,0.0,276.64987,280.53644,275.65402,3.988389e-06
2005-11-12,0.0,276.6362,276.86652,274.83472,4.6296295e-06
2005-11-13,1.0838575e-06,275.41986,277.58902,274.75775,4.6296295e-06
2005-11-14,1.3119712e-06,275.76114,277.09674,275.17615,4.6296295e-06
2005-11-15,0.0,280.97598,283.38776,274.7419,6.9444445e-06
2005-11-16,1.5195037e-06,281.53574,285.85776,277.5646,7.5886587e-06
2005-11-17,1.6239645e-05,277.31906,282.10632,275.06116,6.358067e-06
2005-11-18,1.8201642e-06,274.33353,280.8937,270.70056,3.5108258e-06
2005-11-19,1.5845812e-06,273.5887,278.72473,269.09692,5.7196385e-06
2005-11-20,0.0,271.65735,279.19223,266.9947,3.4722223e-06
2005-11-21,0.0,272.87637,276.67123,267.5599,3.6498363e-06
2005-11-22,3.0023813e-05,272.2847,275.48514,267.85892,3.3626945e-06
2005-11-23,8.331744e-06,272.6516,274.7052,271.27298,1.0990466e-05
2005-11-24,1.8999526e-06,270.77304,273.15686,270.20316,3.428762e-06
2005-11-25,1.004251e-05,271.6837,274.50644,266.53137,3.4722223e-06
2005-11-26,0.0003937624,273.80432,274.1791,271.71042,3.0963338e-06
2005-11-27,0.0005914959,274.5753,276.37454,273.42844,2.7916578e-06
2005-11-28,7.625087e-05,273.58386,276.62,271.56378,2.3148148e-06
2005-11-29,1.8243029e-05,272.3414,274.69928,268.90265,2.3148148e-06
2005-11-30,0.00020478312,273.83926,275.6404,272.6123,2.3148148e-06
2005-12-01,0.0,272.79816,274.78485,272.29294,3.1062937e-06
2005-12-02,2.9464163e-06,273.4315,275.6698,268.36884,2.3148148e-06
2005-12-03,4.667438e-05,277.21307,279.86795,273.65964,3.503678e-06
2005-12-04,0.00019348002,276.25262,278.69397,273.3657,1.927758e-06
2005-12-05,0.00015416148,276.12268,279.1141,274.81076,3.4722223e-06
2005-12-06,0.00030044664,275.63843,277.71725,274.70425,2.3148148e-06
2005-12-07,9.844683e-06,274.60858,276.4354,272.5469,2.340682e-06
2005-12-08,1.9583347e-06,272.35162,277.2163,270.06393,2.3148148e-06
2005-12-09,0.0,273.26456,276.05676,269.734,1.9490033e-06
2005-12-10,0.0,273.05945,276.54224,270.63632,6.1949613e-06
2005-12-11,0.0,269.74304,274.81583,267.32147,3.2207406e-06
2005-12-12,0.0,269.7089,272.1685,266.17703,2.3406733e-06
2005-12-13,3.458862e-05,272.45303,274.0612,270.53012,2.6624723e-06
2005-12-14,1.2334121e-06,270.97174,273.51917,268.4002,3.4278091e-06
2005-12-15,2.1792398e-06,271.1057,276.5341,265.30862,1.1797263e-06
2005-12-16,0.0,271.41498,275.73383,265.539,3.336412e-06
2005-12-17,3.930175e-07,272.20392,276.46826,267.3153,3.5145033e-06
2005-12-18,0.0,270.0694,276.89767,265.04614,6.5187037e-06
2005-12-19,0.0,269.72586,276.34305,263.3872,4.6296295e-06
2005-12-20,0.0,271.5512,277.98325,266.42175,2.5526258e-06
2005-12-21,0.0,270.9855,278.3379,267.18512,2.214791e-06
2005-12-22,0.0,267.6666,272.09467,263.71152,2.3148148e-06
2005-12-23,0.0,270.4003,272.88583,265.32465,2.9329724e-06
2005-12-24,0.0,272.37778,278.81656,267.77246,2.2441457e-06
2005-12-25,0.0,272.60168,275.52765,270.0193,3.0243566e-06
2005-12-26,5.561321e-06,272.8093,275.2722,271.01318,2.6692958e-06
2005-12-27,0.00012526267,270.9513,272.7991,270.28247,2.3148148e-06
2005-12-28,0.00015825893,270.8966,272.19293,269.71188,2.3148148e-06
2005-12-29,0.0001247243,270.92862,272.38495,270.2626,2.29579e-06
2005-12-30,3.1008276e-05,264.842,272.29706,261.1315,9.604438e-07
2005-12-31,0.0,269.35025,272.49796,256.76398,2.1087671e-06
2006-01-01,8.3016785e-05,273.3568,274.30664,270.6633,2.3148148e-06
2006-01-02,0.00028610916,273.8802,275.37057,272.99506,2.3148148e-06
2006-01-03,9.194468e-06,272.51807,276.51074,271.82855,1.4922581e-06
2006-01-04,7.6734574e-07,273.24118,275.22025,270.98074,2.8460327e-06
2006-01-05,5.3701406e-08,273.3401,274.88312,271.61285,3.081247e-06
2006-01-06,4.8906608e-05,274.08432,275.84784,272.12372,2.334901e-06
2006-01-07,3.0159026e-05,273.7524,275.39737,273.08014,2.8499514e-06
2006-01-08,2.0604947e-08,272.6821,274.4699,271.72382,4.2577167e-06
2006-01-09,0.0,266.98004,274.47476,264.03513,8.8370774e-07
2006-01-10,0.0,265.21753,271.47604,260.3739,3.7953504e-07
2006-01-11,0.0,265.83405,272.98947,260.2535,2.4140147e-07
2006-01-12,0.0,267.6219,272.96762,262.40033,9.999729e-07
2006-01-13,0.0,267.75333,271.61526,263.20953,2.7906833e-06
2006-01-14,0.0,267.1462,270.14972,265.10968,3.7537257e-06
2006-01-15,0.0,268.55756,270.05643,266.62106,3.8029348e-06
2006-01-16,0.0,267.36877,272.20773,264.82285,2.3148148e-06
2006-01-17,0.0,269.05643,272.51834,259.51813,2.3148148e-06
2006-01-18,1.2150502e-05,271.714,276.7146,268.50238,3.0286e-06
2006-01-19,1.504106e-06,270.2061,275.1173,264.6983,2.3148148e-06
2006-01-20,0.0,267.9478,275.22122,263.00455,1.6286143e-06
2006-01-21,0.0,272.8455,278.67496,265.0164,4.3218156e-06
2006-01-22,2.208259e-06,272.09024,278.20557,268.18253,5.460989e-06
2006-01-23,0.0,263.01892,271.37808,261.56937,5.0224917e-06
2006-01-24,0.0,261.5511,268.12396,257.84003,3.406423e-06
2006-01-25,0.0,260.0181,266.8905,253.34393,1.3455251e-06
2006-01-26,0.0,261.65024,265.60934,257.0288,2.207921e-06
2006-01-27,2.077121e-06,265.3409,268.05243,260.95425,2.4833892e-06
2006-01-28,0.0,270.861,273.70743,264.81442,2.421604e-06
2006-01-29,8.0930495e-06,272.7946,276.04095,270.70844,3.4722223e-06
2006-01-30,1.6897786e-06,273.202,274.85526,272.40027,3.767926e-06
2006-01-31,0.0,272.55368,275.63956,270.76376,3.3317906e-06
2006-02-01,0.0,270.9715,275.22476,268.5283,2.8991883e-06
2006-02-02,0.0,269.9515,274.4356,266.90396,2.8657337e-06
2006-02-03,0.0,268.72592,276.27667,265.8125,2.8504385e-06
2006-02-04,0.0,266.9864,269.5518,264.6845,2.7514197e-06
2006-02-05,0.0,266.9623,273.82574,263.20526,6.3919847e-06
2006-02-06,0.0,264.93423,272.49307,260.21182,3.902067e-06
2006-02-07,0.0,265.1004,270.7986,258.10178,3.3597355e-06
2006-02-08,0.0,271.53128,277.34348,262.38074,5.3104263e-06
2006-02-09,0.0,272.5625,278.70392,267.85086,4.545643e-06
2006-02-10,2.5376787e-07,270.18253,277.2281,265.59406,4.253511e-06
2006-02-11,0.0,271.79413,279.84857,264.13702,5.743577e-06
2006-02-12,0.0,268.86023,277.02582,261.81738,5.743577e-06
2006-02-13,0.0,270.23627,275.40048,264.11526,4.907884e-06
2006-02-14,0.0,270.65738,278.61057,264.16006,5.8999794e-06
2006-02-15,0.0,272.65286,277.13904,264.42172,6.05928e-06
2006-02-16,3.2025084e-05,277.35852,279.76447,273.64664,3.942067e-06
2006-02-17,6.762112e-05,275.81662,281.6527,273.57294,8.101852e-06
2006-02-18,5.0698174e-05,277.09247,282.40155,271.90906,8.240303e-06
2006-02-19,9.4452545e-05,278.37003,284.0546,275.19608,1.0092872e-05
2006-02-20,3.9008264e-05,277.26184,280.5851,275.3964,5.251644e-06
2006-02-21,0.00015753285,277.80984,282.974,274.34506,8.967421e-06
2006-02-22,3.127871e-05,276.13785,278.20068,274.5476,5.910622e-06
2006-02-23,1.1894251e-05,274.17725,275.8262,273.57095,6.7363485e-06
2006-02-24,6.4847295e-06,274.4445,276.17087,273.13376,5.5729233e-06
2006-02-25,3.759044e-05,273.549,275.22708,273.00055,4.725535e-06
2006-02-26,3.620491e-05,273.5657,276.02878,271.584,5.0593844e-06
2006-02-27,6.5621025e-05,269.28424,274.10614,267.49185,4.8878337e-06
2006-02-28,1.6549233e-05,267.63797,272.54495,260.4001,6.715596e-06
2006-03-01,0.0,269.23557,277.5603,262.125,7.800205e-06
2006-03-02,7.972543e-06,270.6552,273.83868,268.2254,5.459996e-06
2006-03-03,2.4974463e-05,274.39835,276.55798,263.59314,4.448203e-06
2006-03-04,6.625985e-05,279.90552,281.02008,274.89545,8.4042e-06
2006-03-05,0.0002259346,274.76022,281.97214,272.16092,6.6836765e-06
2006-03-06,0.00051074236,270.5391,276.6235,267.85184,8.354902e-06
2006-03-07,0.0,269.82687,277.8917,262.62964,1.1246012e-05
2006-03-08,0.0,270.81943,277.56842,260.94052,1.0707758e-05
2006-03-09,0.0,275.52768,278.67142,271.24023,8.584496e-06
2006-03-10,2.8516672e-05,274.02365,277.29736,273.219,4.8039838e-06
2006-03-11,0.0002678882,274.94604,280.18805,272.14667,9.121518e-06
2006-03-12,2.6245627e-06,273.44058,276.8021,270.29514,1.40717975e-05
2006-03-13,2.7319054e-06,273.82776,278.35413,271.17676,1.6269525e-05
2006-03-14,1.2893757e-06,271.9688,274.10403,270.4844,7.5338553e-06
2006-03-15,9.783249e-06,272.73764,275.4246,270.8479,8.253625e-06
2006-03-16,0.0,273.52747,276.18686,271.63574,7.276734e-06
2006-03-17,0.0,275.09976,280.1658,271.99573,1.1564553e-05
2006-03-18,0.0,275.05078,278.47385,272.92877,9.14768e-06
2006-03-19,0.0,274.40848,283.89142,270.04727,1.6319698e-05
2006-03-20,0.0,276.83267,285.79077,268.30777,2.1603022e-05
2006-03-21,0.0,278.4846,283.68753,272.17422,1.3711348e-05
2006-03-22,7.5968615e-05,281.9841,288.28107,276.5856,1.777858e-05
2006-03-23,6.466184e-05,278.23758,283.5051,276.6573,8.817775e-06
2006-03-24,2.640723e-06,277.13086,283.1331,270.81042,2.0143514e-05
2006-03-25,0.0,280.7328,289.26028,273.38983,2.5538999e-05
2006-03-26,0.0,280.4331,286.20837,273.84796,1.6830807e-05
2006-03-27,0.0,282.01843,288.04642,275.9039,2.1425698e-05
2006-03-28,0.0,283.93015,286.75693,279.76932,1.43306115e-05
2006-03-29,0.00011850307,281.13098,288.86224,277.57028,2.4024474e-05
2006-03-30,5.3965605e-06,281.4216,288.5378,271.13794,2.206495e-05
2006-03-31,1.7329173e-06,282.62402,287.18207,278.21536,1.5884518e-05
2006-04-01,5.852615e-06,283.86658,291.49127,273.92917,2.5257743e-05
2006-04-02,0.0,283.2673,291.8648,278.2049,2.6250116e-05
2006-04-03,9.523875e-06,279.65085,287.58173,276.02026,1.4929882e-05
2006-04-04,0.00021326469,280.79443,288.7906,274.34943,2.6672169e-05
2006-04-05,0.0,280.36572,285.18494,275.8534,1.3321951e-05
2006-04-06,0.00011987482,275.21417,281.6888,273.37402,6.936843e-06
2006-04-07,0.00015840531,276.4244,283.93097,271.89236,2.2212042e-05
2006-04-08,0.0,280.57236,290.06247,270.26837,3.027267e-05
2006-04-09,0.0,281.68384,289.03705,271.57898,3.1097505e-05
2006-04-10,0.0,284.22092,288.10373,280.34842,1.686269e-05
2006-04-11,0.00021923082,280.5387,285.93967,278.1789,1.3800741e-05
2006-04-12,4.5228277e-05,280.59464,285.585,276.0488,2.5945941e-05
2006-04-13,0.0,281.0769,288.6355,274.6273,3.0298374e-05
2006-04-14,0.0,283.95007,292.3329,274.05707,4.3167296e-05
2006-04-15,0.0,284.4435,292.04803,276.076,3.0397197e-05
2006-04-16,4.282414e-06,282.705,285.97327,280.30096,1.1774768e-05
2006-04-17,3.9274078e-06,283.475,291.98547,277.17212,2.9519062e-05
2006-04-18,0.000105386156,284.6003,288.43036,279.26254,1.702476e-05
2006-04-19,4.9730723e-05,284.91708,289.21414,282.19113,1.929602e-05
2006-04-20,1.0573998e-05,284.82016,293.73303,278.9719,3.696006e-05
2006-04-21,2.0011184e-06,286.33124,294.89188,277.71783,3.8559712e-05
2006-04-22,0.0,287.4045,296.3324,278.0284,4.109086e-05
2006-04-23,0.0,287.16275,296.02805,278.795,3.708417e-05
2006-04-24,9.273233e-06,288.59122,297.67746,277.3647,4.1253217e-05
2006-04-25,0.0,289.01773,298.0879,278.73914,4.621617e-05
2006-04-26,0.0,289.5033,296.59616,280.07367,3.5286994e-05
2006-04-27,2.7516555e-05,285.5766,289.46432,284.25723,1.5364723e-05
2006-04-28,7.693947e-05,285.39163,287.15872,283.87738,1.5046296e-05
2006-04-29,0.000105277584,283.46744,286.68768,281.97607,1.6859498e-05
2006-04-30,0.00025838224,278.88095,282.49466,278.15045,1.21689345e-05
2006-05-01,9.821461e-05,283.02893,289.1532,277.82803,3.1498796e-05
2006-05-02,1.8683967e-06,284.41452,292.29196,277.95578,3.1449294e-05
2006-05-03,2.0260319e-05,286.41876,293.58835,277.63382,3.5395526e-05
2006-05-04,0.0,285.91458,292.4384,281.53094,4.3441865e-05
2006-05-05,0.0,285.66348,293.60693,276.89236,4.681944e-05
2006-05-06,0.0,285.94238,294.15988,276.43155,3.8525457e-05
2006-05-07,0.0,284.47784,292.2105,278.781,3.366761e-05
2006-05-08,9.141884e-07,286.05273,293.53876,277.1765,4.065467e-05
2006-05-09,7.268107e-08,283.86823,288.47485,280.441,1.704672e-05
2006-05-10,6.129209e-05,286.74765,294.64267,281.33533,3.671748e-05
2006-05-11,1.0294349e-05,286.47916,293.83405,278.92355,4.2145326e-05
2006-05-12,0.0,288.57434,296.73135,277.90472,5.172139e-05
2006-05-13,0.0,289.22754,296.337,281.99768,4.964015e-05
2006-05-14,0.0,286.34232,293.0109,282.09915,2.5371795e-05
2006-05-15,4.0576982e-05,288.1355,296.14453,279.3361,4.7471225e-05
2006-05-16,0.0,290.56027,298.7771,280.18442,5.2554566e-05
2006-05-17,0.0,291.8422,299.3498,284.844,5.6713543e-05
2006-05-18,2.7698801e-05,293.01172,299.47742,283.9911,4.523662e-05
2006-05-19,2.480879e-06,290.4271,296.66153,287.40698,3.2132335e-05
2006-05-20,0.000110973124,287.16312,289.4729,285.33902,1.6899146e-05
2006-05-21,1.1260472e-06,289.8991,292.76254,285.44217,2.6451833e-05
2006-05-22,1.1628794e-06,291.35397,298.6687,284.9936,5.7925477e-05
2006-05-23,0.0,293.45514,300.02295,285.2828,5.046899e-05
2006-05-24,0.00031950563,282.90833,293.35403,281.61337,1.1934171e-05
2006-05-25,0.00034623564,286.62003,292.86688,280.12213,4.3078617e-05
2006-05-26,0.0,290.02985,297.495,279.6215,4.6706533e-05
2006-05-27,0.0,291.93756,297.78012,283.42285,3.4722223e-05
2006-05-28,2.3275784e-06,292.13342,299.26532,285.1518,5.2451447e-05
2006-05-29,0.00026427564,283.62766,291.40515,282.44644,1.3431134e-05
2006-05-30,0.00043232844,280.4803,283.0381,278.44144,1.2561394e-05
2006-05-31,0.00026847512,281.78467,290.05658,276.76727,3.8857488e-05
2006-06-01,6.351938e-06,283.76855,291.27423,276.02548,4.1385505e-05
2006-06-02,4.138787e-06,283.3255,288.00757,278.76987,3.0251618e-05
2006-06-03,1.591886e-05,286.1735,288.64307,281.9216,3.229235e-05
2006-06-04,1.9168153e-06,287.30325,293.279,280.64792,3.9190927e-05
2006-06-05,8.686895e-07,285.65457,291.33023,281.20914,3.6897836e-05
2006-06-06,0.00012348875,283.82104,287.9266,282.71652,2.4208102e-05
2006-06-07,4.5190256e-05,284.6418,291.45404,278.67957,3.964344e-05
2006-06-08,7.559694e-06,286.2596,292.60214,277.42194,3.745314e-05
2006-06-09,0.0,286.75494,293.75037,278.2362,3.716986e-05
2006-06-10,0.0,286.43884,292.7803,280.2368,2.6057845e-05
2006-06-11,8.547023e-06,287.7574,293.95435,281.2917,4.431564e-05
2006-06-12,0.0,290.60202,297.86536,280.77573,5.556825e-05
2006-06-13,0.0,292.3128,300.425,282.09808,6.0804272e-05
2006-06-14,3.9384096e-05,293.5528,302.02136,285.36035,6.0026614e-05
2006-06-15,1.7419721e-06,294.78848,302.89746,285.7895,6.189531e-05
2006-06-16,0.0,294.81015,302.62833,286.88922,6.115486e-05
2006-06-17,0.0,294.94214,303.12134,287.68204,6.414847e-05
2006-06-18,0.0,296.68677,303.28366,288.2926,7.040927e-05
2006-06-19,0.0,296.76343,304.01758,289.29218,7.064967e-05
2006-06-20,0.0,297.48697,305.18918,289.38434,6.697237e-05
2006-06-21,0.0,297.2332,304.12347,290.6667,5.2080595e-05
2006-06-22,0.0,296.616,304.0775,288.3485,5.8658876e-05
2006-06-23,7.808846e-06,295.0368,300.6115,289.1397,4.360351e-05
2006-06-24,9.453722e-06,296.27454,302.27118,291.0021,5.9180027e-05
2006-06-25,0.0,297.58597,304.3622,290.3721,6.4454725e-05
2006-06-26,1.3649819e-06,298.5889,306.49808,291.1178,6.9249036e-05
2006-06-27,0.0,298.83,307.25772,288.1233,6.844414e-05
2006-06-28,1.6775642e-06,298.2905,305.22678,290.17355,6.4560234e-05
2006-06-29,4.349991e-06,295.07407,301.77057,291.26688,4.3255593e-05
2006-06-30,0.00034768175,295.47412,301.16272,290.071,6.1714956e-05
2006-07-01,0.0,293.85938,300.1435,287.5989,5.799636e-05
2006-07-02,1.1176893e-05,291.79556,296.80576,288.75574,3.973447e-05
2006-07-03,4.502373e-06,291.85355,295.5731,289.56976,3.4903675e-05
2006-07-04,4.368072e-06,292.21408,297.99164,289.16504,4.991844e-05
2006-07-05,0.0,293.51712,299.81256,286.2852,5.741085e-05
2006-07-06,0.0,295.3997,302.9963,286.80756,6.191854e-05
2006-07-07,1.820091e-06,292.67438,301.703,289.2283,4.2520405e-05
2006-07-08,5.1334446e-05,293.6099,300.6248,288.9719,4.5552053e-05
2006-07-09,4.758462e-06,294.29446,302.268,288.4021,5.860157e-05
2006-07-10,7.345936e-06,294.86353,302.34387,288.83563,4.9051803e-05
2006-07-11,6.2186996e-06,297.60556,304.56033,288.5885,5.9638096e-05
2006-07-12,8.829446e-06,296.7788,303.99582,290.65295,6.2757696e-05
2006-07-13,1.7439457e-05,295.24582,300.76746,290.12927,4.5294753e-05
2006-07-14,5.276603e-05,296.30756,304.37946,288.82678,5.6020526e-05
2006-07-15,1.8770428e-05,295.20206,300.76913,289.45618,6.0998726e-05
2006-07-16,0.0,293.70306,300.1234,286.6002,6.3482534e-05
2006-07-17,0.0,292.88663,300.2195,283.64984,6.0880357e-05
2006-07-18,0.0,293.9005,301.69302,284.36102,5.78074e-05
2006-07-19,0.0,296.3718,305.6112,284.76212,6.105801e-05
2006-07-20,0.0,297.9484,306.82126,286.49396,6.203447e-05
2006-07-21,0.0,299.27795,307.78973,287.39722,7.1303024e-05
2006-07-22,0.0,298.53622,307.01395,290.7676,5.8224065e-05
2006-07-23,1.1102086e-05,296.35162,306.04562,291.35867,5.339291e-05
2006-07-24,0.00015286756,296.89563,304.29764,291.0904,4.663008e-05
2006-07-25,2.2368356e-05,296.0606,305.05246,291.49603,5.6099885e-05
2006-07-26,2.412894e-05,297.44937,305.47025,291.49512,5.7402096e-05
2006-07-27,9.521786e-06,295.88614,306.011,290.51407,5.4869768e-05
2006-07-28,7.205065e-05,296.6332,304.9719,288.92493,5.6222078e-05
2006-07-29,6.697865e-05,295.30713,303.75067,288.7037,5.647069e-05
2006-07-30,2.3829234e-05,296.37872,303.4853,290.70218,4.843407e-05
2006-07-31,9.920531e-07,295.7779,304.60275,289.7116,4.241445e-05
2006-08-01,1.9314832e-05,292.17728,295.49878,289.64084,1.827002e-05
2006-08-02,0.0001632744,289.51535,291.63565,288.72372,1.8017901e-05
2006-08-03,5.0315346e-05,288.38672,290.29053,287.03308,1.898787e-05
2006-08-04,0.00029475597,286.32895,288.97925,285.1054,1.0890884e-05
2006-08-05,0.00024094507,288.73642,296.5824,284.37207,3.944694e-05
2006-08-06,1.1545849e-05,290.87665,298.0471,284.7542,3.8312908e-05
2006-08-07,3.3381537e-05,291.62222,296.75876,287.05884,3.2171865e-05
2006-08-08,1.2571111e-05,292.00766,300.72296,287.15244,5.045179e-05
2006-08-09,1.620726e-06,290.57532,298.44583,284.7234,3.7363694e-05
2006-08-10,0.00010344495,289.72168,293.70593,288.05496,2.1832557e-05
2006-08-11,1.6831584e-05,286.5297,289.24503,284.27887,1.3624543e-05
2006-08-12,0.00012254914,285.33432,286.69818,284.02707,1.578611e-05
2006-08-13,0.00034282418,287.04153,292.4995,283.77023,2.841393e-05
2006-08-14,1.5669046e-05,287.6899,293.2791,283.40518,2.5356985e-05
2006-08-15,9.761028e-05,289.84882,297.41614,284.01978,4.4920034e-05
2006-08-16,0.0,290.99777,296.83185,283.10898,3.253707e-05
2006-08-17,9.438512e-09,293.78925,300.9601,286.02634,4.7030582e-05
2006-08-18,2.9359446e-06,294.9187,301.60034,290.5132,4.2532054e-05
2006-08-19,6.0035626e-07,293.35815,299.51944,287.16193,3.562648e-05
2006-08-20,0.0,294.61868,301.5415,287.72452,4.394223e-05
2006-08-21,5.8772275e-06,290.67987,297.37387,288.07703,3.8944767e-05
2006-08-22,5.033315e-06,291.49927,299.5962,285.9845,4.226479e-05
2006-08-23,7.201908e-05,289.94962,295.55344,288.0509,3.259953e-05
2006-08-24,0.0,292.075,298.52374,285.08737,3.7620397e-05
2006-08-25,0.00024248935,288.74887,293.82315,285.42203,2.6296551e-05
2006-08-26,4.608547e-06,288.78046,295.2911,285.84198,3.3258195e-05
2006-08-27,3.046327e-06,287.3322,294.38293,281.9255,2.7214264e-05
2006-08-28,5.1586787e-05,288.00485,293.76672,282.3163,2.2407366e-05
2006-08-29,0.00021960784,288.5931,294.49103,284.24124,3.238193e-05
2006-08-30,0.00014675313,285.13998,291.32736,282.9541,2.9882298e-05
2006-08-31,2.3064998e-05,286.99554,295.84943,278.8374,4.2529853e-05
2006-09-01,0.0,288.013,296.5486,280.2051,3.770199e-05
2006-09-02,0.0,290.0499,298.72974,281.8601,3.839518e-05
2006-09-03,0.0,291.74908,299.9629,284.55008,3.5593985e-05
2006-09-04,0.0,293.67587,301.7247,287.0402,4.4462457e-05
2006-09-05,0.0,294.54883,302.40363,287.38342,4.1639207e-05
2006-09-06,0.0,293.92264,300.52713,289.11768,3.6777354e-05
2006-09-07,0.0,294.37653,300.8577,289.83902,3.3934306e-05
2006-09-08,0.0,290.35532,297.2166,287.42545,2.1440263e-05
2006-09-09,5.6126487e-06,286.10065,293.78156,281.79648,3.3160395e-05
2006-09-10,0.0,286.52264,295.10474,279.00113,3.4203455e-05
2006-09-11,0.0,287.49432,295.48294,279.57544,3.163045e-05
2006-09-12,0.0,287.98712,295.9417,281.2376,3.2254007e-05
2006-09-13,0.0,288.25623,296.7074,280.07684,3.1180574e-05
2006-09-14,0.0,289.8602,296.9076,281.41275,2.5060313e-05
2006-09-15,8.237662e-06,289.0258,291.6475,287.24405,9.035281e-06
2006-09-16,0.00039121744,288.8216,290.83926,288.40958,1.266967e-05
2006-09-17,0.00016810017,288.94534,292.87518,287.58514,1.4920196e-05
2006-09-18,0.0002761946,289.14417,293.11438,287.67606,1.6904256e-05
2006-09-19,6.0693157e-05,289.998,295.67505,287.5311,2.2233751e-05
2006-09-20,7.3823657e-07,289.47437,297.18582,284.90524,3.091605e-05
2006-09-21,0.0,288.71512,296.57767,283.43408,2.7154663e-05
2006-09-22,0.0,289.7656,296.08386,284.02765,2.234205e-05
2006-09-23,0.0,287.49307,294.06415,284.24982,3.141988e-05
2006-09-24,0.0,287.3229,295.21692,279.8153,2.6518608e-05
2006-09-25,0.0,287.6612,295.3385,282.8153,2.4271905e-05
2006-09-26,0.0,290.85736,296.44778,282.91956,3.134391e-05
2006-09-27,0.0,288.38867,296.15994,283.63864,2.4430015e-05
2006-09-28,3.1533723e-06,288.29196,296.18396,283.0041,2.4088937e-05
2006-09-29,0.0,288.54715,296.7762,281.62692,2.1931608e-05
2006-09-30,0.0,288.53687,295.97348,281.89035,2.3319211e-05
2006-10-01,1.9484173e-06,289.3841,296.5298,284.97348,2.5394236e-05
2006-10-02,6.8989248e-06,290.6175,295.28635,286.94894,1.5820196e-05
2006-10-03,5.628727e-06,292.1779,295.07986,289.16632,1.7843453e-05
2006-10-04,2.5237136e-05,287.90054,293.83832,286.40253,1.6360025e-05
2006-10-05,0.00012972232,285.18646,289.62558,284.1436,1.4452415e-05
2006-10-06,2.4666417e-06,283.6079,291.37863,279.31628,1.8314753e-05
2006-10-07,0.0,284.06696,290.08426,278.2828,1.2666672e-05
2006-10-08,2.516981e-06,284.7136,292.28455,281.73737,1.8249748e-05
2006-10-09,0.0,282.80115,292.0145,276.29605,1.6095782e-05
2006-10-10,0.0,283.54318,292.62546,276.73337,1.537876e-05
2006-10-11,0.0,283.421,291.84772,277.088,1.5286692e-05
2006-10-12,0.0,283.64783,292.2575,278.3694,1.5080399e-05
2006-10-13,0.0,286.50287,292.31442,279.71732,1.337e-05
2006-10-14,0.0,285.00708,290.06323,283.23672,1.7011169e-05
2006-10-15,0.0,282.83755,291.3121,279.25507,1.5387253e-05
2006-10-16,0.0,279.90308,287.89456,276.8297,1.5225111e-05
2006-10-17,0.0,278.18436,287.66953,272.9576,1.2760291e-05
2006-10-18,0.0,278.20102,287.86798,271.616,1.078836e-05
2006-10-19,0.0,282.0141,289.49857,273.99084,1.4791282e-05
2006-10-20,4.2143806e-06,285.63016,287.93332,281.98788,6.7872766e-06
2006-10-21,5.8730635e-05,285.77237,290.94193,282.53046,1.2273471e-05
2006-10-22,0.0,285.92563,293.1893,282.58572,1.6075182e-05
2006-10-23,1.1293403e-06,288.53284,291.9545,283.1921,1.577175e-05
2006-10-24,1.6748274e-05,289.89456,291.89008,288.58337,1.0879951e-05
2006-10-25,0.0002490254,287.14767,292.96146,284.2962,1.2805712e-05
2006-10-26,0.0,286.1149,292.90094,281.3572,1.6710748e-05
2006-10-27,0.0,286.37067,294.83694,281.52673,1.170644e-05
2006-10-28,0.0,287.52728,294.84656,282.03708,1.197345e-05
2006-10-29,0.0,286.2858,291.54544,281.85376,9.05926e-06
2006-10-30,0.0,283.81192,291.04712,279.52957,2.2418893e-05
2006-10-31,0.0,280.0802,287.3664,275.14938,7.868226e-06
2006-11-01,0.0,280.9174,286.77002,278.1785,6.8376394e-06
2006-11-02,9.9898985e-05,274.52325,280.3238,271.30453,1.0607593e-05
2006-11-03,0.0,273.97412,280.21906,269.111,9.087776e-06
2006-11-04,6.343987e-08,274.53534,281.73007,268.6973,6.6893476e-06
2006-11-05,0.0,277.23734,283.28082,270.88727,6.9444445e-06
2006-11-06,0.0,276.3108,283.22098,273.13953,6.236549e-06
2006-11-07,0.0,277.00876,287.36896,269.81583,7.342113e-06
2006-11-08,0.0,281.1889,288.1949,271.37692,1.1574074e-05
2006-11-09,0.0,280.87366,288.22375,274.23505,8.387766e-06
2006-11-10,0.0,277.4967,286.34882,273.23218,1.0356717e-05
2006-11-11,0.0,277.06653,281.96127,269.0825,7.753655e-06
2006-11-12,0.0,279.65988,285.10843,274.87573,1.0516121e-05
2006-11-13,2.3744965e-06,278.60962,283.29025,272.4171,6.4932506e-06
2006-11-14,0.0,280.208,287.0372,276.1644,1.1802413e-05
2006-11-15,0.0,283.06998,289.33124,276.1552,1.3851262e-05
2006-11-16,0.0,284.97742,289.37012,278.6319,1.1574074e-05
2006-11-17,3.7205662e-06,286.72693,290.52448,283.93515,1.5766167e-05
2006-11-18,5.4888716e-07,284.47635,289.1587,282.07254,7.971631e-06
2006-11-19,9.3364525e-07,283.42407,287.2625,280.2107,5.7252832e-06
2006-11-20,2.7874676e-06,281.13327,283.75165,278.69968,4.6296295e-06
2006-11-21,8.652878e-05,280.97275,283.58203,279.36636,5.593071e-06
2006-11-22,0.00020052715,278.5258,281.0734,277.58612,5.2223436e-06
2006-11-23,0.00012804693,278.59644,284.41348,275.17145,3.8753487e-06
2006-11-24,0.0,281.1448,285.66095,273.37015,6.297235e-06
2006-11-25,1.09109205e-05,285.13043,287.92624,282.29672,7.850349e-06
2006-11-26,6.422801e-07,282.63547,288.33255,278.87558,8.482481e-06
2006-11-27,1.0936822e-06,280.56268,287.37073,276.9916,7.82066e-06
2006-11-28,0.0,277.99405,282.20197,275.6576,4.8067677e-06
2006-11-29,0.0,277.4662,281.6322,274.55722,5.733665e-06
2006-11-30,0.0,279.42142,281.73743,276.97415,6.1517917e-06
2006-12-01,0.0,277.82385,281.395,276.55038,6.534962e-06
2006-12-02,0.0,275.71683,281.12262,271.78348,3.4722223e-06
2006-12-03,0.0,278.47244,280.99887,272.95056,5.787037e-06
2006-12-04,7.147112e-08,281.52344,284.17307,278.47955,5.957862e-06
2006-12-05,0.0,280.72986,283.4057,276.25116,5.787037e-06
2006-12-06,1.0271428e-05,284.216,286.94153,279.7991,7.71465e-06
2006-12-07,4.0101913e-06,283.2208,286.6302,281.07455,5.787037e-06
2006-12-08,2.3553692e-05,283.3218,286.7451,280.0634,1.12197e-05
2006-12-09,1.6197695e-05,282.0361,285.56516,280.00418,6.9009843e-06
2006-12-10,0.00051652343,277.89935,280.37393,276.10196,3.4531975e-06
2006-12-11,1.878937e-05,275.01965,279.8227,272.93774,2.2884778e-06
2006-12-12,0.0,272.8586,275.8534,270.74954,2.29579e-06
2006-12-13,0.0,272.33917,274.24966,270.1001,2.3052664e-06
2006-12-14,0.0,272.33496,276.1258,269.65723,2.2614431e-06
2006-12-15,0.0,273.00177,280.37976,269.2827,6.375945e-07
2006-12-16,0.0,276.07098,281.48093,269.7262,2.1714293e-06
2006-12-17,4.0126724e-07,278.6144,280.03104,274.21976,4.620081e-06
2006-12-18,8.4664556e-05,275.24518,279.5173,273.72714,4.5608917e-06
2006-12-19,0.00012328807,273.9236,276.88477,273.08075,4.679692e-06
2006-12-20,1.1004605e-06,271.34958,275.8519,268.87164,1.0693054e-06
2006-12-21,0.0,274.4974,276.4802,270.56598,3.8043722e-06
2006-12-22,1.2098634e-07,273.8607,277.56796,271.45792,5.6300437e-06
2006-12-23,0.0,271.73563,277.2157,268.72186,1.3455251e-06
2006-12-24,0.0,271.52615,273.987,268.10822,3.428762e-06
2006-12-25,0.0,272.3621,274.5368,270.12622,4.039099e-06
2006-12-26,0.0,272.56287,275.87817,271.20206,3.7820573e-06
2006-12-27,0.0,270.80328,276.59766,267.82535,2.7001088e-08
2006-12-28,0.0,270.80698,278.1014,265.7329,8.699264e-07
2006-12-29,0.0,273.32254,279.12744,267.60403,2.5768245e-06
2006-12-30,0.0,273.48123,278.65463,269.91132,4.0185814e-06
2006-12-31,0.0,275.34656,278.95203,270.27032,5.26427e-06
2007-01-01,2.011331e-06,279.04477,281.8318,273.60562,6.875695e-06
2007-01-02,0.00012309552,276.63318,280.21313,274.3543,6.886496e-06
2007-01-03,3.7645004e-06,274.66663,282.24878,270.4116,2.673426e-06
2007-01-04,0.0,275.6859,277.77792,271.31277,4.6296295e-06
2007-01-05,1.7315296e-06,275.44998,282.71405,270.93314,2.3148148e-06
2007-01-06,0.0,276.59833,283.06616,271.94888,4.603293e-06
2007-01-07,0.0,277.30527,282.18964,273.433,6.954306e-06
2007-01-08,1.7466908e-06,276.28726,280.16077,273.6349,3.7357358e-06
2007-01-09,2.2195522e-05,278.2463,282.96973,273.44183,4.8931333e-06
2007-01-10,0.0,279.16028,282.9077,274.47983,7.797812e-06
2007-01-11,1.10145734e-07,280.37488,283.90692,276.94553,7.368225e-06
2007-01-12,0.0,279.26147,287.06244,274.86398,1.2530667e-05
2007-01-13,0.0,273.95224,281.7034,270.25705,4.6296295e-06
2007-01-14,0.0,275.42728,283.9556,269.3737,4.899944e-06
2007-01-15,0.0,274.79785,279.17575,269.86908,2.9888258e-06
2007-01-16,0.0,276.4806,281.95117,268.79254,6.2599456e-06
2007-01-17,3.025929e-06,279.47598,283.1936,275.92505,6.9444445e-06
2007-01-18,4.9400126e-07,279.7105,282.4724,272.4117,7.497513e-06
2007-01-19,1.1898147e-06,283.01108,288.37024,278.5647,8.387065e-06
2007-01-20,0.0,277.02255,283.8504,274.15616,3.775704e-06
2007-01-21,1.2234559e-06,281.09402,284.70554,275.50104,7.572143e-06
2007-01-22,0.00010697062,276.34863,281.24774,275.27286,4.933457e-06
2007-01-23,0.000102517944,275.53577,276.72705,274.55692,4.0338064e-06
2007-01-24,0.00039253983,275.01584,278.64948,273.66553,2.9376342e-06
2007-01-25,0.00016157828,271.3871,274.86646,270.68698,3.5998823e-06
2007-01-26,3.153612e-05,269.9247,272.51553,268.61276,4.0924015e-06
2007-01-27,1.3860629e-06,270.27167,275.25552,263.46674,4.4713747e-06
2007-01-28,0.0,272.09006,277.91516,264.97827,3.4531975e-06
2007-01-29,0.0,274.35016,282.37134,268.78137,5.009783e-06
2007-01-30,0.0,274.39838,282.5653,268.53735,4.4971875e-06
2007-01-31,0.0,273.84784,280.6022,268.48053,4.602986e-06
2007-02-01,0.0,275.26416,282.0023,271.48672,5.390999e-06
2007-02-02,0.0,274.63272,282.76517,268.8787,4.556568e-06
2007-02-03,0.0,277.5673,284.83728,269.85825,1.2257129e-05
2007-02-04,0.0,275.4343,284.48834,270.651,7.909134e-06
2007-02-05,0.0,275.61407,283.94574,267.622,1.0785753e-05
2007-02-06,0.0,276.61343,280.26492,271.28525,6.748253e-06
2007-02-07,0.00018193849,276.78674,278.5944,274.88684,4.6296295e-06
2007-02-08,5.6027042e-05,278.99298,282.20978,275.9924,6.8441464e-06
2007-02-09,0.00013398696,278.4118,282.08646,276.33185,6.0147536e-06
2007-02-10,4.656596e-05,277.39957,282.65952,274.6028,5.787037e-06
2007-02-11,0.0,277.19385,281.11606,273.66785,5.787037e-06
2007-02-12,1.8403241e-06,277.6785,281.77686,273.30414,5.787037e-06
2007-02-13,0.00027787674,277.1045,282.8702,274.70425,8.051348e-06
2007-02-14,0.0,279.63007,286.1621,271.6712,1.14755785e-05
2007-02-15,2.5014466e-05,278.90665,284.70624,276.50766,9.631964e-06
2007-02-16,6.6048426e-07,277.77094,284.6793,272.21365,9.55436e-06
2007-02-17,0.0,275.77527,280.99597,271.63492,9.525707e-06
2007-02-18,0.0,274.5854,278.40704,271.22223,5.743577e-06
2007-02-19,0.0,274.24554,283.45093,270.03894,9.014676e-06
2007-02-20,0.0,277.81384,284.73257,270.16217,9.215799e-06
2007-02-21,3.4232999e-06,280.63092,286.45316,275.13702,8.478849e-06
2007-02-22,5.7374637e-06,281.2361,288.55048,276.7098,1.19783745e-05
2007-02-23,0.0,281.066,285.9167,277.23672,1.15865305e-05
2007-02-24,0.0,279.03055,282.6327,276.10214,8.440215e-06
2007-02-25,4.5772395e-06,280.11786,283.6671,275.9603,9.2256105e-06
2007-02-26,0.0003770262,278.4446,284.55954,275.58493,1.3501037e-05
2007-02-27,0.0,279.456,285.64825,272.39468,1.0546305e-05
2007-02-28,0.0,280.6455,285.23267,275.23828,1.4005941e-05
2007-03-01,1.5368583e-06,282.45377,285.81808,277.3552,1.1432226e-05
2007-03-02,8.376238e-06,281.38336,285.78085,280.32904,9.1516085e-06
2007-03-03,0.00011902234,278.7982,283.90308,275.74048,6.816886e-06
2007-03-04,4.6913274e-06,280.40317,289.6961,274.0004,2.1275146e-05
2007-03-05,0.0,280.94806,291.10098,272.92987,2.2500146e-05
2007-03-06,0.0,282.24368,287.7618,275.91428,1.4290929e-05
2007-03-07,3.3941276e-05,281.80994,285.2072,280.5029,8.068405e-06
2007-03-08,0.00021649942,281.31073,283.37177,280.05716,8.797208e-06
2007-03-09,7.826322e-05,280.41403,284.89096,277.88052,1.3635149e-05
2007-03-10,0.0,280.02438,287.43518,273.44333,2.366045e-05
2007-03-11,0.0,279.51706,286.2846,274.68576,2.6443586e-05
2007-03-12,0.0,279.17874,288.82037,270.16342,2.2223268e-05
2007-03-13,0.0,281.53052,291.44046,271.6547,2.297422e-05
2007-03-14,0.0,283.12857,293.68845,272.8031,2.2380602e-05
2007-03-15,0.0,281.08337,290.17834,274.58316,1.9367944e-05
2007-03-16,0.0,281.53256,291.43088,271.8776,2.1947279e-05
2007-03-17,0.0,282.8815,291.7291,272.26883,2.4438148e-05
2007-03-18,0.0,283.8048,290.3343,276.29712,2.6555163e-05
2007-03-19,3.0933028e-05,276.4038,284.7561,273.78772,8.181598e-06
2007-03-20,0.00055012776,274.68726,278.13312,272.95203,6.8525865e-06
2007-03-21,4.088759e-05,274.81934,281.00333,271.95062,1.3175555e-05
2007-03-22,0.0,274.78503,281.5482,266.77298,1.6895965e-05
2007-03-23,0.0,278.94498,284.38745,271.6372,2.057675e-05
2007-03-24,1.1081329e-05,276.4666,280.73642,275.35547,9.410158e-06
2007-03-25,1.963623e-05,279.58624,281.18018,274.97708,1.5943348e-05
2007-03-26,8.2343295e-06,280.58438,286.13293,276.87097,2.8126755e-05
2007-03-27,3.360688e-06,279.6113,284.73477,275.08524,2.5287054e-05
2007-03-28,0.0,279.64206,285.12772,272.95044,2.207883e-05
2007-03-29,0.0,279.37674,285.86276,273.5767,2.2863904e-05
2007-03-30,0.0,278.30798,280.29727,273.7684,8.009142e-06
2007-03-31,7.026072e-05,281.14734,284.71103,278.17667,1.35319915e-05
2007-04-01,7.4655873e-06,282.6777,286.93573,277.47174,1.8518518e-05
2007-04-02,1.3897764e-05,282.96722,288.8306,280.46265,2.351148e-05
2007-04-03,0.0,283.0118,290.82404,275.1438,2.6601727e-05
2007-04-04,1.2083633e-05,282.4007,287.15558,278.99527,2.055453e-05
2007-04-05,1.1105597e-06,279.9087,288.25833,273.40588,3.0563777e-05
2007-04-06,0.0,283.82843,294.0111,271.41223,3.2619184e-05
2007-04-07,0.0,285.8409,294.11502,275.01337,3.5084355e-05
2007-04-08,2.5318138e-06,282.50378,288.40118,279.9092,1.9850739e-05
2007-04-09,2.9457683e-06,284.41617,293.97488,274.25055,3.378592e-05
2007-04-10,0.0,286.34564,295.54605,275.92548,3.8251896e-05
2007-04-11,0.0,286.66077,295.1029,277.50278,3.72396e-05
2007-04-12,0.0,287.32233,296.12253,278.9865,3.6964084e-05
2007-04-13,0.0,288.0527,297.1958,278.09454,3.876134e-05
2007-04-14,0.0,288.5016,297.13333,278.29935,4.49999e-05
2007-04-15,0.0,288.85657,297.76852,277.58795,4.5348133e-05
2007-04-16,0.0,286.3001,293.60126,279.94305,4.5755358e-05
2007-04-17,0.0,286.40192,296.03256,275.0361,3.9839084e-05
2007-04-18,0.0,287.0234,295.3024,278.59293,3.8754326e-05
2007-04-19,1.364952e-05,284.03625,291.50403,280.78494,3.8048154e-05
2007-04-20,0.0,286.95648,296.73187,275.7867,4.2509022e-05
2007-04-21,0.0,285.95462,293.20328,278.55817,3.599202e-05
2007-04-22,0.0,285.93738,294.50342,278.7713,3.8972965e-05
2007-04-23,0.0,289.42355,298.4705,278.3867,4.3858778e-05
2007-04-24,2.843327e-06,288.05267,294.24963,282.9711,2.1807222e-05
2007-04-25,5.6793087e-06,288.43686,296.03528,280.80106,4.0799438e-05
2007-04-26,1.4922546e-06,287.18243,294.77203,280.0566,4.1387306e-05
2007-04-27,0.0,287.60324,296.26505,277.51035,4.5112163e-05
2007-04-28,0.0,288.50165,297.7667,276.65677,4.577561e-05
2007-04-29,0.0,290.17,299.35034,278.17093,4.585003e-05
2007-04-30,3.0554787e-05,287.14944,292.51846,283.68948,3.7623155e-05
2007-05-01,4.9576906e-06,286.49307,292.5626,279.4972,4.327792e-05
2007-05-02,5.7054363e-06,285.5315,290.72678,280.0608,3.620658e-05
2007-05-03,1.8098366e-06,286.89673,293.6792,282.0635,3.138993e-05
2007-05-04,4.202619e-06,284.2746,287.7805,278.27454,1.2229008e-05
2007-05-05,0.00031918945,285.44147,292.2814,282.38544,2.5004845e-05
2007-05-06,3.832358e-05,287.11612,294.6717,281.178,3.6530517e-05
2007-05-07,2.0029745e-05,289.69028,297.26767,281.40237,4.6430356e-05
2007-05-08,0.0,290.22354,297.96063,282.161,4.771269e-05
2007-05-09,4.532156e-06,288.82394,295.2567,283.25903,3.460835e-05
2007-05-10,2.7823926e-05,291.19012,298.41068,284.4051,4.721045e-05
2007-05-11,0.0,292.0104,299.3782,282.73047,5.7643327e-05
2007-05-12,0.0,290.78366,296.7801,286.56805,3.4761106e-05
2007-05-13,0.0,292.34985,299.8322,282.97076,4.6206424e-05
2007-05-14,0.0,293.3731,300.7074,285.87424,6.809647e-05
2007-05-15,0.0,286.98746,294.2808,284.5049,2.6551375e-05
2007-05-16,7.6716315e-05,282.88968,286.3891,281.43173,1.9564897e-05
2007-05-17,1.0878e-05,285.35837,292.65588,277.93372,3.9357066e-05
2007-05-18,5.1404975e-05,286.6252,293.6381,280.04938,5.1063413e-05
2007-05-19,0.0,287.64032,295.17816,275.83624,5.0013008e-05
2007-05-20,0.0,290.86014,298.3377,280.485,4.4782442e-05
2007-05-21,0.0,293.0742,300.50555,284.8491,5.3057003e-05
2007-05-22,0.0,293.7287,303.7275,285.17365,5.3109492e-05
2007-05-23,9.441156e-05,292.01126,302.53174,285.88986,4.417887e-05
2007-05-24,3.1785465e-05,293.49228,302.09177,285.86688,4.863239e-05
2007-05-25,5.5187893e-06,294.04184,302.07904,287.205,5.2707455e-05
2007-05-26,1.503168e-05,294.91,302.1201,286.46237,6.338008e-05
2007-05-27,2.6939358e-06,289.61276,296.2436,286.45752,3.1144224e-05
2007-05-28,0.00016932478,288.17926,294.98145,285.08597,3.3690016e-05
2007-05-29,0.0002720077,285.81976,290.71225,282.31354,2.6203446e-05
2007-05-30,4.488811e-05,285.4832,289.44165,282.15295,2.8580409e-05
2007-05-31,5.722352e-06,288.85056,295.51117,279.91983,4.855099e-05
2007-06-01,0.0,288.15396,293.98718,280.9081,3.1178668e-05
2007-06-02,1.3242878e-05,289.45813,295.2883,284.80017,3.632822e-05
2007-06-03,1.7083677e-05,292.0962,298.4792,283.86282,4.8298592e-05
2007-06-04,5.031079e-05,290.29532,296.88904,287.3425,3.4045763e-05
2007-06-05,4.6518184e-05,290.2642,295.21442,286.69257,2.6237916e-05
2007-06-06,7.2548195e-05,290.85645,294.09622,287.68515,2.1725069e-05
2007-06-07,2.2097314e-05,290.43774,294.0686,287.99454,2.1615482e-05
2007-06-08,1.7867143e-05,290.80933,297.18723,287.6168,3.4513396e-05
2007-06-09,4.2551466e-05,292.21664,299.82513,286.39957,4.9058344e-05
2007-06-10,1.14032455e-05,293.04797,301.21896,286.74524,5.603119e-05
2007-06-11,5.6056902e-05,293.14682,300.6362,285.593,5.15559e-05
2007-06-12,2.0314208e-05,292.2348,296.7077,288.56497,3.133363e-05
2007-06-13,4.9992053e-05,293.21606,300.29706,288.0472,4.76503e-05
2007-06-14,7.642064e-06,293.919,300.95276,286.97052,5.8713777e-05
2007-06-15,0.0,293.97034,299.901,288.96188,4.2327756e-05
2007-06-16,0.0001498703,293.2554,299.37918,289.14618,5.1778276e-05
2007-06-17,0.0,293.849,300.26602,287.55527,5.9266742e-05
2007-06-18,3.5077944e-06,295.78525,301.74796,289.98477,6.505534e-05
2007-06-19,4.2526667e-06,295.81058,302.8236,289.11716,5.5309694e-05
2007-06-20,6.0220627e-06,297.89417,305.5222,288.65646,6.471163e-05
2007-06-21,0.0,298.0545,305.13574,290.94153,7.017322e-05
2007-06-22,2.0097355e-05,296.23895,302.41388,291.15445,6.604758e-05
2007-06-23,7.511254e-05,291.70007,297.47623,287.5219,4.3098666e-05
2007-06-24,8.552787e-06,295.09778,301.5755,287.6063,6.1468345e-05
2007-06-25,0.0,295.9072,303.4523,284.9845,6.58024e-05
2007-06-26,1.7498717e-06,293.4226,299.77557,289.44165,5.5362896e-05
2007-06-27,4.985264e-06,289.56226,295.2604,286.27094,3.7263366e-05
2007-06-28,0.00028364503,290.0936,295.6959,285.68808,4.62824e-05
2007-06-29,1.8297985e-07,292.30334,298.72296,284.37473,4.683413e-05
2007-06-30,4.532651e-05,291.81696,298.0038,287.10776,5.2841897e-05
2007-07-01,1.6088431e-06,294.14288,302.41058,284.12842,6.158927e-05
2007-07-02,0.0,292.67517,301.173,286.54865,4.2115807e-05
2007-07-03,0.00015997948,292.6132,297.60577,286.27838,4.0429237e-05
2007-07-04,1.13883725e-05,285.34238,294.35748,282.4303,1.2872648e-05
2007-07-05,0.00059335673,287.3925,295.74536,280.4863,4.6044202e-05
2007-07-06,1.8334487e-05,292.0299,299.6047,280.87747,5.6794222e-05
2007-07-07,0.0,293.98907,301.981,284.22458,6.0826e-05
2007-07-08,6.270563e-06,294.81683,302.3386,286.19473,5.6397897e-05
2007-07-09,4.6091886e-06,294.8557,301.67307,287.8352,5.695296e-05
2007-07-10,6.484263e-05,285.7191,293.61154,283.46432,2.9772813e-05
2007-07-11,8.9901696e-05,287.28467,293.55804,282.62192,3.651674e-05
2007-07-12,3.700738e-06,289.25064,296.49823,281.35147,4.0163497e-05
2007-07-13,4.384887e-05,292.32846,299.71313,282.93115,5.597427e-05
2007-07-14,0.0,295.10492,303.48648,284.75732,6.106686e-05
2007-07-15,0.0,297.11975,305.81177,286.7263,6.600241e-05
2007-07-16,0.0,297.32587,305.95325,286.12598,7.3299845e-05
2007-07-17,0.0,298.00784,307.54904,287.32654,7.2960334e-05
2007-07-18,0.0,298.5821,307.81128,287.37943,7.191579e-05
2007-07-19,0.0,299.1297,307.9063,287.89304,6.55919e-05
2007-07-20,0.0,299.247,309.0968,288.41437,7.134981e-05
2007-07-21,0.0,298.51538,306.9805,287.94147,6.458867e-05
2007-07-22,0.0,296.97916,304.4915,288.46393,6.85496e-05
2007-07-23,0.0,296.43405,304.14157,288.11002,6.895093e-05
2007-07-24,0.0,292.44928,301.3855,287.5337,4.072406e-05
2007-07-25,0.00011131777,292.11743,299.88892,284.64908,5.477922e-05
2007-07-26,0.0,293.94983,301.45493,284.10226,5.7815014e-05
2007-07-27,0.0,296.23383,305.07605,284.6592,6.685732e-05
2007-07-28,0.0,296.0308,304.83768,288.14908,6.356457e-05
2007-07-29,4.290815e-05,295.06226,300.61505,291.6957,4.649481e-05
2007-07-30,2.133e-05,287.04422,295.2005,284.92612,1.30449735e-05
2007-07-31,0.00030226426,287.58716,294.32355,281.14456,4.820067e-05
2007-08-01,0.0,289.82114,297.42548,280.02402,4.921274e-05
2007-08-02,0.0,292.51663,300.91348,281.6338,5.274514e-05
2007-08-03,0.0,289.8088,293.46936,285.49634,1.8292176e-05
2007-08-04,0.00018997214,291.23074,298.06876,285.26837,4.369732e-05
2007-08-05,0.0,290.84656,298.37866,282.9333,5.215786e-05
2007-08-06,0.0,293.193,301.27438,282.82187,5.1247105e-05
2007-08-07,0.0,294.44357,303.2496,285.87747,5.3903685e-05
2007-08-08,3.3898395e-06,294.24265,300.3588,289.43976,3.8924027e-05
2007-08-09,2.0174803e-06,291.4123,297.2316,287.50958,3.0138646e-05
2007-08-10,4.4252807e-05,290.3975,294.9165,285.74704,2.6725329e-05
2007-08-11,8.8903245e-05,290.10117,292.9263,288.16177,1.8531255e-05
2007-08-12,2.9870236e-05,292.4691,298.71097,287.29446,3.99257e-05
2007-08-13,1.5814689e-05,292.71896,300.3399,288.47406,4.2977124e-05
2007-08-14,3.888801e-05,294.23956,300.72943,288.13095,4.1842595e-05
2007-08-15,4.65724e-06,295.907,303.55283,288.18634,5.1341078e-05
2007-08-16,0.0,295.99435,303.4114,288.3061,5.672333e-05
2007-08-17,0.0,293.6489,300.91953,289.71432,4.559961e-05
2007-08-18,0.00035439362,291.56113,295.15802,288.359,2.8473794e-05
2007-08-19,0.0,293.4387,299.44284,289.23566,4.0314055e-05
2007-08-20,4.643934e-06,289.46808,295.87738,287.27664,2.0463784e-05
2007-08-21,0.00022298231,290.5997,296.67413,286.50702,2.9095143e-05
2007-08-22,0.00019041533,292.49893,299.08105,288.31296,3.768524e-05
2007-08-23,0.00015308171,291.3008,296.80438,288.70178,2.0023483e-05
2007-08-24,0.00011414548,293.70514,299.7551,287.34888,3.8194445e-05
2007-08-25,0.0,293.74808,300.6674,288.0211,3.5623463e-05
2007-08-26,0.0,294.8269,302.42233,289.3234,4.6916637e-05
2007-08-27,0.0,294.9973,302.30716,286.99442,4.4273736e-05
2007-08-28,0.0,293.33133,301.3837,288.0712,4.040137e-05
2007-08-29,1.0057636e-06,290.65683,293.39606,289.2172,1.667196e-05
2007-08-30,0.00016099426,288.31146,290.4414,286.87115,1.27915955e-05
2007-08-31,0.00010857033,287.65143,291.33264,285.94794,1.801133e-05
2007-09-01,0.0,288.38623,296.75986,282.5752,3.440189e-05
2007-09-02,2.5316413e-05,288.7009,295.1337,282.40857,2.8791614e-05
2007-09-03,0.0,289.88904,297.11096,285.14594,3.3157743e-05
2007-09-04,0.0003066888,283.86847,289.42816,282.04053,1.3699104e-05
2007-09-05,5.9589074e-05,284.31842,289.61328,278.59,3.3078588e-05
2007-09-06,5.256692e-06,283.70074,286.1879,281.99155,2.052799e-05
2007-09-07,8.971162e-06,285.0544,290.42795,280.8138,2.0148073e-05
2007-09-08,5.0622293e-06,287.9433,296.166,281.07614,3.2496377e-05
2007-09-09,0.0,288.72934,296.95358,280.55908,3.5821722e-05
2007-09-10,5.100838e-06,288.94107,294.8044,282.28735,3.131491e-05
2007-09-11,8.644894e-05,287.75027,294.31543,284.72232,3.1578445e-05
2007-09-12,1.3609273e-06,287.35742,295.48328,280.11157,3.308378e-05
2007-09-13,0.0,288.20932,295.15314,280.77475,3.184213e-05
2007-09-14,0.0,288.14383,296.53906,280.49338,3.316118e-05
2007-09-15,1.1869704e-06,290.8287,298.33112,283.62143,3.1210446e-05
2007-09-16,0.0,290.42926,297.63022,285.63358,3.2004387e-05
2007-09-17,0.0,289.2877,296.76834,284.9897,1.961881e-05
2007-09-18,0.00010562331,286.5837,292.173,283.43115,8.886884e-06
2007-09-19,0.0017578641,284.1064,289.67032,280.50323,2.161771e-05
2007-09-20,0.0,283.22046,290.59753,277.75616,2.4742641e-05
2007-09-21,0.0,283.48428,291.8653,277.5707,2.4739347e-05
2007-09-22,0.0,284.55075,293.84222,276.633,2.431071e-05
2007-09-23,0.0,285.4078,294.99826,277.6056,2.4733112e-05
2007-09-24,0.0,286.27118,294.39178,278.07953,2.4105133e-05
2007-09-25,0.0,285.82138,294.13464,278.99503,2.2651584e-05
2007-09-26,0.0,285.119,288.0339,281.49298,1.0616828e-05
2007-09-27,0.00036671126,285.08783,289.13907,283.2311,1.4206918e-05
2007-09-28,0.0003555695,283.58267,285.9426,281.77936,1.0160085e-05
2007-09-29,0.00012439213,284.04193,290.95337,279.9458,1.7269187e-05
2007-09-30,7.253759e-06,284.88263,294.8249,276.68893,2.3129123e-05
2007-10-01,0.0,286.1258,295.293,278.41895,2.3553592e-05
2007-10-02,0.0,286.5946,295.12796,278.90967,2.2191027e-05
2007-10-03,0.0,287.73105,296.6875,281.30548,2.0799684e-05
2007-10-04,0.0,287.75452,293.86163,283.18726,1.4401789e-05
2007-10-05,6.295103e-07,289.85324,296.03946,284.10315,1.9426067e-05
2007-10-06,0.00032532064,284.6288,290.99405,283.62634,8.101852e-06
2007-10-07,0.00029812768,283.45023,289.09338,281.28436,1.6882486e-05
2007-10-08,0.0,282.70734,291.23685,277.0944,1.8586577e-05
2007-10-09,0.0,283.68347,290.65045,276.78363,1.7193031e-05
2007-10-10,0.0,283.7027,286.2783,280.38177,9.818852e-06
2007-10-11,0.0,284.16208,288.95853,281.49908,1.3805653e-05
2007-10-12,0.0,284.77454,291.4035,279.6874,1.6494378e-05
2007-10-13,0.0,284.03522,290.53833,279.03815,1.6825286e-05
2007-10-14,0.0,279.93903,286.54907,276.4491,1.5609547e-05
2007-10-15,0.0,278.62375,287.9235,272.94363,1.3879341e-05
2007-10-16,0.0,280.7136,292.20996,272.70145,1.699522e-05
2007-10-17,0.0,281.3006,292.34998,274.6285,1.5891756e-05
2007-10-18,0.0,280.39368,285.1117,276.92538,8.101852e-06
2007-10-19,0.0001283883,279.134,285.86142,275.55508,1.267811e-05
2007-10-20,1.3636221e-06,276.1446,280.80215,273.00092,9.691963e-06
2007-10-21,9.152533e-06,277.79102,282.38348,273.9611,1.7622824e-05
2007-10-22,3.5639437e-07,278.9629,281.24646,276.12076,1.0542229e-05
2007-10-23,3.5375742e-05,279.4091,282.64395,277.7431,9.6267895e-06
2007-10-24,6.1081184e-05,278.55676,280.72327,277.3838,6.2014606e-06
2007-10-25,3.7661962e-06,280.9081,285.67065,277.3233,8.222346e-06
2007-10-26,1.9052017e-05,279.07092,280.99658,278.78137,5.8097144e-06
2007-10-27,0.00017109708,282.14255,284.9341,278.949,7.258979e-06
2007-10-28,3.6970097e-05,281.18915,282.6901,280.30246,5.787037e-06
2007-10-29,7.44663e-05,280.1154,284.86285,277.25848,7.610847e-06
2007-10-30,1.0068959e-06,280.40707,282.4181,276.75287,5.787037e-06
2007-10-31,6.410252e-05,281.2918,287.5065,279.44342,1.3233282e-05
2007-11-01,0.0,277.67047,286.5165,274.1426,1.45725035e-05
2007-11-02,0.0,277.6294,286.3469,271.3711,8.284687e-06
2007-11-03,0.0,279.20612,287.47998,274.76654,6.89365e-06
2007-11-04,0.0,280.83966,286.1729,275.6897,5.787037e-06
2007-11-05,1.0380296e-07,278.58823,285.2404,275.61243,7.4791005e-06
2007-11-06,0.0,275.56256,282.05545,272.76755,6.7151186e-06
2007-11-07,0.0,277.5145,283.22092,271.0018,7.240049e-06
2007-11-08,0.0,279.01382,286.83737,271.7456,8.79321e-06
2007-11-09,3.3501674e-05,279.30127,282.39648,276.13043,1.1956428e-05
2007-11-10,4.655803e-05,278.61038,285.02637,272.01352,1.7792157e-05
2007-11-11,2.9921246e-08,279.14673,285.33994,274.80075,8.71399e-06
2007-11-12,0.0,276.64572,283.4898,272.93588,1.37970555e-05
2007-11-13,0.0,274.62415,283.52606,268.7042,6.575516e-06
2007-11-14,1.1990916e-05,275.03265,278.434,272.64047,4.5959805e-06
2007-11-15,5.0145815e-08,275.45587,280.41498,272.3398,1.3380391e-05
2007-11-16,0.0,273.4732,278.87534,268.4905,7.545401e-06
2007-11-17,0.0,273.45493,276.7939,271.70816,7.874923e-06
2007-11-18,2.0547618e-06,273.2144,274.26398,272.1321,2.3148148e-06
2007-11-19,3.2662858e-05,274.46927,276.08435,273.188,4.39392e-06
2007-11-20,0.0,273.2547,275.66998,271.7275,3.4385732e-06
2007-11-21,0.0,277.63092,280.4831,269.825,5.6029066e-06
2007-11-22,5.6617747e-08,282.01645,283.7962,279.0133,7.1788586e-06
2007-11-23,9.020362e-06,285.09033,288.32675,281.92712,9.025709e-06
2007-11-24,9.351418e-08,284.4903,287.95355,282.46518,5.0132185e-06
2007-11-25,0.00017315274,282.13007,284.87152,280.40817,4.6669834e-06
2007-11-26,0.00010719314,276.53455,282.07376,273.071,5.1247353e-06
2007-11-27,0.0,273.30212,280.11572,270.15195,2.3729008e-06
2007-11-28,0.0,271.9006,277.82614,269.37753,2.1819449e-06
2007-11-29,0.0,270.38272,275.98468,267.107,1.2964398e-06
2007-11-30,0.0,272.5642,278.10153,266.55536,1.6262549e-06
2007-12-01,0.0,276.0101,281.459,270.28818,4.6296295e-06
2007-12-02,8.082764e-06,278.66806,279.43234,274.65036,4.7943e-06
2007-12-03,7.0820446e-05,278.74698,282.64575,275.7813,5.1630855e-06
2007-12-04,0.000143366,274.88898,280.09494,271.90308,3.6835725e-06
2007-12-05,0.0,273.87698,277.15927,271.84137,3.4722223e-06
2007-12-06,0.0,273.0625,280.393,269.3135,1.327397e-06
2007-12-07,0.0,276.1746,278.323,272.62964,4.6296295e-06
2007-12-08,0.00018241288,276.95563,279.3505,275.7506,5.3716794e-06
2007-12-09,1.2030311e-05,276.2667,278.49695,274.04156,3.4722223e-06
2007-12-10,8.134608e-05,276.01538,278.95273,274.0132,2.5928396e-06
2007-12-11,0.0,275.669,278.40234,273.15723,3.4722223e-06
2007-12-12,0.0,275.9927,277.93875,273.5982,4.6296295e-06
2007-12-13,1.1908593e-05,275.38635,280.97037,273.4752,5.3331337e-06
2007-12-14,0.0,273.32153,277.9737,271.11362,6.202404e-06
2007-12-15,1.160809e-05,271.23053,273.53006,269.1377,4.1834824e-06
2007-12-16,6.1753303e-06,272.20535,274.13678,270.50143,3.9252473e-06
2007-12-17,7.0229657e-06,270.64523,272.0083,269.05875,5.5463743e-06
2007-12-18,0.0,269.21234,272.51126,266.92746,2.1426633e-06
2007-12-19,0.0,268.50082,275.15353,263.72885,1.1310706e-06
2007-12-20,0.0,268.00702,269.7215,264.00513,2.187134e-06
2007-12-21,0.0,266.25015,269.1338,264.89093,2.1660903e-06
2007-12-22,0.0,267.07095,269.47797,263.79977,2.2381082e-06
2007-12-23,0.0,268.50815,272.13327,265.57687,1.1574074e-06
2007-12-24,1.4311606e-06,270.56735,273.1238,267.36716,2.8824538e-06
2007-12-25,7.3896904e-06,270.8381,273.57938,268.6207,2.198819e-06
2007-12-26,8.8664165e-06,270.42633,272.20316,268.87842,2.3052664e-06
2007-12-27,0.0,269.70502,272.37445,267.6272,3.0074073e-06
2007-12-28,0.0,268.25455,270.68118,266.4139,3.2475e-06
2007-12-29,0.0,267.1525,269.42505,265.68988,2.3148148e-06
2007-12-30,0.0,267.14404,268.0297,264.08347,2.2811657e-06
2007-12-31,0.0,270.592,274.81985,267.34686,2.194648e-06
2008-01-01,0.0,270.1693,271.6556,265.44034,2.5796896e-06
2008-01-02,8.6481124e-09,270.03793,272.32816,265.62698,2.3148148e-06
2008-01-03,8.876002e-07,269.85992,271.75912,269.18622,3.4385732e-06
2008-01-04,4.536416e-06,269.1937,271.4196,268.16013,3.3691788e-06
2008-01-05,1.1141507e-05,272.1664,273.8653,268.17065,2.3148148e-06
2008-01-06,7.12841e-05,275.66714,277.64557,273.38107,3.4722223e-06
2008-01-07,2.4072759e-05,275.6107,276.47284,273.28873,3.4722223e-06
2008-01-08,0.0,274.7596,276.19165,271.18234,2.9299374e-06
2008-01-09,0.0,273.90314,274.58493,270.216,2.3148148e-06
2008-01-10,0.0,274.0439,275.31003,269.49023,2.3148148e-06
2008-01-11,0.0,276.35477,278.75992,270.25095,4.6296295e-06
2008-01-12,8.094516e-05,280.07425,283.8516,276.30725,4.5861693e-06
2008-01-13,7.7956174e-05,277.66068,280.80127,276.6234,4.6296295e-06
2008-01-14,9.731727e-05,276.4257,279.15356,273.9184,3.487352e-06
2008-01-15,2.08628e-06,277.96762,281.03818,274.60138,5.5431665e-06
2008-01-16,3.439472e-05,279.21436,281.82364,277.59222,5.9750705e-06
2008-01-17,9.0589034e-05,278.24332,279.7477,277.45526,4.620081e-06
2008-01-18,0.00013797318,278.79437,283.3734,276.89386,4.6296295e-06
2008-01-19,1.3398899e-06,277.5337,280.91507,275.96973,4.6296295e-06
2008-01-20,0.0,275.86478,278.36685,272.1195,3.6993479e-06
2008-01-21,0.0,275.73352,280.12982,272.87665,6.363567e-06
2008-01-22,4.6094556e-06,278.5823,281.176,275.43155,1.3965325e-05
2008-01-23,0.0,274.13077,281.2976,270.73987,8.532942e-06
2008-01-24,0.0,273.093,281.09344,268.0952,4.5861693e-06
2008-01-25,0.0,272.70276,278.57077,269.7132,4.5861693e-06
2008-01-26,0.0,273.08923,281.76065,267.71686,3.6821482e-06
2008-01-27,0.0,277.03055,283.23795,268.6568,6.17283e-06
2008-01-28,0.0,277.7761,284.4751,272.5303,5.64133e-06
2008-01-29,0.0,274.51163,281.77185,270.4438,4.6296295e-06
2008-01-30,0.0,274.89282,275.9777,270.09232,4.6296295e-06
2008-01-31,4.255325e-08,277.1193,280.2814,272.54266,4.8271513e-06
2008-02-01,1.2924484e-06,277.86115,280.40356,273.94693,6.670825e-06
2008-02-02,1.4883865e-07,277.62308,281.00317,275.8821,6.6447137e-06
2008-02-03,0.00018773891,275.04053,276.90576,274.1996,5.1507623e-06
2008-02-04,7.389431e-05,276.4874,278.69904,273.68045,4.6296295e-06
2008-02-05,0.00014091839,278.57388,280.94858,276.56448,5.5150877e-06
2008-02-06,2.6438993e-06,278.10663,282.66672,274.01898,5.787037e-06
2008-02-07,0.0,277.03238,284.1519,273.00446,1.32735295e-05
2008-02-08,0.0,276.31192,282.6018,270.36386,1.2433324e-05
2008-02-09,0.0,274.42828,281.44327,270.00717,9.478908e-06
2008-02-10,0.0,274.32217,281.1303,268.6227,1.1195869e-05
2008-02-11,0.0,273.22418,279.80737,269.81274,8.213907e-06
2008-02-12,0.0,272.06024,278.8898,269.37323,7.977577e-06
2008-02-13,0.0,271.99353,281.27228,266.62637,7.846637e-06
2008-02-14,0.0,273.18442,283.01727,265.9771,9.240234e-06
2008-02-15,0.0,272.4557,275.01166,268.465,7.352895e-06
2008-02-16,0.0,271.25156,277.20398,266.3226,1.2546685e-05
2008-02-17,0.0,268.48636,275.1308,262.84845,8.058391e-06
2008-02-18,0.0,272.49765,284.82236,264.08118,1.3899611e-05
2008-02-19,0.0,274.93903,286.9067,267.3671,1.3916246e-05
2008-02-20,0.0,275.61786,282.87482,268.554,1.375022e-05
2008-02-21,0.0,276.58545,285.89917,271.10928,1.3830032e-05
2008-02-22,0.0,277.32263,286.57004,269.42355,1.3469537e-05
2008-02-23,0.0,280.32755,290.23907,273.29276,1.2755861e-05
2008-02-24,0.0,280.3769,291.85977,271.14728,1.554491e-05
2008-02-25,0.0,280.74493,291.3784,273.5183,2.3832383e-05
2008-02-26,0.0,280.65927,291.26035,270.83017,1.8275028e-05
2008-02-27,0.0,279.66418,285.34164,273.9033,1.214952e-05
2008-02-28,1.8033098e-06,278.09018,284.5404,275.2287,9.332179e-06
2008-02-29,0.0,280.42328,286.1421,271.0851,1.5932244e-05
2008-03-01,8.683066e-06,280.0747,284.90796,277.48178,8.072244e-06
2008-03-02,7.30928e-05,283.12277,293.47382,275.03934,2.7828795e-05
2008-03-03,0.0,282.2194,290.07266,272.9773,1.7627814e-05
2008-03-04,0.00011964236,274.84875,283.98575,273.57248,6.7925994e-06
2008-03-05,0.00023711298,274.5205,277.74225,272.63535,8.250784e-06
2008-03-06,2.5545305e-07,272.9644,276.0051,270.12527,1.5664715e-05
2008-03-07,1.1642707e-06,274.75854,277.00497,272.5282,8.559073e-06
2008-03-08,1.8674413e-05,275.9752,279.53165,273.5887,7.953127e-06
2008-03-09,8.862581e-06,278.7402,283.7634,274.13803,1.3873127e-05
2008-03-10,1.0127657e-06,279.58502,283.9114,275.21622,1.1897975e-05
2008-03-11,4.7616653e-05,278.88266,283.26562,276.69064,1.132387e-05
2008-03-12,1.5505308e-05,280.35452,286.45453,273.58148,1.765735e-05
2008-03-13,2.4261117e-06,281.0016,288.32703,274.98532,2.1164726e-05
2008-03-14,0.0,280.55353,287.06985,272.8605,1.5795855e-05
2008-03-15,0.0,281.37628,285.20493,276.37836,1.2421375e-05
2008-03-16,1.9635281e-06,281.32294,285.83646,279.2887,1.0958414e-05
2008-03-17,0.00021064669,281.92807,289.1214,275.16846,2.0059353e-05
2008-03-18,0.00019641091,274.07684,282.3796,273.21002,9.623972e-06
2008-03-19,4.4907218e-05,275.2934,282.32306,270.0621,1.808313e-05
2008-03-20,0.0,274.97632,282.19446,270.8421,1.7157712e-05
2008-03-21,0.0,276.1572,281.71408,270.9568,1.4309367e-05
2008-03-22,0.00016954361,274.09625,278.2413,273.29947,7.1473632e-06
2008-03-23,9.068671e-05,274.5318,277.83722,272.62973,9.409782e-06
2008-03-24,0.00017653397,274.4121,276.63647,273.45074,5.443425e-06
2008-03-25,7.158527e-05,273.9453,279.88614,270.52292,1.2586307e-05
2008-03-26,0.0,275.25226,282.5895,267.227,2.2814707e-05
2008-03-27,2.8923919e-06,277.4334,280.37222,273.51752,8.472678e-06
2008-03-28,5.403324e-05,279.53748,282.2617,276.44345,1.4441657e-05
2008-03-29,0.0,280.59586,289.3977,276.4516,2.7157097e-05
2008-03-30,6.103968e-05,281.57422,289.99646,275.1177,2.546423e-05
2008-03-31,0.0,282.1513,291.8576,273.62344,3.0821946e-05
2008-04-01,0.0,284.20264,292.05872,276.78766,2.778518e-05
2008-04-02,0.0,279.99457,286.90137,277.2801,1.25162705e-05
2008-04-03,7.144696e-05,280.12354,286.5684,274.05603,2.389029e-05
2008-04-04,0.0,282.2354,287.7767,274.1564,2.7275484e-05
2008-04-05,0.0,279.5729,287.38065,272.49033,2.7357984e-05
2008-04-06,0.0,280.35947,288.34323,271.292,2.5841071e-05
2008-04-07,7.400233e-05,282.27356,288.34143,278.1762,3.4692224e-05
2008-04-08,2.3710048e-05,276.88788,282.36624,275.51154,1.0542057e-05
2008-04-09,7.40489e-05,282.90182,287.86407,276.71817,1.901027e-05
2008-04-10,6.141079e-06,285.08496,288.6812,282.006,1.4561547e-05
2008-04-11,0.00011748319,286.29694,288.63092,283.19727,1.3243623e-05
2008-04-12,0.00020596436,282.09793,287.80704,279.82462,1.5730599e-05
2008-04-13,0.00036512807,280.77496,284.28287,278.55908,1.5896097e-05
2008-04-14,2.751594e-06,281.69397,289.2784,275.89987,2.7290103e-05
2008-04-15,1.3089509e-06,281.63766,287.00937,274.67825,2.305089e-05
2008-04-16,1.8159953e-07,279.59766,286.63416,276.04092,2.1886433e-05
2008-04-17,5.0188348e-05,281.90588,287.5731,276.14035,2.5142e-05
2008-04-18,5.2542623e-06,283.53323,287.47937,277.98203,1.7552979e-05
2008-04-19,0.00014874323,284.11084,289.8534,281.77286,2.6669064e-05
2008-04-20,2.7488988e-05,286.35114,294.3687,278.1832,4.112665e-05
2008-04-21,0.0,282.96927,290.946,278.40585,2.0684978e-05
2008-04-22,0.00018992768,282.98734,285.8368,280.90054,1.4180341e-05
2008-04-23,0.00013110804,284.1378,291.16025,279.53677,2.8915985e-05
2008-04-24,1.6860456e-06,283.88483,291.21375,277.08063,3.5319266e-05
2008-04-25,0.0,281.60333,290.79855,278.41956,2.386126e-05
2008-04-26,3.497491e-05,283.55634,290.1559,277.68146,2.9130482e-05
2008-04-27,7.839611e-06,285.02335,293.1129,275.75476,4.0518862e-05
2008-04-28,0.0,286.16452,294.54907,275.42648,4.9258015e-05
2008-04-29,0.0,282.9596,286.1144,279.4955,1.6881748e-05
2008-04-30,4.321071e-05,284.7664,289.7146,278.2819,2.2784789e-05
2008-05-01,3.2733724e-06,284.46283,289.58304,281.91986,2.5181043e-05
2008-05-02,2.7841073e-05,286.2915,293.5657,278.9457,4.098775e-05
2008-05-03,0.0,287.23425,293.77985,278.42932,3.86751e-05
2008-05-04,0.0,286.97488,292.7847,280.9375,4.0112118e-05
2008-05-05,6.561988e-05,282.75632,288.02588,281.20316,1.7900558e-05
2008-05-06,5.9081118e-05,286.299,292.1927,280.8501,3.4049397e-05
2008-05-07,9.54219e-06,285.85535,292.7003,279.02625,4.024979e-05
2008-05-08,0.0,287.93295,295.5053,279.21136,4.5585784e-05
2008-05-09,0.0,289.03058,296.0427,279.50375,4.5590154e-05
2008-05-10,1.2665643e-06,288.58777,294.8318,282.32318,4.784182e-05
2008-05-11,1.8621324e-06,287.4231,293.83054,281.07968,4.898339e-05
2008-05-12,0.0,286.9467,294.5403,276.67365,4.838633e-05
2008-05-13,0.0,288.28418,296.4664,277.02805,4.5039556e-05
2008-05-14,0.0,289.81982,297.71082,278.7497,5.1426643e-05
2008-05-15,1.5919509e-06,290.41458,297.90915,279.89536,5.864112e-05
2008-05-16,4.5952006e-06,289.53378,295.6509,284.67453,4.4441513e-05
2008-05-17,1.3920225e-06,290.21048,293.97638,285.9882,2.9480998e-05
2008-05-18,6.477045e-05,287.6711,291.39426,286.5925,1.7502081e-05
2008-05-19,0.00021145816,288.6935,296.11057,285.65372,3.5468904e-05
2008-05-20,0.00037158272,284.2371,287.76257,283.74747,1.39806625e-05
2008-05-21,0.000105445375,285.26956,287.98087,284.0241,1.8994539e-05
2008-05-22,1.6614197e-07,286.86334,291.30612,284.05762,2.8537494e-05
2008-05-23,0.0,287.47092,291.315,285.35333,2.459493e-05
2008-05-24,1.9158497e-05,289.50394,295.31696,284.21826,4.3495496e-05
2008-05-25,0.0,292.04596,297.5018,285.4347,5.3641394e-05
2008-05-26,0.0,292.81918,300.1672,285.11,5.6441262e-05
2008-05-27,0.0,295.7552,304.5945,285.35297,7.457122e-05
2008-05-28,0.0,295.83295,304.19626,285.96744,6.425163e-05
2008-05-29,0.0,295.15997,302.27515,288.13486,6.1148894e-05
2008-05-30,0.0,292.59485,301.11932,288.46292,4.71047e-05
2008-05-31,3.930077e-05,292.0442,297.827,285.14114,5.6458797e-05
2008-06-01,0.0,294.3395,301.16043,285.12695,5.4281045e-05
2008-06-02,2.2768147e-05,292.90628,299.6218,288.6365,4.7547215e-05
2008-06-03,0.00018280302,291.4807,297.53885,287.75568,3.2205295e-05
2008-06-04,0.00016141088,290.49847,296.17432,288.09674,3.231671e-05
2008-06-05,0.0003069175,289.6946,291.63196,288.8132,1.7886909e-05
2008-06-06,0.00030725694,289.03625,291.864,287.45493,2.0746149e-05
2008-06-07,0.00012570531,290.46472,296.41547,285.57532,3.9646475e-05
2008-06-08,7.493411e-05,289.73773,295.1058,287.26968,3.750815e-05
2008-06-09,2.6345007e-05,290.26862,295.85254,285.67642,3.8156984e-05
2008-06-10,1.0649767e-05,292.39218,299.20517,284.9667,5.4383203e-05
2008-06-11,7.886347e-06,291.9457,299.25317,285.73248,5.8447407e-05
2008-06-12,1.5115847e-05,288.46222,290.762,286.6631,1.8523942e-05
2008-06-13,7.783189e-05,284.7975,289.91626,283.12753,1.6690914e-05
2008-06-14,0.0001111397,283.3418,286.76932,282.48343,2.0288899e-05
2008-06-15,8.586596e-05,287.47092,293.09836,281.99484,4.2384814e-05
2008-06-16,2.5439597e-06,287.9774,291.0446,283.7269,2.1417094e-05
2008-06-17,1.2154967e-05,288.8169,292.84036,286.30634,1.8864806e-05
2008-06-18,0.00020939916,290.57605,296.20517,287.3473,4.1377643e-05
2008-06-19,1.03265875e-05,293.06717,300.61664,284.93253,6.1705214e-05
2008-06-20,0.0,293.74765,300.8473,287.9382,5.463606e-05
2008-06-21,4.626427e-05,295.6404,302.36392,287.46875,6.1246596e-05
2008-06-22,0.0,296.58203,304.5145,287.30966,6.58501e-05
2008-06-23,0.0,297.04745,304.84756,286.8316,6.194914e-05
2008-06-24,6.964569e-06,297.4412,304.46188,289.60294,6.4129825e-05
2008-06-25,1.7884714e-06,298.16516,304.3842,291.18692,6.233189e-05
2008-06-26,0.0,298.2334,302.80322,292.02444,5.322697e-05
2008-06-27,5.781769e-06,295.6948,301.67538,292.2558,5.0487102e-05
2008-06-28,7.086192e-05,294.83047,300.59268,291.15515,6.179132e-05
2008-06-29,0.0,296.39633,302.03943,287.92255,5.9693302e-05
2008-06-30,6.331862e-06,295.7886,302.0566,290.39273,5.32352e-05
2008-07-01,3.9260103e-06,296.0134,301.85498,288.9141,5.3956162e-05
2008-07-02,2.8848574e-06,296.4708,303.28873,288.74158,6.039974e-05
2008-07-03,6.0528487e-06,297.29868,304.03442,289.94473,6.415676e-05
2008-07-04,6.681681e-06,295.09048,302.20197,290.64844,5.5132106e-05
2008-07-05,0.00010979166,293.57922,299.33374,289.1439,5.1103296e-05
2008-07-06,0.0,294.0899,302.3664,287.76163,5.5440407e-05
2008-07-07,0.0001908472,293.66342,301.5526,289.59064,5.1913074e-05
2008-07-08,0.00029014284,287.80093,291.42374,286.66818,2.1656382e-05
2008-07-09,0.00017174418,291.90427,298.14865,284.01566,5.3253178e-05
2008-07-10,0.0,294.44977,300.97208,285.8955,5.6592176e-05
2008-07-11,0.0,296.06738,303.35577,287.66306,6.0506023e-05
2008-07-12,0.0,296.1481,303.6078,288.5882,5.9125206e-05
2008-07-13,2.4628505e-06,293.58716,299.57205,290.54605,3.390866e-05
2008-07-14,0.00062458013,288.41165,293.1197,285.8568,2.2691935e-05
2008-07-15,8.9275534e-05,290.48462,297.50415,284.04398,4.6767793e-05
2008-07-16,0.0,292.76505,299.87357,283.22842,5.817124e-05
2008-07-17,0.0,294.19577,299.93417,286.1881,4.9404513e-05
2008-07-18,0.00044434442,289.79443,295.04767,287.72815,2.8935185e-05
2008-07-19,6.735843e-05,292.9292,299.526,286.92633,5.4869586e-05
2008-07-20,0.0,294.55594,300.8837,286.38156,4.867964e-05
2008-07-21,0.00025816786,288.9072,294.95114,287.41797,1.6621681e-05
2008-07-22,0.00011821919,287.9716,293.71448,285.27792,3.7217083e-05
2008-07-23,2.4708123e-05,288.8041,292.94888,282.9706,3.6435544e-05
2008-07-24,2.1875423e-05,293.5983,299.82425,286.6277,5.9928985e-05
2008-07-25,1.396814e-06,293.98764,300.16888,288.25214,4.0529892e-05
2008-07-26,0.0,293.74106,301.83096,288.63663,4.3891363e-05
2008-07-27,0.00017279643,294.8722,301.66037,291.0361,5.038977e-05
2008-07-28,2.8623368e-05,295.09778,301.90076,288.3099,5.3533236e-05
2008-07-29,5.0051635e-06,295.98505,302.53363,289.3015,5.438142e-05
2008-07-30,2.9027574e-06,295.72363,303.01593,289.7203,5.1802534e-05
2008-07-31,4.9197984e-05,295.4675,301.73282,290.2664,4.5687408e-05
2008-08-01,3.144253e-06,296.29672,303.34778,289.7094,5.9452366e-05
2008-08-02,6.246544e-08,294.03595,299.81888,290.65784,3.573192e-05
2008-08-03,2.237795e-05,295.53177,302.2681,288.71783,5.613067e-05
2008-08-04,0.0,296.51526,303.43155,289.54153,5.4626944e-05
2008-08-05,3.325613e-05,295.16663,301.52203,291.52594,4.3825457e-05
2008-08-06,5.5773515e-05,294.2759,299.7982,291.5026,4.6256086e-05
2008-08-07,0.0,295.01157,301.07977,288.56726,5.483565e-05
2008-08-08,6.132965e-06,291.7373,298.68243,288.7358,2.4453077e-05
2008-08-09,0.00034718684,291.3259,297.81656,286.06418,4.5772653e-05
2008-08-10,0.0,291.8552,298.78638,285.236,5.0692575e-05
2008-08-11,0.0,293.60327,300.35574,284.6386,5.0295042e-05
2008-08-12,0.0,294.51434,300.91064,287.50772,5.6933557e-05
2008-08-13,0.0,295.5589,302.28574,290.4947,4.8639307e-05
2008-08-14,5.8260946e-05,295.52365,300.10114,291.03842,3.442597e-05
2008-08-15,3.9988436e-06,292.7752,301.0666,289.50903,3.644339e-05
2008-08-16,0.00047415606,289.42047,294.00708,286.22314,3.2639047e-05
2008-08-17,3.952133e-05,289.8911,295.26147,285.46188,3.600281e-05
2008-08-18,3.1873835e-06,291.88187,299.17563,284.67953,4.679327e-05
2008-08-19,0.0,292.97528,300.91077,283.71057,4.8188704e-05
2008-08-20,0.0,293.28613,299.4664,286.37717,4.152656e-05
2008-08-21,0.0,293.35596,298.66138,290.01428,3.6872018e-05
2008-08-22,0.0,294.15988,301.2245,287.17163,4.3718148e-05
2008-08-23,0.0,288.4412,297.40735,286.1898,2.6145583e-05
2008-08-24,0.00091863744,288.64224,294.6917,284.92264,3.7064718e-05
2008-08-25,8.9124876e-07,289.04846,295.66776,282.70883,3.84939e-05
2008-08-26,0.0,291.08115,298.6269,283.48785,4.1134354e-05
2008-08-27,0.0,291.75955,298.68747,284.19162,4.2813645e-05
2008-08-28,0.0,292.3825,300.10464,284.32632,4.2235948e-05
2008-08-29,0.0,293.47678,300.96072,286.5951,4.241529e-05
2008-08-30,0.0,291.8697,296.12753,287.51602,3.220183e-05
2008-08-31,0.0,290.154,295.17075,288.70667,2.6194357e-05
2008-09-01,0.0,290.96664,297.42996,285.81393,3.5896523e-05
2008-09-02,9.5167015e-06,291.94696,298.3774,286.84656,3.3227952e-05
2008-09-03,4.3521777e-06,292.72073,300.23007,286.69812,3.9422113e-05
2008-09-04,3.2277956e-06,293.1503,300.26343,289.22073,4.1089184e-05
2008-09-05,2.5034149e-05,293.6269,299.623,289.03827,3.7332797e-05
2008-09-06,3.8540358e-07,295.30084,301.48935,290.34058,3.989706e-05
2008-09-07,1.5714866e-06,293.93402,300.81998,289.17703,3.2240197e-05
2008-09-08,5.3192063e-05,290.50598,295.95477,288.3487,3.035863e-05
2008-09-09,4.732933e-06,291.13525,298.1086,286.87384,3.6661368e-05
2008-09-10,0.0,291.84637,300.1234,285.131,3.6576817e-05
2008-09-11,2.8806055e-06,293.00308,300.53925,287.3482,3.30304e-05
2008-09-12,0.0,292.7274,301.30145,287.65863,3.4531422e-05
2008-09-13,3.7788795e-05,285.6321,290.63577,282.55783,1.2291995e-05
2008-09-14,0.00015000731,282.35846,285.6178,281.67163,1.6010103e-05
2008-09-15,1.8735742e-05,282.92606,286.32144,280.29556,1.7596323e-05
2008-09-16,1.6533053e-07,282.8992,287.22266,280.48236,1.3840941e-05
2008-09-17,0.0,283.435,290.05725,276.3509,2.4419645e-05
2008-09-18,0.0,283.37296,287.7754,280.56207,1.9754194e-05
2008-09-19,0.0,283.65842,288.96994,280.36423,2.3183025e-05
2008-09-20,0.0,283.8954,290.33243,276.80914,2.2847209e-05
2008-09-21,0.0,283.1521,288.45834,280.3998,1.856419e-05
2008-09-22,0.0,283.22388,287.18622,279.8181,1.644639e-05
2008-09-23,6.3301236e-06,282.58615,286.70883,280.52518,1.2300461e-05
2008-09-24,1.0303072e-05,283.0842,288.16565,278.3604,1.7736795e-05
2008-09-25,3.9275015e-08,283.4426,287.38095,280.04465,1.4832271e-05
2008-09-26,1.4440825e-05,283.57358,287.9572,281.12616,1.9091969e-05
2008-09-27,0.0,283.64026,287.91574,281.17352,1.9233574e-05
2008-09-28,0.0,281.80942,288.49475,278.85318,1.8794668e-05
2008-09-29,0.0,280.72797,290.33948,272.89362,1.9286115e-05
2008-09-30,0.0,284.5583,290.95148,275.54364,2.4459214e-05
2008-10-01,0.0,286.17957,289.5694,283.49155,9.656395e-06
2008-10-02,2.8492377e-06,286.7379,290.6625,283.83936,1.1650886e-05
2008-10-03,1.1799045e-05,284.01572,289.31357,281.228,1.17070385e-05
2008-10-04,0.0002487244,280.6163,286.72104,277.50735,1.35373175e-05
2008-10-05,2.1355631e-06,280.65372,288.68506,272.5716,1.9695244e-05
2008-10-06,0.0,283.02036,292.14975,275.1213,2.1809254e-05
2008-10-07,0.0,285.6028,293.01825,278.53552,1.756361e-05
2008-10-08,0.0,285.4422,293.69476,279.60617,2.052427e-05
2008-10-09,0.0,286.11996,293.56528,279.73386,1.5090306e-05
2008-10-10,1.7674961e-06,287.38907,294.24707,283.34296,1.6028795e-05
2008-10-11,0.0,285.508,293.5667,280.1911,1.6962584e-05
2008-10-12,0.0,285.83517,294.80386,279.21628,1.3905169e-05
2008-10-13,0.0,285.53912,294.11304,279.35074,1.3982036e-05
2008-10-14,0.0,287.61035,295.11362,280.20602,1.5002835e-05
2008-10-15,0.0,287.78656,295.65628,283.74884,1.5036748e-05
2008-10-16,0.0,286.78668,290.8297,280.2114,9.974499e-06
2008-10-17,0.00017665529,281.209,289.4789,279.3165,7.796085e-06
2008-10-18,0.00014170838,278.7059,286.4198,274.32806,1.6017837e-05
2008-10-19,0.0,280.05124,289.80093,272.7615,1.1865813e-05
2008-10-20,0.0,281.29202,290.97565,274.01126,1.3284406e-05
2008-10-21,0.0,282.22614,290.3878,274.46158,1.4525131e-05
2008-10-22,0.0,284.40936,292.3746,276.3648,1.5803917e-05
2008-10-23,0.0,283.00937,285.75385,279.53476,7.0595615e-06
2008-10-24,1.2475114e-05,281.98914,285.45642,279.25665,9.201311e-06
2008-10-25,0.0,282.41803,284.01434,280.66525,8.049411e-06
2008-10-26,0.0,280.02252,284.0664,276.85672,6.3738016e-06
2008-10-27,0.0,282.57318,286.4728,275.56665,6.8592517e-06
2008-10-28,7.453789e-05,286.2332,289.80032,283.3179,7.3725228e-06
2008-10-29,0.0002290938,288.86462,293.14047,285.79373,1.7975302e-05
2008-10-30,0.00012484477,283.67328,289.22427,281.03363,1.9511452e-05
2008-10-31,8.3236475e-05,284.60452,287.89914,280.65103,7.1602176e-06
2008-11-01,0.00023442332,283.8109,287.7198,281.7827,7.326057e-06
2008-11-02,8.6439664e-05,284.62485,291.3196,280.48578,1.4377473e-05
2008-11-03,0.0,284.58023,290.99304,279.2171,1.0058937e-05
2008-11-04,0.0,283.63232,286.60974,280.27896,6.479479e-06
2008-11-05,0.000119029246,286.00302,290.51675,283.41843,7.93776e-06
2008-11-06,1.5738618e-05,285.12012,287.29105,282.88565,6.9444445e-06
2008-11-07,4.8559647e-05,284.0738,285.75305,283.1876,5.787037e-06
2008-11-08,5.9390542e-05,283.69724,286.41147,282.06668,6.050183e-06
2008-11-09,1.979631e-05,281.5735,287.18683,278.65308,6.2609224e-06
2008-11-10,0.0,279.95233,282.88,275.7214,4.6296295e-06
2008-11-11,0.0,280.15012,283.2098,277.9593,5.9786153e-06
2008-11-12,1.2070703e-06,281.42203,283.33563,276.3986,4.6296295e-06
2008-11-13,9.8242235e-05,280.70865,282.54138,280.12152,5.787037e-06
2008-11-14,0.00013820468,281.05457,282.80182,279.9158,6.387065e-06
2008-11-15,6.6602877e-07,280.68655,283.64874,279.01587,5.3437575e-06
2008-11-16,0.0,277.71143,283.8,274.05225,3.428762e-06
2008-11-17,0.0,277.72147,281.15393,275.1613,4.751172e-06
2008-11-18,2.3260598e-06,273.06613,279.20837,271.42798,3.8774983e-06
2008-11-19,0.0,274.16486,280.61728,269.398,2.3858029e-06
2008-11-20,0.0,278.41223,282.88068,270.14664,9.024874e-06
2008-11-21,0.0,279.43073,282.50363,277.36612,8.087494e-06
2008-11-22,3.0537107e-05,273.2168,280.1541,270.1803,8.679279e-06
2008-11-23,0.0,273.05206,280.11057,266.9543,8.723761e-06
2008-11-24,0.0,273.6153,276.69675,270.35355,3.3281015e-06
2008-11-25,0.00014208733,273.15646,275.2459,271.58707,2.29579e-06
2008-11-26,1.207973e-05,272.33173,276.30283,267.44675,1.946922e-06
2008-11-27,0.0,269.70206,276.02673,266.0008,1.6640678e-06
2008-11-28,0.0,269.87924,270.90323,265.07938,3.2076068e-06
2008-11-29,0.00017973782,272.9169,274.33127,270.2797,2.3148148e-06
2008-11-30,0.00014030392,275.49673,277.53513,273.99326,2.3310943e-06
2008-12-01,0.00023300422,277.15555,281.8849,274.78525,6.79466e-06
2008-12-02,0.00028167377,277.15912,279.03452,276.0919,3.0080582e-06
2008-12-03,9.32748e-05,275.52402,278.07,273.97467,3.4722223e-06
2008-12-04,0.0,273.73035,274.15405,271.4385,2.6210644e-06
2008-12-05,2.7505115e-05,277.5524,278.8133,272.71622,4.261497e-06
2008-12-06,0.0005568533,276.39874,279.5186,274.75473,3.4531975e-06
2008-12-07,6.6883017e-06,274.8577,277.93967,272.66223,2.3052664e-06
2008-12-08,0.0,273.56744,276.4151,270.72607,2.8135912e-06
2008-12-09,0.0,273.65216,277.6946,268.1442,2.7432843e-06
2008-12-10,0.0,275.25424,276.64136,272.0481,4.046106e-06
2008-12-11,0.00051007775,276.80643,277.88666,275.0586,4.459406e-06
2008-12-12,0.00043668877,276.0568,277.8826,275.06973,5.6105964e-06
2008-12-13,7.1801594e-05,275.74548,276.52438,274.60687,3.4188506e-06
2008-12-14,1.6702414e-05,275.94925,276.5946,274.9562,3.7695847e-06
2008-12-15,2.7137568e-05,276.30716,277.42694,275.51398,4.2013057e-06
2008-12-16,0.0001428953,276.42786,277.29178,275.19922,3.4722223e-06
2008-12-17,0.00019122737,276.8309,277.81854,275.92517,3.4722223e-06
2008-12-18,5.365984e-05,276.10498,278.1567,274.57898,6.7366805e-06
2008-12-19,1.512921e-05,274.8293,277.66583,273.52585,3.4531975e-06
2008-12-20,8.507462e-08,273.71603,275.80728,271.83035,2.369802e-06
2008-12-21,0.0,274.9819,280.63614,270.51337,1.6860173e-06
2008-12-22,0.0,275.1307,279.1462,271.3681,2.3148148e-06
2008-12-23,0.0,273.27777,276.7598,270.0105,2.3148148e-06
2008-12-24,0.0,274.3043,276.31906,271.39783,2.3148148e-06
2008-12-25,0.0,272.56415,275.09042,270.57877,4.620081e-06
2008-12-26,9.7015545e-06,270.64987,273.60687,268.61133,4.8251723e-06
2008-12-27,1.1383328e-06,270.9663,272.6394,268.38965,5.541779e-06
2008-12-28,5.6339186e-06,269.4511,273.26834,267.27145,4.82735e-06
2008-12-29,0.0,267.29794,269.17148,265.62927,3.5757955e-06
2008-12-30,0.0,266.53967,268.72983,265.07425,3.5108328e-06
2008-12-31,0.0,266.24075,270.45233,262.96014,2.4559856e-06
2009-01-01,2.0380334e-05,270.57474,273.00168,264.24585,2.3148148e-06
2009-01-02,7.4291684e-06,268.6767,270.96948,266.74097,3.4531975e-06
2009-01-03,1.9002001e-06,267.7517,271.27664,266.11456,3.2687344e-06
2009-01-04,0.0,265.24402,271.6198,261.18048,2.2021154e-06
2009-01-05,0.0,266.30814,272.94168,261.01126,1.1574074e-06
2009-01-06,0.0,267.16113,270.41046,263.2555,2.2393906e-06
2009-01-07,0.0,268.32904,271.48502,265.34686,3.2102105e-06
2009-01-08,1.2468629e-05,266.9391,270.93903,262.19727,1.6050924e-06
2009-01-09,0.0,263.95892,270.50497,259.06503,1.1383827e-06
2009-01-10,0.0,263.95224,270.51233,258.1702,1.7825215e-06
2009-01-11,0.0,263.22778,265.5939,260.1482,1.9650593e-06
2009-01-12,0.0,263.50034,264.52606,260.64703,3.2687344e-06
2009-01-13,0.0,266.00888,269.4646,261.43802,2.3148148e-06
2009-01-14,4.1397387e-05,268.77078,269.77213,266.88574,2.2713546e-06
2009-01-15,0.00014879323,271.0333,273.64984,269.08917,2.3148148e-06
2009-01-16,1.4299592e-06,271.5421,273.15485,269.3757,2.3148148e-06
2009-01-17,0.0,270.8904,271.88934,268.5159,2.3945263e-06
2009-01-18,2.1744243e-06,274.3818,276.83926,268.81912,3.4722223e-06
2009-01-19,4.8382557e-05,275.4311,277.68304,271.91754,3.4722223e-06
2009-01-20,7.238301e-05,278.73877,281.46927,275.25516,4.2107094e-06
2009-01-21,0.00017265942,276.95782,279.71817,274.9064,4.6296295e-06
2009-01-22,0.00028961516,274.66827,277.80563,272.62378,3.7951913e-06
2009-01-23,0.0,273.99002,276.3577,272.86838,4.6106047e-06
2009-01-24,2.9528024e-05,274.7395,275.63632,272.9661,3.4722223e-06
2009-01-25,1.4669373e-05,275.37976,277.3017,272.8966,4.56519e-06
2009-01-26,1.010386e-06,275.13297,279.45685,272.9092,4.914966e-06
2009-01-27,6.780227e-05,273.77005,275.0623,273.25702,3.781097e-06
2009-01-28,0.00015281668,274.1456,275.39395,273.0622,5.328428e-06
2009-01-29,3.7070724e-06,274.40683,276.56845,272.81393,4.4049075e-06
2009-01-30,0.0,273.20862,274.32544,272.64606,5.392937e-06
2009-01-31,0.0,272.2788,273.86182,271.48236,5.3105223e-06
2009-02-01,1.0831176e-06,271.20486,272.3653,270.90482,3.4722223e-06
2009-02-02,0.00015387687,271.48206,272.24353,270.42657,3.83074e-06
2009-02-03,0.00021843334,273.02222,274.28027,271.07172,3.4722223e-06
2009-02-04,0.00017900218,274.88504,277.62326,273.1514,3.4722223e-06
2009-02-05,7.3862225e-06,277.3856,281.6634,274.42697,5.7362427e-06
2009-02-06,6.0240647e-05,277.72964,281.2303,275.34375,4.0494574e-06
2009-02-07,0.00010920597,277.4854,280.68546,276.297,4.6296295e-06
2009-02-08,0.00015254588,276.50967,278.2955,274.71603,5.768012e-06
2009-02-09,6.129578e-05,274.16852,280.0718,271.2439,6.2536997e-06
2009-02-10,0.0,276.20828,279.43655,271.2741,4.4819067e-06
2009-02-11,9.8926204e-05,276.68253,281.3276,273.58112,1.0066812e-05
2009-02-12,0.0,274.75333,280.4373,269.01764,1.2686091e-05
2009-02-13,0.0,272.92853,278.01312,268.484,1.2428512e-05
2009-02-14,0.0,274.15936,278.93982,268.70044,1.4180235e-05
2009-02-15,0.0,272.18387,278.08875,268.3797,1.0119955e-05
2009-02-16,0.0,272.34232,278.83008,267.84393,1.0049365e-05
2009-02-17,0.0,273.55356,279.85828,268.97012,9.925599e-06
2009-02-18,2.2329115e-05,270.87247,276.32983,266.05182,1.0839383e-05
2009-02-19,0.0,269.9339,276.452,264.3659,9.093914e-06
2009-02-20,0.0,270.85223,278.81393,265.36624,8.365227e-06
2009-02-21,0.0,275.3791,282.85773,268.2291,1.1770037e-05
2009-02-22,1.3510784e-07,273.3556,276.89667,271.76224,6.8910726e-06
2009-02-23,0.0,274.6777,280.19955,270.47595,9.259259e-06
2009-02-24,0.0,274.32782,279.16895,270.79895,9.829199e-06
2009-02-25,7.2548537e-06,272.81503,280.65338,268.3527,1.250052e-05
2009-02-26,0.0,274.23203,281.33072,268.85266,1.0084121e-05
2009-02-27,0.0,276.9376,286.83585,269.8224,1.7196115e-05
2009-02-28,0.0,277.62177,287.73303,270.84244,1.746757e-05
2009-03-01,0.0,279.2958,285.59097,271.25513,1.781184e-05
2009-03-02,0.0,279.60406,284.10532,275.45874,1.0407119e-05
2009-03-03,7.422189e-06,279.1593,282.43414,276.32324,7.987632e-06
2009-03-04,3.510676e-05,278.96826,281.8568,277.07272,7.1555382e-06
2009-03-05,0.00031428365,278.50766,280.16068,276.6758,7.916377e-06
2009-03-06,0.00026141142,278.62418,284.12045,275.8184,1.5377911e-05
2009-03-07,5.2295813e-06,281.0457,286.68674,274.36737,2.8052253e-05
2009-03-08,0.0,279.49084,288.35184,273.2931,2.2564838e-05
2009-03-09,0.0,274.47406,279.4584,271.26773,8.81058e-06
2009-03-10,1.9515399e-05,278.54868,285.72153,268.44406,2.0323734e-05
2009-03-11,0.0,278.9167,286.88754,274.14166,2.9112169e-05
2009-03-12,0.0,278.0086,285.1786,269.59995,1.930059e-05
2009-03-13,0.0,279.41895,287.86215,272.90662,1.9598518e-05
2009-03-14,0.0,278.95355,288.4985,270.53946,2.0966347e-05
2009-03-15,0.0,279.95685,287.9189,272.76123,1.5984306e-05
2009-03-16,1.16820875e-05,280.31213,288.43283,272.3844,2.1831498e-05
2009-03-17,0.0,278.67596,286.05045,272.60516,1.9106194e-05
2009-03-18,0.0,281.7785,287.98206,272.14404,4.1305866e-05
2009-03-19,0.0,275.2952,282.66385,270.84302,1.8864375e-05
2009-03-20,7.3327133e-06,273.38583,278.421,270.2353,1.6459604e-05
2009-03-21,5.1253956e-08,275.42798,281.47556,270.48337,2.8694245e-05
2009-03-22,0.0,278.09137,287.03082,268.06128,2.5258283e-05
2009-03-23,0.0,279.9826,288.91452,270.32294,2.9751343e-05
2009-03-24,0.0,276.2338,281.33893,272.3517,1.2065949e-05
2009-03-25,1.5213743e-06,274.26184,278.26013,269.00888,1.2570869e-05
2009-03-26,0.0,278.6431,286.6178,269.84888,2.3901172e-05
2009-03-27,0.0,280.57773,286.1236,273.26865,2.0225358e-05
2009-03-28,3.4761695e-05,282.92453,284.8535,279.5016,1.0554403e-05
2009-03-29,5.7524332e-05,281.3113,283.68295,279.96887,8.556995e-06
2009-03-30,0.0007934813,278.92407,280.9843,277.12692,8.414019e-06
2009-03-31,0.00021834279,279.43015,281.23862,277.80304,1.2185951e-05
2009-04-01,0.00010537511,282.0612,285.58914,278.53568,1.4373359e-05
2009-04-02,1.4117912e-05,282.50717,283.9046,281.3617,8.286753e-06
2009-04-03,0.00017557346,284.80594,290.61755,281.1262,2.1712967e-05
2009-04-04,0.0,285.6968,292.88525,281.17593,2.7638765e-05
2009-04-05,5.6807448e-08,286.3672,295.24203,278.90433,3.584125e-05
2009-04-06,0.0,286.63055,295.2727,277.3663,3.5657275e-05
2009-04-07,0.0,286.5466,296.36234,276.6867,3.6874022e-05
2009-04-08,0.0,286.6552,296.23013,276.60605,4.142049e-05
2009-04-09,0.0,286.5735,295.806,277.49902,3.6869817e-05
2009-04-10,0.0,285.87207,295.9223,276.01285,4.017993e-05
2009-04-11,0.0,286.32745,295.70435,275.7875,4.500987e-05
2009-04-12,0.0,286.1289,295.948,276.14725,3.8473667e-05
2009-04-13,0.0,285.8084,294.42987,277.29074,4.3286713e-05
2009-04-14,1.920005e-06,285.36377,294.73505,277.46896,3.2190248e-05
2009-04-15,8.98294e-06,286.43256,295.83566,276.3191,4.024271e-05
2009-04-16,1.6141813e-06,286.6278,293.36423,277.23108,3.4526336e-05
2009-04-17,3.5543766e-05,284.52136,290.1292,282.36212,3.468339e-05
2009-04-18,3.7389076e-05,284.05093,290.521,279.81888,2.6511294e-05
2009-04-19,1.0393926e-05,283.3402,285.76657,277.8049,1.4401419e-05
2009-04-20,9.654084e-05,285.23914,288.89017,283.20514,1.6069976e-05
2009-04-21,7.379852e-05,284.7414,288.95535,282.946,1.70238e-05
2009-04-22,1.8125867e-05,287.59894,295.01675,277.82675,4.5706143e-05
2009-04-23,3.1016243e-05,281.24054,286.4864,279.14755,1.3662748e-05
2009-04-24,0.0002412195,281.62833,285.39334,278.5269,1.6140133e-05
2009-04-25,1.6303258e-05,285.60703,293.22845,279.30045,3.854257e-05
2009-04-26,0.0,286.0598,291.6198,278.60507,2.8943472e-05
2009-04-27,2.262543e-05,286.33527,290.23224,283.06815,2.366504e-05
2009-04-28,4.4364882e-05,284.89157,288.31702,283.55228,1.6203703e-05
2009-04-29,0.00014415075,283.48608,286.97046,282.34436,1.7253746e-05
2009-04-30,0.00017341191,284.868,289.4523,280.56046,2.3148148e-05
2009-05-01,3.4513097e-05,287.18576,295.8836,279.9101,4.625331e-05
2009-05-02,1.41792025e-05,286.09952,293.45224,280.84256,3.601591e-05
2009-05-03,4.7369963e-06,285.33112,292.1314,280.59576,2.8703309e-05
2009-05-04,1.7181903e-05,284.77875,292.63223,278.08633,3.052388e-05
2009-05-05,1.16047795e-05,284.8034,289.9702,282.02176,2.8882285e-05
2009-05-06,0.0,286.79312,292.56406,279.91187,3.354736e-05
2009-05-07,0.0,289.67014,297.61478,282.8826,5.1047035e-05
2009-05-08,0.0,289.9898,297.70667,280.6269,5.397667e-05
2009-05-09,0.0,289.9673,296.29956,281.34418,4.0036193e-05
2009-05-10,1.157386e-06,290.98624,299.15027,282.57907,5.419143e-05
2009-05-11,0.0,291.35693,298.71472,282.88263,5.8007365e-05
2009-05-12,0.0,291.6124,298.88223,283.91766,4.8139846e-05
2009-05-13,1.9303572e-05,288.02734,292.64966,284.87994,2.8046876e-05
2009-05-14,1.0005868e-05,289.3521,296.0007,285.72888,3.176167e-05
2009-05-15,0.0,289.0861,294.96582,280.7682,3.1255426e-05
2009-05-16,1.0942216e-05,291.26566,298.20032,284.7535,4.698057e-05
2009-05-17,3.0859105e-06,292.29688,300.0485,282.5218,5.4249504e-05
2009-05-18,0.0,293.70605,301.97168,284.55927,5.5143213e-05
2009-05-19,3.2993314e-06,292.98206,299.80743,285.5231,4.8841168e-05
2009-05-20,7.95715e-05,292.32916,297.6981,287.24478,5.0564784e-05
2009-05-21,3.4681193e-06,293.83505,301.34344,285.0833,5.6372406e-05
2009-05-22,0.0,293.68594,301.8467,286.6863,5.4493124e-05
2009-05-23,2.060892e-06,294.5069,302.0037,285.43286,5.926066e-05
2009-05-24,0.0,293.86795,301.32474,288.4133,4.0850056e-05
2009-05-25,2.1684793e-05,295.55508,304.56943,286.4632,6.283975e-05
2009-05-26,0.00014699427,296.36465,304.60178,287.04376,5.9451926e-05
2009-05-27,8.83275e-05,287.10083,296.76468,284.50534,1.7916258e-05
2009-05-28,0.00023325083,288.90057,295.15875,282.22116,5.007403e-05
2009-05-29,3.001574e-07,286.7478,293.90213,283.04514,5.1726936e-05
2009-05-30,5.489818e-07,284.1087,289.94952,278.63538,3.534178e-05
2009-05-31,8.682113e-05,285.4583,291.39325,280.86966,4.2324733e-05
2009-06-01,0.0,288.01306,294.16928,278.7893,4.2388725e-05
2009-06-02,6.4585265e-06,288.86682,294.95053,282.36093,4.2545427e-05
2009-06-03,1.6809345e-06,291.4776,298.6257,283.28748,4.8696897e-05
2009-06-04,0.0,287.11752,291.82788,284.78787,3.8552815e-05
2009-06-05,3.4310295e-05,287.39154,291.00388,283.9294,2.1929804e-05
2009-06-06,0.00017433215,292.78793,296.92038,287.82196,4.8637325e-05
2009-06-07,0.00012147245,288.30713,293.51038,286.3701,2.8607858e-05
2009-06-08,0.00012596209,290.36658,297.16037,282.42862,4.3754695e-05
2009-06-09,0.0,291.9129,298.40536,283.17258,5.976121e-05
2009-06-10,1.4252007e-06,291.04965,297.6203,285.7691,4.7900223e-05
2009-06-11,2.3332038e-06,290.2079,297.59515,283.3581,4.2412754e-05
2009-06-12,3.6763227e-05,291.35013,297.05627,285.07208,5.1918687e-05
2009-06-13,1.8724093e-05,291.50092,297.89566,284.88058,5.575921e-05
2009-06-14,0.0,294.38754,302.2403,283.69476,6.383392e-05
2009-06-15,0.0,295.73566,302.12402,287.95856,5.6112418e-05
2009-06-16,0.0,294.9448,302.9146,289.55243,6.4727064e-05
2009-06-17,0.00020087813,290.90164,295.61758,287.586,4.4597622e-05
2009-06-18,0.0,294.00885,301.8887,282.92456,6.0044018e-05
2009-06-19,0.0,295.9771,303.58636,285.02878,7.086968e-05
2009-06-20,0.0002639631,285.40784,296.1106,284.49207,2.3532766e-05
2009-06-21,0.00035122444,288.89838,293.61264,282.62195,4.5966208e-05
2009-06-22,1.4106312e-06,286.31577,289.4721,282.03442,2.9206469e-05
2009-06-23,1.2820698e-05,285.91183,287.60532,283.7451,1.7667777e-05
2009-06-24,0.00023485528,287.99915,290.60876,285.1514,1.9525442e-05
2009-06-25,8.3905514e-05,290.88214,297.06058,287.1102,3.8895174e-05
2009-06-26,4.2396285e-05,291.96722,299.3578,285.3747,4.84899e-05
2009-06-27,0.00010784062,291.202,297.04773,287.75098,3.711463e-05
2009-06-28,9.258134e-05,292.02545,296.79977,288.32965,3.4112847e-05
2009-06-29,0.00012870504,292.61142,297.46707,289.1596,3.9291146e-05
2009-06-30,2.174088e-05,293.3382,298.8937,288.74313,4.599394e-05
2009-07-01,9.580968e-06,293.84183,300.814,288.42554,4.3243446e-05
2009-07-02,8.891075e-06,294.39218,300.83948,288.86893,4.7452773e-05
2009-07-03,2.0202839e-05,294.23535,300.64008,287.99213,4.3779786e-05
2009-07-04,6.287472e-05,294.05447,301.07806,290.19113,5.203724e-05
2009-07-05,1.7510556e-05,294.27017,301.80685,288.53738,5.068923e-05
2009-07-06,1.6024751e-05,292.046,298.83594,288.48404,3.4700162e-05
2009-07-07,6.536454e-05,290.4789,295.36816,288.3964,2.2011502e-05
2009-07-08,0.00052630727,286.54758,291.04208,285.46292,2.4444524e-05
2009-07-09,0.0002275495,289.66174,295.40356,284.93472,3.6655994e-05
2009-07-10,0.00024379906,287.514,291.51767,286.20795,2.4382936e-05
2009-07-11,3.678368e-05,288.43372,295.14267,283.05936,4.297943e-05
2009-07-12,2.2897311e-05,291.06052,298.31976,282.52206,5.1346065e-05
2009-07-13,0.0,293.84702,301.14563,284.53104,5.6549285e-05
2009-07-14,0.0,295.87936,302.24048,287.59366,6.0440318e-05
2009-07-15,0.0,297.49637,304.91293,289.58273,6.316774e-05
2009-07-16,5.468455e-06,297.17194,304.42334,289.16486,6.3598534e-05
2009-07-17,0.0,296.88828,303.88626,289.78168,6.340665e-05
2009-07-18,7.537984e-05,289.9514,296.2163,286.46658,3.3184788e-05
2009-07-19,0.00035612777,290.1708,297.88828,282.33853,5.3286298e-05
2009-07-20,0.0,292.64056,300.09393,283.12802,5.7728637e-05
2009-07-21,0.0,294.5483,302.33267,285.07336,6.149533e-05
2009-07-22,0.0,296.31177,302.54605,286.5956,6.429747e-05
2009-07-23,0.0,297.77463,304.29,290.39066,7.2184885e-05
2009-07-24,0.0,296.55524,304.43146,288.3606,6.0794755e-05
2009-07-25,3.886552e-06,291.28223,298.7034,288.91135,3.7511847e-05
2009-07-26,1.0407367e-06,291.61966,298.62946,282.89694,5.3715063e-05
2009-07-27,0.0,293.3786,301.41937,283.34964,5.6775523e-05
2009-07-28,0.0,294.13596,300.95007,286.1806,4.6538014e-05
2009-07-29,1.3446853e-05,294.81604,301.21115,287.96393,5.6231605e-05
2009-07-30,0.0,297.08713,304.72617,287.9182,5.7476e-05
2009-07-31,1.3660214e-05,294.99298,300.32196,291.07028,4.5438577e-05
2009-08-01,0.0,296.29306,303.34637,288.65387,5.5629345e-05
2009-08-02,0.0,296.74423,304.86884,287.13876,6.311881e-05
2009-08-03,0.0,292.93063,300.73822,288.41473,3.6435496e-05
2009-08-04,0.00042652967,291.11838,293.26498,289.40845,2.1736816e-05
2009-08-05,3.7850452e-05,292.57202,299.34,288.0188,4.2615084e-05
2009-08-06,0.0,294.44,300.96338,286.40836,5.0403443e-05
2009-08-07,0.0,293.66144,300.1755,287.89688,4.861687e-05
2009-08-08,0.0,294.72165,301.41354,288.498,5.424255e-05
2009-08-09,1.2239298e-06,294.939,300.28928,290.11435,4.954541e-05
2009-08-10,3.046272e-06,294.8669,301.9005,287.69226,4.850913e-05
2009-08-11,1.3633976e-05,294.4932,301.5588,289.56937,4.670384e-05
2009-08-12,3.312145e-06,294.43723,300.7012,287.08267,4.1934032e-05
2009-08-13,3.600845e-06,295.25577,302.5328,288.0978,5.4948803e-05
2009-08-14,4.4178272e-05,293.3144,299.33038,289.76395,4.1372135e-05
2009-08-15,5.6234185e-06,294.2559,300.92258,288.0469,4.9330636e-05
2009-08-16,0.0,295.65848,303.82288,287.92297,5.0570987e-05
2009-08-17,0.0,295.73514,303.87988,289.79718,4.948834e-05
2009-08-18,5.2941355e-06,295.96985,303.13257,288.97153,4.8683803e-05
2009-08-19,0.0,296.82196,302.9827,290.02106,5.0849347e-05
2009-08-20,0.0,296.31128,302.7207,290.4271,4.5582925e-05
2009-08-21,0.0,296.86124,303.68378,290.11902,5.088135e-05
2009-08-22,0.0,293.5222,302.44907,289.82736,4.3170126e-05
2009-08-23,0.000139849,292.25677,297.79654,288.05652,4.470009e-05
2009-08-24,0.0,291.56708,297.76016,285.24487,4.3507287e-05
2009-08-25,0.0,292.26703,300.19836,285.81686,4.640301e-05
2009-08-26,0.0,294.06244,302.65564,285.1299,4.758721e-05
2009-08-27,0.0,295.38196,304.23404,287.65784,5.5694098e-05
2009-08-28,0.0,296.37552,304.4985,288.29428,4.741546e-05
2009-08-29,5.4115562e-06,290.32202,296.08545,287.12332,1.717335e-05
2009-08-30,0.00044123814,288.83304,295.58023,285.8582,3.98574e-05
2009-08-31,0.0,289.591,297.1113,280.51953,3.937522e-05
2009-09-01,0.0,291.29346,300.54904,282.80954,4.1274558e-05
2009-09-02,0.0,293.7867,301.65475,285.47708,4.2655418e-05
2009-09-03,3.4809857e-06,294.70764,299.92297,289.05536,3.6211768e-05
2009-09-04,2.1654896e-06,290.184,295.4034,288.45712,2.3957431e-05
2009-09-05,0.00022210408,284.68802,289.05173,282.8385,1.8309689e-05
2009-09-06,3.747271e-06,286.84613,294.28906,280.5952,3.247066e-05
2009-09-07,0.0,286.71118,294.77246,278.489,3.6199308e-05
2009-09-08,0.0,288.10925,295.90625,279.34866,3.6339738e-05
2009-09-09,0.0,289.03302,294.6271,284.02383,2.6698797e-05
2009-09-10,0.0,290.23813,297.00354,285.91507,3.0124535e-05
2009-09-11,3.2399592e-05,289.83542,295.68503,286.02646,2.2300303e-05
2009-09-12,4.8653466e-05,290.85312,297.84796,286.92056,3.4528504e-05
2009-09-13,5.7593106e-06,289.3758,295.24234,284.0667,2.9636469e-05
2009-09-14,8.187369e-05,286.54443,288.68634,285.65112,1.1607723e-05
2009-09-15,0.000112142734,289.26135,294.3001,285.0967,2.3056566e-05
2009-09-16,2.3013763e-06,289.9333,293.05716,286.89566,1.5046296e-05
2009-09-17,0.00030185084,290.3136,296.25372,287.9548,2.4030542e-05
2009-09-18,2.7706987e-08,290.22174,293.65857,287.34625,1.9674848e-05
2009-09-19,3.972515e-08,290.9901,296.64954,286.74814,2.6062398e-05
2009-09-20,0.0,290.1326,296.4017,286.2315,2.2009373e-05
2009-09-21,0.0,290.609,297.40408,285.44452,2.680812e-05
2009-09-22,0.0,289.98944,297.7189,284.5652,2.9025487e-05
2009-09-23,0.0,289.72156,298.3782,283.60043,2.6620575e-05
2009-09-24,0.0,289.54788,297.7521,283.04343,2.7343744e-05
2009-09-25,1.1958241e-06,290.3816,295.91125,285.55603,2.4970237e-05
2009-09-26,1.7283832e-06,288.1786,294.45743,284.66177,2.8222756e-05
2009-09-27,0.0,287.6158,293.18594,280.4732,1.8458953e-05
2009-09-28,0.0,288.30402,296.68515,281.01932,2.1941769e-05
2009-09-29,0.0,288.33194,297.04462,281.51334,2.033899e-05
2009-09-30,0.0,288.78418,296.45636,282.18234,2.2773731e-05
2009-10-01,0.0,289.86545,296.46686,284.33096,2.0383855e-05
2009-10-02,6.806212e-05,285.92947,289.3579,284.7728,1.0578939e-05
2009-10-03,8.971529e-05,283.6123,290.9793,281.3413,1.5912383e-05
2009-10-04,0.0,285.52725,293.53345,277.25208,2.0688325e-05
2009-10-05,0.0,287.24234,294.10608,280.0496,2.095342e-05
2009-10-06,0.0,289.22116,296.6874,284.19086,2.5699139e-05
2009-10-07,0.0,289.76062,297.9681,286.1786,2.2789893e-05
2009-10-08,0.0,289.4585,296.0778,284.28076,2.2929227e-05
2009-10-09,0.0,289.76617,294.9376,284.862,1.6325914e-05
2009-10-10,9.461242e-05,288.525,291.6449,286.48148,1.0351658e-05
2009-10-11,0.00017173364,287.12616,293.1466,283.90247,1.7346209e-05
2009-10-12,5.0290335e-05,282.55664,287.27823,279.40393,1.3375321e-05
2009-10-13,6.744813e-05,281.53342,287.4202,277.7138,2.7077453e-05
2009-10-14,0.0,278.40976,283.95996,273.7311,2.4280314e-05
2009-10-15,0.0,277.89157,284.5006,272.36783,1.5441427e-05
2009-10-16,0.0,277.4098,283.88525,270.44406,1.0861751e-05
2009-10-17,0.0,278.25357,285.7705,271.1437,1.1745364e-05
2009-10-18,9.618824e-07,277.4242,281.5632,272.70804,9.4145735e-06
2009-10-19,0.0,275.53537,283.73053,270.79785,1.253253e-05
2009-10-20,0.0,276.52304,283.8656,270.3739,1.1398301e-05
2009-10-21,0.0,282.54477,287.04044,271.04245,1.6920332e-05
2009-10-22,8.276855e-06,284.06915,287.60913,282.69305,6.3953025e-06
2009-10-23,0.00028924725,283.7275,287.34357,278.99265,9.232922e-06
2009-10-24,9.677111e-05,282.96652,285.19327,282.06577,9.117585e-06
2009-10-25,2.666952e-05,282.53244,288.82147,278.5278,9.215799e-06
2009-10-26,0.0,283.2962,286.9336,280.26877,8.017204e-06
2009-10-27,0.0,282.32507,290.29074,278.6812,1.0795836e-05
2009-10-28,0.0,281.0522,288.40668,275.6333,8.375183e-06
2009-10-29,0.0,282.3954,289.12427,277.9554,9.857671e-06
2009-10-30,0.0,279.88214,283.4247,276.5792,1.0249953e-05
2009-10-31,0.0,275.00516,282.95312,271.40787,7.3416227e-06
2009-11-01,0.0,274.64484,282.29218,270.09018,5.2215414e-06
2009-11-02,0.0,274.82248,277.14423,270.4415,4.6296295e-06
2009-11-03,0.000288011,275.10175,277.6889,273.47223,5.8520577e-06
2009-11-04,4.924465e-05,275.49414,277.03247,273.57135,4.6573728e-06
2009-11-05,0.00011706451,277.68726,281.6769,274.70908,5.743577e-06
2009-11-06,4.822827e-05,277.15677,278.51083,276.17456,4.720711e-06
2009-11-07,0.00017399524,277.87186,282.50275,274.77557,5.743577e-06
2009-11-08,8.1912344e-07,277.07477,278.79147,274.0056,4.5861693e-06
2009-11-09,0.00017214559,278.66855,281.2288,274.05118,5.503697e-06
2009-11-10,3.8714985e-05,279.60043,283.12155,274.38126,6.688902e-06
2009-11-11,0.0,278.42172,284.64636,274.5424,7.068518e-06
2009-11-12,0.0,276.86172,284.62888,270.291,4.5039537e-06
2009-11-13,0.0,279.47366,286.5551,271.55176,7.449343e-06
2009-11-14,0.0,282.22766,285.12054,276.42694,8.101852e-06
2009-11-15,3.5014676e-07,282.68256,286.8388,278.65628,6.9444445e-06
2009-11-16,8.53436e-06,283.12894,287.26694,279.19342,5.679549e-06
2009-11-17,4.8679813e-06,282.50348,287.65955,279.17206,9.259259e-06
2009-11-18,2.5819804e-06,281.4033,287.71378,276.0851,7.960451e-06
2009-11-19,0.0,278.59265,286.38535,274.70392,3.708342e-06
2009-11-20,0.0,278.17526,286.1198,272.51337,5.4771117e-06
2009-11-21,0.0,277.50497,285.79398,271.95386,3.677091e-06
2009-11-22,0.0,278.0302,284.28693,271.52875,6.988151e-06
2009-11-23,7.637152e-06,280.70322,286.12155,276.43216,5.300866e-06
2009-11-24,1.9669264e-07,279.67416,285.2024,276.2464,8.101852e-06
2009-11-25,0.0,278.57687,284.7188,272.92456,5.7899215e-06
2009-11-26,1.4892e-06,282.43045,284.0316,277.5345,7.776854e-06
2009-11-27,0.00014609873,282.24,284.78754,280.3132,5.528463e-06
2009-11-28,8.546375e-05,279.1907,282.7599,277.57114,4.6296295e-06
2009-11-29,7.951764e-05,281.4835,284.80554,277.09235,5.8817636e-06
2009-11-30,2.613464e-05,285.28864,288.51035,280.32297,7.178601e-06
2009-12-01,0.00027656692,280.134,285.30664,277.6332,3.9286588e-06
2009-12-02,1.6397842e-05,278.09247,282.15732,275.5147,3.692945e-06
2009-12-03,0.0,275.19772,278.0985,273.20917,2.3797718e-06
2009-12-04,0.0,274.975,276.2838,272.83316,3.428762e-06
2009-12-05,6.4046224e-05,275.64056,277.89072,274.5705,3.6061595e-06
2009-12-06,0.0,274.179,276.7156,272.23486,3.4190873e-06
2009-12-07,0.0,277.0437,280.21307,272.1417,3.4722223e-06
2009-12-08,4.7613998e-05,278.3166,280.51263,276.51852,5.726101e-06
2009-12-09,0.00021685798,278.94504,283.48764,275.2131,7.3007277e-06
2009-12-10,0.0,275.73032,279.9899,271.2352,1.4690081e-06
2009-12-11,1.1714743e-05,276.12473,278.8729,272.2406,2.452796e-06
2009-12-12,2.9545147e-06,274.8447,277.94135,270.98752,9.246156e-06
2009-12-13,0.0,271.6385,275.39285,269.99265,5.5257237e-06
2009-12-14,5.6455615e-06,270.61362,271.68427,269.70993,2.8510779e-06
2009-12-15,3.9473412e-05,270.53778,271.49945,269.43686,5.2649875e-06
2009-12-16,0.0,269.4463,271.13855,268.71106,2.5985507e-06
2009-12-17,4.9404866e-06,267.498,270.34982,265.01767,1.5461085e-06
2009-12-18,1.1277218e-06,263.7735,269.0785,261.53394,1.3921235e-06
2009-12-19,3.373151e-05,264.646,266.52316,261.08752,2.144591e-06
2009-12-20,5.5436514e-05,260.24365,267.3318,255.38388,0.0
2009-12-21,0.0,268.6847,273.48404,254.50597,2.3148148e-06
2009-12-22,0.000101135,275.4184,276.91827,273.12796,2.3148148e-06
2009-12-23,0.00049072487,280.65988,283.80228,274.61633,4.6390523e-06
2009-12-24,0.00023248061,282.34116,284.8175,277.9583,4.603293e-06
2009-12-25,0.00035051248,282.20105,287.175,278.70035,7.254307e-06
2009-12-26,0.0002869493,276.16513,279.50974,273.93228,2.2884778e-06
2009-12-27,4.273628e-06,274.69327,276.82785,273.3896,3.428762e-06
2009-12-28,1.0059539e-05,273.24878,275.1079,270.55542,2.3148148e-06
2009-12-29,2.3255395e-06,274.13272,276.20392,270.9042,3.181827e-06
2009-12-30,4.0404893e-07,278.73022,281.00317,273.2046,4.6106047e-06
2009-12-31,3.9753464e-05,279.36166,281.11453,275.07822,3.633222e-06
2010-01-01,9.213928e-05,278.62463,280.6928,277.287,4.4371945e-06
2010-01-02,4.944039e-05,275.31177,278.54337,273.16928,9.103654e-06
2010-01-03,2.4074385e-05,270.851,276.65466,267.4396,4.544524e-06
2010-01-04,0.0,269.1584,270.70508,262.78418,2.3148148e-06
2010-01-05,4.4779455e-05,270.63525,271.5102,269.59088,2.3148148e-06
2010-01-06,9.945673e-05,271.42767,272.30246,269.49353,2.3148148e-06
2010-01-07,3.8973598e-05,272.5637,273.55875,270.50494,2.3148148e-06
2010-01-08,2.9259549e-05,272.25104,272.3713,272.05338,3.2798882e-06
2010-01-09,0.00038286857,272.93317,273.51135,271.59473,3.0419792e-06
2010-01-10,5.7340294e-05,274.3601,277.04984,272.76334,1.4500519e-06
2010-01-11,4.054659e-06,273.64536,275.26416,272.01584,2.9082623e-06
2010-01-12,1.7519282e-05,272.74146,273.77634,272.3384,2.3148148e-06
2010-01-13,3.6082988e-06,272.186,272.97916,271.46136,3.4359741e-06
2010-01-14,0.0,272.09464,272.55453,271.04517,2.5836716e-06
2010-01-15,0.0,272.406,273.69888,271.4618,2.4287444e-06
2010-01-16,0.0,271.17957,274.16165,269.26852,5.6467807e-06
2010-01-17,0.0,269.8921,273.0387,266.09378,2.3148148e-06
2010-01-18,1.8269066e-05,268.81265,272.9049,265.74115,2.3148148e-06
2010-01-19,0.0,270.4857,272.5152,266.87766,2.3148148e-06
2010-01-20,0.0,268.63397,274.28537,265.15656,1.7137072e-06
2010-01-21,0.0,268.847,271.03946,264.2107,2.3148148e-06
2010-01-22,3.8102644e-05,269.88483,271.4106,268.708,2.2713546e-06
2010-01-23,1.3774311e-06,268.64,269.7234,267.95795,2.4130632e-06
2010-01-24,0.0,267.47632,268.84726,266.83395,3.6044028e-06
2010-01-25,0.0,268.09586,269.44308,267.4222,3.6255371e-06
2010-01-26,1.4545583e-06,266.82425,268.65366,265.59882,3.228575e-06
2010-01-27,8.756402e-06,263.77582,270.86215,259.38928,2.1799904e-06
2010-01-28,0.0,263.64355,270.48065,258.84253,1.5311089e-06
2010-01-29,0.0,267.9955,270.82086,260.16656,2.3148148e-06
2010-01-30,3.3751592e-05,272.64862,274.75253,270.03735,2.4079552e-06
2010-01-31,0.00013395764,269.27356,274.0536,266.15186,2.469804e-06
2010-02-01,0.0,264.57556,272.58905,259.01492,2.3148148e-06
2010-02-02,0.0,266.2583,274.6451,258.47586,4.6618807e-06
2010-02-03,0.0,269.63388,277.86697,260.5797,3.8277726e-06
2010-02-04,0.0,273.4895,279.05756,267.42822,4.6296295e-06
2010-02-05,1.6981667e-06,275.18826,278.17545,271.08945,3.4722223e-06
2010-02-06,0.00016735318,273.2838,276.44617,272.33298,3.3702263e-06
2010-02-07,1.9020998e-05,270.62598,274.09833,269.15677,4.5813576e-06
2010-02-08,2.2261136e-06,269.0173,271.01312,267.73532,3.428762e-06
2010-02-09,0.0,268.74652,269.96463,268.03333,3.4923232e-06
2010-02-10,2.0248548e-05,270.29938,271.4102,268.14453,3.7712973e-06
2010-02-11,0.00018153265,272.0171,273.2002,270.15533,3.5802411e-06
2010-02-12,3.8660946e-05,272.24274,274.40503,270.89566,3.4115164e-06
2010-02-13,1.7845233e-06,270.91943,277.5811,267.76645,5.1292077e-06
2010-02-14,0.0,271.27405,273.3709,267.56155,3.428762e-06
2010-02-15,0.0,271.70026,274.3533,270.40402,4.5861693e-06
2010-02-16,0.0,271.98334,278.57816,265.02338,6.1060027e-06
2010-02-17,1.8617781e-06,274.91882,278.74802,271.60275,5.787037e-06
2010-02-18,1.8984438e-05,276.64062,278.94525,273.6257,4.6296295e-06
2010-02-19,3.7999578e-06,276.709,278.0213,274.3137,3.941574e-06
2010-02-20,0.00044400306,274.57812,277.2416,273.193,4.5350303e-06
2010-02-21,0.00016430696,273.01642,279.26407,270.22324,8.082827e-06
2010-02-22,4.414076e-05,275.21774,279.5689,270.7884,5.7774887e-06
2010-02-23,1.2598357e-05,277.51245,282.72937,271.73972,8.009052e-06
2010-02-24,7.884392e-06,276.13748,281.99692,272.76505,7.3919678e-06
2010-02-25,0.0,278.18994,285.1643,271.50357,1.08120585e-05
2010-02-26,9.657124e-06,277.79895,281.23547,275.40585,7.5893636e-06
2010-02-27,0.00025867196,276.5986,286.14468,273.24097,1.2650714e-05
2010-02-28,0.0,280.72485,284.17,275.2999,1.7202236e-05
2010-03-01,2.6004891e-05,279.65167,287.63428,275.69202,1.3991434e-05
2010-03-02,0.0,277.71506,282.8855,274.5538,9.489847e-06
2010-03-03,7.303248e-06,276.26483,278.78348,271.6242,7.197895e-06
2010-03-04,2.0593034e-05,274.4333,276.7336,273.6457,7.281656e-06
2010-03-05,1.758908e-05,272.47226,276.75128,271.05112,1.1253595e-05
2010-03-06,1.4884273e-06,271.13138,276.3509,264.95224,1.0870133e-05
2010-03-07,0.0,270.59647,275.39532,267.83667,1.5645835e-05
2010-03-08,0.0,270.094,274.4848,264.13382,1.7947817e-05
2010-03-09,3.7390043e-07,272.0564,273.8498,269.39606,1.4292693e-05
2010-03-10,5.897119e-06,270.34772,272.77545,269.49686,6.7285746e-06
2010-03-11,0.00013807883,272.1696,275.05533,268.77402,6.110564e-06
2010-03-12,0.0,273.55417,280.28662,268.61746,1.1349352e-05
2010-03-13,0.0,273.86517,282.7323,266.8212,1.5901833e-05
2010-03-14,0.0,275.1177,284.7727,267.3395,1.857825e-05
2010-03-15,0.0,275.5004,283.59784,269.09256,1.5754222e-05
2010-03-16,0.0,277.40967,286.2158,270.8505,2.158901e-05
2010-03-17,0.0,277.70447,283.57025,270.70694,1.48566605e-05
2010-03-18,0.0,279.44183,287.69257,273.3668,2.0160665e-05
2010-03-19,0.0,281.04358,287.98312,275.05566,2.8674114e-05
2010-03-20,0.0,281.52887,286.31757,276.109,2.1710286e-05
2010-03-21,2.4845497e-06,282.6322,286.18222,279.23837,1.2117765e-05
2010-03-22,2.1071312e-06,281.94858,284.31683,279.7727,9.259259e-06
2010-03-23,3.170312e-05,283.1291,289.58502,279.27832,2.162539e-05
2010-03-24,0.0,283.6351,290.1184,275.68207,2.5129893e-05
2010-03-25,0.0,285.03717,289.77115,281.45486,2.0137408e-05
2010-03-26,0.0,284.48413,287.55664,281.92252,1.1580342e-05
2010-03-27,3.995581e-05,281.42368,287.27628,278.8249,1.9486119e-05
2010-03-28,1.9444053e-05,281.68536,291.33746,273.802,2.7710725e-05
2010-03-29,0.0,283.91528,291.2971,276.5779,3.046083e-05
2010-03-30,2.0755965e-06,283.8997,286.7203,280.42383,1.3143388e-05
2010-03-31,7.388702e-05,279.73764,283.75784,277.6366,1.0294198e-05
2010-04-01,0.00021789587,280.41797,287.0707,275.13217,1.684247e-05
2010-04-02,0.00014742567,277.79495,281.4369,275.60742,1.4264819e-05
2010-04-03,0.0,280.37796,287.32693,272.81805,2.7707105e-05
2010-04-04,0.0,282.4782,287.2266,278.6965,2.3130971e-05
2010-04-05,8.882209e-05,282.54022,285.4421,279.05237,2.3658651e-05
2010-04-06,0.0,281.59592,289.46274,272.8986,3.049949e-05
2010-04-07,0.0,281.75836,290.4864,271.6901,3.027631e-05
2010-04-08,0.0,282.8742,291.8166,272.64288,3.057024e-05
2010-04-09,0.0,285.60474,293.90298,274.64636,3.228724e-05
2010-04-10,1.2470407e-06,281.454,286.95065,279.16077,1.709613e-05
2010-04-11,3.0676612e-05,277.3873,283.68173,273.1808,2.1813745e-05
2010-04-12,1.3932974e-05,277.67328,279.7645,272.98288,1.1358625e-05
2010-04-13,2.9592022e-06,279.576,281.20642,277.06058,1.0416667e-05
2010-04-14,5.1959578e-05,280.2236,283.93167,277.9694,1.5046296e-05
2010-04-15,2.862159e-05,283.12424,290.34714,275.33688,3.406088e-05
2010-04-16,0.0,284.14404,290.54626,274.38736,3.2369957e-05
2010-04-17,3.1023571e-06,283.77588,290.3294,279.4983,3.264024e-05
2010-04-18,2.1887983e-05,280.29276,284.7409,276.65945,1.4528954e-05
2010-04-19,3.5672627e-05,283.9018,292.28513,275.2901,3.399298e-05
2010-04-20,3.3342967e-08,285.95758,295.2163,275.55853,4.1241074e-05
2010-04-21,1.1308921e-05,285.68924,294.33163,278.53098,3.9205268e-05
2010-04-22,1.9756784e-05,280.5348,284.3678,279.5704,1.6118574e-05
2010-04-23,2.598707e-06,284.97968,290.9215,277.38055,2.4529261e-05
2010-04-24,0.0,286.61017,292.98523,281.21658,2.948042e-05
2010-04-25,0.0,287.34732,294.37646,280.22214,3.640934e-05
2010-04-26,0.0,289.29053,297.4819,278.3677,4.8203976e-05
2010-04-27,0.00015288766,287.7533,292.4324,283.68668,3.2736752e-05
2010-04-28,0.0,287.59293,295.18884,279.56842,4.113626e-05
2010-04-29,0.0,288.53207,297.01535,278.3753,4.7153462e-05
2010-04-30,0.0,290.7826,299.03522,281.08582,5.4116943e-05
2010-05-01,0.0,290.03506,296.52643,281.52005,4.7897927e-05
2010-05-02,0.0,287.08008,290.84424,284.89517,1.9655059e-05
2010-05-03,7.568042e-05,286.86423,290.3156,284.5332,1.3769461e-05
2010-05-04,0.00012885746,286.1532,288.08817,282.8804,1.1876342e-05
2010-05-05,0.00011840514,286.7891,288.55682,285.2455,1.3689354e-05
2010-05-06,0.00019512419,284.53363,288.73468,282.9331,2.8999739e-05
2010-05-07,5.164633e-05,284.72363,290.3098,279.1779,3.1999563e-05
2010-05-08,5.7981642e-06,283.7431,286.6999,279.1327,1.9675927e-05
2010-05-09,4.1381536e-05,286.74078,292.14508,281.13278,3.5642683e-05
2010-05-10,1.9191104e-05,285.9406,290.20752,283.48767,2.4097304e-05
2010-05-11,1.7980989e-05,287.49222,292.0768,281.72192,2.5849715e-05
2010-05-12,0.00016461228,288.44818,294.21088,285.11176,3.387032e-05
2010-05-13,5.2925403e-05,285.7617,289.8667,283.87,2.2129485e-05
2010-05-14,0.00013420904,285.97287,292.1699,281.78033,3.9108414e-05
2010-05-15,5.8975722e-05,283.52838,286.48697,281.70193,1.7361112e-05
2010-05-16,1.4115973e-05,285.90424,289.0284,281.5731,4.9334572e-05
2010-05-17,4.46139e-06,287.6981,292.4523,283.16806,4.8742688e-05
2010-05-18,0.0,287.04974,293.47012,281.4728,5.792346e-05
2010-05-19,1.7405013e-06,286.6176,292.51974,276.1907,4.1878455e-05
2010-05-20,0.0,286.38324,291.06042,282.36893,3.2434342e-05
2010-05-21,2.050634e-07,286.33948,290.63983,281.41187,2.1405283e-05
2010-05-22,7.814353e-06,289.74573,296.0524,282.61667,4.484273e-05
2010-05-23,3.7352709e-06,290.00824,296.71124,282.41098,4.04154e-05
2010-05-24,8.922955e-07,292.00153,299.33084,282.98444,5.9674083e-05
2010-05-25,0.0,293.60233,300.33542,284.36005,6.789967e-05
2010-05-26,0.0,291.47574,298.16507,285.44995,6.459216e-05
2010-05-27,0.0,292.04333,298.74368,282.88538,6.091962e-05
2010-05-28,3.6483857e-06,290.62152,296.8035,282.65796,4.2498454e-05
2010-05-29,6.969101e-07,289.78384,297.23108,284.04654,3.6496996e-05
2010-05-30,0.000106015264,288.0459,292.07465,286.1171,2.1127875e-05
2010-05-31,0.00023192418,284.52472,289.34485,282.44083,2.7519984e-05
2010-06-01,8.376221e-05,288.78552,294.91522,279.43607,4.5501278e-05
2010-06-02,0.0,285.5149,289.89282,281.99762,1.9565592e-05
2010-06-03,5.405322e-05,287.47095,292.2586,283.84393,3.0335812e-05
2010-06-04,3.175936e-05,289.61322,295.02524,285.14822,3.079581e-05
2010-06-05,2.1366761e-06,291.44687,298.1605,282.7963,5.3843345e-05
2010-06-06,0.0,293.46948,301.08545,283.55237,6.19877e-05
2010-06-07,0.0,294.403,301.32086,285.34485,6.132877e-05
2010-06-08,9.323869e-06,294.82938,301.49448,286.60538,6.245299e-05
2010-06-09,1.2234535e-06,295.0076,301.6259,287.1708,6.780625e-05
2010-06-10,0.0,295.9595,301.9668,287.7477,6.421652e-05
2010-06-11,0.0,296.26743,303.79416,288.44226,7.198723e-05
2010-06-12,0.0,296.6892,304.52435,287.76462,7.8498226e-05
2010-06-13,0.0,296.76358,303.21277,289.41953,6.307923e-05
2010-06-14,1.1769858e-05,294.71674,300.3524,290.35193,6.4674015e-05
2010-06-15,1.3851308e-06,293.17038,298.55716,287.7276,4.285677e-05
2010-06-16,0.00021026819,291.23157,295.1157,290.0384,2.5034044e-05
2010-06-17,9.328756e-05,292.37177,297.76715,288.8798,3.886116e-05
2010-06-18,0.00012480243,291.4406,297.84167,287.79675,4.888296e-05
2010-06-19,2.2986742e-05,288.99973,293.37363,286.06985,3.0916483e-05
2010-06-20,0.00029948005,285.65305,288.2749,285.15564,1.8518518e-05
2010-06-21,0.00017113118,288.12848,289.93027,284.45758,2.9342249e-05
2010-06-22,4.6164623e-06,290.26013,294.91312,283.00397,5.1949963e-05
2010-06-23,0.0,291.07074,296.9405,286.36957,5.5162807e-05
2010-06-24,0.0,291.4174,296.54443,281.545,5.2014962e-05
2010-06-25,0.0,292.49982,300.21506,284.23422,5.8471163e-05
2010-06-26,3.7310208e-06,292.87067,299.0782,287.93365,4.4606695e-05
2010-06-27,2.9639675e-06,293.8312,300.06937,285.94675,5.7571368e-05
2010-06-28,0.0,294.17978,301.1184,285.08868,6.3325155e-05
2010-06-29,0.0,295.60046,301.8991,286.13907,6.0568487e-05
2010-06-30,0.0,295.3942,302.96072,287.56094,5.6434877e-05
2010-07-01,2.1683798e-05,295.5983,302.62766,287.75812,5.542858e-05
2010-07-02,7.4167574e-06,296.38312,303.32013,288.47318,5.787987e-05
2010-07-03,9.451162e-06,296.63168,304.48428,289.3111,5.74974e-05
2010-07-04,6.6197244e-05,294.1927,302.58597,289.25607,4.6656765e-05
2010-07-05,6.180992e-05,294.99146,301.05002,290.49634,4.494317e-05
2010-07-06,4.4503295e-06,290.81757,299.6748,288.97946,3.4587487e-05
2010-07-07,0.00010608742,290.7785,297.38742,286.4581,4.7124962e-05
2010-07-08,0.0,292.65152,299.28174,282.9511,5.8905713e-05
2010-07-09,0.0,294.81006,301.91394,285.0734,6.2064115e-05
2010-07-10,0.0,296.5923,303.80557,287.53894,6.199067e-05
2010-07-11,0.0,297.24356,304.40543,288.53458,6.303772e-05
2010-07-12,2.0614273e-06,297.82983,305.69528,290.2249,6.5876215e-05
2010-07-13,5.5832415e-06,297.99573,305.04672,291.1634,5.889226e-05
2010-07-14,2.4567029e-05,299.35803,306.9825,292.087,6.900567e-05
2010-07-15,0.0,299.71915,307.38293,292.41043,6.493443e-05
2010-07-16,1.3658196e-05,300.06528,306.46786,291.65143,6.7494584e-05
2010-07-17,0.0,300.3371,306.88947,293.74744,6.396653e-05
2010-07-18,1.8262885e-05,295.22073,298.32605,292.24088,3.4085806e-05
2010-07-19,2.251524e-05,294.68124,300.4217,287.7139,5.7886755e-05
2010-07-20,0.0,294.72528,299.89737,290.9709,4.561326e-05
2010-07-21,0.0,297.4342,305.70016,287.5133,6.623627e-05
2010-07-22,0.0,299.06866,307.16226,289.04932,7.261982e-05
2010-07-23,0.0,298.14288,306.98026,291.51526,6.888843e-05
2010-07-24,7.033081e-05,289.76056,295.50998,287.9488,2.843616e-05
2010-07-25,8.156993e-05,290.2857,297.66418,285.50583,4.841462e-05
2010-07-26,2.9199182e-06,290.7684,296.96683,282.01874,4.4857014e-05
2010-07-27,1.906004e-06,290.14014,298.85638,284.19003,4.7274712e-05
2010-07-28,4.174199e-05,292.9511,300.55026,284.5325,5.413677e-05
2010-07-29,0.0,289.09552,294.35025,286.30096,2.4192044e-05
2010-07-30,0.0007422427,288.09558,290.4373,285.50156,2.2361892e-05
2010-07-31,4.0953433e-05,291.34198,297.30432,286.3455,4.2427528e-05
2010-08-01,1.7365371e-06,293.7432,301.91614,284.8384,5.5093344e-05
2010-08-02,0.0,295.40442,303.36942,286.41663,5.8893143e-05
2010-08-03,0.0,292.1955,301.55902,288.47067,4.8963077e-05
2010-08-04,0.00011316497,292.1817,297.80783,288.49774,4.358272e-05
2010-08-05,0.0,290.04477,295.5552,285.64,2.2812246e-05
2010-08-06,0.00027491417,288.5951,294.53976,285.9475,2.724652e-05
2010-08-07,0.0002174718,290.8874,296.8523,285.25266,3.8318864e-05
2010-08-08,3.455141e-06,291.16882,299.8867,285.41095,4.8910522e-05
2010-08-09,0.00010959883,293.3522,298.59207,287.47366,4.6734636e-05
2010-08-10,4.8600377e-06,294.3688,301.47726,289.3255,4.9058905e-05
2010-08-11,4.748941e-06,294.78635,302.10922,288.218,5.30527e-05
2010-08-12,6.86726e-07,294.72232,301.02185,287.93832,4.8347832e-05
2010-08-13,5.378659e-05,290.66943,294.499,289.0417,1.8112989e-05
2010-08-14,0.00027866478,293.28552,298.61038,287.80524,3.4143362e-05
2010-08-15,0.00022426489,292.76584,299.93625,289.7609,5.103866e-05
2010-08-16,6.5642973e-07,291.41812,297.45297,286.34293,3.97521e-05
2010-08-17,1.424165e-05,291.29718,297.58728,283.6658,4.447628e-05
2010-08-18,5.392186e-06,291.7128,296.36,287.6666,3.0269468e-05
2010-08-19,3.0731076e-06,293.45413,299.7284,288.8534,3.6134592e-05
2010-08-20,0.0,294.10748,299.41885,288.61658,3.746826e-05
2010-08-21,0.0,294.8241,301.59283,289.5869,4.5821558e-05
2010-08-22,0.0,294.8036,301.39148,288.30112,4.7407415e-05
2010-08-23,0.0,295.76663,302.95953,288.0196,5.040814e-05
2010-08-24,0.0,295.27454,301.80896,290.09296,3.5439974e-05
2010-08-25,8.0218655e-05,291.01276,295.02054,289.80804,1.26503965e-05
2010-08-26,4.487124e-05,294.01096,301.1574,287.96417,4.2790758e-05
2010-08-27,0.0,295.28668,301.23337,289.988,3.8736798e-05
2010-08-28,0.0003060021,289.93198,295.44476,287.4356,2.0389652e-05
2010-08-29,0.00012753814,286.91547,293.99966,282.20853,3.620604e-05
2010-08-30,2.3198368e-06,281.94263,287.14297,279.94012,1.27795665e-05
2010-08-31,7.092742e-05,285.95908,292.64847,278.26855,2.545946e-05
2010-09-01,1.4566941e-06,286.70667,294.3751,281.17758,4.0739884e-05
2010-09-02,0.0,287.13123,295.27148,277.71655,3.492372e-05
2010-09-03,0.0,287.335,292.71478,281.354,2.300882e-05
2010-09-04,1.8530411e-06,287.9505,293.82745,284.7274,2.4532903e-05
2010-09-05,4.862734e-05,287.63397,292.2649,283.76447,2.8779434e-05
2010-09-06,4.074458e-05,284.1543,287.3509,283.1296,1.5852058e-05
2010-09-07,2.2975237e-05,284.09494,285.17523,282.35736,1.0470038e-05
2010-09-08,0.00013711154,287.94858,291.0161,284.8934,1.30569615e-05
2010-09-09,0.0004890117,288.62305,293.52145,286.24973,2.6475942e-05
2010-09-10,8.6950924e-05,288.11197,293.8667,285.59793,2.4775894e-05
2010-09-11,0.0,288.47183,296.0241,283.47232,3.100649e-05
2010-09-12,0.0,288.03827,294.69495,282.22586,2.9678518e-05
2010-09-13,0.0,288.80783,294.7816,283.22043,2.5193714e-05
2010-09-14,2.481093e-05,289.18744,296.09348,283.7544,3.2174612e-05
2010-09-15,0.0,290.96857,298.0157,284.40887,3.28748e-05
2010-09-16,0.0,289.148,293.51404,285.1132,1.4727702e-05
2010-09-17,0.00033762984,287.33456,289.8238,285.57773,8.390076e-06
2010-09-18,0.0012071899,283.91437,285.96216,283.52115,9.292908e-06
2010-09-19,0.0008330941,284.98602,289.6434,282.80978,1.8332887e-05
2010-09-20,4.6588984e-06,284.60046,291.7837,281.00128,2.5658897e-05
2010-09-21,0.0,285.41638,293.88116,279.1449,2.6468253e-05
2010-09-22,0.0,286.48215,294.25845,281.02188,2.4890593e-05
2010-09-23,0.0,286.3169,294.59796,281.13687,2.5037934e-05
2010-09-24,0.0,288.10263,293.3513,283.0096,1.701113e-05
2010-09-25,0.00013199679,287.0973,288.89157,286.23627,9.259259e-06
2010-09-26,0.00030343523,285.8306,288.56186,284.75592,1.2824985e-05
2010-09-27,4.1565607e-05,284.70663,286.84973,283.47897,1.0416667e-05
2010-09-28,3.033907e-05,285.49966,290.65158,282.75787,1.6328418e-05
2010-09-29,1.3828076e-05,285.5187,292.03992,282.07587,2.2562845e-05
2010-09-30,0.0,284.65244,287.55615,281.00867,1.2132331e-05
2010-10-01,0.0,284.80023,286.70786,283.04715,1.0416667e-05
2010-10-02,9.769616e-06,285.79337,291.14932,283.1087,1.713212e-05
2010-10-03,0.0,286.60123,289.93402,283.61066,1.3214504e-05
2010-10-04,0.0,288.25604,291.6177,283.43646,1.247108e-05
2010-10-05,4.1141102e-05,289.00357,291.25308,287.39938,8.998204e-06
2010-10-06,0.00015510515,285.37112,288.97607,284.1669,8.372503e-06
2010-10-07,1.2055009e-05,284.4169,287.92245,282.29373,1.3738015e-05
2010-10-08,0.0,281.7146,288.46732,277.7406,1.8825818e-05
2010-10-09,0.0,279.85522,288.0267,275.11316,1.6076212e-05
2010-10-10,0.0,279.48474,287.0532,275.11746,1.443755e-05
2010-10-11,0.0,280.107,287.54117,274.1583,1.387466e-05
2010-10-12,0.0,280.75037,287.5195,274.78906,1.169374e-05
2010-10-13,0.0,282.65884,285.78342,278.22574,1.09064495e-05
2010-10-14,0.0,282.0838,286.5694,279.39014,1.1298295e-05
2010-10-15,0.0,280.66284,285.66235,275.07657,1.0443967e-05
2010-10-16,0.0,281.3614,284.57162,278.16428,1.119452e-05
2010-10-17,8.58482e-05,279.18698,281.13083,277.9756,7.942412e-06
2010-10-18,9.816681e-05,280.8258,282.45636,278.6754,9.155902e-06
2010-10-19,7.9495464e-07,281.12463,282.25723,279.83868,6.9009843e-06
2010-10-20,1.063214e-05,279.45645,283.5318,277.51523,8.031341e-06
2010-10-21,7.3685187e-06,277.95374,286.01373,274.3648,1.059046e-05
2010-10-22,0.0,278.7022,287.3767,271.12698,1.0843889e-05
2010-10-23,0.0,282.35687,287.57422,274.9932,1.5264115e-05
2010-10-24,7.2224684e-06,283.55243,288.6397,278.5949,1.1221161e-05
2010-10-25,0.00014640666,279.45404,284.39377,277.7259,7.187669e-06
2010-10-26,0.0003258738,276.1362,280.49365,273.6886,8.000578e-06
2010-10-27,1.13602155e-05,275.7906,283.2773,271.48468,1.08592585e-05
2010-10-28,0.0,275.44763,282.82883,270.1555,8.04848e-06
2010-10-29,0.0,277.1401,287.27573,270.7858,7.9309375e-06
2010-10-30,0.0,281.79013,288.30316,271.60507,1.3877023e-05
2010-10-31,2.75967e-06,284.05582,287.4694,280.59818,6.6146395e-06
2010-11-01,1.1989393e-05,285.48544,288.06906,283.81,6.177758e-06
2010-11-02,5.892947e-05,284.51035,287.71524,282.70273,6.9444445e-06
2010-11-03,7.2659623e-06,283.06647,285.17087,281.97864,5.9215777e-06
2010-11-04,1.5201997e-05,283.26508,288.56717,279.6224,6.5355634e-06
2010-11-05,0.0,282.52792,288.7521,278.7621,1.1975423e-05
2010-11-06,0.0,281.8882,286.43246,277.9548,9.838457e-06
2010-11-07,5.028043e-06,283.80493,286.32474,280.07208,5.954577e-06
2010-11-08,0.00023540163,282.17996,285.16092,280.6681,6.993467e-06
2010-11-09,0.00015149235,279.21625,282.78815,276.98846,5.7161506e-06
2010-11-10,0.00014180232,279.99875,282.34262,276.4947,6.027727e-06
2010-11-11,0.00011527107,280.2312,284.4532,276.19223,5.787037e-06
2010-11-12,0.0,282.09595,285.90866,277.47867,1.0789412e-05
2010-11-13,0.0,282.44022,287.31433,278.75977,1.11923655e-05
2010-11-14,0.0,285.508,288.85248,280.07303,1.5340695e-05
2010-11-15,0.0,284.90558,289.3901,280.71454,9.747309e-06
2010-11-16,1.6413209e-06,284.2817,286.21558,282.09647,5.787037e-06
2010-11-17,0.00019782239,282.96478,284.69394,282.2269,5.787037e-06
2010-11-18,2.7109245e-05,281.90668,284.39282,280.4277,5.743577e-06
2010-11-19,0.00019844403,280.72812,283.5324,278.81805,4.6296295e-06
2010-11-20,1.7161554e-05,279.11575,282.47137,277.014,3.640376e-06
2010-11-21,1.33546055e-05,279.33438,280.42728,277.70447,4.620081e-06
2010-11-22,0.00035151362,280.29825,283.54208,276.74673,4.620055e-06
2010-11-23,1.7529037e-05,277.9435,281.26175,274.90903,4.1947897e-06
2010-11-24,7.1212726e-06,275.83554,281.80426,272.87585,4.5861693e-06
2010-11-25,3.4812456e-07,274.6721,280.22632,270.31604,3.4722223e-06
2010-11-26,0.0,272.82697,274.61343,270.0855,2.3148148e-06
2010-11-27,0.00014596968,272.43182,276.88617,268.93774,1.3270245e-06
2010-11-28,1.0821062e-06,271.9813,273.32117,267.24796,2.29579e-06
2010-11-29,0.00026262295,274.0017,276.32877,272.30212,2.2884778e-06
2010-11-30,7.2835435e-05,273.02817,275.89096,270.4757,2.6891178e-06
2010-12-01,6.7620764e-05,271.32407,273.0151,270.80124,2.3148148e-06
2010-12-02,0.00017827847,273.22424,274.55096,270.4558,2.3148148e-06
2010-12-03,0.00015868951,272.51773,274.26706,271.56808,2.3148148e-06
2010-12-04,5.0184266e-05,270.6674,273.54306,268.32275,2.2713546e-06
2010-12-05,2.2414348e-05,270.60797,273.0843,264.12405,1.1574074e-06
2010-12-06,1.5492156e-05,276.3915,280.053,271.23712,3.3502097e-06
2010-12-07,0.00010504531,277.987,280.48044,276.0143,2.5758734e-06
2010-12-08,0.00013476599,279.09674,281.22983,276.58228,3.4722223e-06
2010-12-09,0.00010349694,275.41296,283.23538,272.1883,5.8361175e-06
2010-12-10,6.728151e-05,272.48846,277.1806,268.88815,6.7895867e-06
2010-12-11,0.0,271.28857,277.22177,266.9956,2.2921377e-06
2010-12-12,0.0,271.62567,277.54877,266.5588,2.3148148e-06
2010-12-13,0.0,270.49915,274.36224,267.2402,3.4722223e-06
2010-12-14,1.2083282e-05,267.6739,273.7347,262.36307,2.6138462e-06
2010-12-15,0.0,269.82184,274.18695,265.64886,3.4722223e-06
2010-12-16,0.0,266.09174,270.73367,263.3092,2.2518684e-06
2010-12-17,0.0,266.42197,269.93307,260.2555,1.1574074e-06
2010-12-18,0.00012485535,267.1604,271.2064,264.0332,1.475633e-06
2010-12-19,1.1467772e-05,269.27975,273.85712,259.00055,1.2417069e-06
2010-12-20,1.1480083e-06,274.501,278.8294,268.78543,2.5355055e-06
2010-12-21,2.0769437e-06,275.93997,278.54114,270.50247,3.4531975e-06
2010-12-22,5.7405254e-05,276.02185,277.86383,274.24493,2.3148148e-06
2010-12-23,0.0001403913,276.38882,277.82568,275.0597,3.4722223e-06
2010-12-24,0.00029660945,278.57376,280.63126,277.11798,3.5066294e-06
2010-12-25,0.00034523947,276.07166,279.46378,274.6614,3.934827e-06
2010-12-26,3.8299353e-05,271.3918,275.32892,269.80942,3.3040883e-06
2010-12-27,2.1585765e-06,268.96912,273.9398,266.08124,1.0573838e-06
2010-12-28,0.0,269.0021,272.64597,263.34308,1.1574074e-06
2010-12-29,0.0,268.82748,273.609,264.0025,2.2884778e-06
2010-12-30,0.0,269.24683,274.38202,265.84314,1.1574074e-06
2010-12-31,0.0,268.37762,274.47,263.3116,3.172243e-07
