time,pr,tas,tasmax,tasmin,evspsblpot
1981-01-01,0.0,271.86038,274.038,266.2409,2.9460653e-06
1981-01-02,0.0,274.61023,279.12357,270.86423,6.444663e-06
1981-01-03,0.0,279.41614,281.96597,272.68982,1.6858043e-05
1981-01-04,0.0,276.2675,281.37607,272.44754,4.8258125e-06
1981-01-05,7.443808e-05,273.6436,276.72842,272.06378,1.07778615e-05
1981-01-06,0.0,271.86972,275.34824,267.5285,3.446122e-06
1981-01-07,0.0,268.3903,272.5749,266.79282,7.919103e-06
1981-01-08,0.0,265.8577,270.28442,262.00504,6.1336495e-06
1981-01-09,0.0,264.34753,271.0797,260.39926,2.3485202e-06
1981-01-10,0.0,264.39633,271.13623,258.07693,3.5659202e-06
1981-01-11,0.0,267.0028,269.66495,261.03076,3.4722223e-06
1981-01-12,0.0,269.75977,275.01294,267.75833,4.6296295e-06
1981-01-13,0.0,270.53116,272.84988,265.7366,2.9530734e-06
1981-01-14,0.00010065833,268.21225,274.73242,261.4761,4.542329e-06
1981-01-15,0.0,271.58633,276.06705,263.45087,5.5346304e-06
1981-01-16,0.0,269.369,276.31592,264.91568,4.6296295e-06
1981-01-17,0.0,269.776,276.76233,264.2901,4.484709e-06
1981-01-18,0.0,269.22424,275.0612,263.451,2.7718856e-06
1981-01-19,0.0,271.86417,277.369,266.3266,6.0108027e-06
1981-01-20,1.2771901e-06,270.717,275.7859,266.64462,4.0883965e-06
1981-01-21,4.2123297e-08,272.73026,276.2031,266.4658,9.545781e-06
1981-01-22,0.0,271.3883,274.30612,269.3417,7.844643e-06
1981-01-23,0.0,267.67526,274.8072,264.5351,3.7477319e-06
1981-01-24,0.0,269.28183,275.55923,262.60367,4.6296295e-06
1981-01-25,0.0,270.26627,273.6061,265.21722,4.2581923e-06
1981-01-26,0.0,272.485,277.92416,269.92258,8.106186e-06
1981-01-27,3.2173507e-06,269.91666,275.26016,265.63757,1.0670717e-05
1981-01-28,0.0,268.35242,274.027,262.93628,8.101852e-06
1981-01-29,0.0,270.33286,277.16,261.9172,7.792938e-06
1981-01-30,0.0,272.05795,279.09564,270.16757,6.5135227e-06
1981-01-31,0.0,271.96957,279.0367,265.7912,6.7835667e-06
1981-02-01,0.0,276.33163,283.85403,268.12006,6.4045e-06
1981-02-02,0.0,276.5957,286.22556,268.38318,9.155405e-06
1981-02-03,0.0,279.32108,286.23944,270.10092,1.8785671e-05
1981-02-04,0.0,278.81702,282.1001,277.13272,1.328949e-05
1981-02-05,7.417732e-06,275.44077,281.23526,272.22537,9.011211e-06
1981-02-06,0.0,273.5874,279.16617,268.1833,9.624729e-06
1981-02-07,0.0,277.09845,282.70847,271.4655,9.337889e-06
1981-02-08,0.0,278.12408,288.22388,273.0162,1.0371822e-05
1981-02-09,0.0,276.7929,284.9135,271.27557,1.0036207e-05
1981-02-10,0.0,276.44708,281.28494,271.58295,7.311675e-06
1981-02-11,2.9501089e-05,274.8367,278.54285,273.64548,6.4314836e-06
1981-02-12,3.713991e-05,272.19293,277.3424,269.87506,6.592931e-06
1981-02-13,3.13524e-07,271.3235,276.28433,265.957,8.101852e-06
1981-02-14,0.0,270.37247,274.27,269.22498,9.259259e-06
1981-02-15,0.0,270.80463,275.70615,266.2017,6.888735e-06
1981-02-16,0.0,272.29285,277.61618,266.76813,9.61564e-06
1981-02-17,0.0,271.56665,275.00974,271.48764,8.001631e-06
1981-02-18,0.0,271.16025,274.21234,269.37332,7.0190085e-06
1981-02-19,1.1190144e-05,270.90244,271.95575,269.63202,5.5937426e-06
1981-02-20,1.7613606e-06,271.44525,274.00732,269.3398,6.9444445e-06
1981-02-21,1.2927454e-06,271.53058,273.4598,268.82288,4.9732266e-06
1981-02-22,7.07383e-05,272.48822,273.9979,271.2466,5.1974125e-06
1981-02-23,6.066575e-05,274.34647,275.50775,272.60165,4.6296295e-06
1981-02-24,5.087432e-06,273.9509,274.92807,273.6161,5.6934214e-06
1981-02-25,4.508647e-05,274.214,278.16995,272.48218,9.013523e-06
1981-02-26,0.0,271.16785,276.8492,266.46793,1.0645477e-05
1981-02-27,0.0,270.75885,275.37506,267.04553,8.517814e-06
1981-02-28,0.0,272.7665,275.31216,270.21613,8.669334e-06
1981-03-01,0.0,273.37994,276.50467,271.93585,6.9444445e-06
1981-03-02,1.1054087e-05,274.1937,276.62497,270.38272,5.787037e-06
1981-03-03,7.706306e-05,274.5148,276.23624,273.07358,5.8124187e-06
1981-03-04,1.8339575e-05,274.3584,277.34332,272.55243,6.2968784e-06
1981-03-05,1.6174095e-05,274.43835,278.40768,270.1242,9.011001e-06
1981-03-06,0.0,278.1245,284.9639,271.8063,1.3954701e-05
1981-03-07,0.0,279.70953,287.9549,272.6034,1.8518518e-05
1981-03-08,0.0,280.89322,287.55066,273.5192,2.0474477e-05
1981-03-09,2.197444e-06,283.2346,291.8189,276.2734,2.1620202e-05
1981-03-10,0.0,284.07962,290.92822,276.92035,1.6951322e-05
1981-03-11,0.0,283.52832,286.23746,279.00223,1.3144883e-05
1981-03-12,0.0,286.44385,294.22858,279.2452,2.9154871e-05
1981-03-13,1.8680266e-05,280.8663,285.95624,278.68152,1.0416667e-05
1981-03-14,6.2259587e-06,282.3649,289.7209,274.17203,2.7321572e-05
1981-03-15,2.4842866e-06,281.88757,287.9277,275.15347,1.849074e-05
1981-03-16,7.542143e-06,279.94855,285.7356,275.7848,1.5271835e-05
1981-03-17,3.0194264e-05,279.56558,286.7401,272.54752,1.8518518e-05
1981-03-18,1.6889722e-05,276.63928,279.8332,274.41718,9.250753e-06
1981-03-19,5.4032826e-05,277.82123,282.76212,274.62308,2.3583174e-05
1981-03-20,0.0,279.16055,287.22488,271.14844,2.5111134e-05
1981-03-21,0.0,281.43033,290.42682,272.04626,2.4959849e-05
1981-03-22,0.0,282.75565,290.69736,272.65958,2.9458288e-05
1981-03-23,0.0,283.13995,291.10333,273.77216,2.4159179e-05
1981-03-24,6.812552e-06,285.77228,293.4135,279.21243,2.6714224e-05
1981-03-25,0.0,286.35782,292.40344,281.3762,1.7785802e-05
1981-03-26,0.0,286.59207,294.6512,277.8328,3.5853744e-05
1981-03-27,3.3533543e-06,285.21115,291.95392,277.54352,3.2900563e-05
1981-03-28,0.0,282.7499,289.57,274.73575,3.0432175e-05
1981-03-29,0.0,283.0119,289.1767,277.85254,2.6419151e-05
1981-03-30,0.0,283.87817,289.07666,276.12573,1.8873845e-05
1981-03-31,0.0,284.72668,290.98334,278.2252,2.2308772e-05
1981-04-01,0.0,284.43875,291.96457,277.6571,2.864562e-05
1981-04-02,0.0,285.5625,292.7517,278.35278,2.247898e-05
1981-04-03,0.0,280.7304,287.52557,277.37854,2.6363854e-05
1981-04-04,0.0,281.0971,287.92932,271.4643,2.7490367e-05
1981-04-05,0.0,282.44348,286.08817,278.46747,1.4463832e-05
1981-04-06,4.349034e-05,283.75192,289.22614,281.10663,2.3083625e-05
1981-04-07,0.0,285.10696,292.4728,278.65543,3.2084088e-05
1981-04-08,0.0,287.33118,295.4229,277.69537,3.144174e-05
1981-04-09,1.4895578e-05,286.91647,294.03662,283.58276,2.747575e-05
1981-04-10,2.1417325e-05,285.1878,291.62274,281.32895,3.3243225e-05
1981-04-11,0.0,283.8021,290.58795,278.19324,3.460426e-05
1981-04-12,0.0,284.5029,291.78336,274.72906,3.5450772e-05
1981-04-13,0.0,286.64697,296.45197,275.51154,4.0450694e-05
1981-04-14,0.0,286.28772,293.91772,279.27182,3.5405752e-05
1981-04-15,0.0,284.72137,292.27325,276.31738,3.821168e-05
1981-04-16,0.0,282.9036,292.58124,277.70258,4.2676802e-05
1981-04-17,2.9842823e-08,277.16614,282.45105,275.46652,2.9857869e-05
1981-04-18,0.0,277.09503,281.17514,271.9981,2.75624e-05
1981-04-19,5.522314e-07,278.183,283.86163,275.14648,3.1857762e-05
1981-04-20,0.0,281.2538,286.7891,271.21756,2.5257075e-05
1981-04-21,3.4183804e-06,281.5136,286.97696,276.9786,2.7422177e-05
1981-04-22,3.4573983e-07,283.52106,291.82852,272.70068,3.9452385e-05
1981-04-23,0.0,283.22754,288.1553,274.84872,2.8703736e-05
1981-04-24,0.0,278.72644,284.4782,278.007,1.6203703e-05
1981-04-25,0.00013327006,281.5516,284.6709,277.93118,1.8120514e-05
1981-04-26,1.5553411e-06,286.95166,293.05087,279.7491,4.343179e-05
1981-04-27,0.00014187203,284.892,290.04807,282.43915,3.979333e-05
1981-04-28,6.4372452e-06,280.8108,286.5781,278.2521,2.8414068e-05
1981-04-29,9.171884e-06,281.74432,286.57632,272.37506,2.4272731e-05
1981-04-30,8.33183e-08,286.711,292.5074,278.37436,3.9077e-05
1981-05-01,0.0,286.07562,292.57465,280.1859,2.625219e-05
1981-05-02,9.622116e-05,280.66907,284.5453,279.6332,1.7304006e-05
1981-05-03,5.9668175e-05,278.84393,280.90762,278.05795,1.4522332e-05
1981-05-04,7.820222e-05,278.54495,280.39117,275.5923,1.4709322e-05
1981-05-05,0.000140422,281.58798,287.95508,275.17853,3.5561257e-05
1981-05-06,0.0,283.38733,289.6839,275.63113,4.6162222e-05
1981-05-07,0.0,285.82126,292.18362,277.95755,3.9448827e-05
1981-05-08,0.0,286.88495,293.76065,276.76334,3.9083105e-05
1981-05-09,0.0,289.33926,297.54523,278.5336,4.8206206e-05
1981-05-10,0.0,289.46472,296.52182,279.94873,5.029331e-05
1981-05-11,0.0,288.25018,294.95514,278.96667,3.1788313e-05
1981-05-12,0.00014823476,285.49435,288.76025,283.79318,1.879039e-05
1981-05-13,1.4052657e-05,284.99722,289.64835,282.45132,2.5462963e-05
1981-05-14,0.0,287.753,294.58466,279.89975,4.279801e-05
1981-05-15,0.0,288.11298,294.8726,280.78915,4.0067323e-05
1981-05-16,1.0086777e-05,288.15668,294.3069,283.2161,3.845457e-05
1981-05-17,3.7004968e-06,288.57935,295.14758,280.89444,4.228313e-05
1981-05-18,3.6055968e-07,288.60532,294.85303,279.91855,4.9779355e-05
1981-05-19,0.0,290.74667,297.73355,280.94373,5.3458312e-05
1981-05-20,2.7775666e-06,291.7433,299.15363,284.9582,4.475176e-05
1981-05-21,0.0,291.60803,296.5202,283.83862,3.8094036e-05
1981-05-22,0.0,290.7983,294.41568,287.8466,2.8685181e-05
1981-05-23,0.00021268136,287.81482,291.15112,285.67328,2.3836026e-05
1981-05-24,4.059977e-05,290.5029,294.98438,283.83298,4.3912187e-05
1981-05-25,0.0,291.1656,296.14386,284.9239,4.3613945e-05
1981-05-26,0.0,292.53485,298.15662,287.15878,4.5777895e-05
1981-05-27,1.6895159e-06,290.82684,296.54932,285.99142,5.9954e-05
1981-05-28,5.0435856e-06,284.59625,288.6778,282.98663,2.4305555e-05
1981-05-29,9.35241e-05,288.82477,295.90875,279.4356,4.2632368e-05
1981-05-30,0.0,291.8225,298.09647,283.65637,5.169349e-05
1981-05-31,0.0,293.35535,300.30542,283.99338,5.7468722e-05
1981-06-01,3.7503602e-07,294.7328,301.62134,284.23798,5.8442893e-05
1981-06-02,0.0,296.27106,302.4624,285.08182,6.313447e-05
1981-06-03,0.0,296.9343,303.22815,288.92557,6.891293e-05
1981-06-04,0.0,296.69888,301.45178,291.46936,7.903306e-05
1981-06-05,2.5075789e-08,289.4663,294.2391,287.5696,2.8006896e-05
1981-06-06,0.000109071836,290.67926,294.73837,287.28006,3.635879e-05
1981-06-07,1.8461131e-08,291.86493,298.24097,285.79596,4.6609024e-05
1981-06-08,2.9089977e-05,293.13007,300.50528,286.0226,5.053005e-05
1981-06-09,0.00018351774,294.8065,299.94467,289.87622,4.409474e-05
1981-06-10,0.0,291.3592,295.66583,289.5877,2.3546829e-05
1981-06-11,5.7417034e-05,292.17484,298.8154,285.82736,5.746047e-05
1981-06-12,0.0,295.00198,302.06967,284.68802,5.9131566e-05
1981-06-13,5.3934273e-06,291.4022,296.2748,288.62003,5.0924093e-05
1981-06-14,1.1443316e-06,292.51443,298.5692,282.08966,5.6782992e-05
1981-06-15,0.0,297.05203,303.48743,287.28177,5.6169167e-05
1981-06-16,0.0,293.60736,303.05548,288.86923,5.0780807e-05
1981-06-17,0.00075753796,288.34512,295.39783,284.86905,3.8145117e-05
1981-06-18,0.00032472456,283.5624,285.3192,282.51404,1.5761641e-05
1981-06-19,0.00021186573,286.6789,291.5249,281.19415,3.913256e-05
1981-06-20,1.0905994e-06,286.64792,290.7014,282.29214,3.1252534e-05
1981-06-21,0.0,287.79855,294.63733,281.3922,3.979974e-05
1981-06-22,3.848564e-05,289.38184,293.67035,284.11325,4.2442298e-05
1981-06-23,2.0842903e-05,288.82272,291.30246,286.4023,2.4319523e-05
1981-06-24,0.00025937503,287.63953,290.5353,286.02774,2.659789e-05
1981-06-25,3.295151e-05,290.80182,297.21616,281.684,4.931876e-05
1981-06-26,1.3606215e-09,289.22107,293.65875,284.39395,2.662037e-05
1981-06-27,0.00010927132,292.6779,298.7134,283.48572,5.674917e-05
1981-06-28,0.0,295.4019,300.3799,285.06433,6.5691354e-05
1981-06-29,0.0,295.94415,301.5272,289.11426,6.800344e-05
1981-06-30,0.0,291.43634,295.37354,288.87463,3.636557e-05
1981-07-01,3.902376e-07,290.37076,295.5262,284.9399,5.2391344e-05
1981-07-02,0.0,292.66147,298.18915,283.89145,6.0364495e-05
1981-07-03,0.0,296.9568,302.17413,288.68866,6.435933e-05
1981-07-04,4.9237526e-05,291.4147,297.23242,288.45245,5.4941447e-05
1981-07-05,0.0,290.8182,296.58133,282.7499,4.9366008e-05
1981-07-06,0.0,291.82495,297.87027,284.82132,5.4394026e-05
1981-07-07,0.0,293.71942,298.8287,286.27338,5.1099312e-05
1981-07-08,0.0,293.5277,299.63147,288.16003,5.2802257e-05
1981-07-09,1.5048606e-05,293.89487,300.17407,287.35315,6.2497165e-05
1981-07-10,0.0,294.50082,300.56958,286.0642,4.441946e-05
1981-07-11,0.0,294.7153,302.12924,286.98596,5.5763638e-05
1981-07-12,2.7445703e-06,295.20258,302.04788,286.82635,4.318378e-05
1981-07-13,4.7582416e-05,294.75894,299.95667,289.65363,4.6496098e-05
1981-07-14,7.542492e-05,291.10107,293.5952,290.10513,2.4048448e-05
1981-07-15,7.602099e-05,292.01352,298.69934,285.37466,4.3475484e-05
1981-07-16,0.0,292.68835,297.53085,285.957,4.012337e-05
1981-07-17,3.5486519e-06,295.10678,301.06543,287.51508,5.7194604e-05
1981-07-18,0.0,295.20056,302.03464,288.9708,5.694389e-05
1981-07-19,3.5830068e-05,288.5685,295.48782,286.10434,3.244655e-05
1981-07-20,0.00022317556,287.44257,293.68967,280.3144,3.652381e-05
1981-07-21,1.404187e-06,289.77133,295.84955,284.92023,3.8423554e-05
1981-07-22,0.0,294.16608,299.96722,283.80563,5.608197e-05
1981-07-23,0.0,295.728,301.0738,288.8771,6.3518615e-05
1981-07-24,0.0,295.57938,301.507,286.99997,5.5142384e-05
1981-07-25,9.8773584e-05,289.41095,295.7417,286.03085,3.6398753e-05
1981-07-26,0.00016156449,288.17523,293.2221,284.38657,2.7102435e-05
1981-07-27,1.5299382e-05,289.11972,294.87897,281.62164,3.956002e-05
1981-07-28,5.1748084e-06,288.73376,293.84543,283.57504,3.5700607e-05
1981-07-29,0.0,291.07394,297.04108,284.851,4.5126384e-05
1981-07-30,0.0,293.2998,300.05038,286.626,4.39882e-05
1981-07-31,0.0,295.22128,300.8808,286.56323,5.1296447e-05
1981-08-01,0.0,296.3496,303.0805,288.2507,5.5498633e-05
1981-08-02,0.0,298.4274,304.6246,291.96564,5.7709778e-05
1981-08-03,0.0,298.17316,305.25735,291.10565,6.6399276e-05
1981-08-04,0.0,293.27505,299.7893,289.7369,3.4970977e-05
1981-08-05,1.0655994e-05,294.6224,300.03842,289.43777,4.251975e-05
1981-08-06,5.8007977e-06,295.19757,300.98685,288.49762,4.565458e-05
1981-08-07,8.758848e-07,295.48404,302.67087,290.52994,5.0852796e-05
1981-08-08,2.2474128e-06,296.11325,303.16412,289.1504,5.1953648e-05
1981-08-09,1.2479943e-06,296.28375,304.22818,289.52948,5.8783964e-05
1981-08-10,5.970159e-06,293.4325,298.8267,287.54443,3.245736e-05
1981-08-11,2.305174e-05,293.4298,299.3965,288.9614,3.851835e-05
1981-08-12,0.0,293.50864,299.4262,287.50485,4.5540386e-05
1981-08-13,5.3189424e-08,292.77853,299.39236,286.94992,5.2837102e-05
1981-08-14,0.0,293.49228,300.78598,286.8513,5.0178896e-05
1981-08-15,0.0,294.156,301.4669,286.32968,5.0533472e-05
1981-08-16,0.0,294.73837,302.73123,286.16412,5.6281246e-05
1981-08-17,4.9663568e-06,289.40845,293.4416,287.03674,1.9920388e-05
1981-08-18,4.1791096e-05,288.04428,295.43057,281.776,4.0646493e-05
1981-08-19,0.0,288.94257,297.5632,279.72174,4.612852e-05
1981-08-20,0.0,292.61234,299.99457,281.53137,5.9205147e-05
1981-08-21,3.391051e-05,287.33493,293.85736,286.12646,1.9108425e-05
1981-08-22,0.0002567538,288.1536,294.89777,282.07733,4.0886967e-05
1981-08-23,0.0,285.7256,289.1596,283.06482,1.7960512e-05
1981-08-24,9.12525e-05,287.21246,292.7388,280.6309,3.2153603e-05
1981-08-25,5.3181916e-06,287.67517,293.42548,282.1728,4.4300286e-05
1981-08-26,0.0,289.23715,295.3537,284.05505,2.7489525e-05
1981-08-27,0.0,289.7201,296.58383,284.5126,2.8842338e-05
1981-08-28,1.6002142e-09,285.97482,289.84467,284.19986,2.051193e-05
1981-08-29,7.833812e-05,288.28915,293.58755,282.44775,2.7788165e-05
1981-08-30,0.0,288.41788,294.2339,282.2682,3.127668e-05
1981-08-31,2.4293392e-06,290.75473,297.7237,282.37796,3.596872e-05
1981-09-01,0.0,288.93567,293.4333,286.2298,1.9164207e-05
1981-09-02,0.00010340159,287.8852,293.98895,284.13568,3.0701773e-05
1981-09-03,0.0,288.3656,293.17963,282.97455,2.2129914e-05
1981-09-04,0.0,288.92618,292.88232,284.75574,2.4888512e-05
1981-09-05,0.0,288.74405,293.3195,283.64908,2.4913837e-05
1981-09-06,0.0,288.23148,295.8865,283.7522,3.3471933e-05
1981-09-07,0.0,288.74948,296.108,280.59674,3.354964e-05
1981-09-08,0.0,288.94672,297.6701,281.39648,3.46598e-05
1981-09-09,0.0,290.63452,297.62918,282.3173,2.8657125e-05
1981-09-10,0.00012881082,289.13025,292.56897,285.77533,1.8499062e-05
1981-09-11,2.3178653e-05,288.26044,293.21503,285.7874,1.8364386e-05
1981-09-12,0.0,290.1199,297.0904,283.4409,2.7244201e-05
1981-09-13,0.0,290.64417,297.77527,283.3001,2.8930017e-05
1981-09-14,0.00019665425,286.4953,291.50708,284.30942,1.866971e-05
1981-09-15,6.719954e-05,285.6566,291.51144,279.88947,2.5160578e-05
1981-09-16,0.0,287.35632,293.96036,279.86432,2.5380465e-05
1981-09-17,1.8862634e-06,285.60886,289.47293,283.12628,1.628165e-05
1981-09-18,4.3657274e-06,288.0185,292.84128,283.9265,1.781516e-05
1981-09-19,0.0,288.47598,292.22748,283.28918,1.4365043e-05
1981-09-20,3.3229655e-06,291.83823,298.33313,285.18457,2.4454355e-05
1981-09-21,0.0,295.13675,300.6555,288.4951,5.1035215e-05
1981-09-22,0.0,295.97293,301.37253,290.31888,5.1406354e-05
1981-09-23,0.0,295.30786,300.02588,290.62265,4.4786037e-05
1981-09-24,0.00028332983,289.94565,294.644,287.13156,1.9692941e-05
1981-09-25,0.00019656125,290.4113,295.51062,287.47668,2.8591709e-05
1981-09-26,0.0,290.38388,297.41705,282.68463,3.804359e-05
1981-09-27,0.0,291.3022,297.5925,285.3849,2.6087986e-05
1981-09-28,4.7124428e-05,288.81323,292.21896,284.1891,1.2724084e-05
1981-09-29,9.518579e-05,288.9908,292.12228,285.62445,1.8146371e-05
1981-09-30,3.057504e-05,285.5748,287.96738,283.89352,1.0416667e-05
1981-10-01,4.220575e-05,287.11414,293.13763,283.46027,1.6211034e-05
1981-10-02,2.4270498e-06,286.558,291.62564,282.17377,1.5046296e-05
1981-10-03,0.00010272196,289.0689,293.77814,285.51474,2.0814507e-05
1981-10-04,0.0,290.54858,296.11014,287.1191,2.7711258e-05
1981-10-05,0.0,290.70578,297.17322,282.25845,2.4839555e-05
1981-10-06,0.0,291.54434,296.76907,282.37143,3.3297347e-05
1981-10-07,0.0,290.71832,296.38098,288.949,2.1658221e-05
1981-10-08,1.9577672e-05,287.2871,293.7301,284.03787,1.675548e-05
1981-10-09,0.0,286.50677,294.0591,279.3146,1.6938202e-05
1981-10-10,0.0,284.32947,289.4113,280.3836,1.0632916e-05
1981-10-11,1.9093273e-05,286.11533,293.2607,282.42932,1.960307e-05
1981-10-12,8.116336e-05,281.79593,286.70435,278.02057,1.3114866e-05
1981-10-13,0.0,280.86465,288.47018,276.9054,1.3686872e-05
1981-10-14,2.703423e-06,281.9994,288.03802,272.25912,2.0180283e-05
1981-10-15,0.0,287.32526,291.9206,280.37357,1.8671542e-05
1981-10-16,0.0,283.39658,290.68546,280.34436,1.6488228e-05
1981-10-17,1.3024119e-06,284.60178,290.51492,280.76163,1.257176e-05
1981-10-18,0.0,287.28006,295.67783,280.08987,2.081899e-05
1981-10-19,0.0,286.68362,292.76443,281.53806,1.3888889e-05
1981-10-20,1.5580994e-06,287.572,292.17313,281.61456,1.8166924e-05
1981-10-21,0.0,288.27014,293.5268,283.7007,1.8517097e-05
1981-10-22,5.529004e-05,282.50537,288.1266,280.41302,7.481375e-06
1981-10-23,0.000112620866,279.81268,282.60675,276.64584,8.101852e-06
1981-10-24,3.3794227e-06,279.379,283.43198,276.82028,1.0692547e-05
1981-10-25,0.0,279.2264,284.75253,274.1195,1.1574074e-05
1981-10-26,0.0,282.16998,286.76984,276.05103,1.2731482e-05
1981-10-27,8.8772285e-06,279.33008,282.69153,278.4584,6.217371e-06
1981-10-28,0.00012063537,279.8488,287.31177,275.75497,9.62582e-06
1981-10-29,0.0,280.06818,287.64377,273.5847,1.1574074e-05
1981-10-30,0.0,282.27783,288.33786,272.69348,1.7305329e-05
1981-10-31,0.0,284.62762,291.6428,277.09555,1.3462782e-05
1981-11-01,0.0,283.67596,288.70255,280.32327,7.5807284e-06
1981-11-02,0.0,285.52728,292.4347,277.76263,7.882227e-06
1981-11-03,0.0,283.80594,289.07562,279.56284,1.0428567e-05
1981-11-04,0.0,282.0331,289.64984,278.1739,7.60806e-06
1981-11-05,0.0,282.30905,288.03445,276.08438,8.909078e-06
1981-11-06,1.8400468e-05,280.14853,285.6576,277.93036,1.2904525e-05
1981-11-07,0.0,273.9425,279.55783,271.6593,7.315343e-06
1981-11-08,4.202169e-06,273.49332,279.14166,269.50586,6.1826117e-06
1981-11-09,0.0,273.45062,277.5215,268.8477,8.053924e-06
1981-11-10,0.0,272.67053,277.14148,270.7362,9.248009e-06
1981-11-11,0.0,273.97958,280.68723,266.7838,4.6296295e-06
1981-11-12,1.7942159e-06,277.51517,282.7242,272.28253,6.435399e-06
1981-11-13,0.0,279.07675,284.53104,274.38147,8.131635e-06
1981-11-14,3.9646097e-06,277.2137,281.88123,274.04715,9.083018e-06
1981-11-15,2.993633e-06,275.2174,278.7677,272.4966,1.2731482e-05
1981-11-16,0.0,275.5344,279.04694,273.42365,1.1473172e-05
1981-11-17,0.0,272.76364,278.8958,268.14902,3.4722223e-06
1981-11-18,0.0,272.96567,278.44864,267.09723,3.4722223e-06
1981-11-19,0.0,275.90637,279.8978,268.00867,4.6296295e-06
1981-11-20,0.0,279.67963,288.47223,273.251,6.950232e-06
1981-11-21,0.0,279.0799,288.5543,271.90082,4.6296295e-06
1981-11-22,0.0,280.12354,286.85803,276.63678,6.084826e-06
1981-11-23,0.0,280.57367,286.21033,273.1728,6.8605777e-06
1981-11-24,0.0,280.5649,288.5466,273.74088,1.0293773e-05
1981-11-25,1.9151083e-05,274.6964,280.1934,272.47232,3.842865e-06
1981-11-26,1.5625681e-05,275.29324,279.22418,269.4674,4.164334e-06
1981-11-27,0.0,274.6205,281.40295,270.48672,5.3426756e-06
1981-11-28,7.40642e-05,274.3054,275.9578,272.23337,2.3148148e-06
1981-11-29,3.4843742e-05,275.14584,278.66885,272.8132,6.906914e-06
1981-11-30,0.0,276.85565,282.3846,272.4003,5.787037e-06
1981-12-01,0.0,276.8475,279.6543,275.08224,6.670578e-06
1981-12-02,3.3830634e-05,274.49023,279.0971,271.4559,4.9313944e-06
1981-12-03,2.5943932e-06,274.17657,276.281,272.59894,6.9444445e-06
1981-12-04,1.7785683e-06,273.31195,275.7798,269.28683,5.787037e-06
1981-12-05,0.0,273.91333,277.96463,271.32867,3.4722223e-06
1981-12-06,0.0,275.32822,279.32895,268.29105,6.9444445e-06
1981-12-07,0.0,274.60406,278.14374,271.09604,3.4722223e-06
1981-12-08,1.5456157e-05,280.40747,284.62604,271.3686,1.2244107e-05
1981-12-09,5.1042327e-05,276.04837,284.21555,273.97635,3.4722223e-06
1981-12-10,0.00012305021,274.97092,278.3011,273.18204,3.4697e-06
1981-12-11,1.0412457e-05,274.03644,275.3702,273.0676,2.3148148e-06
1981-12-12,8.8507055e-05,274.77832,277.11133,273.63068,2.6195767e-06
1981-12-13,0.0001214599,270.67538,274.312,267.98843,6.9442e-06
1981-12-14,6.336189e-10,272.95013,275.55792,266.77902,8.24333e-06
1981-12-15,0.0,272.87854,277.90225,269.57193,3.4722223e-06
1981-12-16,4.3472164e-06,271.93402,274.08313,269.76233,2.3148148e-06
1981-12-17,1.705906e-05,270.18198,271.5195,268.114,3.4722223e-06
1981-12-18,0.0,271.24524,271.91647,270.63156,3.4654404e-06
1981-12-19,0.000284529,271.17465,272.94208,269.399,3.4518587e-06
1981-12-20,0.00019042574,261.65448,270.33643,257.68945,8.001316e-07
1981-12-21,0.0,261.37085,264.81732,253.13881,1.6697114e-06
1981-12-22,0.0,268.4098,269.7525,261.69565,2.3148148e-06
1981-12-23,9.6002484e-05,270.97485,272.31778,268.61746,1.1574074e-06
1981-12-24,5.0219212e-05,269.69766,271.7446,266.33243,2.3125374e-06
1981-12-25,8.036283e-05,272.71506,275.15997,269.89136,2.3148148e-06
1981-12-26,1.4449887e-06,270.52237,274.9058,266.25595,2.2411086e-06
1981-12-27,0.0,265.78857,269.87378,260.30936,1.1574074e-06
1981-12-28,0.0,271.05576,276.09415,264.85776,1.1761969e-06
1981-12-29,8.4068233e-07,277.19098,279.18588,272.7002,3.6889583e-06
1981-12-30,1.9525292e-05,278.44846,281.13403,274.14426,3.4708826e-06
1981-12-31,0.0,281.31876,286.31006,279.06427,7.7987315e-06
1982-01-01,1.4468702e-06,276.79504,281.75452,274.2238,3.4691845e-06
1982-01-02,0.00023287575,276.88507,282.12497,273.84677,3.5515877e-06
1982-01-03,4.8636252e-06,276.7166,281.54694,273.14285,2.3445593e-06
1982-01-04,0.0,278.12546,283.66483,272.5752,3.5629737e-06
1982-01-05,0.0,276.52237,280.71378,272.2043,2.8361515e-06
1982-01-06,0.0,280.37787,284.971,272.1806,1.6442651e-05
1982-01-07,0.0,268.67148,278.42007,266.4512,2.1009197e-05
1982-01-08,0.0,266.60916,270.34268,262.89667,2.4833328e-06
1982-01-09,0.0,268.1129,269.31097,267.2027,4.851347e-06
1982-01-10,8.482031e-06,264.85806,268.37146,264.61758,2.3148148e-06
1982-01-11,4.7053025e-05,267.30807,269.5077,264.3996,2.3148148e-06
1982-01-12,0.0,269.29767,270.51065,266.76993,2.3148148e-06
1982-01-13,1.43373375e-08,261.02927,269.6526,257.00146,2.121451e-06
1982-01-14,0.0,263.41406,265.81436,258.13223,1.1574074e-06
1982-01-15,0.0,264.6441,266.3379,262.9362,2.3122916e-06
1982-01-16,0.0,265.18762,266.28683,265.43445,1.1574074e-06
1982-01-17,0.0,265.63812,266.35455,264.8837,1.6846811e-06
1982-01-18,0.0,265.81216,266.9967,266.64734,1.8393217e-06
1982-01-19,0.0,265.5861,267.03857,265.2266,2.3148148e-06
1982-01-20,0.0,266.10995,266.29315,265.08185,2.3148148e-06
1982-01-21,0.0,268.0074,269.45352,265.95416,2.3148148e-06
1982-01-22,0.0,267.30417,271.26733,264.83856,2.3148148e-06
1982-01-23,0.0,269.28668,272.46576,263.36554,3.2022274e-06
1982-01-24,0.0,270.81445,272.8234,266.28592,3.443611e-06
1982-01-25,0.0,270.9172,272.5559,269.46606,3.4519787e-06
1982-01-26,0.0,269.5426,272.07468,267.21384,3.4722223e-06
1982-01-27,0.0,270.21744,272.06796,268.0063,2.3148148e-06
1982-01-28,3.8828126e-05,271.4547,276.9695,268.72952,3.4722223e-06
1982-01-29,0.0,272.7571,276.4024,266.04663,4.3718637e-06
1982-01-30,1.2808902e-06,275.96582,278.76978,269.1363,4.81341e-06
1982-01-31,0.0,276.94708,285.2059,272.63593,1.7508624e-05
1982-02-01,0.0,274.0144,278.6576,268.55875,1.8795912e-05
1982-02-02,0.0,272.17795,275.34274,268.56738,1.1215435e-05
1982-02-03,0.0,268.77194,274.20288,264.20517,4.6616897e-06
1982-02-04,0.0,269.72025,275.07364,263.7722,4.632188e-06
1982-02-05,0.0,269.6979,275.6619,263.9295,4.6296295e-06
1982-02-06,0.0,269.65317,276.46948,263.3919,4.0183754e-06
1982-02-07,0.0,275.53055,282.8038,268.91678,8.422502e-06
1982-02-08,0.0,276.49228,283.26074,267.45813,7.693701e-06
1982-02-09,1.3653543e-05,275.9185,283.07465,269.69852,8.2533e-06
1982-02-10,0.0,273.8227,281.02512,268.11786,7.68471e-06
1982-02-11,0.0,272.22675,275.5803,267.57333,5.6354193e-06
1982-02-12,0.0,271.31934,272.20868,270.84238,4.6296295e-06
1982-02-13,0.0,271.0849,271.895,270.54865,4.6296295e-06
1982-02-14,0.0,270.71457,270.99582,269.49255,4.6296295e-06
1982-02-15,0.0,270.0044,271.13043,269.48245,4.6296295e-06
1982-02-16,8.9332396e-08,272.84204,275.5113,270.5835,4.9711084e-06
1982-02-17,0.0,274.9463,279.67065,273.46243,7.511203e-06
1982-02-18,0.0,272.62704,276.1043,269.23593,5.787037e-06
1982-02-19,2.0503921e-06,273.30743,275.09518,272.16675,6.8211098e-06
1982-02-20,0.0,270.0561,274.3109,267.63855,9.8241735e-06
1982-02-21,0.0,268.19913,272.49203,263.49097,7.757257e-06
1982-02-22,5.861746e-06,267.75726,269.49463,266.0676,3.4722223e-06
1982-02-23,6.0064933e-05,267.0183,271.12634,263.17593,4.586813e-06
1982-02-24,0.0,267.5682,272.3575,259.29926,4.6296295e-06
1982-02-25,8.918887e-07,272.0284,273.7757,268.19824,4.6211235e-06
1982-02-26,2.1698901e-05,273.54913,277.07822,272.24,6.937278e-06
1982-02-27,6.619094e-07,272.4502,277.6299,268.2237,9.288021e-06
1982-02-28,0.0,274.2984,281.09622,265.63232,1.0477582e-05
1982-03-01,0.0,277.14307,286.3851,272.96786,1.52562825e-05
1982-03-02,3.916321e-06,275.75525,278.1315,273.0111,8.089992e-06
1982-03-03,6.710188e-06,278.58383,284.55063,271.46814,1.9675927e-05
1982-03-04,0.0,280.00278,287.19492,273.53482,2.2966908e-05
1982-03-05,0.0,278.52362,282.90588,275.66043,1.8156792e-05
1982-03-06,0.0,276.4284,279.0747,275.0629,1.990356e-05
1982-03-07,9.8181345e-06,273.63,275.22113,272.62012,5.714054e-06
1982-03-08,5.8303176e-05,276.23132,280.55777,273.44717,1.0472659e-05
1982-03-09,0.0,273.445,279.65222,268.5068,1.1237742e-05
1982-03-10,0.0,278.26126,284.84256,270.36853,2.0833333e-05
1982-03-11,0.0,278.88675,282.88028,276.96954,1.8451203e-05
1982-03-12,2.9658811e-05,278.03726,283.42212,272.31235,2.0814883e-05
1982-03-13,0.0,276.97034,280.6896,275.59503,1.4874302e-05
1982-03-14,0.0,276.9501,281.89908,273.79745,2.4182065e-05
1982-03-15,0.0,276.29684,284.1082,272.13358,2.197386e-05
1982-03-16,0.0,276.20056,284.12625,268.98456,2.2760745e-05
1982-03-17,0.0,280.05203,287.04526,271.2026,3.2094358e-05
1982-03-18,1.5677341e-06,278.7889,282.63376,274.68063,1.1572113e-05
1982-03-19,8.030186e-05,277.9083,283.19345,274.75766,1.7563078e-05
1982-03-20,0.0,277.07666,283.2454,271.05542,1.9947263e-05
1982-03-21,1.2632361e-06,277.55048,280.6115,274.49573,1.3696124e-05
1982-03-22,9.878236e-07,275.77777,280.0979,274.38538,1.787306e-05
1982-03-23,5.4284466e-09,277.73178,281.01474,272.6617,1.6236438e-05
1982-03-24,0.0,277.194,284.1214,269.81738,2.2457234e-05
1982-03-25,0.0,278.0041,284.8479,270.91315,1.7026825e-05
1982-03-26,0.0,281.19678,288.71677,270.91925,2.7386724e-05
1982-03-27,0.0,283.2937,292.2521,273.28787,3.097639e-05
1982-03-28,0.0,284.2823,289.60205,275.68716,3.6540227e-05
1982-03-29,0.0,285.38388,291.1011,280.3083,3.271571e-05
1982-03-30,5.0868402e-06,280.814,284.24008,279.97717,1.2731482e-05
1982-03-31,0.00020629293,281.7753,283.3059,279.4971,1.2119092e-05
1982-04-01,0.0,281.93582,287.13788,279.0679,1.9237998e-05
1982-04-02,0.0,283.0089,287.97125,275.8933,2.0814517e-05
1982-04-03,0.0,283.7853,291.249,277.7647,2.63207e-05
1982-04-04,6.7993565e-06,283.46616,288.76044,279.7923,2.3646797e-05
1982-04-05,2.495051e-06,283.30148,290.67505,274.70636,2.7234264e-05
1982-04-06,0.0,287.22815,294.7531,277.79102,4.7497237e-05
1982-04-07,0.0,285.66025,291.19128,281.5117,2.168439e-05
1982-04-08,0.0,286.55545,293.2628,277.3836,3.4330456e-05
1982-04-09,8.807771e-06,278.06583,286.89423,276.4494,2.5175808e-05
1982-04-10,0.0,276.89075,281.96255,273.63416,1.6208467e-05
1982-04-11,0.0,279.89035,287.4015,271.20312,2.7235614e-05
1982-04-12,1.8094756e-06,279.44785,283.13867,276.62952,1.6133965e-05
1982-04-13,9.733894e-05,276.27505,278.97202,273.59958,1.1340944e-05
1982-04-14,2.5250285e-05,278.43246,281.28168,274.70486,1.704882e-05
1982-04-15,1.577456e-05,280.03156,283.52356,276.5689,1.9989535e-05
1982-04-16,1.5870401e-06,281.46182,285.2499,277.26227,1.6861393e-05
1982-04-17,0.0,283.70267,288.73502,278.55685,3.005358e-05
1982-04-18,4.046309e-06,280.40015,285.67996,275.74838,2.0651576e-05
1982-04-19,3.2996797e-06,278.62762,283.61365,273.49405,2.2518365e-05
1982-04-20,9.3512135e-06,279.64554,285.6526,274.7448,2.9257037e-05
1982-04-21,0.0,279.37207,285.95377,272.61285,3.232986e-05
1982-04-22,1.0236894e-05,278.94824,283.8274,274.68445,2.1587477e-05
1982-04-23,1.0066551e-05,278.10513,283.45358,274.72977,2.5735457e-05
1982-04-24,1.8109312e-06,280.33658,287.4768,271.64612,2.9586801e-05
1982-04-25,0.0,282.4613,288.34518,277.00598,3.395235e-05
1982-04-26,0.0,284.0904,289.83667,276.20667,3.6080946e-05
1982-04-27,2.5311342e-06,280.7278,284.80777,276.3291,3.040059e-05
1982-04-28,2.8572764e-08,282.59897,286.9552,277.43842,3.6832167e-05
1982-04-29,1.8339813e-06,281.97165,287.78043,278.02512,2.98162e-05
1982-04-30,1.0196954e-08,280.239,287.08633,274.60538,3.315553e-05
1982-05-01,0.0,279.79666,283.26288,273.02338,1.9734818e-05
1982-05-02,0.0,282.72446,289.85062,274.14893,3.1838823e-05
1982-05-03,0.0,286.58252,294.20444,275.1121,5.1719326e-05
1982-05-04,0.0,289.09805,296.05957,280.65533,6.499622e-05
1982-05-05,0.0,288.38333,293.2594,284.79282,4.4933215e-05
1982-05-06,0.0,290.08865,295.60672,282.8342,4.3636082e-05
1982-05-07,0.0,286.36987,294.97144,282.85764,4.4490585e-05
1982-05-08,3.1963078e-05,281.7098,283.5798,280.28848,1.5975755e-05
1982-05-09,9.6789394e-05,285.30386,289.8746,280.18625,1.9675927e-05
1982-05-10,2.1790655e-05,286.46423,288.42578,284.7982,1.8518518e-05
1982-05-11,0.0002667961,285.24808,289.7258,282.7538,3.0748248e-05
1982-05-12,0.00010688902,285.88605,291.57315,278.95096,4.0688414e-05
1982-05-13,0.0,286.5188,291.92386,280.17014,4.431041e-05
1982-05-14,0.0,287.91483,294.1544,281.05585,4.8359834e-05
1982-05-15,0.0,288.1598,294.11014,280.61588,4.467439e-05
1982-05-16,0.0,289.13498,296.56113,280.70145,4.543565e-05
1982-05-17,0.0,291.07126,298.14618,281.50278,5.0727307e-05
1982-05-18,4.4500004e-07,291.2001,299.12283,283.5798,4.8495323e-05
1982-05-19,4.037712e-09,289.74792,298.4627,283.44858,4.025278e-05
1982-05-20,2.592876e-05,291.60977,298.06787,285.38458,4.1627834e-05
1982-05-21,4.2302632e-05,289.41592,293.3455,286.1228,2.5430023e-05
1982-05-22,2.3632765e-05,292.09064,297.9954,283.44672,4.5904475e-05
1982-05-23,1.6187849e-05,290.60104,294.19464,285.4425,2.9462357e-05
1982-05-24,2.7102285e-05,285.82748,289.9514,284.39316,1.9226405e-05
1982-05-25,0.00028407687,287.87936,293.43228,281.73587,4.643061e-05
1982-05-26,0.0,289.2125,295.4806,282.33813,4.0163573e-05
1982-05-27,0.0,292.17807,298.49844,282.6966,5.1115912e-05
1982-05-28,0.0,293.60687,300.2199,284.00854,5.407579e-05
1982-05-29,4.3037835e-05,288.53278,293.4689,286.39447,2.7338669e-05
1982-05-30,1.8365947e-06,288.2508,291.00046,284.96252,2.2540988e-05
1982-05-31,0.0,290.8528,297.17487,284.11926,5.1829193e-05
1982-06-01,0.0,292.44037,299.5411,283.90988,5.6649882e-05
1982-06-02,0.0,293.23553,300.9865,285.6051,5.879177e-05
1982-06-03,0.0,292.8649,301.814,286.6873,5.4286917e-05
1982-06-04,6.343271e-05,294.2248,301.93317,285.28107,5.981188e-05
1982-06-05,0.0,293.05872,300.5232,286.48395,4.3934964e-05
1982-06-06,0.0,295.07007,302.22202,287.20093,6.3529886e-05
1982-06-07,0.0,293.43094,300.47977,287.08868,4.5903853e-05
1982-06-08,0.00016432334,291.3406,296.34357,287.26364,4.3605283e-05
1982-06-09,0.0,293.41034,299.4575,287.20572,4.7831796e-05
1982-06-10,1.5345986e-05,292.69534,298.28137,288.64465,3.7521917e-05
1982-06-11,1.6274693e-05,294.17352,300.31927,286.70224,5.270663e-05
1982-06-12,9.769659e-06,291.9746,298.17398,289.9027,3.4647735e-05
1982-06-13,0.00020302212,285.56503,290.13174,284.01013,2.199074e-05
1982-06-14,0.00023381638,287.424,292.98178,284.0328,4.489893e-05
1982-06-15,6.0422997e-07,286.54715,292.67203,278.8983,3.9040522e-05
1982-06-16,5.445543e-06,289.2654,294.73038,282.19696,3.330302e-05
1982-06-17,1.0604132e-05,288.87097,292.87357,282.68494,4.3750457e-05
1982-06-18,0.0,290.9238,296.68683,285.795,3.659987e-05
1982-06-19,1.9753614e-05,289.20822,291.38882,286.92035,2.386964e-05
1982-06-20,3.0406645e-05,290.57336,296.3861,284.32202,4.927487e-05
1982-06-21,5.9261225e-07,291.5246,299.42386,283.91016,4.9634447e-05
1982-06-22,0.00014459601,294.3973,300.2097,288.0663,5.2615113e-05
1982-06-23,0.0,295.3136,302.15085,289.21014,6.629114e-05
1982-06-24,8.16061e-06,293.0416,298.8517,288.21448,5.124629e-05
1982-06-25,0.0,295.2334,300.91934,287.66266,4.723459e-05
1982-06-26,0.0,297.56686,304.88815,291.3914,6.369073e-05
1982-06-27,0.0,289.2777,296.154,286.71075,2.8956103e-05
1982-06-28,0.00022417639,291.00345,297.1097,285.96783,5.1293548e-05
1982-06-29,6.7468227e-06,288.9548,293.35797,284.21048,3.075112e-05
1982-06-30,0.00012781237,289.7756,295.87302,285.5866,4.844479e-05
1982-07-01,9.813305e-05,289.95807,295.83267,284.16214,4.746428e-05
1982-07-02,1.4378603e-06,292.6846,298.24695,286.9248,4.72823e-05
1982-07-03,0.0,295.01038,301.33743,286.51456,5.570785e-05
1982-07-04,0.0,291.03113,301.07553,288.25223,4.955171e-05
1982-07-05,6.0019105e-05,292.72742,298.29483,286.82202,5.2952957e-05
1982-07-06,0.0,293.82867,299.33875,287.28284,5.178595e-05
1982-07-07,1.2866478e-06,291.7311,296.98816,288.52347,4.4592507e-05
1982-07-08,8.824609e-06,292.63562,297.4011,286.97455,4.6813784e-05
1982-07-09,0.0,292.87048,298.68146,288.42087,5.2323718e-05
1982-07-10,0.0,292.82623,299.09964,285.75134,5.475623e-05
1982-07-11,0.0,294.0844,299.00058,287.6551,5.083171e-05
1982-07-12,1.8016239e-05,291.36978,295.9688,289.15646,2.9610588e-05
1982-07-13,0.00017622243,293.7384,299.21875,288.292,3.795499e-05
1982-07-14,2.6547918e-06,293.9747,299.9626,286.39008,4.716756e-05
1982-07-15,0.0,295.53836,301.95847,289.2233,5.2097577e-05
1982-07-16,2.8230095e-05,295.57242,301.69788,290.08408,4.3719796e-05
1982-07-17,7.999069e-06,295.06747,302.73782,290.5882,4.3315606e-05
1982-07-18,1.7472821e-06,292.82776,295.90292,290.0601,2.7459546e-05
1982-07-19,0.00016330056,294.60428,300.44748,288.98093,4.339701e-05
1982-07-20,2.7114388e-07,296.49658,302.9413,290.3763,5.638245e-05
1982-07-21,0.0,296.91455,303.77515,290.05365,5.8049744e-05
1982-07-22,0.0,295.60565,303.98886,289.99234,5.0928484e-05
1982-07-23,6.293919e-05,293.96674,298.78815,291.29822,3.4151053e-05
1982-07-24,0.00028162292,294.4927,299.35464,290.78293,3.6223144e-05
1982-07-25,0.00018226243,292.04575,296.9979,289.82962,3.5504363e-05
1982-07-26,3.7153426e-05,291.55048,295.25766,288.9539,2.5465486e-05
1982-07-27,8.24381e-05,291.04724,295.4127,288.62393,4.1007737e-05
1982-07-28,3.3354857e-07,291.49936,296.86548,285.48843,3.811017e-05
1982-07-29,0.0,293.5478,299.58487,288.1178,4.9145503e-05
1982-07-30,0.0,292.57098,297.87088,288.21686,3.6200803e-05
1982-07-31,0.0,291.67648,299.46594,287.99374,3.7285325e-05
1982-08-01,0.00035455576,293.0085,300.01266,285.5913,4.4136697e-05
1982-08-02,0.0,293.23703,298.6866,286.6186,4.6166067e-05
1982-08-03,0.0,293.5394,298.89587,289.5829,4.519637e-05
1982-08-04,8.6347745e-06,293.0211,299.73514,289.79163,3.8345675e-05
1982-08-05,0.00019565219,292.05228,296.00095,288.73788,2.5558513e-05
1982-08-06,7.66243e-06,293.44528,299.41455,288.2179,4.1067666e-05
1982-08-07,4.445241e-06,292.2862,299.0114,287.91656,3.184476e-05
1982-08-08,0.00022677639,290.63953,293.61182,288.9645,2.194122e-05
1982-08-09,0.00011599934,292.2574,297.8639,287.7662,3.060939e-05
1982-08-10,5.9049693e-05,293.62634,298.9922,289.07364,3.795014e-05
1982-08-11,6.3011834e-07,293.95163,300.68936,288.94067,4.9325867e-05
1982-08-12,0.0,294.33597,301.33844,286.98868,4.8737376e-05
1982-08-13,0.0,296.46658,303.99323,289.554,5.4310225e-05
1982-08-14,0.0,294.39102,303.30966,289.31958,4.443031e-05
1982-08-15,1.6262704e-05,295.58875,301.91586,289.9525,4.9774746e-05
1982-08-16,0.0,294.65524,302.27936,290.33643,4.122901e-05
1982-08-17,6.207231e-05,292.415,299.9053,288.1705,3.1564083e-05
1982-08-18,0.00023263851,292.10635,299.4807,285.43924,4.4008877e-05
1982-08-19,0.0,294.1949,301.27426,285.90588,4.5670167e-05
1982-08-20,2.0718968e-05,294.67023,299.9577,287.44147,3.931203e-05
1982-08-21,0.00019844115,286.94168,295.76926,285.5935,2.0833333e-05
1982-08-22,2.9068746e-05,288.7902,295.23584,285.00076,3.8528775e-05
1982-08-23,0.0,289.7002,297.02112,282.65753,3.9169714e-05
1982-08-24,0.0,290.10315,296.7202,282.433,3.491031e-05
1982-08-25,6.8039244e-06,290.42368,296.95044,284.57864,3.5508976e-05
1982-08-26,0.0,292.33768,299.3915,285.2581,4.564094e-05
1982-08-27,0.0,294.49692,300.40668,287.41498,4.8578906e-05
1982-08-28,0.0,290.86032,294.9933,286.8129,1.9689693e-05
1982-08-29,0.00014244612,288.61694,292.01132,286.41812,1.6357128e-05
1982-08-30,5.669169e-05,288.65253,292.6366,285.95578,1.976478e-05
1982-08-31,0.0,289.05438,295.92578,284.05762,3.2003765e-05
1982-09-01,9.822883e-07,289.6384,294.34595,286.43863,2.0189449e-05
1982-09-02,0.0,290.65182,296.07117,284.5062,2.7790698e-05
1982-09-03,0.0,290.40823,296.441,285.13553,3.3462406e-05
1982-09-04,0.0,290.75125,297.80865,284.41132,3.415555e-05
1982-09-05,0.0,293.11252,300.29742,285.5653,3.4576195e-05
1982-09-06,0.0,295.67133,302.30316,289.34497,4.670932e-05
1982-09-07,0.0,294.40497,300.82794,287.05838,3.739025e-05
1982-09-08,0.00031660372,291.61282,298.2163,288.2482,2.8515338e-05
1982-09-09,0.000123704,291.87372,296.16653,286.75467,2.4055453e-05
1982-09-10,4.3860367e-05,290.45828,295.4644,287.57336,2.963187e-05
1982-09-11,0.0,291.78876,298.4493,284.95148,3.2023316e-05
1982-09-12,0.0,292.09213,299.15817,286.49402,3.454676e-05
1982-09-13,0.0,291.43332,297.87448,284.7938,3.5197525e-05
1982-09-14,0.0,291.82224,298.66577,285.01065,3.0952557e-05
1982-09-15,0.0,291.15903,298.8493,285.16577,3.2890195e-05
1982-09-16,0.0,291.22522,299.01434,284.27545,2.9846324e-05
1982-09-17,0.0,290.98026,298.60953,284.49692,3.1075742e-05
1982-09-18,0.0,290.54813,298.15076,283.7331,2.4924524e-05
1982-09-19,0.0,290.0097,297.97153,283.1662,2.605282e-05
1982-09-20,0.0,290.43704,297.58432,283.76007,2.4443523e-05
1982-09-21,0.0,292.29663,297.5677,285.59302,2.4309222e-05
1982-09-22,4.0194395e-06,292.48444,298.54358,288.80396,2.4998257e-05
1982-09-23,2.6738148e-08,290.26126,293.8135,285.81268,1.5658175e-05
1982-09-24,0.0002604112,286.7572,290.86646,283.85086,1.4425349e-05
1982-09-25,6.4030164e-06,286.90927,289.04355,282.81845,1.2208338e-05
1982-09-26,0.0,293.12073,298.76495,285.90656,3.547532e-05
1982-09-27,0.0,290.53506,297.1334,286.2413,2.659312e-05
1982-09-28,0.0,289.23013,294.82944,285.44952,1.8515877e-05
1982-09-29,0.0,288.44098,294.8215,283.67166,1.851335e-05
1982-09-30,0.0,288.8449,294.7715,283.55893,1.9100838e-05
1982-10-01,2.6038235e-06,287.47156,288.7114,285.09692,1.0416667e-05
1982-10-02,0.0003568927,288.27377,289.62717,287.10995,1.0416667e-05
1982-10-03,2.202632e-05,285.24805,289.83136,283.23935,1.6555736e-05
1982-10-04,0.0,283.39764,286.39246,280.5992,1.1205283e-05
1982-10-05,2.7715227e-05,283.43088,284.65265,281.7896,9.034854e-06
1982-10-06,0.00018556196,284.58966,287.05832,283.32047,9.259259e-06
1982-10-07,0.00027369394,285.31552,290.0682,281.34457,2.1120448e-05
1982-10-08,4.3809086e-05,283.08612,288.91,280.3456,1.1580537e-05
1982-10-09,4.476163e-05,281.92218,283.7717,279.29434,7.2506996e-06
1982-10-10,0.00011413902,283.64575,289.59637,280.72177,1.3739718e-05
1982-10-11,0.0,283.3782,290.50903,278.0522,1.6283557e-05
1982-10-12,2.7781345e-05,282.27792,284.55396,279.4099,7.7603845e-06
1982-10-13,0.00011635617,285.334,289.76068,276.9835,1.7516242e-05
1982-10-14,3.2247922e-07,283.36554,289.46906,279.7643,1.0046986e-05
1982-10-15,0.00023130992,282.3429,286.4546,279.2891,9.755711e-06
1982-10-16,7.0229915e-05,281.2337,289.04913,276.3878,1.2731482e-05
1982-10-17,0.0,281.64072,287.7817,274.6068,9.621789e-06
1982-10-18,0.0,282.7021,291.08157,275.92633,1.3896287e-05
1982-10-19,0.0,282.03818,284.74356,278.33923,6.9444445e-06
1982-10-20,1.0544635e-05,283.88138,289.43045,281.52737,1.0931702e-05
1982-10-21,0.0,283.43115,289.1647,280.01404,1.0736149e-05
1982-10-22,0.0,285.15326,292.48715,280.72067,1.6146338e-05
1982-10-23,0.0,286.3567,290.40234,283.027,1.1574074e-05
1982-10-24,2.9363035e-05,285.39954,292.85327,280.6771,1.1574074e-05
1982-10-25,9.6355225e-06,284.99417,288.43765,282.34897,8.101852e-06
1982-10-26,7.757622e-06,283.5658,288.4927,280.49185,9.259259e-06
1982-10-27,1.00407405e-07,282.66647,289.2702,277.3582,1.1574074e-05
1982-10-28,0.0,282.55618,285.40265,278.3737,6.5246218e-06
1982-10-29,0.0,283.60233,287.04834,282.37463,6.9435246e-06
1982-10-30,0.0,280.8588,286.13214,277.43314,7.1185727e-06
1982-10-31,0.0,278.8536,281.42157,275.1448,5.3375875e-06
1982-11-01,0.0,278.9517,281.41656,278.23218,5.6968693e-06
1982-11-02,0.0,278.31885,279.47852,277.12216,4.6715913e-06
1982-11-03,0.0,277.51978,278.15054,277.26236,4.6522855e-06
1982-11-04,0.0,277.68524,278.38995,276.71542,4.6296295e-06
1982-11-05,0.0,278.2368,282.23987,276.25174,9.434008e-06
1982-11-06,2.0356981e-06,272.83127,278.5168,271.52155,7.250593e-06
1982-11-07,0.0,272.19257,277.5562,267.87848,5.787037e-06
1982-11-08,0.0,277.4903,280.83038,270.56146,9.261782e-06
1982-11-09,0.0,285.1449,291.04767,280.88687,1.6203949e-05
1982-11-10,2.3470127e-05,284.01233,287.14792,281.96103,6.9444445e-06
1982-11-11,2.6614946e-06,281.72525,285.5695,279.13004,7.410328e-06
1982-11-12,0.0,278.4602,280.23795,276.93628,3.739214e-06
1982-11-13,0.0,286.14484,288.47568,275.5173,1.4941475e-05
1982-11-14,0.00017596416,278.75223,286.55914,278.05746,5.6908457e-06
1982-11-15,0.00025325062,278.02197,281.04028,274.0556,5.417503e-06
1982-11-16,0.0,275.97687,279.14093,273.2707,4.6296295e-06
1982-11-17,1.6090844e-05,276.18692,278.10907,275.15955,4.6296295e-06
1982-11-18,0.0,277.24728,282.23816,270.4428,7.560607e-06
1982-11-19,0.0,278.37057,285.31155,275.30576,5.787037e-06
1982-11-20,0.0,278.60028,283.24423,274.355,4.100261e-06
1982-11-21,0.0,276.0873,278.49307,273.20197,3.3328165e-06
1982-11-22,0.0,276.5021,284.09952,271.94507,6.3191615e-06
1982-11-23,0.0,275.6079,277.5569,272.9738,3.8184808e-06
1982-11-24,0.0,282.8759,288.84695,272.87656,1.8145627e-05
1982-11-25,0.0,282.82446,287.91608,276.506,7.788839e-06
1982-11-26,0.0,283.50003,288.538,279.93552,1.1008658e-05
1982-11-27,0.0,280.09753,283.52884,276.61453,7.120241e-06
1982-11-28,4.2640428e-07,278.15643,279.3775,275.6646,4.443609e-06
1982-11-29,3.633012e-07,279.44638,280.80035,277.51523,5.9898125e-06
1982-11-30,4.1205312e-05,278.82547,280.17795,277.9863,4.0712207e-06
1982-12-01,6.340588e-05,276.34222,277.86926,275.78278,4.2345887e-06
1982-12-02,5.4668995e-05,277.4259,277.956,275.4733,3.8992885e-06
1982-12-03,7.5369926e-06,277.48975,278.9228,276.03262,3.3487333e-06
1982-12-04,0.0,274.89474,277.28983,273.7464,3.2594523e-06
1982-12-05,0.0,273.07474,274.21454,272.43524,2.3148148e-06
1982-12-06,0.0,272.4048,273.59183,271.41122,2.3148148e-06
1982-12-07,0.0,274.19125,275.52393,270.6265,2.3148148e-06
1982-12-08,0.0,281.07245,286.30484,273.03812,2.6822738e-06
1982-12-09,1.3380039e-05,285.12335,288.16913,281.87018,1.2613873e-05
1982-12-10,2.3567925e-05,283.4275,286.89075,277.11716,1.0294118e-05
1982-12-11,0.00024543077,274.53763,284.60953,272.26865,3.4722223e-06
1982-12-12,0.0,273.10992,275.76562,268.04736,2.3148148e-06
1982-12-13,0.0,274.138,275.54904,272.29187,2.5982683e-06
1982-12-14,0.0,274.9789,276.49197,272.8816,3.4722223e-06
1982-12-15,0.0,274.21255,276.91306,270.3562,3.0967074e-06
1982-12-16,1.0792313e-05,279.9017,281.8459,274.05722,1.451505e-05
1982-12-17,0.0,283.6417,286.38358,277.89868,1.5989352e-05
1982-12-18,2.4732671e-08,278.37567,285.1578,273.15723,7.2431467e-06
1982-12-19,0.00035230213,275.49048,277.37158,273.5163,7.554046e-06
1982-12-20,2.4938813e-06,276.55032,279.2879,269.56595,6.6145894e-06
1982-12-21,2.09347e-07,275.98615,281.35315,273.33954,4.6296295e-06
1982-12-22,0.00023384287,273.56918,275.10385,272.84775,2.3148148e-06
1982-12-23,0.000225772,274.73608,275.59445,272.90222,3.1732395e-06
1982-12-24,2.072569e-05,274.72266,276.00864,273.57526,3.5856099e-06
1982-12-25,9.925478e-05,275.9533,277.92142,274.5148,4.245585e-06
1982-12-26,0.0,276.25876,278.9634,274.14606,1.0225771e-05
1982-12-27,0.0,274.19012,277.42526,269.3582,2.3186428e-06
1982-12-28,0.0,275.275,278.3651,272.28372,3.0591764e-06
1982-12-29,0.0,274.69916,278.27237,271.3437,8.875166e-06
1982-12-30,0.0,273.4998,276.73712,270.87808,1.0249704e-05
1982-12-31,0.0,271.6823,275.81345,266.365,2.8898228e-06
1983-01-01,0.0,271.72656,275.77106,268.7542,2.3148148e-06
1983-01-02,0.0,275.1666,278.6835,269.7308,4.6296295e-06
1983-01-03,0.0,274.9597,277.23657,272.42215,2.654019e-06
1983-01-04,0.0,275.15134,278.77048,273.29364,2.4308338e-06
1983-01-05,0.0,275.0463,277.61365,272.4291,2.3148148e-06
1983-01-06,1.3550269e-06,277.90103,283.54575,272.53525,2.3493917e-06
1983-01-07,0.0,275.2261,277.56195,271.91385,2.3148148e-06
1983-01-08,2.6412573e-07,276.14017,279.02988,274.13953,5.0299896e-06
1983-01-09,0.0,274.59012,279.94293,269.9646,5.2130385e-06
1983-01-10,0.0,274.79367,280.01782,270.3129,3.6261927e-06
1983-01-11,0.0,274.7455,282.19595,268.6728,2.446666e-06
1983-01-12,0.0,274.799,280.9458,270.6626,2.3148148e-06
1983-01-13,0.0,270.57092,275.02994,267.385,2.3159148e-06
1983-01-14,0.0,272.30008,273.91812,267.70078,1.7970585e-06
1983-01-15,3.8804417e-05,271.94598,275.03586,269.15897,2.3148148e-06
1983-01-16,0.0,276.53107,279.21014,270.37027,3.8948183e-06
1983-01-17,6.538746e-05,279.95444,285.058,275.14493,6.9444445e-06
1983-01-18,0.0,279.18802,287.44067,273.10046,9.259782e-06
1983-01-19,2.067908e-06,274.96985,279.69952,271.9862,1.213578e-05
1983-01-20,0.0,272.14194,276.6929,268.39423,1.0697256e-05
1983-01-21,0.0,273.1305,278.89868,267.04456,7.046778e-06
1983-01-22,0.0,277.5934,284.284,272.7643,6.9449507e-06
1983-01-23,0.0,273.5902,280.0071,268.70285,3.4722223e-06
1983-01-24,0.0,274.2726,278.82986,270.4645,4.6296295e-06
1983-01-25,0.0,273.23065,278.93134,268.49896,3.4695036e-06
1983-01-26,0.0,276.27655,278.83264,270.84857,3.9365905e-06
1983-01-27,0.0,279.24652,284.61578,273.1376,6.0151065e-06
1983-01-28,0.0,278.72598,285.0646,273.39236,5.95541e-06
1983-01-29,0.0,278.59903,282.45755,274.91095,4.960976e-06
1983-01-30,0.0,280.21625,284.82278,272.18918,1.0007257e-05
1983-01-31,9.6488104e-05,277.0168,281.5577,274.3004,1.3888889e-05
1983-02-01,0.0,278.826,283.2969,272.7236,1.6403377e-05
1983-02-02,1.3494862e-07,276.6839,281.4657,273.6159,1.0996427e-05
1983-02-03,0.0,273.42355,278.9202,269.3598,8.039869e-06
1983-02-04,0.0,273.9304,278.49435,270.262,1.1574074e-05
1983-02-05,0.0,273.0717,277.58612,267.64996,1.0898526e-05
1983-02-06,0.0,273.5004,275.15356,272.4744,5.475833e-06
1983-02-07,0.00011420965,273.1386,276.2412,271.84213,4.4470667e-06
1983-02-08,6.636584e-05,273.01758,274.9466,271.49515,4.098705e-06
1983-02-09,2.8549304e-05,272.3586,273.53845,272.0423,3.4670545e-06
1983-02-10,3.5867637e-05,272.06253,273.3806,269.29428,3.4722223e-06
1983-02-11,0.00014336778,272.4965,273.20114,271.1512,3.4722223e-06
1983-02-12,0.00014789433,272.8419,276.87573,270.4083,4.6296295e-06
1983-02-13,0.0,272.95834,275.63565,270.6975,4.6296295e-06
1983-02-14,9.727566e-06,272.17932,273.0628,271.49713,3.4722223e-06
1983-02-15,3.1411193e-05,269.24475,272.3561,267.21234,8.193636e-06
1983-02-16,1.2585364e-06,263.64594,269.49826,260.24948,4.1557887e-06
1983-02-17,0.0,269.85236,272.9243,259.54413,1.0125358e-05
1983-02-18,0.0,271.44708,276.91638,264.50113,8.2082415e-06
1983-02-19,0.0,269.88748,273.2832,267.43286,6.6298408e-06
1983-02-20,0.0,270.34756,276.3788,264.9318,6.7763863e-06
1983-02-21,0.0,270.9805,278.9232,263.36728,1.0000867e-05
1983-02-22,0.0,266.498,272.0184,262.9555,7.881701e-06
1983-02-23,0.0,265.84656,274.1412,259.5247,8.101852e-06
1983-02-24,0.0,268.26083,275.13156,260.15793,8.097907e-06
1983-02-25,0.0,268.86584,276.27036,258.45694,8.026903e-06
1983-02-26,0.0,273.61472,280.11197,263.88025,1.2143416e-05
1983-02-27,0.0,276.55936,280.91104,271.97675,8.538207e-06
1983-02-28,1.0917538e-05,276.8837,281.4407,274.10434,7.954024e-06
1983-03-01,0.0,276.5525,280.9603,272.10785,8.124137e-06
1983-03-02,0.0,275.51227,277.55682,271.24014,7.625886e-06
1983-03-03,4.4470676e-06,276.22568,280.09738,274.41672,1.2584574e-05
1983-03-04,0.0,274.40704,277.77603,272.22766,1.0029861e-05
1983-03-05,0.0,275.0807,282.03015,269.75345,1.2599625e-05
1983-03-06,0.0,277.7599,281.55194,271.65005,1.0310407e-05
1983-03-07,0.0,281.0352,290.13605,274.6784,2.6363568e-05
1983-03-08,0.0,281.0576,289.65326,274.58932,1.839116e-05
1983-03-09,0.0,283.77744,293.56024,274.63382,2.7120206e-05
1983-03-10,0.0,284.4238,293.95062,274.97668,2.7001452e-05
1983-03-11,0.0,283.0084,294.02264,275.01175,3.445305e-05
1983-03-12,0.0,275.18097,280.3892,272.17587,1.9428278e-05
1983-03-13,1.6419623e-06,273.9617,280.5991,267.53372,1.9202322e-05
1983-03-14,0.0,276.01828,283.47983,269.03143,1.8908844e-05
1983-03-15,0.0,280.42355,286.6487,272.92838,2.3249395e-05
1983-03-16,0.0,280.73407,287.6624,275.02292,1.9675927e-05
1983-03-17,0.0,280.85904,288.59656,273.56964,2.3113811e-05
1983-03-18,0.0,282.61053,290.20694,274.14355,2.190306e-05
1983-03-19,0.0,284.9184,291.29117,277.65454,2.0673355e-05
1983-03-20,0.0,282.95413,290.20514,277.84573,2.0358199e-05
1983-03-21,1.2889146e-06,284.57065,292.44293,273.72195,2.5462963e-05
1983-03-22,0.0,280.1518,286.6136,277.12808,1.6001883e-05
1983-03-23,0.00025650376,278.5518,283.73938,274.1199,1.7264427e-05
1983-03-24,0.0,283.11285,288.35434,273.91385,2.6387517e-05
1983-03-25,7.855942e-05,282.09302,287.5366,279.5967,1.4398089e-05
1983-03-26,0.00017139364,274.5526,280.0651,273.53845,1.0416667e-05
1983-03-27,4.3214368e-05,276.3225,282.04178,272.98083,1.9504085e-05
1983-03-28,0.0,279.7903,286.70737,270.53766,2.8459219e-05
1983-03-29,0.0,278.53354,281.46948,275.79547,1.1574074e-05
1983-03-30,0.00019979195,279.5359,283.50934,276.2217,1.4299232e-05
1983-03-31,2.1342162e-06,281.11832,285.6792,274.85382,1.5314085e-05
1983-04-01,0.0,282.51154,284.58017,279.92368,1.2607899e-05
1983-04-02,9.249595e-06,281.36124,286.43542,277.06778,2.078129e-05
1983-04-03,3.940307e-06,281.01947,284.75674,278.56418,1.8245233e-05
1983-04-04,4.6246147e-05,279.83066,283.30292,276.60843,1.3859663e-05
1983-04-05,5.2649507e-06,278.2242,281.59616,273.66302,1.3192615e-05
1983-04-06,9.720303e-06,280.7208,285.727,272.62155,2.4406982e-05
1983-04-07,1.2221586e-06,279.3518,283.22107,276.17627,1.4647482e-05
1983-04-08,1.3764253e-05,285.53925,291.7169,275.34625,3.3638175e-05
1983-04-09,0.0,287.2163,293.54614,280.44937,3.1803316e-05
1983-04-10,0.0,287.53,293.429,279.47144,2.7903861e-05
1983-04-11,0.0,288.43695,294.49973,279.24863,4.08082e-05
1983-04-12,0.0,283.3782,290.03784,279.36987,2.8130053e-05
1983-04-13,4.1285418e-07,280.1788,285.91928,275.4952,3.093851e-05
1983-04-14,0.0,279.3405,284.9264,272.3633,2.397994e-05
1983-04-15,0.0,281.19492,286.0097,276.12946,2.2826553e-05
1983-04-16,2.34382e-06,281.30176,286.47562,277.89584,2.0438507e-05
1983-04-17,2.6801426e-06,283.6062,290.6085,274.4698,3.5291436e-05
1983-04-18,0.0,286.13904,292.42105,277.01968,3.903072e-05
1983-04-19,0.0,288.60297,293.09787,284.33572,4.9024533e-05
1983-04-20,0.0,289.84863,295.75793,286.1865,4.94654e-05
1983-04-21,0.0,291.33725,298.0538,282.90833,4.8881095e-05
1983-04-22,6.966217e-06,285.8708,291.00003,285.0192,1.8580527e-05
1983-04-23,8.833416e-05,288.13297,294.30576,282.79788,4.108575e-05
1983-04-24,0.0,289.3167,295.4295,285.28165,5.4683605e-05
1983-04-25,0.0,289.1128,295.40964,280.0813,5.6505698e-05
1983-04-26,0.0,290.36807,296.8467,284.22302,5.6948833e-05
1983-04-27,0.0,290.97006,295.94394,284.29715,5.6362733e-05
1983-04-28,0.0,290.24112,295.09586,284.84653,3.8778682e-05
1983-04-29,0.0,291.6014,297.29324,283.55762,5.0880975e-05
1983-04-30,0.0,290.2579,295.99936,281.83,4.6516045e-05
1983-05-01,0.0,291.41888,297.27304,287.55444,5.165016e-05
1983-05-02,1.9754374e-05,285.74814,293.2943,282.12445,4.5369765e-05
1983-05-03,3.8442448e-07,285.31876,293.3793,275.42664,3.613513e-05
1983-05-04,1.1858482e-05,284.9535,293.7554,277.64493,3.2652064e-05
1983-05-05,2.8516228e-05,285.4717,291.55542,279.619,3.1991643e-05
1983-05-06,1.7048735e-07,286.18823,292.52988,278.3857,3.8701197e-05
1983-05-07,0.0,285.561,291.15634,275.88733,3.773084e-05
1983-05-08,1.7389428e-05,285.03824,287.7722,282.35602,1.8214e-05
1983-05-09,0.00033238548,283.94254,287.36185,282.1437,1.9670446e-05
1983-05-10,2.3599769e-05,287.21326,292.31683,279.16254,4.251561e-05
1983-05-11,2.8852693e-08,289.2186,293.22992,283.38705,3.8489045e-05
1983-05-12,5.435448e-08,290.63333,295.80463,285.4173,4.2983334e-05
1983-05-13,0.0,292.29163,298.19467,286.4194,6.199593e-05
1983-05-14,0.0,294.2836,298.69348,286.91388,5.949159e-05
1983-05-15,0.0,296.1934,302.24753,288.7119,5.779603e-05
1983-05-16,0.0,293.81912,300.92505,285.96664,4.748995e-05
1983-05-17,0.0,294.4774,300.2772,285.98288,5.7733225e-05
1983-05-18,0.0,292.7765,299.41516,284.06424,5.4624026e-05
1983-05-19,0.0,291.6716,298.10898,282.6872,6.37389e-05
1983-05-20,0.0,290.8689,296.97903,281.881,4.9911952e-05
1983-05-21,0.0,294.26376,300.03442,286.35754,4.421553e-05
1983-05-22,0.0,294.85257,301.07437,286.54892,4.0012488e-05
1983-05-23,2.459031e-05,289.95514,295.37244,287.36194,2.7544282e-05
1983-05-24,5.838218e-05,286.26074,289.71524,284.80844,2.4098104e-05
1983-05-25,0.00017067816,285.8626,290.36136,280.44293,3.1028037e-05
1983-05-26,5.774526e-07,285.15787,289.9487,281.47595,2.8928722e-05
1983-05-27,4.512244e-05,284.13016,286.5555,281.98917,1.9220022e-05
1983-05-28,8.2390565e-05,286.80542,291.12994,282.85754,3.1014988e-05
1983-05-29,0.0,287.50906,294.5585,280.77466,4.0506737e-05
1983-05-30,5.984633e-07,289.62152,295.73044,281.80557,4.7239435e-05
1983-05-31,1.7429137e-08,292.09686,298.0143,283.1286,5.272424e-05
1983-06-01,0.0,293.08127,300.04898,283.91043,5.5684744e-05
1983-06-02,0.0,294.42426,301.3529,285.92233,5.3772117e-05
1983-06-03,3.560251e-05,293.16742,299.64218,287.3389,5.3105872e-05
1983-06-04,0.0,294.7217,301.46384,287.05313,5.5628192e-05
1983-06-05,7.348035e-06,296.45493,302.69116,287.1078,6.132303e-05
1983-06-06,2.880232e-05,288.19647,296.45642,286.12704,3.0347926e-05
1983-06-07,7.709393e-05,287.41556,292.68253,283.14777,5.068158e-05
1983-06-08,3.8276312e-07,289.3318,295.91962,280.2302,5.1883442e-05
1983-06-09,0.0,292.8327,301.31866,282.5766,5.685109e-05
1983-06-10,2.9504658e-06,292.39368,301.64484,286.488,4.6744102e-05
1983-06-11,9.190296e-05,290.97455,296.00543,286.88812,3.3460172e-05
1983-06-12,5.367312e-06,291.7997,297.1548,284.80838,4.975491e-05
1983-06-13,1.9945253e-06,290.3485,296.97263,285.3324,3.6777976e-05
1983-06-14,1.0117185e-05,290.92316,296.27948,285.9428,3.9788767e-05
1983-06-15,1.5503449e-05,289.7616,294.33084,287.2051,4.2940606e-05
1983-06-16,0.0,286.33762,289.54178,281.25345,3.63398e-05
1983-06-17,2.361153e-06,287.1601,290.65237,284.21503,3.5832083e-05
1983-06-18,0.0,286.86664,290.46823,280.9017,3.107661e-05
1983-06-19,0.0,286.9352,289.0343,283.3968,2.225382e-05
1983-06-20,0.0003195483,289.2474,292.05148,284.9464,2.3533428e-05
1983-06-21,4.3605894e-05,290.33908,295.77704,286.86267,3.4420853e-05
1983-06-22,0.0,290.43484,295.4447,284.6115,3.190548e-05
1983-06-23,0.00017035443,290.7721,296.71768,286.9817,5.0120518e-05
1983-06-24,0.0,291.74014,297.94308,283.33948,5.041079e-05
1983-06-25,0.0,293.8409,300.1067,284.4751,5.5118202e-05
1983-06-26,0.0,294.1473,300.96622,286.93716,5.1433624e-05
1983-06-27,2.1134988e-06,295.01587,301.1886,287.68176,5.3299027e-05
1983-06-28,4.0492285e-08,290.4932,295.1565,287.57236,2.8935185e-05
1983-06-29,0.00016362156,289.1778,294.12067,285.3236,5.223893e-05
1983-06-30,2.007909e-06,290.726,297.08237,283.01175,4.9697774e-05
1983-07-01,0.0,292.07986,298.78284,283.48425,5.3479336e-05
1983-07-02,2.4634777e-05,293.15097,298.5486,287.85895,5.0003702e-05
1983-07-03,1.9113497e-06,294.00055,299.9487,286.56427,5.2052717e-05
1983-07-04,0.0,295.0889,301.24905,287.12695,5.2667714e-05
1983-07-05,0.0,295.62155,302.55707,288.4471,5.5594668e-05
1983-07-06,0.0,296.3932,302.9897,288.3532,5.536181e-05
1983-07-07,0.0,296.0575,302.80432,289.22534,5.5867702e-05
1983-07-08,6.4664982e-06,293.9837,299.6244,290.25946,3.8756276e-05
1983-07-09,1.0060443e-06,295.92993,302.5075,289.30527,6.495917e-05
1983-07-10,0.0,296.87762,303.75363,288.79956,5.990439e-05
1983-07-11,0.0,294.49997,303.49747,290.48517,5.287103e-05
1983-07-12,4.128859e-05,294.06244,299.1498,288.6789,3.5834488e-05
1983-07-13,1.3515009e-05,295.6795,302.24307,290.56076,5.8316735e-05
1983-07-14,4.042457e-05,293.81488,299.10706,287.9948,4.335688e-05
1983-07-15,1.843585e-05,293.64603,299.7587,286.76297,4.9656417e-05
1983-07-16,0.0,295.49414,302.58804,287.98056,5.8759873e-05
1983-07-17,0.0,296.46118,304.15472,287.99246,5.782626e-05
1983-07-18,0.0,297.77304,305.41983,288.36118,6.435595e-05
1983-07-19,5.51089e-07,298.82904,307.4431,290.93896,6.0018094e-05
1983-07-20,1.096786e-05,294.46005,303.66037,290.98862,4.80181e-05
1983-07-21,6.622569e-05,290.36673,295.15747,287.58585,3.6465877e-05
1983-07-22,0.0,292.81528,299.87585,283.94507,5.1997606e-05
1983-07-23,0.0,297.19867,305.17142,286.42938,5.7060915e-05
1983-07-24,0.0,295.29904,304.2374,290.00626,4.861111e-05
1983-07-25,2.7782764e-05,295.60834,301.4965,288.8948,5.448746e-05
1983-07-26,0.0,296.85724,304.1596,288.7546,5.4495737e-05
1983-07-27,0.0,299.2105,307.37668,290.32468,5.8098223e-05
1983-07-28,0.0,299.6424,309.1506,292.81702,5.8045192e-05
1983-07-29,1.2998752e-05,294.70593,298.79276,291.6456,3.0769046e-05
1983-07-30,4.9635666e-05,296.7485,304.1002,289.43558,5.4623233e-05
1983-07-31,0.0,297.49997,304.43234,288.3093,5.823672e-05
1983-08-01,0.0,299.03595,306.43478,289.3011,6.8949215e-05
1983-08-02,3.5583896e-06,295.20743,302.1117,291.07004,4.8044145e-05
1983-08-03,0.0003301425,289.61154,291.95242,287.81964,2.4827546e-05
1983-08-04,0.00015936559,288.6632,294.04474,284.55496,3.0205687e-05
1983-08-05,3.0641388e-06,289.64658,295.75317,284.36514,3.718599e-05
1983-08-06,4.227052e-05,289.30276,294.0205,284.81912,2.9559957e-05
1983-08-07,9.745166e-06,289.6291,294.23837,285.59528,2.8931358e-05
1983-08-08,3.1399406e-05,291.92264,297.06213,287.4537,3.8121903e-05
1983-08-09,1.9548488e-06,293.91864,300.44498,286.7938,4.8374608e-05
1983-08-10,0.0,294.2374,301.19855,288.35638,4.4933335e-05
1983-08-11,1.7064e-05,294.45294,300.5031,287.95856,4.408254e-05
1983-08-12,0.0,294.4159,300.5874,288.5894,4.4381697e-05
1983-08-13,2.974398e-07,291.64233,296.2431,288.05768,3.6357247e-05
1983-08-14,3.659913e-06,289.35593,296.4988,281.33423,3.962555e-05
1983-08-15,0.0,291.0015,297.71863,283.8273,4.826542e-05
1983-08-16,0.0,292.46185,299.28012,283.14288,4.934629e-05
1983-08-17,0.0,292.35004,299.82822,286.6094,3.921445e-05
1983-08-18,1.817388e-05,293.57336,299.68555,289.09598,3.914073e-05
1983-08-19,2.0829213e-05,294.01562,301.1662,287.58917,4.5258246e-05
1983-08-20,9.79536e-07,294.7106,302.32025,288.35797,4.7336187e-05
1983-08-21,0.0,294.55423,302.81815,287.57043,5.0964638e-05
1983-08-22,0.0,294.9071,303.18176,286.65427,4.6431614e-05
1983-08-23,9.346149e-09,295.2945,302.9031,289.25662,4.1565814e-05
1983-08-24,0.0,293.82367,300.5573,287.41855,2.8867644e-05
1983-08-25,4.942491e-06,292.06137,296.79175,289.86758,2.3148148e-05
1983-08-26,8.760317e-06,293.9304,299.45526,289.6263,3.0405981e-05
1983-08-27,0.0,294.39188,301.91202,287.089,4.1710555e-05
1983-08-28,0.0,294.80032,302.59897,288.45044,3.9863367e-05
1983-08-29,0.0,292.67447,301.61765,285.83905,3.3000873e-05
1983-08-30,0.0002822965,291.9428,295.35733,289.53558,2.3884084e-05
1983-08-31,0.0,292.99014,298.66443,289.10522,3.6368423e-05
1983-09-01,2.399802e-06,292.25067,299.3817,285.94977,4.0297848e-05
1983-09-02,0.0,292.91675,299.2949,285.7637,3.1890744e-05
1983-09-03,4.8027777e-09,291.15958,299.95157,287.3739,3.301577e-05
1983-09-04,0.00016487244,288.09027,294.8926,283.13162,2.8111986e-05
1983-09-05,0.0,288.9645,296.97287,280.95465,3.246611e-05
1983-09-06,0.0,291.33096,297.38925,285.7421,3.125e-05
1983-09-07,0.00016142253,286.90192,291.35754,284.96347,1.9667421e-05
1983-09-08,1.7453434e-05,286.6244,293.51666,281.06635,3.4833396e-05
1983-09-09,0.0,291.58447,298.34924,282.23154,4.4203356e-05
1983-09-10,0.0,295.58582,300.9068,289.34482,6.1842664e-05
1983-09-11,0.0,292.1678,300.04224,288.72943,3.1659783e-05
1983-09-12,4.8686645e-05,286.85257,289.7717,285.01938,1.7203025e-05
1983-09-13,4.033207e-05,286.83218,293.8676,281.8252,2.609459e-05
1983-09-14,0.0,288.57486,295.92856,280.72156,2.9345974e-05
1983-09-15,0.0,291.0906,297.359,282.99426,3.4253222e-05
1983-09-16,0.0,291.98447,297.9822,285.97095,3.6537433e-05
1983-09-17,0.0002902218,284.7054,291.85474,281.82156,1.3866074e-05
1983-09-18,5.8405814e-05,286.46918,292.9354,281.8887,2.8881832e-05
1983-09-19,0.0,287.87967,295.5161,281.14902,2.8495906e-05
1983-09-20,0.0,290.0677,298.16687,281.43155,2.7705084e-05
1983-09-21,0.0,288.87265,295.7853,280.52606,2.4635243e-05
1983-09-22,0.0,291.51984,298.5689,284.62045,2.57469e-05
1983-09-23,0.0,286.56528,292.27808,283.22668,1.8594432e-05
1983-09-24,0.0,286.39642,294.25143,279.87204,2.199736e-05
1983-09-25,2.054791e-05,285.18982,292.86203,280.0064,2.5972684e-05
1983-09-26,2.7480903e-05,284.99417,291.78265,279.78427,2.8244916e-05
1983-09-27,0.0,283.8715,293.95972,274.09128,2.0696665e-05
1983-09-28,0.0,285.4352,294.5609,275.79697,2.200197e-05
1983-09-29,0.0,286.0644,293.23825,279.89377,1.7991097e-05
1983-09-30,0.0,288.85193,297.64005,281.44794,2.6497772e-05
1983-10-01,0.0,283.7733,289.52924,281.0259,2.188352e-05
1983-10-02,0.0,281.1604,287.8871,273.1564,1.5053625e-05
1983-10-03,0.0,286.8782,295.3173,277.6162,1.5603773e-05
1983-10-04,0.0,288.7711,297.74234,281.07175,2.2070186e-05
1983-10-05,0.0,288.89908,298.19165,282.0486,1.7227549e-05
1983-10-06,0.0,289.74008,298.06772,282.4749,2.5227304e-05
1983-10-07,8.151602e-07,286.38684,292.8906,280.5077,1.5312193e-05
1983-10-08,0.0,285.24472,293.17764,278.71912,1.3909294e-05
1983-10-09,0.0,284.58887,291.1514,279.9944,1.6203703e-05
1983-10-10,1.6103853e-06,286.42566,293.24393,281.40015,1.9704119e-05
1983-10-11,0.0,284.72116,291.515,280.42657,1.0684377e-05
1983-10-12,0.00047453327,282.1384,288.73083,279.22955,1.6827036e-05
1983-10-13,0.0,282.60596,290.66068,275.25528,1.725487e-05
1983-10-14,0.0,286.06985,293.03265,278.67108,2.0886164e-05
1983-10-15,0.0,289.78363,293.95618,284.91403,2.6916574e-05
1983-10-16,0.0,290.1632,294.7411,285.74002,3.4405264e-05
1983-10-17,1.9399462e-05,281.8881,290.04056,281.62396,8.130294e-06
1983-10-18,0.000593378,281.5326,287.91257,278.1585,1.6727425e-05
1983-10-19,0.0,281.95227,289.36993,273.5179,1.3204045e-05
1983-10-20,0.0,286.20087,291.69397,278.89792,1.2948315e-05
1983-10-21,2.9114015e-06,281.1934,285.1034,281.38806,1.1000592e-05
1983-10-22,1.2021244e-05,278.90878,283.75443,273.1467,1.1565568e-05
1983-10-23,0.0,277.64886,284.73557,273.46454,9.817748e-06
1983-10-24,0.0,277.38553,283.70148,270.52396,7.1790164e-06
1983-10-25,0.0,277.6229,284.69104,271.3181,8.913653e-06
1983-10-26,0.0,280.75714,286.13132,272.26727,9.048527e-06
1983-10-27,0.0,281.6044,290.95953,276.15103,1.2350656e-05
1983-10-28,0.0,280.9263,288.70065,274.81808,8.459945e-06
1983-10-29,0.0,281.35202,284.57602,275.74066,7.5235616e-06
1983-10-30,1.3657335e-06,281.09842,283.11356,279.29092,5.7936572e-06
1983-10-31,0.0,280.11533,282.54926,278.83905,5.787037e-06
1983-11-01,0.0,278.67404,285.28714,274.3724,1.156051e-05
1983-11-02,0.0,277.7842,285.44724,270.70285,7.0314754e-06
1983-11-03,0.0,279.85162,284.5217,272.45587,6.809672e-06
1983-11-04,0.0,281.02216,282.31473,277.3599,5.785191e-06
1983-11-05,0.0,280.1841,282.19528,278.42288,5.7216675e-06
1983-11-06,0.0,279.3997,286.36142,275.10016,6.9419216e-06
1983-11-07,0.0,278.8972,280.98532,276.06937,4.6296295e-06
1983-11-08,0.0,278.24255,279.69543,275.91815,4.6296295e-06
1983-11-09,0.0,277.45874,283.56573,273.6571,6.1139986e-06
1983-11-10,0.0,275.91766,278.70654,271.0477,4.6296295e-06
1983-11-11,9.835847e-09,277.5001,278.50354,273.68802,4.6296295e-06
1983-11-12,0.0,274.06628,279.89767,270.68222,1.0160248e-05
1983-11-13,0.0,272.25555,278.78223,266.57632,8.356347e-06
1983-11-14,1.2628203e-06,268.72556,271.82968,264.8419,4.1232943e-06
1983-11-15,5.7334997e-08,268.2771,273.8515,261.13504,4.6296295e-06
1983-11-16,0.0,271.91293,277.90747,267.77057,1.2018431e-06
1983-11-17,0.0,271.8558,278.19373,267.18402,5.6842127e-06
1983-11-18,0.0,270.47543,276.468,265.84628,2.9722373e-06
1983-11-19,0.0,269.6724,274.2305,264.6164,2.9532619e-06
1983-11-20,0.0,268.86612,275.3984,263.8771,2.3148148e-06
1983-11-21,0.0,270.09808,273.81235,265.4712,3.4722223e-06
1983-11-22,0.0,270.26196,274.69705,264.4473,4.4374196e-06
1983-11-23,0.0,270.57242,276.65714,264.53098,1.7946721e-06
1983-11-24,0.0,269.9628,276.15036,265.07922,3.0924919e-06
1983-11-25,0.0,269.53525,271.64835,266.35492,2.3148148e-06
1983-11-26,0.0,275.86185,280.47437,268.56815,7.2649195e-06
1983-11-27,6.9294283e-06,281.82083,285.67664,272.69415,5.787037e-06
1983-11-28,0.00029164026,277.5941,281.77716,272.82162,4.000317e-06
1983-11-29,0.0,277.6327,283.20056,272.46188,3.7444509e-06
1983-11-30,0.0,274.99063,280.70422,271.7596,9.767227e-06
1983-12-01,5.6558515e-06,271.41812,272.9917,269.07202,1.0711486e-05
1983-12-02,0.0,269.86325,272.65707,267.7409,7.2252706e-06
1983-12-03,0.0,269.03812,270.13367,266.75946,4.060274e-06
1983-12-04,0.0,271.1237,273.70737,268.0608,3.4637162e-06
1983-12-05,0.0,271.43692,277.9759,265.20975,2.0509176e-06
1983-12-06,0.0,271.8875,275.07562,265.34387,2.3148148e-06
1983-12-07,1.8135356e-07,272.94647,278.3466,269.0974,8.101852e-06
1983-12-08,0.0,271.29312,275.92148,267.11108,6.904724e-06
1983-12-09,0.0,270.49594,275.26617,264.9608,3.4722223e-06
1983-12-10,0.0,270.07928,272.29425,266.66058,2.7394085e-06
1983-12-11,3.2351247e-06,271.66547,273.6378,268.30615,4.7374483e-06
1983-12-12,0.0,268.65598,272.38507,265.3486,2.3148148e-06
1983-12-13,0.0,265.57596,269.5758,265.4572,2.3148148e-06
1983-12-14,0.0,268.2376,269.61734,265.57257,2.474609e-06
1983-12-15,0.0,270.00284,270.7142,268.57083,2.8802494e-06
1983-12-16,1.4619051e-06,270.5335,271.05582,269.86127,3.4423267e-06
1983-12-17,1.8162228e-06,272.54935,273.00928,270.74506,2.466602e-06
1983-12-18,1.8502715e-05,276.5792,279.03757,270.97452,3.3770261e-06
1983-12-19,1.5788246e-05,283.41357,286.91754,275.37473,8.599368e-06
1983-12-20,6.888236e-05,278.10178,284.55038,276.28882,3.4722223e-06
1983-12-21,6.377559e-05,278.43896,283.87274,272.62778,5.4405227e-06
1983-12-22,1.1168811e-05,278.2173,279.84738,276.49606,3.4740683e-06
1983-12-23,4.4153185e-05,277.9076,280.31073,273.9855,3.4722223e-06
1983-12-24,1.5862399e-09,278.5754,281.31476,274.80588,3.4836144e-06
1983-12-25,0.0,278.2456,281.52005,273.6707,4.3463583e-06
1983-12-26,0.0,279.42203,285.38232,272.37335,8.161173e-06
1983-12-27,2.2764598e-05,276.89087,282.23376,272.40695,1.1574074e-05
1983-12-28,0.0,277.90515,285.4496,272.31757,5.863448e-06
1983-12-29,0.0,276.94962,284.1989,272.75137,1.3944468e-06
1983-12-30,0.0,276.3274,278.54596,271.0929,2.3104449e-06
1983-12-31,0.0,275.77866,281.0112,272.4803,3.4665482e-06
1984-01-01,0.0,278.1238,280.71466,272.63632,3.8699945e-06
1984-01-02,0.0,277.06857,284.29633,271.66635,4.802545e-06
1984-01-03,0.0,281.71713,285.45227,270.0377,1.7468896e-05
1984-01-04,0.00014746813,273.68967,283.53058,273.25534,3.4722223e-06
1984-01-05,8.6140666e-05,271.9156,275.61844,269.32462,2.3148148e-06
1984-01-06,2.012578e-07,270.99603,274.98178,265.63477,2.5192476e-06
1984-01-07,0.0,273.1956,276.84814,271.9217,4.6296295e-06
1984-01-08,7.120168e-06,272.54736,273.0075,270.04333,2.3148148e-06
1984-01-09,0.00016626692,272.74957,275.0631,271.1749,3.2191729e-06
1984-01-10,0.0,269.6306,273.25586,264.69864,2.8524619e-06
1984-01-11,0.0,262.88013,272.30017,258.2207,3.2370706e-06
1984-01-12,0.0,263.29196,266.41736,254.48978,1.3430026e-06
1984-01-13,0.0,269.64587,272.5281,261.39792,3.252174e-06
1984-01-14,0.0,275.5417,278.64914,268.6008,9.738863e-06
1984-01-15,2.3296941e-05,274.85956,279.9236,274.03967,4.6296295e-06
1984-01-16,5.0434617e-05,273.7438,278.58817,270.3815,3.4722223e-06
1984-01-17,0.0,277.5745,280.20648,270.46716,9.272827e-06
1984-01-18,6.151472e-05,274.0551,279.58145,271.79956,4.302088e-06
1984-01-19,0.0,271.09155,273.8165,267.3911,3.4722223e-06
1984-01-20,4.011126e-05,272.4427,274.09564,271.90012,2.3148148e-06
1984-01-21,3.05094e-05,271.41986,273.18256,269.05936,3.1546738e-06
1984-01-22,0.000117218086,270.66495,272.4435,269.53284,2.3148148e-06
1984-01-23,1.9601525e-06,271.91235,272.80304,270.14178,2.3148148e-06
1984-01-24,4.4687826e-05,273.30725,273.92236,271.99652,2.3148148e-06
1984-01-25,0.00024168,272.65997,277.30435,268.36487,5.49294e-06
1984-01-26,0.0,268.555,277.19876,264.6644,4.6296295e-06
1984-01-27,0.0,271.399,277.26678,258.133,6.9444445e-06
1984-01-28,0.0,272.95578,279.12634,268.8436,6.081886e-06
1984-01-29,3.9103208e-05,272.80643,274.03204,271.04446,3.4722223e-06
1984-01-30,6.7903966e-05,272.79703,274.05453,271.50204,2.6727355e-06
1984-01-31,1.6558278e-06,272.5123,276.89713,271.56555,3.673339e-06
1984-02-01,5.0811714e-06,272.5749,275.34464,268.92462,3.2844916e-06
1984-02-02,3.6803143e-05,273.81653,275.36475,272.751,3.4708826e-06
1984-02-03,0.0,274.53528,275.47913,273.10257,3.4722223e-06
1984-02-04,2.0583184e-05,274.76093,276.61038,269.95212,3.6820834e-06
1984-02-05,1.5566657e-06,273.87234,277.7987,267.7689,4.0416826e-06
1984-02-06,1.8747454e-05,275.36026,278.01035,268.7812,4.1364437e-06
1984-02-07,8.671425e-05,277.00543,282.0388,272.49866,9.226745e-06
1984-02-08,0.0,273.38773,278.236,268.3124,7.1236323e-06
1984-02-09,0.0,275.42957,279.45883,271.9607,1.3873784e-05
1984-02-10,0.0,274.6277,276.83438,273.49353,1.9410905e-05
1984-02-11,0.0,272.66263,275.9148,269.80322,1.26557225e-05
1984-02-12,0.0,271.73984,274.72632,269.53256,1.4601513e-05
1984-02-13,0.0,271.67566,273.50302,268.0808,1.2133994e-05
1984-02-14,2.251568e-06,269.4562,272.64136,268.71686,6.2206896e-06
1984-02-15,9.893892e-06,268.61398,271.15707,266.10858,4.279596e-06
1984-02-16,1.6226301e-06,269.4018,271.25433,267.9975,5.7023526e-06
1984-02-17,2.4086357e-06,269.6142,272.23273,267.7343,4.7551725e-06
1984-02-18,0.0,271.59146,274.1979,268.87402,7.89926e-06
1984-02-19,1.3625552e-05,271.1616,273.066,270.2552,3.896008e-06
1984-02-20,2.1060687e-05,271.50635,273.3404,270.19666,4.624462e-06
1984-02-21,0.0,271.29065,274.67804,269.8903,5.787037e-06
1984-02-22,0.0,271.46246,273.03616,267.58853,3.9882943e-06
1984-02-23,3.715332e-05,272.79132,273.9148,272.03085,3.976923e-06
1984-02-24,0.00027871164,273.48935,274.82095,271.6096,4.6296295e-06
1984-02-25,3.337638e-05,274.26694,276.1437,273.60236,4.6296295e-06
1984-02-26,8.0370475e-05,274.462,276.80655,273.1351,5.717804e-06
1984-02-27,4.2460153e-05,275.0872,279.3495,273.5929,6.627273e-06
1984-02-28,0.0,274.95407,277.6655,273.3342,5.787037e-06
1984-02-29,0.0,273.7623,276.42316,272.5132,5.533919e-06
1984-03-01,9.206706e-09,275.54825,277.77197,273.1457,7.0401397e-06
1984-03-02,0.00010042134,274.52448,276.12137,273.61816,5.787037e-06
1984-03-03,2.7708093e-05,275.33984,277.44717,271.23544,1.1308752e-05
1984-03-04,1.664257e-05,276.39398,278.21954,274.20352,1.5125235e-05
1984-03-05,1.2083483e-06,275.2443,279.13806,273.6665,1.7204366e-05
1984-03-06,2.1847834e-06,277.65625,281.9603,272.22195,2.0103787e-05
1984-03-07,0.0,278.4467,283.30695,271.52945,1.8136083e-05
1984-03-08,1.2253288e-07,275.4846,278.9391,274.2361,1.7490722e-05
1984-03-09,0.0,274.9107,278.5957,272.68866,2.0403308e-05
1984-03-10,3.8789625e-07,275.07693,279.325,272.38153,1.6216867e-05
1984-03-11,0.0,275.2881,279.515,272.753,1.7225228e-05
1984-03-12,8.888764e-07,274.09766,276.97516,272.71606,1.1635805e-05
1984-03-13,0.0,277.0073,280.6928,272.18472,1.2574304e-05
1984-03-14,0.0,277.7395,280.75742,275.06784,1.0786868e-05
1984-03-15,0.0,277.15543,279.6623,274.10205,1.3034053e-05
1984-03-16,0.0,277.23853,280.61765,273.46173,1.2714457e-05
1984-03-17,0.0,277.9382,282.57767,273.5796,1.3899846e-05
1984-03-18,0.0,276.99884,282.7736,271.10355,1.7975874e-05
1984-03-19,1.429978e-06,272.59167,277.35074,270.23776,1.84219e-05
1984-03-20,0.0,271.94217,277.27274,266.5951,1.857788e-05
1984-03-21,0.0,274.46112,280.53412,266.67767,1.8111716e-05
1984-03-22,0.0,276.94522,282.71964,269.68597,1.9436042e-05
1984-03-23,0.0,277.36282,284.1838,270.3068,1.9496338e-05
1984-03-24,0.0,278.9643,286.1393,271.7229,2.3141862e-05
1984-03-25,0.0,283.12622,287.7649,272.92065,2.574615e-05
1984-03-26,4.4084913e-06,281.04117,288.45346,274.42828,2.4577545e-05
1984-03-27,9.892281e-06,282.89532,289.5243,271.94186,2.9595954e-05
1984-03-28,0.0,285.23044,290.56677,280.51804,4.2157542e-05
1984-03-29,0.0,285.66757,290.6413,282.64767,3.2324195e-05
1984-03-30,0.00021991348,278.13257,284.98218,276.81195,1.2215706e-05
1984-03-31,0.00015296105,279.28568,284.76352,274.70483,2.4770758e-05
1984-04-01,0.0,281.9276,285.91367,273.88562,2.4389414e-05
1984-04-02,0.0,281.08423,283.3832,280.13913,1.3259068e-05
1984-04-03,7.115609e-05,279.07385,282.9517,278.09378,1.5042354e-05
1984-04-04,0.00015187611,278.0201,279.7648,275.55676,1.2478433e-05
1984-04-05,1.0480981e-05,279.82574,283.30106,274.73557,1.8226123e-05
1984-04-06,0.0,283.34067,286.9361,278.14337,2.008684e-05
1984-04-07,3.6925792e-06,284.5866,289.0367,282.0267,2.4361803e-05
1984-04-08,7.768199e-06,284.04294,288.7218,281.22824,2.7077613e-05
1984-04-09,4.3222235e-06,281.242,284.4279,279.8903,1.8648061e-05
1984-04-10,4.6199973e-05,281.47864,285.70975,279.96753,1.7161059e-05
1984-04-11,2.4549922e-06,281.73862,286.0906,277.43787,1.871752e-05
1984-04-12,5.728519e-08,282.39667,286.91806,276.57623,2.159371e-05
1984-04-13,6.485506e-05,282.32642,284.6713,279.58182,1.675523e-05
1984-04-14,1.7228469e-05,284.21985,290.6992,279.88724,3.1113017e-05
1984-04-15,0.0,285.54214,292.6795,277.61517,3.7809823e-05
1984-04-16,0.0,287.04398,293.2342,278.2977,3.4969962e-05
1984-04-17,1.1348082e-05,281.46548,287.50037,279.52332,2.9037115e-05
1984-04-18,1.3020415e-06,282.76077,286.24716,279.7447,3.714635e-05
1984-04-19,0.0,281.94513,287.0207,277.1479,3.9640432e-05
1984-04-20,0.0,281.70428,288.07318,273.40186,3.2307722e-05
1984-04-21,0.0,283.5312,289.77835,275.36478,3.178481e-05
1984-04-22,0.0,284.7735,290.8161,278.45102,3.1877178e-05
1984-04-23,9.178712e-07,286.69193,294.04672,281.72723,3.4138448e-05
1984-04-24,0.0,284.04178,288.05054,281.84784,3.3820117e-05
1984-04-25,1.4400855e-06,285.27094,290.1554,277.95975,4.193331e-05
1984-04-26,0.0,287.39072,292.60974,277.89377,3.9756087e-05
1984-04-27,5.6707127e-06,279.0364,288.58432,276.23685,4.3721342e-05
1984-04-28,7.916297e-08,278.31137,283.0955,271.25388,2.3140126e-05
1984-04-29,3.3811355e-06,279.67172,284.95956,272.37155,2.7805587e-05
1984-04-30,0.0,279.7464,285.4241,273.24472,1.9292547e-05
1984-05-01,6.17301e-05,282.1514,286.8568,276.74982,2.3242508e-05
1984-05-02,0.0,287.94476,294.9285,275.868,5.1900282e-05
1984-05-03,0.0,290.16965,294.39493,283.98767,4.6607303e-05
1984-05-04,0.0,292.33533,298.53555,284.7014,4.1685464e-05
1984-05-05,0.0,291.68912,298.22458,281.57855,4.2716627e-05
1984-05-06,0.0,291.1294,297.1818,282.05966,3.9175113e-05
1984-05-07,3.8751464e-06,289.27725,296.6215,284.2574,4.415184e-05
1984-05-08,8.747219e-05,280.0836,286.43054,279.42685,1.8912293e-05
1984-05-09,0.00013489886,281.70905,284.73395,277.2432,2.1651864e-05
1984-05-10,3.984513e-05,280.21948,282.02097,279.58405,1.5890024e-05
1984-05-11,8.177721e-05,280.89352,282.18152,279.12515,1.6895861e-05
1984-05-12,1.4158538e-05,283.6113,285.75516,279.84998,1.941662e-05
1984-05-13,6.243922e-06,283.3396,286.04453,281.99408,1.8188788e-05
1984-05-14,2.7748585e-05,285.15796,290.25305,281.51648,2.6449883e-05
1984-05-15,1.9523563e-05,286.4804,292.24298,277.96594,3.7174887e-05
1984-05-16,1.3052851e-06,287.72678,294.82388,280.6548,3.7808582e-05
1984-05-17,1.3670788e-05,288.69388,292.8826,281.96768,5.3605814e-05
1984-05-18,0.0,289.5292,294.8342,279.5965,5.289455e-05
1984-05-19,0.0,291.25806,296.72888,285.01913,5.2972857e-05
1984-05-20,0.0,293.54572,298.99042,284.78433,5.5031698e-05
1984-05-21,0.00013252204,288.08322,294.02966,287.2959,3.5266843e-05
1984-05-22,2.2008704e-05,287.4226,292.49283,283.67334,4.096163e-05
1984-05-23,5.874612e-06,284.71866,288.94006,282.98584,3.1241496e-05
1984-05-24,1.8372892e-05,286.57443,293.3923,281.828,4.0997576e-05
1984-05-25,2.348089e-06,286.4836,292.64374,278.7132,4.0740357e-05
1984-05-26,3.610806e-06,287.75238,294.55334,280.92236,3.8839382e-05
1984-05-27,2.656475e-06,289.03455,293.71844,284.53207,4.3691805e-05
1984-05-28,5.811236e-05,285.79135,287.7893,284.11774,2.3164328e-05
1984-05-29,5.024442e-05,285.52103,291.59927,280.82303,3.543845e-05
1984-05-30,2.2322949e-05,283.71976,289.0024,279.26614,3.0084086e-05
1984-05-31,1.0811867e-05,287.29092,294.3376,278.43088,4.256454e-05
1984-06-01,0.0,289.9015,295.545,281.2085,4.4231852e-05
1984-06-02,0.0,292.46185,299.37003,283.17847,5.5386925e-05
1984-06-03,0.0,293.03842,299.4052,284.576,5.7832145e-05
1984-06-04,1.4958257e-08,289.66537,294.21423,285.5471,3.739932e-05
1984-06-05,1.4296319e-06,291.0693,295.62866,286.3896,5.11619e-05
1984-06-06,8.941946e-08,289.49585,294.64795,287.29153,5.537892e-05
1984-06-07,4.4597705e-08,285.1531,289.62842,280.02866,2.3784274e-05
1984-06-08,1.810547e-05,287.84207,294.32144,280.7767,3.8080892e-05
1984-06-09,2.535443e-05,289.30054,295.81778,284.28647,5.1245002e-05
1984-06-10,2.1959258e-07,291.4596,296.78055,282.6657,5.421808e-05
1984-06-11,7.4745926e-06,290.02618,296.5038,285.3046,3.7104906e-05
1984-06-12,7.7820056e-05,286.5675,292.095,283.9606,4.5913883e-05
1984-06-13,0.0,288.88715,295.31625,280.1594,5.172488e-05
1984-06-14,0.0,294.83188,301.48495,284.09164,6.85467e-05
1984-06-15,2.6656597e-05,289.18628,295.0484,287.3263,3.107104e-05
1984-06-16,6.0783856e-05,287.57715,292.825,282.26294,4.074838e-05
1984-06-17,1.613857e-06,288.95132,294.59204,280.49973,4.4702516e-05
1984-06-18,4.284012e-06,290.90738,296.77182,286.6124,4.25661e-05
1984-06-19,2.0833515e-06,292.9556,299.11917,285.37723,5.3054286e-05
1984-06-20,2.1601327e-06,294.9495,301.19876,287.34286,6.143369e-05
1984-06-21,3.583447e-07,295.23166,302.4712,287.90906,5.0517563e-05
1984-06-22,8.197996e-06,292.62848,296.75742,289.65695,3.2243617e-05
1984-06-23,2.7919148e-05,291.27536,299.61307,286.873,4.283976e-05
1984-06-24,0.0002654473,285.30554,288.33472,284.0374,2.5443855e-05
1984-06-25,2.3636221e-05,288.28915,292.2624,282.30853,3.8022936e-05
1984-06-26,5.198961e-06,289.97916,295.5206,284.947,4.7314123e-05
1984-06-27,6.730903e-10,291.86594,297.64746,282.40622,5.6426597e-05
1984-06-28,0.0,295.48828,300.8518,285.3506,6.617575e-05
1984-06-29,7.217765e-05,287.27353,295.1389,286.2894,2.5651285e-05
1984-06-30,0.0002757945,288.88467,292.41528,284.54138,2.862614e-05
1984-07-01,2.5365889e-05,291.2785,295.9158,286.436,4.616576e-05
1984-07-02,0.0,291.20337,299.2996,288.8407,3.6601818e-05
1984-07-03,0.00029013,285.51337,290.5104,283.5393,2.4065788e-05
1984-07-04,0.00010902565,286.91025,292.48083,280.41473,4.054179e-05
1984-07-05,9.3193165e-07,288.2962,293.08847,283.96783,4.0160045e-05
1984-07-06,0.0,288.53323,293.0396,284.76727,3.1655967e-05
1984-07-07,9.461295e-06,286.48932,290.88358,285.06192,3.263698e-05
1984-07-08,5.054615e-05,289.13934,295.97174,281.95566,5.2836018e-05
1984-07-09,0.0,291.43317,297.51315,282.74945,5.4094842e-05
1984-07-10,0.0,294.98236,301.7599,286.34488,5.687889e-05
1984-07-11,0.0,297.23038,303.9016,289.5048,5.5825978e-05
1984-07-12,0.0,298.16956,304.666,290.39188,5.9843176e-05
1984-07-13,0.0,297.9878,301.9826,291.93414,4.286633e-05
1984-07-14,0.0,293.08347,298.70938,290.32922,5.0743645e-05
1984-07-15,0.0,291.66608,299.8906,287.17963,3.583006e-05
1984-07-16,0.00022821566,288.45306,292.76874,286.39853,3.119512e-05
1984-07-17,9.968966e-05,289.8382,294.6182,285.06525,4.3523276e-05
1984-07-18,1.137086e-05,290.17087,295.38992,286.178,4.175714e-05
1984-07-19,0.0,289.91068,296.55536,285.3476,3.564574e-05
1984-07-20,3.9994364e-05,289.82986,296.03796,286.34982,4.445234e-05
1984-07-21,4.6468235e-06,292.42133,298.56152,285.52304,5.0716928e-05
1984-07-22,0.0,293.53006,300.0162,286.9543,4.6478373e-05
1984-07-23,2.6830838e-07,292.9636,298.8737,287.32523,3.6724716e-05
1984-07-24,6.3251405e-06,290.58228,296.20316,287.55518,3.5501005e-05
1984-07-25,1.2824226e-05,292.46103,298.86133,285.499,4.3684708e-05
1984-07-26,5.9538474e-06,289.9994,293.42694,287.95267,2.1206659e-05
1984-07-27,5.8587666e-06,289.23184,294.53168,285.37137,3.52636e-05
1984-07-28,4.1243215e-06,288.87625,292.92194,285.47266,2.2612383e-05
1984-07-29,2.5476284e-06,291.46414,294.5335,287.50992,2.8554003e-05
1984-07-30,1.6011098e-06,293.98505,301.0821,286.7084,5.307423e-05
1984-07-31,0.0,296.2526,303.12784,288.11136,6.0288345e-05
1984-08-01,0.0,293.84195,302.02994,289.30215,4.9729497e-05
1984-08-02,6.9730326e-05,293.03983,298.9436,287.61502,4.226281e-05
1984-08-03,0.0,292.97284,300.04056,286.94452,4.9213926e-05
1984-08-04,0.0,293.96625,301.17218,285.81558,5.0339077e-05
1984-08-05,0.0,295.48306,302.2174,288.0439,5.417848e-05
1984-08-06,5.835569e-06,292.00787,295.75494,288.77878,2.9492776e-05
1984-08-07,0.000383199,292.59207,296.2803,289.25247,2.9572668e-05
1984-08-08,5.6347715e-05,291.54877,296.32062,288.39566,3.125465e-05
1984-08-09,0.0,292.99066,297.0731,286.9836,2.9870314e-05
1984-08-10,5.746593e-05,293.06317,298.28928,289.47836,4.717647e-05
1984-08-11,4.3797792e-07,292.61942,298.0403,288.04553,3.91967e-05
1984-08-12,7.834203e-06,292.81122,297.4656,288.71262,3.3707864e-05
1984-08-13,1.5153482e-05,291.2216,294.72723,289.7004,2.7124674e-05
1984-08-14,1.3173402e-06,290.65454,294.4475,287.92676,2.3322658e-05
1984-08-15,1.5212065e-06,291.52692,297.56555,287.36288,4.3321732e-05
1984-08-16,5.1411266e-06,291.0928,296.85635,286.2878,3.486859e-05
1984-08-17,7.91208e-05,291.03867,296.92282,285.57513,3.761951e-05
1984-08-18,4.1079347e-06,291.33038,297.69147,285.12527,4.1317435e-05
1984-08-19,0.0,290.352,295.42758,287.1839,3.8237617e-05
1984-08-20,1.005448e-06,288.7133,295.32666,283.60175,3.63306e-05
1984-08-21,0.0,289.66937,297.0432,281.98206,4.1950523e-05
1984-08-22,0.0,289.89746,297.55197,282.3981,4.0201758e-05
1984-08-23,0.0,291.3628,298.84204,283.1992,4.398148e-05
1984-08-24,0.0,293.49826,298.8644,286.9102,4.334937e-05
1984-08-25,0.0,291.48874,297.22693,288.61182,2.3568951e-05
1984-08-26,3.3590866e-05,291.50177,295.66595,288.84738,2.5291562e-05
1984-08-27,6.871961e-06,289.3989,295.07388,286.81226,3.4609267e-05
1984-08-28,0.0,287.51633,294.80466,282.79303,3.414884e-05
1984-08-29,0.0,288.16415,296.56754,279.9034,3.908308e-05
1984-08-30,0.0,291.00598,298.31485,283.6612,3.6513815e-05
1984-08-31,0.0,292.04187,299.2686,286.18137,3.6039626e-05
1984-09-01,0.0,293.10257,301.04962,285.9001,3.9321745e-05
1984-09-02,0.0,293.93933,302.34427,284.9908,4.0674397e-05
1984-09-03,0.0,294.72458,302.53268,284.62634,4.095004e-05
1984-09-04,0.0,294.16217,300.5056,285.81985,3.699292e-05
1984-09-05,0.0,295.25287,301.056,290.57797,5.1317853e-05
1984-09-06,0.0,289.2643,296.2166,288.5712,2.2028977e-05
1984-09-07,0.00016901987,287.61682,293.1347,285.29398,2.288351e-05
1984-09-08,1.3347725e-05,287.49606,293.2587,282.22287,2.5085294e-05
1984-09-09,9.50664e-05,286.45297,291.9441,283.55463,2.5484065e-05
1984-09-10,8.01412e-07,284.234,292.93332,282.13864,2.0880114e-05
1984-09-11,0.00016217984,287.37152,293.57172,279.67026,2.751948e-05
1984-09-12,0.0,288.95566,295.80048,282.736,2.3798055e-05
1984-09-13,0.0,289.74533,296.32034,284.5408,2.8634147e-05
1984-09-14,0.0,289.9077,295.98096,284.04825,2.3415809e-05
1984-09-15,0.0,289.3937,294.9942,284.4535,2.1221811e-05
1984-09-16,1.5095945e-05,288.08276,292.76505,285.64716,1.9502344e-05
1984-09-17,0.00015476896,287.3253,291.99857,282.52045,1.9138763e-05
1984-09-18,1.6141867e-08,287.551,292.739,283.27963,2.09057e-05
1984-09-19,0.0,288.84476,294.81735,283.60184,2.428377e-05
1984-09-20,0.0,289.40854,293.52704,285.01584,1.9628493e-05
1984-09-21,2.3424125e-05,286.70844,289.01132,286.19946,1.2731482e-05
1984-09-22,0.00022025775,284.79218,286.74838,284.10336,1.1574074e-05
1984-09-23,0.00010513564,286.7773,292.72278,279.48837,2.0345959e-05
1984-09-24,0.00028443435,284.1094,290.1792,282.35648,1.829016e-05
1984-09-25,7.779194e-05,281.73138,283.47522,280.6091,1.0222738e-05
1984-09-26,0.00038471862,283.71994,291.0921,278.87204,2.0522877e-05
1984-09-27,2.3914315e-06,283.49594,290.60605,278.8424,1.976864e-05
1984-09-28,0.0,285.574,292.33716,279.0993,2.0569969e-05
1984-09-29,0.0,286.71964,294.6143,280.95163,1.9842824e-05
1984-09-30,0.0,289.24902,295.81262,281.80908,2.3278486e-05
1984-10-01,0.0,288.73325,293.67136,284.42447,1.5046296e-05
1984-10-02,1.8695202e-05,286.6521,291.45392,283.66605,1.4878526e-05
1984-10-03,4.0914e-05,285.2805,290.2318,278.60196,1.6025475e-05
1984-10-04,6.1287545e-05,286.56003,291.43167,283.978,1.9675927e-05
1984-10-05,1.1660462e-08,286.09543,293.25986,282.62833,1.5123368e-05
1984-10-06,9.4323936e-05,286.52466,293.15195,282.96655,2.215048e-05
1984-10-07,4.4430884e-08,284.9749,288.11325,282.58154,1.3305665e-05
1984-10-08,5.2341197e-06,283.76028,290.88965,280.96164,1.6509008e-05
1984-10-09,0.0,283.1504,291.30414,277.3827,1.815741e-05
1984-10-10,0.0,284.08463,292.70746,276.6965,1.554405e-05
1984-10-11,0.0,286.68448,293.4772,280.3045,1.5053625e-05
1984-10-12,0.0,287.30887,290.74612,285.01086,1.0416667e-05
1984-10-13,2.4970386e-05,283.93875,288.73224,281.84714,1.130541e-05
1984-10-14,0.0,284.12976,291.38364,278.0125,1.3888889e-05
1984-10-15,0.0,285.90298,291.92395,280.39957,1.5416124e-05
1984-10-16,0.0,282.36783,288.8723,280.5606,1.4557476e-05
1984-10-17,0.0,280.0202,287.0447,276.62225,1.323029e-05
1984-10-18,0.0,284.4291,291.78787,273.38748,2.1667323e-05
1984-10-19,0.0,286.36578,293.15588,278.18036,2.7215116e-05
1984-10-20,0.0,288.8953,292.69843,284.56442,2.2777731e-05
1984-10-21,3.0112447e-05,285.01855,288.51917,284.3834,8.339726e-06
1984-10-22,1.8713654e-05,283.07773,286.4802,280.9796,9.892177e-06
1984-10-23,5.2522574e-07,283.76965,289.77032,277.30826,9.478506e-06
1984-10-24,0.0,283.63742,289.9854,278.49765,1.0416667e-05
1984-10-25,0.0,284.52274,291.5645,279.54218,1.3625936e-05
1984-10-26,0.0,288.52155,293.24307,277.50192,2.4359293e-05
1984-10-27,5.3159423e-05,284.32382,288.26138,283.73712,8.5525435e-06
1984-10-28,2.8298142e-05,282.12494,285.33487,280.4108,8.911087e-06
1984-10-29,2.745838e-06,279.66663,286.7477,274.89072,8.290245e-06
1984-10-30,0.0,279.97296,286.24847,273.09668,8.101852e-06
1984-10-31,0.0,279.126,283.42972,274.99506,6.366623e-06
1984-11-01,0.0,279.19366,279.87415,277.43292,5.764606e-06
1984-11-02,0.0,279.2498,283.22586,275.5428,7.0824317e-06
1984-11-03,0.0,277.62784,282.22845,275.3923,7.61965e-06
1984-11-04,0.0,276.2925,280.47678,272.83908,5.787037e-06
1984-11-05,0.0,276.67392,279.28488,271.71732,5.1034262e-06
1984-11-06,0.0,280.35425,287.42084,275.77493,9.097224e-06
1984-11-07,0.0,283.5805,290.59686,276.14258,1.1624373e-05
1984-11-08,0.0,283.28772,290.76636,277.1674,1.2116266e-05
1984-11-09,0.0,285.53668,290.52295,277.78467,1.7815692e-05
1984-11-10,0.0,280.311,286.21304,276.31497,6.8472805e-06
1984-11-11,0.0,280.02673,281.79407,279.1078,5.7895954e-06
1984-11-12,0.0,274.3624,279.81427,272.42365,5.4825305e-06
1984-11-13,0.0,271.81488,277.84534,268.70657,3.30194e-06
1984-11-14,0.0,273.0626,274.9797,270.63672,4.3192326e-06
1984-11-15,1.0261144e-05,272.03094,272.93845,271.2679,3.4722223e-06
1984-11-16,9.367108e-05,273.65204,274.6037,272.2963,3.4722223e-06
1984-11-17,5.1525105e-05,274.94998,276.09818,273.82968,2.776893e-06
1984-11-18,0.000141731,277.82318,279.33218,274.3211,4.2645083e-06
1984-11-19,2.5318597e-05,277.0464,278.027,275.8387,4.1192725e-06
1984-11-20,0.0001033971,277.70493,280.39697,275.75946,4.4130084e-06
1984-11-21,1.8108656e-06,277.5832,281.20068,272.91095,3.927549e-06
1984-11-22,0.0,280.7584,284.27216,273.67108,6.7759793e-06
1984-11-23,0.0,284.20236,289.06195,281.80722,1.4448057e-05
1984-11-24,0.0,286.0652,292.72238,277.56128,1.5087361e-05
1984-11-25,0.0,280.94687,287.16074,277.45047,4.8993306e-06
1984-11-26,0.0,279.86288,282.6376,276.0519,4.6239556e-06
1984-11-27,2.4123378e-06,279.30368,283.37573,276.40277,1.19907845e-05
1984-11-28,8.1970217e-07,275.7809,282.00464,271.12485,4.1009e-06
1984-11-29,0.0,272.95023,274.4574,269.55585,2.5803492e-06
1984-11-30,0.0,273.8978,274.53836,273.22574,2.5716167e-06
1984-12-01,0.0,274.1413,276.39297,274.64474,2.3148148e-06
1984-12-02,0.0,276.51654,277.59488,274.84116,3.4722223e-06
1984-12-03,0.0,275.41022,276.387,274.94748,3.6128097e-06
1984-12-04,0.0,274.7008,275.82635,273.52545,3.736504e-06
1984-12-05,0.0,274.85373,275.31903,273.92996,3.4722223e-06
1984-12-06,0.0,274.217,275.034,273.16663,3.4722223e-06
1984-12-07,0.0,273.97568,274.82504,273.65277,2.3148148e-06
1984-12-08,0.0,274.67746,274.96884,274.4681,2.3148148e-06
1984-12-09,0.0,272.83627,273.47366,273.496,2.3148148e-06
1984-12-10,0.0,273.39236,275.56082,271.69376,2.3148148e-06
1984-12-11,0.0,276.04385,281.26727,271.78165,2.1235858e-06
1984-12-12,0.0,275.01596,279.77982,271.22372,2.3208158e-06
1984-12-13,0.0,272.22882,273.49777,268.8805,2.3148148e-06
1984-12-14,0.0,273.54636,273.98224,273.30508,2.3148148e-06
1984-12-15,0.0,273.79813,274.42172,272.2807,2.3148148e-06
1984-12-16,3.4183533e-06,272.08017,273.40628,272.48663,1.7958229e-06
1984-12-17,1.210045e-06,273.09634,273.13434,271.83514,2.3148148e-06
1984-12-18,5.444511e-05,276.2993,279.9711,273.52438,1.2032117e-06
1984-12-19,2.3648376e-08,275.7763,277.79102,272.79108,2.317373e-06
1984-12-20,8.8934e-06,275.468,278.83942,273.39517,2.3148148e-06
1984-12-21,0.0,274.53403,276.07315,271.8117,2.3148148e-06
1984-12-22,0.0,273.86542,279.67404,271.62466,4.9294044e-06
1984-12-23,0.0,274.64453,277.99338,270.5625,3.4722223e-06
1984-12-24,1.7732045e-06,272.7208,274.58365,273.34598,3.3328165e-06
1984-12-25,1.4530714e-05,271.9885,272.48383,271.73715,2.3127118e-06
1984-12-26,0.000102192156,272.228,272.86478,270.9521,1.1574074e-06
1984-12-27,3.5245514e-05,270.5858,272.66537,270.90268,1.1574074e-06
1984-12-28,0.0,271.72507,272.73367,270.15198,2.9094356e-06
1984-12-29,0.0,271.85837,273.36533,270.44867,2.680233e-06
1984-12-30,6.581335e-06,270.4749,271.93488,270.2052,2.3598334e-06
1984-12-31,6.116477e-05,266.057,270.47723,263.85513,3.2700375e-06
1985-01-01,0.0,263.94925,269.04453,259.90863,1.2519189e-06
1985-01-02,0.0,263.96133,266.85168,259.29236,1.2658244e-06
1985-01-03,0.0,264.8159,267.57904,262.11182,1.1574074e-06
1985-01-04,0.0,265.7433,271.3268,258.7676,2.3148148e-06
1985-01-05,4.6558935e-07,263.8082,266.1994,263.3445,3.3560534e-06
1985-01-06,1.014211e-05,257.29492,264.2886,253.37444,1.1574074e-06
1985-01-07,0.0,254.96938,261.8372,250.61206,1.4609438e-06
1985-01-08,0.0,256.1503,261.53983,249.81325,1.1574074e-06
1985-01-09,5.5936935e-06,262.28314,263.7812,256.3787,2.3148148e-06
1985-01-10,1.1491699e-06,262.18024,268.66034,257.6998,2.8519794e-06
1985-01-11,0.0,259.22156,266.39844,253.2654,2.1927945e-06
1985-01-12,0.0,261.45,266.75574,253.66368,2.4659046e-06
1985-01-13,0.0,263.95645,266.03125,262.05875,1.1966503e-06
1985-01-14,1.8895254e-05,262.86804,264.45596,258.964,1.725136e-06
1985-01-15,6.24937e-05,267.8844,269.04544,264.8226,2.359327e-06
1985-01-16,3.7436334e-05,269.32794,270.23846,269.39056,3.2900618e-06
1985-01-17,1.9773401e-07,262.29233,270.24756,256.60855,3.9742613e-06
1985-01-18,0.0,260.21884,267.88382,255.80359,1.9836411e-06
1985-01-19,0.0,262.63458,266.50333,253.20139,1.7239878e-06
1985-01-20,0.0,268.0597,270.42215,260.2235,2.6037135e-06
1985-01-21,0.0,268.17096,272.26062,266.38547,3.9572333e-06
1985-01-22,0.0,279.6321,281.5927,264.829,4.9762343e-06
1985-01-23,0.0,283.88748,287.48193,278.71503,1.6203703e-05
1985-01-24,3.2676315e-08,275.80457,285.58823,272.86758,5.214512e-06
1985-01-25,0.00024846793,270.82233,275.66864,267.07965,3.287145e-06
1985-01-26,0.0,276.81552,279.58997,266.3653,7.965882e-06
1985-01-27,0.0,278.17386,281.59842,275.86285,7.1485533e-06
1985-01-28,0.0,272.802,277.28918,272.17178,7.4809445e-06
1985-01-29,0.0,272.52106,277.49814,270.4869,4.4285384e-06
1985-01-30,0.0,272.52704,276.539,267.6812,5.780574e-06
1985-01-31,0.0,275.21085,279.98734,268.68994,5.8434393e-06
1985-02-01,0.0,278.2953,282.72485,271.54034,6.898048e-06
1985-02-02,0.0,280.88605,286.5919,273.2084,1.7225142e-05
1985-02-03,1.6156827e-06,275.32617,282.0386,271.86136,1.7793758e-05
1985-02-04,0.0,272.21362,277.5125,268.73093,6.9444445e-06
1985-02-05,0.0,273.28244,278.7764,269.3625,7.3418432e-06
1985-02-06,0.0,275.6575,280.35895,270.4804,7.1381824e-06
1985-02-07,0.0,273.7018,276.717,272.88318,5.8196215e-06
1985-02-08,1.9412466e-06,269.67404,273.7398,268.92728,6.9444445e-06
1985-02-09,1.8323568e-05,271.02673,272.51547,269.20068,3.2270473e-06
1985-02-10,0.00014924325,267.8587,272.803,267.29083,4.6296295e-06
1985-02-11,0.00010229309,263.5374,266.88824,262.56918,4.5321453e-06
1985-02-12,0.0,257.69833,263.94556,252.82399,3.4722223e-06
1985-02-13,0.0,257.2092,266.22055,248.46135,2.703013e-06
1985-02-14,0.0,261.7968,268.0013,251.23717,3.4722223e-06
1985-02-15,0.0,263.8172,269.07272,261.63846,4.424616e-06
1985-02-16,2.5446744e-07,260.9047,270.1061,254.82686,5.6654962e-06
1985-02-17,0.0,265.7262,272.22708,254.71672,5.467128e-06
1985-02-18,0.0,264.85184,271.2112,259.9594,6.31712e-06
1985-02-19,0.0,265.85196,271.96744,259.50598,5.9232193e-06
1985-02-20,0.0,265.18808,272.9442,259.91986,6.4689534e-06
1985-02-21,0.0,266.30554,272.7837,256.8866,5.1679344e-06
1985-02-22,0.0,270.4367,276.81473,263.36557,7.298194e-06
1985-02-23,2.4019669e-06,268.15106,271.62335,266.3433,4.2510355e-06
1985-02-24,0.0,271.38687,274.19046,264.53687,4.566683e-06
1985-02-25,1.0701528e-05,275.5318,281.53403,272.19592,7.443642e-06
1985-02-26,0.0,274.42014,275.126,271.06363,5.640866e-06
1985-02-27,0.0,272.735,274.4261,272.40305,6.160938e-06
1985-02-28,0.0,271.32248,272.89377,269.79324,4.952971e-06
1985-03-01,0.0,272.94803,276.3936,271.44528,7.221938e-06
1985-03-02,0.0,274.33142,276.32254,272.725,6.2519575e-06
1985-03-03,6.929667e-05,274.18097,275.22852,273.5801,6.5637823e-06
1985-03-04,3.3213324e-05,275.11102,279.93784,272.3172,9.2871505e-06
1985-03-05,0.0,277.59314,281.78705,273.09882,9.874234e-06
1985-03-06,0.0,280.88422,287.91763,272.52206,2.1559097e-05
1985-03-07,0.0,276.48398,280.00766,274.36667,6.9444445e-06
1985-03-08,0.0,276.7742,277.7622,275.8337,8.863843e-06
1985-03-09,1.947465e-06,276.60138,280.39807,274.6692,1.2987868e-05
1985-03-10,1.9396693e-06,274.59976,278.85065,272.55487,1.2497398e-05
1985-03-11,4.4462513e-06,273.33856,274.03943,272.37918,6.210413e-06
1985-03-12,0.00014684828,274.49695,276.07855,273.57187,6.793799e-06
1985-03-13,4.3095258e-07,273.82422,277.33704,272.82706,7.928268e-06
1985-03-14,0.0,275.01437,277.43954,272.43417,7.985683e-06
1985-03-15,2.6412843e-06,275.86758,279.52887,273.7477,9.050087e-06
1985-03-16,2.549835e-05,276.03815,280.154,271.20175,1.2242974e-05
1985-03-17,8.934337e-06,274.68277,277.8333,273.24225,6.9444445e-06
1985-03-18,0.00022090207,275.45453,278.09998,273.2197,8.108076e-06
1985-03-19,8.070889e-05,273.58957,275.83096,273.34607,4.567335e-06
1985-03-20,0.00018691095,276.05383,280.55594,273.1946,1.0297079e-05
1985-03-21,0.0,275.56116,277.82504,272.0849,7.825493e-06
1985-03-22,9.232076e-05,277.39252,278.8688,275.14798,8.101852e-06
1985-03-23,8.047181e-05,278.7345,281.2714,276.1154,1.093035e-05
1985-03-24,5.1920753e-05,278.39432,280.80676,276.78973,1.0515177e-05
1985-03-25,1.3079992e-06,280.53818,286.9118,275.14807,2.124823e-05
1985-03-26,0.0,283.93518,290.14758,278.011,4.161848e-05
1985-03-27,0.0,282.78824,289.7937,273.23013,2.7353612e-05
1985-03-28,6.873332e-05,277.88736,284.79633,275.77118,1.8553152e-05
1985-03-29,4.098104e-06,277.9034,284.2907,269.379,2.4446752e-05
1985-03-30,0.0,283.51614,290.9567,273.2264,3.797277e-05
1985-03-31,0.0,283.35385,290.8148,274.2208,2.7731257e-05
1985-04-01,0.0,286.3063,292.48407,278.91003,3.2110733e-05
1985-04-02,0.0,286.7198,295.78412,278.08588,3.0337256e-05
1985-04-03,1.4074202e-05,284.33374,291.03452,278.17395,2.9386865e-05
1985-04-04,0.0,286.79724,294.54974,275.9642,4.6221085e-05
1985-04-05,0.0,289.1667,295.5059,282.6553,5.9821672e-05
1985-04-06,0.0,287.32904,292.19452,284.6245,4.636094e-05
1985-04-07,4.150479e-05,284.8056,289.9543,282.04166,3.3338372e-05
1985-04-08,1.7045737e-06,287.3518,293.85443,282.4336,4.69891e-05
1985-04-09,2.066239e-05,288.2963,293.89865,282.44525,3.4463614e-05
1985-04-10,0.0,283.05557,289.0728,280.8318,1.8512414e-05
1985-04-11,0.00010795979,284.0582,289.83142,276.638,3.4032124e-05
1985-04-12,0.0,280.37357,284.08633,279.35684,1.561785e-05
1985-04-13,0.000114595816,282.90967,289.03696,276.47464,3.513347e-05
1985-04-14,1.2867926e-06,279.0634,283.56903,278.59146,1.44807e-05
1985-04-15,8.89479e-05,280.4988,286.8572,274.96765,2.400144e-05
1985-04-16,7.05648e-06,280.76758,285.284,277.71863,2.291849e-05
1985-04-17,0.0,281.61703,284.14438,277.74948,2.6584727e-05
1985-04-18,2.8179944e-05,280.56204,282.40192,279.26285,1.4142761e-05
1985-04-19,1.5461143e-05,283.31946,288.9788,279.38504,3.151653e-05
1985-04-20,0.0,283.09195,289.99896,274.9984,3.401913e-05
1985-04-21,0.0,284.93002,291.66537,276.1939,3.6113917e-05
1985-04-22,0.0,287.00876,294.35522,277.41327,3.979235e-05
1985-04-23,0.0,286.89215,294.2411,278.1197,3.542441e-05
1985-04-24,6.4069e-05,278.22064,285.6916,276.84784,1.9381683e-05
1985-04-25,5.1507188e-05,279.99017,286.40323,271.5732,3.248124e-05
1985-04-26,0.0,280.48956,285.60968,272.80414,2.544517e-05
1985-04-27,1.4157084e-05,278.97723,281.71896,277.41992,1.8518518e-05
1985-04-28,3.053158e-05,276.44812,280.1324,275.0633,1.3415082e-05
1985-04-29,0.00014540507,278.38028,284.17697,274.0639,3.303363e-05
1985-04-30,1.2958502e-06,281.72784,289.15332,271.38376,3.1053984e-05
1985-05-01,0.0,285.75238,292.43542,276.7481,3.4453526e-05
1985-05-02,0.0,280.47183,286.58194,278.269,1.7037157e-05
1985-05-03,0.00029768026,280.21887,285.1307,275.35617,2.5444699e-05
1985-05-04,9.153243e-06,282.39563,287.55386,273.02573,3.41228e-05
1985-05-05,7.881554e-09,281.05,283.65308,278.04282,1.6253387e-05
1985-05-06,4.9349983e-05,283.4641,285.22433,278.63617,1.7063985e-05
1985-05-07,0.00011978895,284.64868,288.22324,283.0569,2.3388342e-05
1985-05-08,0.00013480078,285.11188,290.11588,278.88116,4.3838114e-05
1985-05-09,7.375599e-07,286.7767,292.15363,280.0676,3.7031867e-05
1985-05-10,0.0,286.89877,293.327,277.77933,3.7903348e-05
1985-05-11,2.3962043e-06,289.4588,295.7258,281.5735,4.6733065e-05
1985-05-12,0.0,291.1536,297.00613,280.54828,4.503486e-05
1985-05-13,0.0,293.62714,299.9806,283.19098,4.632492e-05
1985-05-14,0.0,293.90536,300.0207,285.84387,5.0273196e-05
1985-05-15,0.0,293.73215,300.43228,285.04413,4.9528357e-05
1985-05-16,6.3342914e-06,291.01337,297.75424,288.14386,3.4173838e-05
1985-05-17,0.0004177597,289.82098,292.94537,287.27103,2.192411e-05
1985-05-18,1.061153e-05,291.89734,297.49005,286.02414,4.283869e-05
1985-05-19,0.0,290.76968,297.4304,284.44376,4.129776e-05
1985-05-20,1.2227243e-05,290.40045,294.4761,284.28568,3.338995e-05
1985-05-21,0.0,292.21027,298.3298,287.24738,5.5672477e-05
1985-05-22,5.037458e-05,289.13614,294.99997,286.35428,3.480081e-05
1985-05-23,0.000102063015,289.28516,294.22815,282.5176,4.23493e-05
1985-05-24,1.1311785e-05,289.86758,295.49326,282.8936,5.0718954e-05
1985-05-25,0.0,290.9216,297.3314,283.33087,5.0793315e-05
1985-05-26,1.6311867e-06,291.62338,297.52893,283.38983,4.755766e-05
1985-05-27,0.0,293.1435,299.6848,285.10324,5.8746482e-05
1985-05-28,0.0,293.37265,299.58072,284.4824,5.2933818e-05
1985-05-29,0.0,291.29056,298.65137,286.7464,4.2508873e-05
1985-05-30,1.01093665e-05,291.34793,295.71017,285.60104,4.5214783e-05
1985-05-31,8.538446e-06,289.49207,293.09955,286.40942,2.7096994e-05
1985-06-01,2.7207763e-05,291.22107,297.18027,286.78174,4.9735787e-05
1985-06-02,3.4075696e-05,290.10715,295.32782,284.63495,3.9338665e-05
1985-06-03,1.7966764e-05,290.29996,293.48248,286.42892,2.726211e-05
1985-06-04,5.8307055e-08,292.0594,297.54095,285.78824,4.3387492e-05
1985-06-05,0.0,295.20844,300.62207,285.1961,5.9805734e-05
1985-06-06,6.626495e-06,295.29047,302.79175,288.43417,5.7577676e-05
1985-06-07,9.089523e-06,296.04498,301.823,287.9474,8.009086e-05
1985-06-08,8.219439e-05,289.35065,294.64752,288.20325,3.2693657e-05
1985-06-09,0.00029581654,285.35596,290.38705,281.81042,3.6629353e-05
1985-06-10,2.9181527e-05,289.0808,293.92786,281.06235,4.3786105e-05
1985-06-11,2.1226051e-05,285.79727,292.15738,283.67343,4.0492738e-05
1985-06-12,4.1754447e-06,288.8811,293.61823,280.22095,4.386364e-05
1985-06-13,0.0,287.19495,292.31604,285.13013,3.1234937e-05
1985-06-14,5.959697e-05,290.70673,294.6293,283.3491,3.9558126e-05
1985-06-15,2.7097538e-05,289.41202,294.02518,287.96164,3.366197e-05
1985-06-16,3.5304674e-05,287.78137,292.52365,279.73447,3.984406e-05
1985-06-17,5.817404e-05,284.20236,287.59647,282.4311,2.2505923e-05
1985-06-18,0.00012749108,286.5513,291.46786,281.90768,4.6391386e-05
1985-06-19,0.0,287.8309,293.46033,278.26776,4.2129424e-05
1985-06-20,0.0,286.97528,289.24362,284.95673,2.171384e-05
1985-06-21,7.9698e-05,288.66483,293.7394,284.7983,4.1288124e-05
1985-06-22,3.2979983e-06,291.54816,297.18567,282.8725,3.7496007e-05
1985-06-23,9.4104995e-05,287.42014,292.53906,286.28403,2.6489057e-05
1985-06-24,2.3645944e-05,290.82074,295.70786,283.21695,4.6715115e-05
1985-06-25,1.0861816e-06,290.92374,296.10806,283.92252,4.7407608e-05
1985-06-26,1.6437959e-07,291.75345,297.2995,281.8031,5.6636432e-05
1985-06-27,0.00018022492,288.43637,292.6713,287.0319,2.8935185e-05
1985-06-28,2.1304406e-05,289.09995,294.3411,285.15308,4.134533e-05
1985-06-29,1.0908464e-05,290.58884,297.07913,282.89175,4.5697503e-05
1985-06-30,4.5516344e-06,292.66293,298.91684,285.38052,5.231333e-05
1985-07-01,2.2394022e-05,290.66425,299.06467,286.3233,4.4216624e-05
1985-07-02,0.00030034815,289.15753,293.8639,286.14566,3.6009405e-05
1985-07-03,6.143113e-05,290.05948,294.86707,282.63882,4.9176815e-05
1985-07-04,0.0,291.5556,296.57697,284.5168,4.1538537e-05
1985-07-05,0.0,291.4535,296.92493,286.08377,4.6031324e-05
1985-07-06,0.0,290.90698,296.1278,284.85495,5.038489e-05
1985-07-07,0.0,291.96075,296.97867,284.74783,4.1973544e-05
1985-07-08,0.0,292.30518,297.7882,284.92657,4.0509258e-05
1985-07-09,2.3829012e-05,291.07114,295.86237,285.6829,4.8242156e-05
1985-07-10,3.8591497e-05,289.71072,294.46033,287.74554,3.6665588e-05
1985-07-11,2.007114e-05,291.2523,296.52646,285.91504,4.7147027e-05
1985-07-12,0.0,292.7247,298.85553,284.6774,5.1362607e-05
1985-07-13,0.0,294.32675,300.79184,286.39114,5.147449e-05
1985-07-14,0.0,295.1271,300.95343,288.86505,5.6236768e-05
1985-07-15,0.0,296.2345,302.09814,289.41098,5.444213e-05
1985-07-16,2.1797689e-05,296.84,302.6248,289.86224,5.621264e-05
1985-07-17,0.0,292.02588,296.96042,290.5541,2.710447e-05
1985-07-18,0.00015095712,294.02057,299.97607,288.81204,4.932382e-05
1985-07-19,0.0,295.2038,302.42236,288.6788,4.3689306e-05
1985-07-20,5.7632988e-06,297.4627,302.5777,291.23807,4.9877595e-05
1985-07-21,6.2152474e-05,288.18042,297.45563,287.7647,3.127672e-05
1985-07-22,4.6552086e-05,291.08377,296.91327,283.87723,5.0391835e-05
1985-07-23,0.0,294.2815,301.11105,285.34564,5.6539564e-05
1985-07-24,0.0,294.422,299.34,289.60867,5.5658467e-05
1985-07-25,1.6062855e-06,294.78165,300.66025,290.3626,4.7394966e-05
1985-07-26,1.633465e-06,296.49536,302.76172,289.66867,5.462315e-05
1985-07-27,0.0,294.2458,303.1856,289.85693,5.0170624e-05
1985-07-28,4.526144e-05,296.5336,303.21884,290.26965,5.2821975e-05
1985-07-29,0.0,299.8314,304.73218,291.06638,8.253084e-05
1985-07-30,0.0,294.3663,300.0296,291.7643,5.3418942e-05
1985-07-31,0.0,290.5845,295.1041,286.9734,3.1241496e-05
1985-08-01,0.00013694272,292.42044,299.01047,285.25766,5.155091e-05
1985-08-02,1.5147153e-06,289.64133,295.87585,286.73236,3.266613e-05
1985-08-03,1.0256711e-05,292.41864,299.13892,283.58844,5.1028146e-05
1985-08-04,0.00022216087,290.86398,296.64566,286.87296,3.740378e-05
1985-08-05,8.72131e-05,294.3084,299.551,288.85587,5.5371307e-05
1985-08-06,0.0,293.44397,300.9083,290.15173,4.5033965e-05
1985-08-07,0.0003022274,287.2711,291.83218,285.625,2.754845e-05
1985-08-08,1.7657541e-05,289.29218,293.72116,284.1767,3.6253445e-05
1985-08-09,0.0,289.21204,295.56757,286.25766,3.793761e-05
1985-08-10,0.0,293.32346,300.79196,282.49268,4.6626148e-05
1985-08-11,0.0,293.5409,297.78857,289.9208,4.1801148e-05
1985-08-12,0.0,294.8124,301.5307,288.30942,4.8510607e-05
1985-08-13,0.0,296.2503,303.4324,289.463,5.1937852e-05
1985-08-14,0.0,296.47995,303.65692,289.84525,5.330142e-05
1985-08-15,0.0,296.91025,304.409,289.0281,5.1026265e-05
1985-08-16,0.0,296.37115,304.12827,289.10455,4.9647133e-05
1985-08-17,0.0,295.18655,301.75513,288.9746,4.89036e-05
1985-08-18,7.926796e-05,288.90195,294.87582,285.97998,3.3507557e-05
1985-08-19,7.3023206e-05,291.1788,297.99707,282.55908,4.1131472e-05
1985-08-20,3.6088127e-06,293.0896,300.87253,288.03745,3.9506038e-05
1985-08-21,0.0,292.24857,299.32535,285.357,4.4678898e-05
1985-08-22,0.0,293.9458,302.07797,286.44296,4.49278e-05
1985-08-23,0.0,294.23517,300.75534,287.82736,3.81846e-05
1985-08-24,5.106388e-06,295.54874,302.65088,286.53598,4.468156e-05
1985-08-25,0.0,296.7582,304.1633,290.97998,4.7958583e-05
1985-08-26,4.394076e-09,289.112,295.04492,287.0287,2.1071884e-05
1985-08-27,0.00010844114,288.9137,291.66385,283.74997,3.302687e-05
1985-08-28,7.0240462e-09,288.3633,290.31216,286.96878,3.8810645e-05
1985-08-29,1.7438608e-06,290.4908,295.4145,284.57468,4.0124345e-05
1985-08-30,0.0,291.94003,297.68265,285.43887,4.269238e-05
1985-08-31,0.0,291.49884,299.46945,285.51993,4.0672738e-05
1985-09-01,0.0,292.83307,300.6228,284.06876,3.432328e-05
1985-09-02,2.8408126e-06,291.31827,297.78674,287.5787,3.392022e-05
1985-09-03,2.8256013e-06,293.06622,299.21198,284.41983,3.13828e-05
1985-09-04,0.0003589594,288.90042,295.40695,285.0595,3.3416007e-05
1985-09-05,6.1746127e-06,289.3147,296.21478,281.49792,3.2880234e-05
1985-09-06,0.0,287.0081,291.83887,283.8086,1.7712979e-05
1985-09-07,1.0948049e-05,285.68808,292.33484,280.68674,3.2354903e-05
1985-09-08,0.0,284.75098,288.42026,279.92404,1.4565586e-05
1985-09-09,5.753398e-06,283.05792,288.93674,281.07333,1.599667e-05
1985-09-10,3.6333746e-05,284.40564,292.1905,276.51797,2.9163979e-05
1985-09-11,0.0,286.8402,294.91144,278.55005,2.9988189e-05
1985-09-12,0.0,288.60507,294.71124,281.08704,2.7446868e-05
1985-09-13,0.0,286.30307,293.33838,282.6669,2.4511393e-05
1985-09-14,0.0,285.92902,293.78735,279.60602,2.5930129e-05
1985-09-15,0.0,286.79156,294.47226,278.55527,3.0334912e-05
1985-09-16,0.0,287.2401,292.8667,283.23758,2.3672384e-05
1985-09-17,0.0,288.91516,296.28232,280.24203,2.4958752e-05
1985-09-18,0.0,291.52405,299.11307,285.46298,2.9584035e-05
1985-09-19,0.0,292.01797,301.505,284.95502,3.2291853e-05
1985-09-20,0.0,291.57602,300.05515,283.30942,2.8935185e-05
1985-09-21,0.0,292.09348,300.96527,285.3335,2.8672164e-05
1985-09-22,0.0,293.45908,302.44977,286.23544,2.9407267e-05
1985-09-23,0.0,293.64163,302.1504,285.70935,3.0036028e-05
1985-09-24,0.0,291.94977,299.21582,286.1039,2.3969904e-05
1985-09-25,0.0,291.28064,298.061,287.03653,2.3148148e-05
1985-09-26,3.0262556e-05,289.22382,293.34396,287.37735,1.9421426e-05
1985-09-27,0.0,286.83716,293.33395,283.3303,2.0796366e-05
1985-09-28,0.0,287.65192,296.14267,280.41483,2.400461e-05
1985-09-29,0.0,287.12415,293.74326,282.26193,1.8775196e-05
1985-09-30,0.0,285.32816,293.30295,280.12567,1.694894e-05
1985-10-01,0.0,286.51077,294.74133,280.13773,2.286504e-05
1985-10-02,0.0,288.42633,297.16113,280.16058,1.9712536e-05
1985-10-03,0.0,289.19095,297.76822,282.38684,2.0700689e-05
1985-10-04,0.0,288.41516,296.11752,281.76605,1.907453e-05
1985-10-05,0.0,289.02475,296.14468,283.2359,1.7739161e-05
1985-10-06,0.0,289.42465,295.94006,283.99426,1.7676826e-05
1985-10-07,0.0,289.42145,295.66968,285.2275,1.7361112e-05
1985-10-08,0.0,288.62164,294.41592,282.3145,1.5046296e-05
1985-10-09,3.8881922e-07,285.9324,291.36362,282.51828,1.6802811e-05
1985-10-10,1.9976591e-05,287.22864,292.20874,282.51855,1.6016638e-05
1985-10-11,0.0,286.39093,293.57727,282.96616,1.9786456e-05
1985-10-12,0.0,285.54962,289.66733,281.37173,1.1574074e-05
1985-10-13,1.1400527e-06,280.96585,287.81894,277.52008,1.8317844e-05
1985-10-14,0.0,281.09354,287.8762,274.5098,2.247676e-05
1985-10-15,6.140662e-06,284.18015,291.33163,280.9591,2.8974475e-05
1985-10-16,0.0,279.66092,284.628,276.8274,2.3189488e-05
1985-10-17,0.0,279.77115,289.36334,271.95807,1.5042351e-05
1985-10-18,0.0,280.6546,288.7185,273.24774,1.2398156e-05
1985-10-19,0.0,281.69446,284.65808,274.07593,8.917711e-06
1985-10-20,0.0,279.8109,286.17294,275.75797,1.2631826e-05
1985-10-21,0.0,280.8699,285.85458,273.3824,9.806087e-06
1985-10-22,0.0,282.38788,284.13843,280.0575,8.6557075e-06
1985-10-23,1.5368198e-05,281.01917,284.90402,278.7724,1.8831457e-05
1985-10-24,1.8705556e-06,276.6342,284.3145,272.2332,1.1624931e-05
1985-10-25,0.0,276.9474,285.69318,270.1613,9.2868395e-06
1985-10-26,0.0,276.98605,285.7684,270.53482,9.963962e-06
1985-10-27,0.0,275.05783,280.355,270.126,5.485263e-06
1985-10-28,0.0,273.94724,275.45145,273.7871,4.674156e-06
1985-10-29,0.0,274.32968,274.78836,274.0094,4.6296295e-06
1985-10-30,5.5588134e-10,275.5301,277.14255,274.4124,4.6206173e-06
1985-10-31,0.0,277.53845,278.3596,274.69287,4.6296295e-06
1985-11-01,5.611825e-05,281.38147,287.0565,276.82202,7.4991663e-06
1985-11-02,0.0001088808,279.8333,283.27277,276.48007,5.5663404e-06
1985-11-03,8.863927e-06,280.10046,285.83206,274.19913,8.101852e-06
1985-11-04,1.9129777e-06,276.73648,283.94833,273.20892,6.601993e-06
1985-11-05,0.0,282.56082,286.57208,273.42807,1.1574074e-05
1985-11-06,0.00012250461,280.65753,285.29874,276.71716,8.445237e-06
1985-11-07,1.3076806e-05,276.26852,284.11987,270.52402,9.259259e-06
1985-11-08,0.0,278.87283,282.85202,271.68753,6.852999e-06
1985-11-09,0.0,284.03458,287.99405,275.2839,1.5444908e-05
1985-11-10,0.0,288.53995,291.60297,284.83264,1.5439107e-05
1985-11-11,0.0003095603,275.94543,288.5263,274.85965,5.823821e-06
1985-11-12,0.00013640887,274.43927,275.63647,273.58755,3.4722223e-06
1985-11-13,0.000114358765,274.817,276.26776,274.70956,3.4734016e-06
1985-11-14,0.00020468823,274.79373,279.16156,272.5567,5.6746767e-06
1985-11-15,0.0,274.34814,279.0493,269.88184,5.7962634e-06
1985-11-16,0.0,273.39355,276.3405,270.84512,4.6296295e-06
1985-11-17,0.0,273.46924,276.35526,273.06317,7.819278e-06
1985-11-18,0.0,270.18045,272.62488,269.46075,4.2944043e-06
1985-11-19,0.00014933755,272.50513,273.6817,269.70508,2.7203341e-06
1985-11-20,5.2208827e-05,273.42368,274.05225,272.9572,2.3148148e-06
1985-11-21,0.00020337416,273.38998,275.0091,272.49982,2.748504e-06
1985-11-22,5.1182065e-05,273.1516,274.30212,270.80963,3.221185e-06
1985-11-23,8.02624e-06,274.38815,275.06396,273.10742,3.122395e-06
1985-11-24,9.0702975e-05,274.3998,275.00348,273.86035,3.100399e-06
1985-11-25,2.02069e-05,273.6505,275.29828,273.2585,2.3148148e-06
1985-11-26,3.0375218e-06,272.6656,274.23596,271.79776,3.4722223e-06
1985-11-27,0.0,271.51007,273.78824,269.74487,3.1563288e-06
1985-11-28,0.0,268.82678,272.9332,265.1079,2.3148148e-06
1985-11-29,0.0,271.60156,276.45306,265.8516,3.4722223e-06
1985-11-30,0.0,271.45474,274.44336,267.5145,3.2092016e-06
1985-12-01,0.0,273.602,278.6466,269.653,1.2011106e-06
1985-12-02,0.0,275.04282,280.0416,270.00137,2.3073792e-06
1985-12-03,0.0,277.3149,284.2494,272.3266,1.3198955e-06
1985-12-04,0.0,278.17725,284.59808,273.24365,2.2406928e-06
1985-12-05,0.0,280.72272,285.6647,272.97733,1.1904783e-05
1985-12-06,0.0,283.13733,287.20114,280.3188,1.4905827e-05
1985-12-07,0.0,282.42538,286.222,275.87402,4.5492748e-06
1985-12-08,0.0,280.2693,284.64587,273.64352,4.5018755e-06
1985-12-09,3.888444e-08,279.91965,285.61496,274.06628,6.167931e-06
1985-12-10,0.0,275.70352,279.39767,272.39127,2.4987942e-06
1985-12-11,9.814317e-06,275.51883,277.09677,274.72824,2.87488e-06
1985-12-12,0.00017972747,275.58878,276.70203,274.7595,2.5956635e-06
1985-12-13,0.00011351652,276.93698,278.197,274.35886,3.4722223e-06
1985-12-14,0.0,275.68378,277.15247,274.35208,3.4722223e-06
1985-12-15,0.0,276.90247,280.89648,272.51498,1.987902e-06
1985-12-16,0.0,278.92322,282.4162,272.99042,3.4722223e-06
1985-12-17,0.0,277.9814,285.5558,273.45944,4.883095e-06
1985-12-18,0.0,276.78107,278.8973,274.30377,3.4760503e-06
1985-12-19,1.4378178e-07,277.06003,281.1887,273.42377,2.541151e-06
1985-12-20,1.0189796e-05,277.13605,281.46426,272.44687,4.6903074e-06
1985-12-21,1.499588e-06,278.17743,283.6091,274.8496,4.6296295e-06
1985-12-22,1.2480134e-06,274.637,280.58087,271.09793,1.1574074e-06
1985-12-23,0.0,271.67673,273.17642,270.1814,2.3159942e-06
1985-12-24,0.0,271.75378,272.81308,270.85956,2.3148148e-06
1985-12-25,0.0,277.81543,281.197,269.909,7.9086485e-06
1985-12-26,5.7672636e-08,276.6594,283.06232,274.71344,4.9077585e-06
1985-12-27,0.00017139973,275.49356,280.64127,271.54102,2.3148148e-06
1985-12-28,8.757048e-07,279.722,283.50235,270.93646,6.338855e-06
1985-12-29,0.0,282.3688,289.32523,277.49664,1.6998436e-05
1985-12-30,0.00047672683,271.01245,277.83737,269.73956,2.4720512e-06
1985-12-31,2.1742842e-05,270.0151,271.36255,269.1356,2.3148148e-06
1986-01-01,6.5101936e-05,268.47955,271.19058,266.04642,2.1020448e-06
1986-01-02,0.0,271.08667,272.84607,266.5725,2.3148148e-06
1986-01-03,5.952992e-05,272.43658,273.66864,268.5027,2.3148148e-06
1986-01-04,1.6246211e-05,273.08252,275.11188,268.85895,2.3148148e-06
1986-01-05,2.6141575e-05,270.6983,274.44952,265.9197,2.4636763e-06
1986-01-06,0.0,270.8141,274.11856,266.30493,4.2849088e-06
1986-01-07,0.0,270.74957,274.79974,268.06238,2.3148148e-06
1986-01-08,0.0,269.9135,271.66983,263.7417,2.0958373e-06
1986-01-09,0.0,271.0296,272.80093,271.4221,3.3991348e-06
1986-01-10,0.0,268.87973,270.44434,267.65637,3.4722223e-06
1986-01-11,0.0,270.80606,272.90686,265.19293,2.4304622e-06
1986-01-12,4.3501965e-05,271.22662,275.76855,267.45447,2.4285916e-06
1986-01-13,0.0,272.76895,274.2018,266.27417,3.2396542e-06
1986-01-14,0.0,278.1937,281.85898,270.86813,1.1976375e-05
1986-01-15,6.967638e-06,277.24448,281.92877,272.30286,3.4171135e-06
1986-01-16,0.0,273.9805,279.20853,271.6664,3.4722223e-06
1986-01-17,0.0,272.8929,277.60867,269.5009,7.990378e-06
1986-01-18,0.0,272.763,276.10828,266.16565,7.380656e-06
1986-01-19,0.0,279.79016,283.59912,273.3931,1.6883985e-05
1986-01-20,0.0,279.14746,284.73407,274.74792,1.5385187e-05
1986-01-21,1.2119442e-06,277.7168,283.68243,269.31992,9.886815e-06
1986-01-22,0.0,277.4827,281.45566,272.46194,5.4078437e-06
1986-01-23,1.5713633e-08,279.3739,283.44067,271.1359,1.5309297e-05
1986-01-24,4.9761553e-08,275.57214,282.36365,273.52985,4.830148e-06
1986-01-25,0.00024825573,274.32184,278.24026,271.62714,5.4185352e-06
1986-01-26,0.0,272.18546,276.65515,269.56476,5.039812e-06
1986-01-27,0.0,271.12515,276.1302,267.23172,5.0347066e-06
1986-01-28,0.0,270.51334,275.58078,265.81076,3.4722223e-06
1986-01-29,0.0,270.5226,271.48288,268.3932,2.3493299e-06
1986-01-30,0.0,272.99884,273.84976,270.85965,3.4637162e-06
1986-01-31,1.9635387e-05,273.69855,275.23364,273.18658,4.3765804e-06
1986-02-01,4.4285895e-05,275.05307,276.49854,274.56335,3.472062e-06
1986-02-02,8.5647225e-05,273.85605,275.0485,273.51984,3.4722223e-06
1986-02-03,7.51188e-05,271.8097,273.68277,271.01187,4.771089e-06
1986-02-04,3.984828e-06,268.60736,272.34613,265.98215,5.6905933e-06
1986-02-05,0.0,266.99142,270.34247,261.50226,4.2942556e-06
1986-02-06,0.0,268.95947,269.95358,267.733,4.422656e-06
1986-02-07,2.5848249e-06,267.6041,270.7267,265.85718,4.985996e-06
1986-02-08,5.3147032e-06,263.25494,265.9386,261.66318,3.2668331e-06
1986-02-09,9.527598e-05,265.09003,265.95554,263.5414,2.8915736e-06
1986-02-10,0.0003571115,267.79736,268.9224,265.24203,3.4670545e-06
1986-02-11,0.00013894269,269.00793,271.028,267.89117,3.4836792e-06
1986-02-12,3.3256176e-06,268.8361,271.9188,267.99966,5.750963e-06
1986-02-13,0.0,266.23257,271.18805,260.63998,4.6211235e-06
1986-02-14,0.0,263.75198,270.0993,253.86272,3.4722223e-06
1986-02-15,0.0,268.93658,272.98785,263.27756,4.747938e-06
1986-02-16,1.5982774e-05,271.5111,272.56058,268.0942,3.4722223e-06
1986-02-17,8.448802e-05,272.45483,275.27356,269.9229,5.9370827e-06
1986-02-18,7.31001e-06,274.9096,279.64032,271.85263,6.384586e-06
1986-02-19,0.0,273.5444,275.19275,272.2101,3.3943409e-06
1986-02-20,1.1571402e-07,272.38672,274.64847,271.2575,6.9444445e-06
1986-02-21,1.338291e-06,269.17126,271.55304,267.3465,5.787037e-06
1986-02-22,0.0,270.84518,272.50198,269.50516,4.6296295e-06
1986-02-23,0.0,269.7709,271.45422,267.14868,4.4221792e-06
1986-02-24,2.2044058e-05,263.93448,269.8314,260.27692,5.662883e-06
1986-02-25,4.8102575e-06,263.46634,270.5344,253.90244,7.892009e-06
1986-02-26,0.0,262.48117,268.04742,257.12915,5.462321e-06
1986-02-27,0.0,261.69037,269.18042,253.97336,5.6081535e-06
1986-02-28,0.0,260.78897,267.26532,251.36256,4.6296295e-06
1986-03-01,3.2088614e-05,265.95737,267.45294,263.44092,3.4722223e-06
1986-03-02,4.2557072e-05,270.038,270.9126,267.36865,4.6296295e-06
1986-03-03,1.2892993e-05,272.72174,275.56326,270.26782,5.538319e-06
1986-03-04,0.00011370035,273.2647,275.61682,272.03455,5.7818693e-06
1986-03-05,1.96898e-05,273.528,278.96848,265.01694,5.951644e-06
1986-03-06,0.0,274.72955,279.17706,270.55853,9.2740265e-06
1986-03-07,0.0,274.63757,277.00504,273.30594,5.787037e-06
1986-03-08,3.752935e-05,275.4062,277.3842,273.75424,6.9444445e-06
1986-03-09,2.5159752e-06,275.11148,277.1557,272.36023,5.8907076e-06
1986-03-10,4.458864e-05,275.66943,280.18652,273.2358,8.148633e-06
1986-03-11,0.0,275.79813,279.1192,273.49713,9.597549e-06
1986-03-12,0.0,274.42346,275.8211,274.0951,6.687929e-06
1986-03-13,1.7553946e-05,274.2603,275.42136,273.3954,6.7539386e-06
1986-03-14,6.0236984e-05,274.6837,275.6987,273.34085,6.820895e-06
1986-03-15,5.816335e-05,275.47232,277.26373,273.61508,6.742247e-06
1986-03-16,5.918116e-06,274.94046,276.71173,273.65628,8.053155e-06
1986-03-17,0.0,273.98492,279.3617,270.34848,1.1547051e-05
1986-03-18,0.0,275.26212,281.8825,269.24582,1.7107994e-05
1986-03-19,0.0,274.23935,279.52985,269.72192,1.2768885e-05
1986-03-20,0.0,275.60974,280.39334,269.942,1.3769176e-05
1986-03-21,4.610444e-07,274.56943,276.19632,273.23825,7.8827225e-06
1986-03-22,5.680727e-06,275.07428,280.39175,271.20502,1.2457321e-05
1986-03-23,0.0,277.71625,280.9967,271.08734,1.7306058e-05
1986-03-24,0.0,280.18994,284.748,275.4945,1.8808738e-05
1986-03-25,0.0,276.08875,282.48495,273.9376,8.36521e-06
1986-03-26,0.0002960128,277.0901,282.83038,271.01706,1.3875691e-05
1986-03-27,0.0,280.31924,286.92404,274.02057,2.4189387e-05
1986-03-28,0.0,283.36542,291.59702,274.09418,2.8147657e-05
1986-03-29,0.0,282.20682,290.1484,275.8691,2.2534663e-05
1986-03-30,0.0,277.06168,284.5715,275.26205,1.478978e-05
1986-03-31,8.140231e-05,282.5506,290.55795,273.00217,3.3189528e-05
1986-04-01,0.0,281.56326,285.10812,275.9636,1.8512055e-05
1986-04-02,2.7982298e-06,283.45172,288.4496,278.81735,2.190338e-05
1986-04-03,0.0,286.52435,291.10892,277.49805,3.054869e-05
1986-04-04,0.0,283.87228,290.32684,280.72827,2.60397e-05
1986-04-05,0.0,283.01294,289.56146,275.05356,2.8261256e-05
1986-04-06,0.0,284.01862,289.6487,277.45712,2.252439e-05
1986-04-07,0.0,288.47427,295.97986,279.60098,3.2497122e-05
1986-04-08,0.0,289.33917,296.85162,281.72226,3.55017e-05
1986-04-09,0.0,285.85712,296.1931,279.68744,4.1226882e-05
1986-04-10,1.1012086e-05,282.65903,286.28226,279.2067,2.7901555e-05
1986-04-11,2.7760585e-05,277.3632,282.58804,276.27167,1.9579104e-05
1986-04-12,2.6195594e-05,272.79257,276.09644,271.4203,9.033457e-06
1986-04-13,3.484915e-05,273.04257,273.70248,271.2756,8.111078e-06
1986-04-14,3.9398183e-05,275.5471,281.10205,270.20074,2.2826907e-05
1986-04-15,0.0,280.2596,285.99213,269.84634,2.8972345e-05
1986-04-16,7.780334e-08,281.4993,285.2689,278.7995,2.0823609e-05
1986-04-17,4.6473862e-05,285.5881,289.91025,280.12424,4.1911906e-05
1986-04-18,0.0,282.5755,286.21725,280.58987,1.7352606e-05
1986-04-19,6.023313e-05,280.4123,286.2425,278.63986,2.0824828e-05
1986-04-20,1.653336e-05,280.1886,286.12805,275.84317,2.9692308e-05
1986-04-21,1.2984852e-06,285.50244,291.42212,274.54144,4.8812017e-05
1986-04-22,0.0,287.16638,290.0755,283.24057,3.8867765e-05
1986-04-23,0.0,288.76694,292.65753,283.75558,3.74985e-05
1986-04-24,0.0,290.2307,296.20532,283.93686,5.107542e-05
1986-04-25,0.0,290.5339,297.97906,282.31833,4.5850324e-05
1986-04-26,0.0,290.91248,296.68192,280.29846,3.893057e-05
1986-04-27,0.0,289.82803,295.395,283.91696,3.4653407e-05
1986-04-28,0.0,289.37097,297.11932,282.9747,3.8643153e-05
1986-04-29,0.00020529414,288.17334,294.19427,284.68088,2.7319678e-05
1986-04-30,0.00013228167,289.7308,294.97952,282.8769,3.6165064e-05
1986-05-01,4.8962347e-06,290.3855,294.98926,286.70596,4.3093074e-05
1986-05-02,5.9343583e-06,289.11203,295.05676,284.66214,4.4533394e-05
1986-05-03,5.166796e-07,289.34354,296.75107,281.12357,4.245257e-05
1986-05-04,0.0,290.8528,297.469,283.90866,4.7246253e-05
1986-05-05,2.4057306e-06,290.74835,296.98935,284.6615,5.208618e-05
1986-05-06,3.4153835e-08,289.76465,296.76352,281.9128,4.53588e-05
1986-05-07,1.6572187e-06,289.5916,297.15826,283.04926,4.2451804e-05
1986-05-08,7.3324863e-06,288.0695,296.4955,281.76526,3.8320093e-05
1986-05-09,9.568937e-05,286.92163,291.9724,280.2988,3.8765324e-05
1986-05-10,0.0,287.88153,292.65732,281.70496,3.6568406e-05
1986-05-11,1.4692047e-06,289.46405,295.47165,284.7586,3.2210373e-05
1986-05-12,8.97514e-06,290.49844,296.0412,285.68018,3.6904006e-05
1986-05-13,2.1309158e-06,292.34595,298.6489,283.1093,5.3828666e-05
1986-05-14,0.0,293.3646,299.5625,284.48804,5.522244e-05
1986-05-15,0.0,293.07095,299.42255,286.76724,4.8363792e-05
1986-05-16,1.407194e-06,289.05753,292.39194,286.23453,2.3908002e-05
1986-05-17,1.1715452e-05,287.9207,291.4877,285.20883,2.6157442e-05
1986-05-18,3.8147427e-05,290.69443,296.31516,282.4183,3.7283018e-05
1986-05-19,0.0,292.69284,300.0971,285.30518,3.9477065e-05
1986-05-20,6.626412e-05,292.8627,297.31952,289.0179,3.5238063e-05
1986-05-21,4.0430245e-06,294.14667,299.65955,288.8272,3.994456e-05
1986-05-22,0.0,293.91022,299.08173,289.80347,4.7143134e-05
1986-05-23,0.0,293.6406,299.2346,285.36957,5.236639e-05
1986-05-24,0.0,292.44318,298.78558,286.75598,3.3745502e-05
1986-05-25,9.1006514e-05,288.24402,294.11923,283.51282,4.9933125e-05
1986-05-26,0.0,290.16013,296.67822,281.54977,5.3767515e-05
1986-05-27,0.0,292.98105,299.62314,282.2583,5.5186247e-05
1986-05-28,0.0,294.07043,300.12534,284.5305,5.213519e-05
1986-05-29,1.4118726e-05,289.96338,294.01434,288.2383,2.8935185e-05
1986-05-30,0.00045422357,284.30618,289.21414,282.38098,2.2964618e-05
1986-05-31,2.1007432e-05,285.05743,289.38037,281.35022,2.9951172e-05
1986-06-01,0.0,283.37457,286.3732,280.6335,2.099168e-05
1986-06-02,1.719948e-06,286.1448,292.59158,276.9268,3.6139518e-05
1986-06-03,1.0805308e-05,284.5664,288.34177,282.29016,2.6375475e-05
1986-06-04,7.56729e-05,285.45767,293.21927,279.32538,3.3199216e-05
1986-06-05,0.000434396,284.20337,289.08066,280.881,2.8376788e-05
1986-06-06,0.00012985378,282.68442,286.2476,281.0016,2.1925336e-05
1986-06-07,3.361949e-05,284.67642,289.71393,277.37582,3.0921445e-05
1986-06-08,0.0,287.64893,292.6199,281.1336,4.3590993e-05
1986-06-09,0.0,289.22525,294.5877,281.1374,5.2196403e-05
1986-06-10,0.0,290.49878,296.24258,283.9661,5.436538e-05
1986-06-11,0.0,292.9653,299.0958,285.80176,5.763755e-05
1986-06-12,4.7407893e-06,289.439,293.18036,287.83093,3.0792777e-05
1986-06-13,2.5752219e-05,288.31854,290.6997,284.47177,2.1985572e-05
1986-06-14,0.00028277296,293.69846,297.7509,286.99362,3.479959e-05
1986-06-15,3.6354052e-06,295.24277,300.1498,289.34152,4.908262e-05
1986-06-16,5.264429e-05,294.71548,300.77478,288.13654,5.005479e-05
1986-06-17,2.204175e-05,296.08075,301.92896,289.85352,5.9554106e-05
1986-06-18,0.0,295.9559,302.59042,289.67535,5.1551164e-05
1986-06-19,0.00016770702,292.44077,296.89413,290.18283,3.851905e-05
1986-06-20,0.00021155704,294.7979,300.5287,288.82422,5.7346e-05
1986-06-21,1.8408335e-06,294.99045,301.00366,288.3182,5.2641295e-05
1986-06-22,4.5307803e-07,292.85233,295.73975,290.2636,3.8405273e-05
1986-06-23,3.9487328e-05,292.1914,295.01306,290.731,2.8183613e-05
1986-06-24,4.035045e-06,289.99503,294.0658,287.48044,3.275365e-05
1986-06-25,0.0,291.50354,296.7339,284.91837,3.981278e-05
1986-06-26,0.0,292.6815,297.7565,288.00302,5.9468515e-05
1986-06-27,0.0,294.5664,299.9289,286.19278,7.659087e-05
1986-06-28,0.0,295.43555,300.93533,287.10513,6.113246e-05
1986-06-29,0.0,289.872,299.42728,287.9893,2.9921193e-05
1986-06-30,0.00024148273,291.42072,294.71472,287.6265,3.854642e-05
1986-07-01,4.9612345e-07,293.26273,298.3626,286.33588,5.99776e-05
1986-07-02,0.0,293.58752,299.65225,287.82498,5.7521134e-05
1986-07-03,2.4535108e-05,294.58078,301.21933,287.29218,5.859178e-05
1986-07-04,0.0,295.65082,302.27164,286.20517,5.8248144e-05
1986-07-05,0.0,296.8301,302.5042,288.25452,5.6768462e-05
1986-07-06,1.741974e-06,297.4807,302.59497,289.96304,6.651068e-05
1986-07-07,3.792584e-05,289.73056,297.29892,288.9626,2.631929e-05
1986-07-08,8.253916e-05,290.40173,296.20746,283.96796,4.6947713e-05
1986-07-09,3.9715596e-06,288.905,295.10117,282.90134,4.0236344e-05
1986-07-10,0.0,289.7454,296.22763,282.30093,3.4966528e-05
1986-07-11,4.6806485e-06,289.65747,296.36096,286.12244,4.4881745e-05
1986-07-12,0.00022049765,290.3399,295.10806,285.619,3.994277e-05
1986-07-13,0.0,288.833,292.22452,285.72946,2.7198908e-05
1986-07-14,1.9070876e-06,290.18488,294.85535,283.90887,3.441768e-05
1986-07-15,0.0,290.71704,296.1397,283.18698,5.4613847e-05
1986-07-16,0.0,292.64236,298.6141,284.85037,5.083234e-05
1986-07-17,0.0,293.56845,299.6775,285.1681,4.7491776e-05
1986-07-18,0.0,294.73224,300.5656,287.40167,4.3382166e-05
1986-07-19,1.5395513e-05,290.9408,294.96857,289.0618,2.921305e-05
1986-07-20,1.1201154e-05,288.89227,291.747,287.00558,2.5551502e-05
1986-07-21,7.957983e-07,290.94412,296.16812,286.4247,4.0815976e-05
1986-07-22,0.0,291.6463,298.92322,283.3304,5.038566e-05
1986-07-23,0.0,295.59314,301.5639,284.0788,6.184796e-05
1986-07-24,0.0,290.3237,301.64474,283.98,4.8314265e-05
1986-07-25,0.0004027924,289.26212,295.5135,280.45587,3.9256458e-05
1986-07-26,0.0,291.7575,297.9185,285.1024,4.8504986e-05
1986-07-27,0.0,293.64026,299.41367,286.75238,4.8000104e-05
1986-07-28,0.0,293.84387,299.81097,287.90887,4.6722893e-05
1986-07-29,0.0,293.496,300.39792,288.2845,4.54719e-05
1986-07-30,0.0,294.76355,303.14407,288.74973,4.1729632e-05
1986-07-31,0.00013740937,297.07098,304.55154,288.9332,4.7313737e-05
1986-08-01,0.0,294.16663,302.7364,288.942,4.3997792e-05
1986-08-02,3.5640765e-05,295.21036,301.5617,287.7985,5.344984e-05
1986-08-03,0.0,296.76926,303.15884,288.47284,5.2682226e-05
1986-08-04,0.0,297.4982,303.4234,289.63306,5.0419665e-05
1986-08-05,8.337154e-06,294.63568,299.01645,291.25168,3.5109333e-05
1986-08-06,1.0665741e-05,293.49274,299.1866,288.93713,5.914649e-05
1986-08-07,0.0,294.76633,300.87305,287.2267,4.7043624e-05
1986-08-08,0.0,295.90732,302.63037,288.56403,4.959367e-05
1986-08-09,4.628307e-06,295.0241,301.5526,290.85373,4.6962443e-05
1986-08-10,9.844001e-07,296.13956,302.60858,288.25748,4.4232373e-05
1986-08-11,1.4198919e-05,296.02582,302.86295,288.56006,4.655709e-05
1986-08-12,0.0,297.23666,304.5957,289.67096,4.389945e-05
1986-08-13,1.0257362e-05,294.8004,301.39166,287.85117,4.5653407e-05
1986-08-14,9.984366e-06,292.4583,296.46555,288.556,2.9690478e-05
1986-08-15,2.710849e-06,293.32504,300.21512,286.67392,4.739681e-05
1986-08-16,0.0,294.54715,301.85666,286.08215,4.8851944e-05
1986-08-17,0.0,297.26462,304.60654,287.3208,6.508792e-05
1986-08-18,0.0,297.95114,305.25467,287.33243,6.570629e-05
1986-08-19,0.0,293.01642,299.86328,288.71835,3.1648302e-05
1986-08-20,9.3551294e-05,291.68576,296.1231,289.2086,2.7344693e-05
1986-08-21,2.4439238e-05,290.30573,295.97858,287.0501,3.7070433e-05
1986-08-22,0.0,291.6405,298.57962,284.39218,3.6611236e-05
1986-08-23,0.0,291.05798,301.91943,285.8748,4.6537985e-05
1986-08-24,0.0002441823,288.10983,293.9558,282.52673,2.3830005e-05
1986-08-25,0.0003134465,288.98157,294.57733,284.57837,3.6881527e-05
1986-08-26,0.0,291.32916,297.9905,283.2942,4.1253952e-05
1986-08-27,0.0,290.61325,297.9565,287.74634,3.048747e-05
1986-08-28,1.5655396e-05,288.99014,293.90277,286.4005,1.842652e-05
1986-08-29,0.00021375163,286.51047,290.18604,285.8545,1.9459429e-05
1986-08-30,1.1786332e-05,286.4604,292.6151,282.9214,2.426099e-05
1986-08-31,1.3708661e-06,286.08133,292.96945,280.38983,2.6188929e-05
1986-09-01,0.0,287.18665,294.12845,280.04813,3.0164594e-05
1986-09-02,0.0,288.30063,295.23602,282.70755,3.1880554e-05
1986-09-03,0.0,290.3761,297.77762,283.18054,3.882057e-05
1986-09-04,3.1613235e-05,286.4102,292.62427,284.02792,2.3011331e-05
1986-09-05,1.0659644e-05,285.06445,292.78534,277.93207,2.834654e-05
1986-09-06,0.0,286.77078,295.15244,277.6883,3.4720597e-05
1986-09-07,0.0,288.99048,296.49088,280.6869,2.9645074e-05
1986-09-08,0.0,290.00458,297.21265,282.92224,3.1474858e-05
1986-09-09,0.0,290.1083,294.0886,285.54794,2.5462961e-05
1986-09-10,0.00010024629,284.68805,289.69812,283.90555,1.3888889e-05
1986-09-11,9.1344584e-05,285.9911,292.3329,282.15796,2.5078942e-05
1986-09-12,0.0,288.92715,295.50888,279.93082,2.7132162e-05
1986-09-13,0.0,291.37173,298.31952,285.05603,2.8067068e-05
1986-09-14,0.0,291.96387,299.10318,284.66116,3.0321866e-05
1986-09-15,0.0,293.23328,299.9871,285.4491,3.3795593e-05
1986-09-16,0.0,295.1013,301.61487,288.54825,3.905396e-05
1986-09-17,0.0,293.4411,299.0871,287.55664,2.9472782e-05
1986-09-18,0.0,290.9001,297.1505,288.38055,2.4254012e-05
1986-09-19,0.00021087403,283.55386,289.57605,280.7029,2.832772e-05
1986-09-20,0.0,283.8961,291.2574,277.09613,2.250559e-05
1986-09-21,0.0,285.06104,294.39755,276.4946,2.1991842e-05
1986-09-22,0.0,288.18027,297.04126,279.75977,2.6030719e-05
1986-09-23,0.0,288.08655,297.48874,281.27145,2.5462963e-05
1986-09-24,0.0,288.86368,296.89407,281.72748,2.1248978e-05
1986-09-25,0.0,286.19196,289.6285,285.87906,1.5053673e-05
1986-09-26,2.9661635e-07,283.4711,286.17557,282.63632,1.2547798e-05
1986-09-27,2.2639502e-05,285.9838,290.2951,282.7071,1.7577668e-05
1986-09-28,0.0,285.57092,291.29828,281.59885,2.1702444e-05
1986-09-29,0.0,285.13773,293.2308,278.16324,2.1055199e-05
1986-09-30,0.0,286.6153,294.92407,279.63214,2.1582304e-05
1986-10-01,0.0,284.39752,292.6941,277.88193,1.7173967e-05
1986-10-02,0.0,285.67575,294.58994,276.88486,2.2955108e-05
1986-10-03,0.0,287.67758,296.57843,279.21927,1.9502213e-05
1986-10-04,0.0,285.88,291.44528,281.48447,1.857795e-05
1986-10-05,0.0,283.96933,290.5269,280.45636,1.4205192e-05
1986-10-06,0.0,284.60315,292.00412,277.11996,1.6518383e-05
1986-10-07,0.0,286.90372,294.2414,279.69275,1.758341e-05
1986-10-08,0.0,286.4077,292.24158,280.716,1.28117945e-05
1986-10-09,2.0298373e-06,284.3756,290.92786,280.22525,1.4124785e-05
1986-10-10,0.0,283.73074,291.95187,275.68274,1.7446677e-05
1986-10-11,0.0,284.46582,292.76678,276.845,1.2165902e-05
1986-10-12,0.0,284.60425,291.83286,278.8506,1.5498921e-05
1986-10-13,0.0,282.4776,290.43173,275.39114,1.3887913e-05
1986-10-14,0.0,281.64825,288.97476,275.32907,1.1691407e-05
1986-10-15,0.0,280.72095,288.74472,274.55774,1.170907e-05
1986-10-16,0.0,278.51822,288.5747,272.15387,1.1575731e-05
1986-10-17,0.0,280.18686,289.65155,271.88565,9.477146e-06
1986-10-18,0.0,280.28714,289.16376,273.13644,1.2459255e-05
1986-10-19,0.0,281.95538,289.51733,272.4805,1.2091949e-05
1986-10-20,0.00011470879,283.73987,286.9636,280.83252,1.0518456e-05
1986-10-21,1.1252365e-05,282.781,288.97595,278.58844,1.7545635e-05
1986-10-22,0.0,288.7864,293.01535,278.3117,2.6430978e-05
1986-10-23,0.0,284.42743,291.26578,281.9584,1.6989037e-05
1986-10-24,0.00044561384,279.69397,286.19656,275.8198,1.0505017e-05
1986-10-25,0.0,279.16608,285.426,271.83643,1.1085289e-05
1986-10-26,2.0181903e-06,279.86044,282.72876,278.74207,6.7433534e-06
1986-10-27,0.00015251667,280.35217,281.01187,278.57224,7.892345e-06
1986-10-28,1.1673605e-05,280.60168,284.1637,278.82495,8.121191e-06
1986-10-29,0.0,279.04343,286.06982,273.41443,7.979831e-06
1986-10-30,0.0,281.34738,284.40622,275.59055,8.262559e-06
1986-10-31,0.0,279.29712,284.54025,277.1241,6.9444445e-06
1986-11-01,0.0,280.22723,284.74722,273.18643,8.30421e-06
1986-11-02,0.0,281.31827,284.44412,276.57672,8.101852e-06
1986-11-03,1.1485756e-06,277.85654,283.34024,274.83374,2.2213253e-05
1986-11-04,0.0,273.94742,280.5304,270.15717,8.910452e-06
1986-11-05,0.0,277.7375,284.60843,271.33905,9.259259e-06
1986-11-06,0.0,281.93472,288.50082,273.0595,1.08991535e-05
1986-11-07,0.0,278.76855,285.73355,274.42236,7.0553433e-06
1986-11-08,0.0,277.06293,284.5053,271.77322,4.9390906e-06
1986-11-09,0.0,277.86078,284.3903,272.22525,6.9444445e-06
1986-11-10,0.0,276.88623,283.6176,270.88458,5.787037e-06
1986-11-11,0.0,274.77716,276.78223,271.4543,3.8227618e-06
1986-11-12,0.0,274.2151,278.05298,272.7694,3.5807514e-06
1986-11-13,0.0,274.99155,277.53162,271.13873,3.517255e-06
1986-11-14,0.0,282.44208,287.63025,274.70047,1.1971706e-05
1986-11-15,0.0,285.1297,291.15482,280.91745,1.7361112e-05
1986-11-16,1.3739708e-07,278.29596,283.43625,275.88016,4.6296295e-06
1986-11-17,0.0,277.3141,278.23364,275.8428,3.4747445e-06
1986-11-18,0.0,278.49207,279.76193,276.04327,3.6131798e-06
1986-11-19,0.0,278.69687,280.27487,277.08795,4.381916e-06
1986-11-20,0.0,278.87885,280.08878,278.23355,5.607247e-06
1986-11-21,0.0,278.06055,279.57504,277.91757,4.6296295e-06
1986-11-22,9.943565e-06,278.27457,279.18332,275.91327,3.6768554e-06
1986-11-23,5.173202e-06,281.05698,284.06454,275.8708,5.799863e-06
1986-11-24,0.00032157998,278.86115,282.11374,277.78543,4.550111e-06
1986-11-25,4.3299253e-05,277.99255,284.3178,272.58978,4.272404e-06
1986-11-26,0.0,276.28735,278.674,271.7006,3.4722223e-06
1986-11-27,0.0,276.64478,279.22656,274.53198,4.6296295e-06
1986-11-28,0.0,278.17007,280.5429,273.3881,8.101852e-06
1986-11-29,0.0,274.531,279.22232,271.83353,4.329869e-06
1986-11-30,0.0,272.07388,272.89993,269.0213,2.6019009e-06
1986-12-01,0.0,272.09402,273.0314,270.8709,3.4722223e-06
1986-12-02,0.0,272.55548,274.39087,271.7719,2.677558e-06
1986-12-03,0.0,272.69653,274.4863,270.77344,2.9162031e-06
1986-12-04,0.0,270.77927,273.62137,269.9913,2.321165e-06
1986-12-05,0.0,271.18307,273.92596,269.57245,2.3159942e-06
1986-12-06,0.0,270.047,271.3638,269.93433,2.3148148e-06
1986-12-07,0.0,270.05045,271.08096,269.4689,2.3148148e-06
1986-12-08,0.0,270.4224,270.82358,269.87973,2.8712798e-06
1986-12-09,0.0,271.79514,272.13568,270.36008,3.4722223e-06
1986-12-10,1.3232617e-08,271.61465,271.76395,271.13364,2.3148148e-06
1986-12-11,0.0,271.54086,272.21735,270.57718,3.2207595e-06
1986-12-12,0.0,272.5225,275.58237,270.66864,2.3148148e-06
1986-12-13,0.0,271.56842,272.6785,270.35532,3.4722223e-06
1986-12-14,0.0,271.0913,271.76694,270.12228,2.3148148e-06
1986-12-15,0.0001582793,272.02496,273.70215,271.3642,2.3157495e-06
1986-12-16,5.4813197e-05,272.74133,274.86713,270.68375,2.702403e-06
1986-12-17,1.7719552e-07,269.13794,274.1832,265.82986,1.8118833e-06
1986-12-18,0.0,269.31445,273.7016,260.8883,2.3148148e-06
1986-12-19,0.0,275.28705,280.28058,268.1424,5.200161e-06
1986-12-20,0.00015296198,274.25986,279.51892,271.8369,5.787037e-06
1986-12-21,0.0,272.42786,279.45062,267.88345,4.6296295e-06
1986-12-22,0.0,270.70627,276.17166,267.10013,3.4722223e-06
1986-12-23,0.0,270.3483,275.53568,267.45667,3.4722223e-06
1986-12-24,0.0,269.69647,273.4189,267.44897,4.592975e-06
1986-12-25,0.0,266.16647,270.5935,264.69934,4.243973e-06
1986-12-26,0.0,266.33167,268.9,259.42023,2.3731232e-06
1986-12-27,0.0,269.87262,274.19907,266.98703,3.4722223e-06
1986-12-28,0.0,271.7782,276.25806,267.3346,4.6791015e-06
1986-12-29,0.0,278.78168,283.6019,270.1692,8.304182e-06
1986-12-30,0.0,279.42987,284.8701,276.14032,8.098207e-06
1986-12-31,0.0,276.8518,279.98297,274.42633,3.247323e-06
1987-01-01,0.0,277.68893,280.92618,270.73154,1.9969461e-06
1987-01-02,0.0,274.74445,277.84814,273.18454,4.6296295e-06
1987-01-03,9.375218e-05,271.1841,275.3984,268.16452,8.351238e-06
1987-01-04,0.0,270.1928,275.2049,267.61502,2.4781825e-06
1987-01-05,0.0,273.2685,277.72037,266.95404,5.314131e-06
1987-01-06,0.0,271.8283,277.70706,268.4214,3.8109167e-06
1987-01-07,0.0,269.34106,273.53156,266.80557,7.753787e-06
1987-01-08,0.0,264.90063,269.3759,262.36642,6.667567e-06
1987-01-09,0.0,268.8148,271.9814,262.67734,4.6257364e-06
1987-01-10,9.337698e-08,268.15048,270.95657,266.29276,2.3333591e-06
1987-01-11,8.976468e-05,263.8051,267.2976,262.67224,2.327701e-06
1987-01-12,0.00019933406,259.18323,263.34076,254.75215,1.1574074e-06
1987-01-13,0.0,257.58844,260.53125,247.95825,1.1574074e-06
1987-01-14,3.0084877e-06,261.17877,262.07996,257.41116,1.1574074e-06
1987-01-15,0.0001697726,267.12747,269.64188,262.0463,2.3148148e-06
1987-01-16,2.1095453e-05,270.59204,271.59262,268.33078,3.206955e-06
1987-01-17,0.0,271.85095,272.47272,270.80157,2.3606087e-06
1987-01-18,8.2766244e-05,269.79642,273.00385,270.0405,2.3063087e-06
1987-01-19,9.787814e-05,271.44955,272.60986,270.34338,2.29289e-06
1987-01-20,7.934721e-06,267.68985,271.9714,265.4075,2.9129267e-06
1987-01-21,0.0,265.12076,271.47662,259.98016,2.309647e-06
1987-01-22,0.0,264.91882,267.9921,257.13058,2.3148148e-06
1987-01-23,0.0,271.2518,274.50537,267.5456,2.673999e-06
1987-01-24,0.0,271.90332,276.8196,267.59286,6.285315e-06
1987-01-25,1.5176404e-06,269.23343,276.53787,262.81094,3.459347e-06
1987-01-26,0.0,269.58786,271.75687,263.4678,2.3822138e-06
1987-01-27,0.0,269.27277,274.81488,263.80017,3.4722223e-06
1987-01-28,0.0,268.20258,271.7046,263.22305,3.4722223e-06
1987-01-29,0.0,268.7843,273.10162,263.34274,3.3169958e-06
1987-01-30,1.9086845e-07,260.4095,268.97452,255.3267,4.2955903e-06
1987-01-31,0.0,258.8641,265.64044,248.17978,1.524457e-06
1987-02-01,0.0,262.49637,267.41043,256.66068,2.3800794e-06
1987-02-02,0.0,266.27283,268.5348,259.9032,3.4722223e-06
1987-02-03,0.0,266.66934,271.53394,264.14386,4.146876e-06
1987-02-04,0.0,263.40387,271.11432,256.15683,2.3262069e-06
1987-02-05,0.0,264.15952,270.87656,258.85797,3.4722223e-06
1987-02-06,0.0,267.46515,273.5201,262.6769,3.4722223e-06
1987-02-07,0.0,272.57303,276.15784,265.95154,4.169548e-06
1987-02-08,4.7690783e-06,273.32346,277.68936,263.94507,5.787037e-06
1987-02-09,0.0,276.66116,282.37305,271.6383,7.159573e-06
1987-02-10,0.0,277.61093,282.54453,272.02222,8.818754e-06
1987-02-11,0.0,279.36923,283.19577,273.99615,7.1183345e-06
1987-02-12,0.0,280.0927,285.6639,274.24344,1.00196285e-05
1987-02-13,1.4543771e-05,278.14755,280.71606,275.61356,5.6074764e-06
1987-02-14,9.029794e-06,276.05408,278.40536,274.45166,5.557676e-06
1987-02-15,3.0126228e-05,276.1406,277.12234,274.80292,5.366723e-06
1987-02-16,2.8293075e-06,275.90466,277.49982,275.0925,5.654955e-06
1987-02-17,6.655388e-05,274.68933,276.03992,273.94022,5.763417e-06
1987-02-18,8.555381e-05,274.30518,275.81985,273.01212,4.6296295e-06
1987-02-19,1.2079579e-05,274.66614,275.64447,272.24557,4.9623172e-06
1987-02-20,0.00024246862,276.5087,278.0343,274.62143,4.6296295e-06
1987-02-21,0.00030492657,276.8824,282.2018,273.8346,1.373833e-05
1987-02-22,0.0,274.87305,280.58356,271.13367,9.250753e-06
1987-02-23,0.0,273.1087,278.65353,270.36322,1.3058834e-05
1987-02-24,1.213117e-06,269.71158,273.90656,268.11465,9.288883e-06
1987-02-25,0.0,269.98367,274.50104,264.6347,8.086434e-06
1987-02-26,0.0,272.81656,277.537,265.81378,8.902102e-06
1987-02-27,0.0,274.6657,277.15146,273.0088,1.1389539e-05
1987-02-28,0.0,277.0627,281.2231,273.61566,8.248114e-06
1987-03-01,7.6114816e-08,275.77524,280.38248,272.98486,9.065543e-06
1987-03-02,1.8933741e-06,268.7667,274.1152,268.04706,4.632125e-06
1987-03-03,6.8754554e-05,264.87363,269.16367,263.67102,8.725052e-06
1987-03-04,9.63018e-07,263.0814,270.1101,256.5723,6.9359385e-06
1987-03-05,0.0,264.9906,270.1855,257.39148,6.7501e-06
1987-03-06,0.0,266.48276,270.28442,261.74155,9.0728e-06
1987-03-07,0.0,267.12378,271.15262,262.3888,8.934815e-06
1987-03-08,2.2170886e-06,267.15158,270.51587,262.77075,5.783454e-06
1987-03-09,0.0,268.14008,272.8167,261.32397,8.201933e-06
1987-03-10,1.2088004e-08,269.25464,271.72964,264.54587,5.640544e-06
1987-03-11,6.0507728e-06,270.12592,274.51486,265.0576,8.014173e-06
1987-03-12,0.0,269.2553,274.07498,264.1812,9.443906e-06
1987-03-13,0.0,269.26364,274.42822,263.47635,9.680503e-06
1987-03-14,0.0,270.32156,275.0429,264.26385,1.018872e-05
1987-03-15,0.0,270.8769,276.0596,266.5144,1.193425e-05
1987-03-16,0.0,272.65543,278.29828,267.47607,1.242434e-05
1987-03-17,0.0,274.6366,279.55673,269.71606,1.3888889e-05
1987-03-18,0.0,278.43332,284.53754,271.96347,2.559316e-05
1987-03-19,4.213421e-09,274.08807,279.22546,272.8709,6.5850772e-06
1987-03-20,0.00023511017,273.65625,274.6875,273.03677,6.9444445e-06
1987-03-21,0.00011275969,273.67,280.42563,265.68054,1.3198974e-05
1987-03-22,0.0,276.54022,283.84332,268.988,1.5713737e-05
1987-03-23,0.0,277.3868,283.62744,272.59656,2.1342803e-05
1987-03-24,0.0,280.58728,287.99112,271.81314,1.9212714e-05
1987-03-25,0.0,284.4687,291.50558,276.954,2.7502134e-05
1987-03-26,0.0,283.49704,290.29892,275.0714,1.7981887e-05
1987-03-27,1.2851421e-05,284.82086,290.01508,280.15945,3.064051e-05
1987-03-28,0.0,284.21097,287.90765,282.76108,2.5218946e-05
1987-03-29,0.000341247,279.3531,283.09705,276.8657,1.382086e-05
1987-03-30,2.489812e-05,278.18768,280.07706,277.0329,2.81622e-05
1987-03-31,2.5911047e-06,275.52557,278.04184,274.85178,1.5417434e-05
1987-04-01,5.6912842e-05,277.2671,280.40936,273.81683,1.2412263e-05
1987-04-02,3.4925135e-05,276.0675,277.84137,274.84204,1.0221287e-05
1987-04-03,7.943727e-05,280.4712,285.4236,273.45383,1.8513398e-05
1987-04-04,0.0,286.1413,291.16528,280.04144,3.254861e-05
1987-04-05,4.5026723e-06,285.8907,291.43073,280.79138,4.2695912e-05
1987-04-06,0.0,285.01337,291.0729,279.69492,3.2235268e-05
1987-04-07,1.6141531e-06,286.03445,293.4344,276.25717,3.4579618e-05
1987-04-08,0.0,287.26675,294.0448,279.90527,3.964181e-05
1987-04-09,8.00839e-06,287.31305,291.23734,283.89417,2.1185617e-05
1987-04-10,3.720535e-05,284.4019,290.27817,283.04465,1.7361528e-05
1987-04-11,0.00031480106,281.16254,283.8708,280.35757,1.7371282e-05
1987-04-12,1.9217723e-05,283.1742,288.83426,277.0341,2.8609315e-05
1987-04-13,2.1913272e-06,281.94757,284.51648,280.47656,2.8155859e-05
1987-04-14,1.1831948e-07,282.29404,286.73862,278.33884,3.449198e-05
1987-04-15,0.0,281.9973,286.37054,278.47574,3.6125693e-05
1987-04-16,0.0,282.68396,287.19403,274.4563,1.7384826e-05
1987-04-17,0.0,285.3061,290.991,280.20874,3.0065996e-05
1987-04-18,0.0,287.0537,295.49667,278.47687,4.28932e-05
1987-04-19,0.0,286.94724,293.28775,278.45114,3.5601537e-05
1987-04-20,1.6558142e-06,287.2537,294.27515,281.08667,2.4305555e-05
1987-04-21,0.00028188727,283.9819,287.8761,282.0808,2.7105185e-05
1987-04-22,2.3715365e-06,281.94864,286.63736,279.13202,3.1219395e-05
1987-04-23,1.9222107e-06,282.3826,287.92395,274.88492,3.357947e-05
1987-04-24,0.0,284.7097,291.99164,275.70093,3.6736372e-05
1987-04-25,0.0,288.1983,296.4343,277.2909,4.0509258e-05
1987-04-26,0.0,288.0108,295.26288,279.18906,4.215127e-05
1987-04-27,9.5798705e-06,282.64493,288.0705,279.52975,3.4542692e-05
1987-04-28,1.5913197e-06,281.671,287.6052,275.85095,3.8098446e-05
1987-04-29,0.0,284.16766,291.00308,274.36005,4.0311566e-05
1987-04-30,0.0,286.3663,293.67264,276.00516,4.0114443e-05
1987-05-01,0.0,289.284,296.829,278.0166,4.2824075e-05
1987-05-02,0.0,291.39874,298.45197,283.40692,4.6990885e-05
1987-05-03,2.015311e-05,290.9346,296.29114,285.0578,3.7937247e-05
1987-05-04,4.1749896e-05,281.6723,291.0029,280.27142,1.6834201e-05
1987-05-05,0.00010322761,284.15488,286.37463,282.77652,1.851335e-05
1987-05-06,0.00017788168,284.49542,285.52484,282.5899,2.4496463e-05
1987-05-07,9.942047e-05,283.80167,287.53012,280.49844,4.53947e-05
1987-05-08,0.0,284.85983,288.00473,281.0387,4.2914722e-05
1987-05-09,4.522448e-06,286.74066,293.08087,280.73145,4.103039e-05
1987-05-10,0.0,289.87286,297.32993,278.83206,6.309252e-05
1987-05-11,2.7340076e-05,284.48508,290.735,283.21954,2.0765312e-05
1987-05-12,6.862631e-05,287.04062,292.33167,281.1264,3.0111047e-05
1987-05-13,4.0107548e-06,283.8851,289.0833,281.53824,1.9675927e-05
1987-05-14,0.00021433679,282.03766,286.97964,279.3815,2.7430815e-05
1987-05-15,3.999006e-05,285.39218,291.2026,276.85342,3.8482525e-05
1987-05-16,6.761355e-06,283.09448,290.5537,281.249,2.4645353e-05
1987-05-17,7.89093e-05,286.28616,290.62726,278.30084,3.3139033e-05
1987-05-18,1.0721441e-06,287.48892,291.12988,285.2639,2.4703057e-05
1987-05-19,2.424839e-06,289.78073,296.4525,281.5535,4.848088e-05
1987-05-20,8.1749914e-07,286.4148,292.32907,282.44766,2.5206544e-05
1987-05-21,4.5862616e-05,282.1099,285.50082,280.99426,2.8214148e-05
1987-05-22,4.3329474e-06,282.72107,285.6117,278.6172,2.3737814e-05
1987-05-23,3.566619e-06,282.44244,284.28094,280.63126,1.7615312e-05
1987-05-24,6.082816e-05,287.68488,293.279,281.337,4.2507705e-05
1987-05-25,0.0,289.3836,294.64737,283.47488,4.425677e-05
1987-05-26,0.0,289.0052,294.4404,282.66107,4.181988e-05
1987-05-27,0.0,289.90427,297.27646,282.3039,4.3243075e-05
1987-05-28,8.807021e-05,287.79593,294.23,284.71982,3.649647e-05
1987-05-29,4.760301e-05,288.06683,292.90536,283.41254,3.2547483e-05
1987-05-30,8.654453e-06,286.1095,292.40387,283.86356,4.1813768e-05
1987-05-31,2.3569746e-06,286.21866,291.15503,281.5808,2.9187126e-05
1987-06-01,0.0,287.29877,292.21518,284.23758,2.5394571e-05
1987-06-02,0.0,289.84854,295.66605,282.4764,4.408711e-05
1987-06-03,0.0,289.99658,295.1097,284.4376,3.1397965e-05
1987-06-04,7.2117173e-06,289.71515,296.7098,285.9103,4.1262487e-05
1987-06-05,0.00012466717,287.99728,293.76746,284.84048,3.421921e-05
1987-06-06,2.2731703e-05,292.18146,298.17065,283.1238,5.6390803e-05
1987-06-07,0.0,294.66605,300.68323,284.76764,6.2230865e-05
1987-06-08,0.0,295.32846,300.5219,291.39676,6.035305e-05
1987-06-09,0.0,289.73373,294.4407,286.02087,3.659734e-05
1987-06-10,4.437955e-05,292.34082,298.1949,284.89774,5.297368e-05
1987-06-11,0.0,292.92395,298.8922,284.62662,5.5089768e-05
1987-06-12,0.0,293.27646,298.43375,284.98798,4.917081e-05
1987-06-13,0.0,296.40598,301.96204,285.86002,6.215951e-05
1987-06-14,0.0,298.06595,304.08258,291.3208,6.254553e-05
1987-06-15,0.0,295.91956,301.78497,289.87152,5.4938937e-05
1987-06-16,1.9902529e-05,287.03348,294.43625,284.79987,3.7441147e-05
1987-06-17,0.0002934923,285.681,291.6936,283.0254,3.3865243e-05
1987-06-18,1.070952e-05,286.30396,293.61865,279.22382,3.8180482e-05
1987-06-19,4.7382062e-05,288.15732,293.11057,280.78674,3.969201e-05
1987-06-20,4.8353972e-06,288.222,291.3314,285.54016,2.4293655e-05
1987-06-21,4.245708e-05,287.33865,289.3727,285.91367,2.0568672e-05
1987-06-22,8.889353e-05,287.0742,290.21622,286.19147,2.370744e-05
1987-06-23,9.586617e-05,291.34122,296.88034,285.94205,4.5320012e-05
1987-06-24,0.0,290.5647,297.99313,285.2754,4.0866602e-05
1987-06-25,0.00010686235,291.16074,296.41266,287.37094,3.8585622e-05
1987-06-26,8.108891e-06,293.8243,299.5451,286.3672,5.018305e-05
1987-06-27,6.5574195e-09,291.87723,295.7784,286.91238,3.3064534e-05
1987-06-28,2.89039e-05,293.51776,299.34372,285.66702,5.8005808e-05
1987-06-29,0.0,295.6572,301.73096,287.54562,5.4633892e-05
1987-06-30,0.0,296.70267,302.9373,288.86343,5.9510516e-05
1987-07-01,0.0,297.59366,303.51584,288.959,5.939659e-05
1987-07-02,0.0,297.39206,302.5927,292.23083,5.787544e-05
1987-07-03,2.893566e-08,295.1392,300.4569,291.39594,4.7830436e-05
1987-07-04,0.0,294.87485,300.2728,290.80405,6.095734e-05
1987-07-05,0.0,292.89743,297.81287,290.20145,5.9455648e-05
1987-07-06,0.0,292.1191,297.85995,287.31616,5.1648094e-05
1987-07-07,0.0,293.26572,299.8272,284.61896,5.6543224e-05
1987-07-08,0.0,296.1444,302.2104,286.35956,5.9443413e-05
1987-07-09,0.0,290.9462,296.65692,288.76358,2.6883617e-05
1987-07-10,0.00016063693,291.25308,297.5196,286.12338,4.7054302e-05
1987-07-11,0.0,293.17764,299.15112,285.43085,5.4397082e-05
1987-07-12,0.0,294.80847,301.70316,285.6342,5.488548e-05
1987-07-13,0.0,295.44556,302.37512,289.4734,5.229223e-05
1987-07-14,5.5842e-06,294.6511,300.20114,288.626,5.6649336e-05
1987-07-15,0.0,295.33566,302.86707,289.02496,5.4932738e-05
1987-07-16,8.174378e-05,295.03986,303.20602,289.727,4.8166086e-05
1987-07-17,4.6437064e-05,297.76028,303.06033,290.54694,5.7402678e-05
1987-07-18,0.0,298.8529,304.7757,294.45502,7.4493466e-05
1987-07-19,0.0,300.4814,304.9963,292.96103,6.6917695e-05
1987-07-20,0.0,296.00104,302.8528,290.90106,6.704625e-05
1987-07-21,0.0,296.25085,301.84955,288.14655,5.2219697e-05
1987-07-22,0.0,295.3079,301.8806,286.41132,5.284573e-05
1987-07-23,0.0,297.82745,305.2963,288.4414,6.1548824e-05
1987-07-24,0.0,298.29767,305.66855,290.06482,5.5921842e-05
1987-07-25,0.0,292.04477,300.17273,290.7882,3.539861e-05
1987-07-26,0.00042564655,287.75787,291.50568,286.6399,2.1383956e-05
1987-07-27,0.00038052443,288.0169,294.49298,281.18787,4.3833188e-05
1987-07-28,1.2516161e-06,289.64706,296.10464,285.78708,3.6447418e-05
1987-07-29,6.4779056e-06,290.91565,296.98203,286.67502,4.343877e-05
1987-07-30,0.0,293.89673,299.30627,285.93884,4.6886824e-05
1987-07-31,2.8414415e-05,289.92456,295.65787,288.12088,2.3498533e-05
1987-08-01,0.00016372475,291.4657,297.716,285.50732,3.652902e-05
1987-08-02,3.5462213e-05,290.791,293.9217,287.8445,2.5917461e-05
1987-08-03,2.375813e-06,291.65213,298.32257,286.76526,3.5215195e-05
1987-08-04,0.00018687533,289.28134,293.23053,286.56287,2.0069258e-05
1987-08-05,0.0008810677,284.57306,288.73416,283.5125,2.0919186e-05
1987-08-06,9.20994e-05,286.90546,293.18143,278.8558,4.097318e-05
1987-08-07,1.0677681e-05,286.4788,289.0196,281.88583,1.8518518e-05
1987-08-08,9.0413654e-05,288.941,294.12308,285.7446,3.257055e-05
1987-08-09,3.1973111e-06,291.3306,296.45822,283.41882,3.2099448e-05
1987-08-10,0.00011448398,290.2753,296.04395,286.87695,3.4532608e-05
1987-08-11,3.6851903e-05,289.67294,294.2307,286.85297,3.379101e-05
1987-08-12,4.080896e-05,289.69815,294.3043,285.50372,2.6467984e-05
1987-08-13,2.1238096e-05,287.98688,292.74026,286.47,3.1475298e-05
1987-08-14,6.017385e-06,290.13953,295.7058,282.53314,3.2154305e-05
1987-08-15,0.0,291.34912,296.60645,287.95724,2.7116746e-05
1987-08-16,2.2531576e-05,289.75323,296.183,286.7123,3.6473713e-05
1987-08-17,0.0,290.9853,296.70325,287.22385,3.4458655e-05
1987-08-18,0.0,292.7929,300.18314,286.15268,3.9789877e-05
1987-08-19,0.00010908859,294.10437,299.99448,288.8469,3.4301633e-05
1987-08-20,5.553845e-06,292.33673,297.725,289.89233,3.1582986e-05
1987-08-21,4.1464996e-06,291.47327,297.5326,286.45987,4.0944993e-05
1987-08-22,0.0,291.16968,297.645,284.31628,3.7520298e-05
1987-08-23,0.0,290.81677,297.46103,284.14273,4.0090817e-05
1987-08-24,0.0,292.6586,300.3221,284.24667,4.7065198e-05
1987-08-25,0.0,291.9461,298.7667,286.67212,3.0893934e-05
1987-08-26,7.807787e-05,292.06784,297.56076,287.85065,3.3778106e-05
1987-08-27,0.0,292.55728,298.79556,285.1542,4.1067713e-05
1987-08-28,5.482849e-06,290.90707,296.9486,287.50607,3.188099e-05
1987-08-29,1.2803018e-05,289.9996,295.53918,287.0714,2.497121e-05
1987-08-30,0.0,292.23672,297.9527,287.67612,3.2336735e-05
1987-08-31,0.0,292.91254,299.29105,287.12012,3.7727266e-05
1987-09-01,0.0,291.60074,296.44067,288.25058,3.1325377e-05
1987-09-02,0.0,291.62027,296.96454,287.70044,2.5153458e-05
1987-09-03,0.0,293.1951,299.58575,286.3454,3.487889e-05
1987-09-04,0.0,292.96808,300.1538,286.68494,3.2610325e-05
1987-09-05,0.0,293.0995,300.32465,286.33936,3.405728e-05
1987-09-06,1.6787388e-06,288.26974,294.13913,286.65182,1.826854e-05
1987-09-07,0.00032194203,290.20328,296.75693,285.01425,3.5692403e-05
1987-09-08,0.0,289.8462,296.85278,284.29675,2.840201e-05
1987-09-09,1.476572e-05,288.72794,293.12567,284.6969,2.0603531e-05
1987-09-10,0.0,289.58832,295.9537,284.51688,2.7521506e-05
1987-09-11,0.0,290.90366,297.4548,283.31628,2.7266828e-05
1987-09-12,1.3147577e-07,292.65134,299.36224,285.73972,2.9065022e-05
1987-09-13,0.0,294.64413,301.99307,287.3849,3.2039694e-05
1987-09-14,0.0,295.27512,303.50647,287.77893,3.4774563e-05
1987-09-15,0.0,294.51624,300.11127,290.2974,3.4219127e-05
1987-09-16,0.0,292.37802,297.77124,289.5151,2.6632943e-05
1987-09-17,0.0,292.6863,298.63318,286.8113,2.6469042e-05
1987-09-18,1.8411426e-06,294.3114,301.62872,288.69485,2.4345285e-05
1987-09-19,0.0,292.72162,299.2382,287.3879,3.0077133e-05
1987-09-20,1.1971965e-06,295.22794,303.11307,288.74164,2.7355463e-05
1987-09-21,5.5207554e-09,292.7266,298.71588,289.58594,2.816122e-05
1987-09-22,0.0,292.5726,299.4998,285.29382,3.070227e-05
1987-09-23,0.0,294.2265,300.8517,286.17944,3.550513e-05
1987-09-24,0.0,288.9047,295.08994,287.49896,1.6269516e-05
1987-09-25,0.0001926153,289.92065,294.14478,287.01495,2.0008052e-05
1987-09-26,0.0,293.98972,298.1748,287.48596,2.3752029e-05
1987-09-27,0.00029153976,284.5836,294.83386,282.4534,1.2537817e-05
1987-09-28,0.00027858984,283.2095,287.31738,280.23984,1.4564289e-05
1987-09-29,0.0,281.8824,287.14346,280.30624,1.6579683e-05
1987-09-30,0.0,281.16046,286.05276,276.86954,1.7127017e-05
1987-10-01,0.0,280.5216,287.19296,276.14404,1.8286393e-05
1987-10-02,0.0,280.4954,287.58478,275.08463,1.4428814e-05
1987-10-03,0.0,281.69363,287.38263,276.72043,1.538426e-05
1987-10-04,0.0,281.38693,287.56992,278.16928,1.3831374e-05
1987-10-05,0.0,285.6352,292.6053,276.65826,2.1944394e-05
1987-10-06,0.0,287.48904,292.12698,284.22943,1.7865754e-05
1987-10-07,1.4698973e-07,289.32626,296.95453,285.9844,2.3125716e-05
1987-10-08,0.0,289.08755,295.35553,282.91193,2.3185772e-05
1987-10-09,5.767427e-05,285.2809,289.47137,282.97504,1.2373034e-05
1987-10-10,2.506877e-07,287.68674,292.7937,282.0922,1.6203703e-05
1987-10-11,0.0,289.80206,296.17914,284.05426,2.2590524e-05
1987-10-12,5.306175e-05,288.00623,293.27847,285.5603,1.2731482e-05
1987-10-13,3.681886e-05,282.28674,287.13538,281.30612,9.988303e-06
1987-10-14,1.6477023e-05,283.30093,291.00873,276.94775,1.5144532e-05
1987-10-15,0.0,288.3986,292.96268,279.19458,2.047039e-05
1987-10-16,0.0,291.0575,296.209,286.4392,2.9066574e-05
1987-10-17,0.0,287.81586,291.86725,282.96606,1.16057345e-05
1987-10-18,1.4160478e-05,284.54395,288.38303,283.98914,9.23678e-06
1987-10-19,0.00012956081,283.95303,289.97174,280.78357,1.1574074e-05
1987-10-20,0.0,283.24014,285.84537,280.0769,8.901449e-06
1987-10-21,0.0,284.11835,286.48624,281.353,8.572761e-06
1987-10-22,0.0,285.222,286.51,284.08984,8.035829e-06
1987-10-23,7.6008914e-06,284.25974,286.40286,283.01047,7.0589595e-06
1987-10-24,6.77875e-05,284.49142,285.93005,282.9279,6.9444445e-06
1987-10-25,0.0,285.6434,286.94748,284.08417,6.9444445e-06
1987-10-26,2.0031433e-05,281.02896,286.15286,281.07465,6.9444445e-06
1987-10-27,5.7216446e-05,282.02243,285.45007,280.36945,9.149078e-06
1987-10-28,2.294818e-06,280.03,282.6716,279.65027,8.801396e-06
1987-10-29,0.0,276.407,279.52838,274.43222,7.6048836e-06
1987-10-30,8.2305456e-07,277.5137,278.4313,276.6959,6.6203243e-06
1987-10-31,5.203765e-07,276.89294,283.4549,274.18683,6.3622456e-06
1987-11-01,0.0,275.98587,281.5448,271.18906,5.4785123e-06
1987-11-02,1.5340322e-05,277.99982,279.14362,274.58096,4.6296295e-06
1987-11-03,6.223955e-05,280.47845,283.11838,278.56067,1.0376618e-05
1987-11-04,1.283785e-06,278.7766,282.1734,276.25693,1.1546297e-05
1987-11-05,0.0,276.44397,282.5488,272.9932,6.9449507e-06
1987-11-06,0.0,276.53983,283.48547,270.97287,6.514052e-06
1987-11-07,0.0,276.7303,278.91235,272.3693,4.6296295e-06
1987-11-08,0.0,277.20813,281.20258,276.27612,5.538866e-06
1987-11-09,0.0,276.0555,276.73108,274.52466,3.4722223e-06
1987-11-10,8.107726e-06,276.32175,276.55942,275.19443,3.4722223e-06
1987-11-11,6.493549e-05,277.92102,279.94403,275.78406,4.6296295e-06
1987-11-12,4.50131e-06,280.07852,285.1013,274.71857,8.119594e-06
1987-11-13,5.93443e-07,284.22476,288.54257,277.24918,9.44645e-06
1987-11-14,0.0001529174,278.3593,287.04697,277.56418,4.6296295e-06
1987-11-15,0.00028497132,276.5717,279.26547,274.0241,4.3784994e-06
1987-11-16,1.575615e-05,275.74942,279.70828,271.40118,4.6296295e-06
1987-11-17,2.069031e-06,276.352,280.36548,273.19327,3.8914163e-06
1987-11-18,5.603481e-05,279.2673,285.44308,273.6843,1.1510288e-05
1987-11-19,0.0,278.56613,281.25372,274.92065,4.045826e-06
1987-11-20,3.2238624e-06,278.2524,281.29266,276.03357,4.6296295e-06
1987-11-21,6.0530683e-06,277.737,280.89505,273.00925,8.6097025e-06
1987-11-22,0.0,276.49548,281.9194,272.12714,3.4804546e-06
1987-11-23,0.0,277.05588,282.10452,271.12827,8.101852e-06
1987-11-24,3.8828948e-05,277.34854,278.51025,276.36203,4.279053e-06
1987-11-25,6.4709784e-05,281.08344,286.83124,276.26874,1.1140174e-05
1987-11-26,0.0,278.30255,280.92847,275.2335,3.4722223e-06
1987-11-27,6.1834755e-05,279.81946,281.59454,277.8322,4.6296295e-06
1987-11-28,5.299997e-05,277.34644,279.9645,276.87585,4.373114e-06
1987-11-29,4.313425e-05,277.1613,277.94324,276.705,4.624462e-06
1987-11-30,0.00014619014,277.79822,278.17694,276.97412,3.5745597e-06
1987-12-01,0.00018954802,276.83276,278.31244,275.91104,5.7666734e-06
1987-12-02,4.512632e-06,274.86505,276.20825,274.09128,5.6634876e-06
1987-12-03,1.5586389e-06,275.40247,276.88547,273.83743,4.108506e-06
1987-12-04,0.0,275.76923,277.03372,274.28647,4.9749065e-06
1987-12-05,0.0,275.7709,279.78705,273.12454,1.5072466e-06
1987-12-06,2.097025e-05,276.66803,277.4853,272.2443,2.3148148e-06
1987-12-07,3.8456077e-05,275.85593,278.39246,274.06854,4.6521636e-06
1987-12-08,1.6010086e-05,271.26782,274.51562,270.62857,6.6717957e-06
1987-12-09,1.392769e-06,267.42352,270.95084,266.35544,3.0882015e-06
1987-12-10,0.0,268.12292,271.81815,265.9868,5.392462e-07
1987-12-11,0.0,272.1136,278.57745,264.5873,3.2838332e-06
1987-12-12,0.0,271.53265,277.5282,268.55392,3.3791887e-06
1987-12-13,0.0,270.0866,272.0272,267.96725,2.3148148e-06
1987-12-14,0.0,270.83554,272.54636,270.1994,2.3148148e-06
1987-12-15,1.9206762e-05,271.25613,271.51324,270.72177,2.3148148e-06
1987-12-16,0.0,272.37607,273.0054,271.21338,2.3148148e-06
1987-12-17,0.0,273.1429,274.29614,272.27344,2.3148148e-06
1987-12-18,1.2163971e-05,274.9486,276.11688,273.0489,2.3148148e-06
1987-12-19,1.2836127e-05,277.17767,279.91107,272.63974,3.6704228e-06
1987-12-20,3.72126e-05,275.92508,279.18762,272.172,2.7570525e-06
1987-12-21,2.0870953e-06,277.95914,283.80078,273.98206,2.591173e-06
1987-12-22,0.0,277.43246,279.7949,274.13016,2.4585268e-06
1987-12-23,0.0,274.84723,279.5522,272.2982,1.6469982e-06
1987-12-24,0.0,273.72977,278.11996,270.6949,1.6340307e-06
1987-12-25,0.0,271.5228,273.50763,269.3905,2.683313e-06
1987-12-26,0.0,270.76883,271.72202,269.33813,2.3148148e-06
1987-12-27,0.0,273.00952,274.9302,269.81906,2.8280945e-06
1987-12-28,0.0,278.8855,285.25974,273.75964,4.766267e-06
1987-12-29,0.0,277.16827,283.76492,274.68527,2.5392542e-06
1987-12-30,0.0,277.20645,284.35324,272.81436,1.6713836e-06
1987-12-31,0.0,277.53055,282.05368,273.06564,5.105107e-07
1988-01-01,0.0,273.8177,275.88852,270.81335,2.3148148e-06
1988-01-02,0.0,273.58008,276.29233,270.84576,2.3681037e-06
1988-01-03,2.4633908e-07,280.41534,284.60202,272.7109,8.444622e-06
1988-01-04,0.0,276.59497,280.89056,273.32852,3.041376e-06
1988-01-05,1.7494563e-07,278.40472,284.6438,273.48633,2.6902958e-06
1988-01-06,0.0,284.71677,286.9002,273.74335,2.3997405e-05
1988-01-07,0.0,279.06903,285.48508,277.12787,6.332131e-06
1988-01-08,9.044856e-05,276.55945,280.0519,273.68463,3.4722223e-06
1988-01-09,0.0,275.39767,279.86215,272.29468,3.4722223e-06
1988-01-10,0.0,272.65955,277.1131,269.17392,2.1054348e-06
1988-01-11,0.0,272.6691,274.97464,269.46277,2.7862309e-06
1988-01-12,0.0,273.44705,279.07748,269.43622,1.8770703e-06
1988-01-13,0.0,271.82123,275.5467,268.0998,1.9131712e-06
1988-01-14,0.0,270.61438,271.72516,268.97742,2.8457548e-06
1988-01-15,0.0,270.5484,270.9663,270.06207,2.8647003e-06
1988-01-16,0.0,271.83118,272.36676,270.7264,2.3148148e-06
1988-01-17,0.0,272.21872,273.07147,271.55356,2.3148148e-06
1988-01-18,0.0,272.5856,273.01825,271.10352,2.3148148e-06
1988-01-19,1.1805403e-06,274.2873,275.86426,272.67737,2.657715e-06
1988-01-20,2.5386123e-06,274.52002,275.1307,273.92966,2.3468751e-06
1988-01-21,0.0,273.91882,275.16293,273.23456,3.4722223e-06
1988-01-22,2.9614315e-05,275.50702,276.7934,273.94247,3.4722223e-06
1988-01-23,2.9558289e-05,274.80222,277.8347,273.06622,4.2674606e-06
1988-01-24,1.0879262e-06,274.2569,278.11554,270.80243,6.0945085e-06
1988-01-25,0.0,278.28973,281.69812,271.603,8.393519e-06
1988-01-26,0.00023349101,279.27783,284.4078,276.39145,8.101852e-06
1988-01-27,2.0044588e-05,277.89404,284.85678,271.9652,7.802989e-06
1988-01-28,0.0,280.28857,284.52728,272.05728,7.904377e-06
1988-01-29,8.315658e-09,284.78207,289.3033,281.7215,1.5626985e-05
1988-01-30,2.4570461e-05,277.17737,284.47806,274.095,4.6296295e-06
1988-01-31,0.00014485925,276.48862,282.26385,272.32098,1.0416667e-05
1988-02-01,0.0,277.4223,282.6203,271.0966,1.059499e-05
1988-02-02,0.0,276.88632,280.26382,274.84076,8.468264e-06
1988-02-03,9.415059e-05,276.73956,283.66626,271.164,5.0946114e-06
1988-02-04,0.0,277.72333,284.00043,271.56738,1.0206409e-05
1988-02-05,0.0,281.2374,285.81146,277.05264,1.34394395e-05
1988-02-06,0.0,281.27417,285.7629,271.9817,1.1060879e-05
1988-02-07,0.0,285.10187,289.8421,281.6877,2.1225138e-05
1988-02-08,0.00014395159,279.33917,285.40054,275.41183,9.695931e-06
1988-02-09,2.0021895e-05,277.9108,282.3197,274.81998,1.031113e-05
1988-02-10,9.792807e-06,275.10208,277.62955,274.15198,4.6296295e-06
1988-02-11,0.00018099138,274.49142,279.46582,271.7854,5.787037e-06
1988-02-12,0.0,276.94193,280.80875,271.83493,6.5749614e-06
1988-02-13,0.00020285908,277.19037,278.5114,276.06882,1.3448886e-05
1988-02-14,9.1938e-07,275.66077,280.0173,273.51968,9.635532e-06
1988-02-15,0.0,276.1348,281.07205,271.55298,8.6128675e-06
1988-02-16,0.0,275.4258,280.7212,270.574,1.05080135e-05
1988-02-17,0.0,272.6507,277.93857,269.43445,5.787037e-06
1988-02-18,0.0,276.10202,281.7698,270.3942,1.0979501e-05
1988-02-19,0.0,276.7745,282.43375,272.56027,1.4223775e-05
1988-02-20,9.717549e-06,273.0573,276.83322,272.0951,6.6523776e-06
1988-02-21,4.5676345e-05,270.69604,275.05438,266.7154,6.38662e-06
1988-02-22,0.0,274.95587,280.98105,270.1253,7.0080882e-06
1988-02-23,0.0,275.95798,281.18668,270.2586,1.4037431e-05
1988-02-24,4.046088e-05,274.22723,277.91644,273.1781,6.9444445e-06
1988-02-25,4.470612e-05,274.5676,278.76617,272.69638,7.986615e-06
1988-02-26,2.4171609e-06,274.25665,276.69473,270.68298,1.0048558e-05
1988-02-27,5.820584e-05,273.51038,275.52646,272.59555,5.0863473e-06
1988-02-28,0.00010047792,275.17072,279.28445,272.5688,7.995055e-06
1988-02-29,0.0,274.23462,278.11267,271.7593,6.9490934e-06
1988-03-01,3.931118e-07,273.6394,280.8216,268.4061,1.0429204e-05
1988-03-02,0.0,273.69125,278.0279,270.30267,8.817308e-06
1988-03-03,0.0,273.52335,280.0178,268.2544,1.10596575e-05
1988-03-04,0.0,277.35098,283.64047,270.05792,1.6166585e-05
1988-03-05,0.0,275.2911,278.79694,273.32483,8.080524e-06
1988-03-06,0.00020732604,275.4306,279.93076,273.3183,1.0156236e-05
1988-03-07,0.0,274.20862,278.09583,271.41507,1.0021186e-05
1988-03-08,0.0,274.857,279.0123,271.6992,1.7550015e-05
1988-03-09,3.175928e-06,274.6512,276.97485,272.2264,2.3209672e-05
1988-03-10,0.0,273.9022,279.90485,271.06415,2.063346e-05
1988-03-11,0.0,276.89404,283.2062,270.55997,1.6215803e-05
1988-03-12,0.0,277.82153,285.72733,272.90787,2.3319126e-05
1988-03-13,3.1989139e-06,275.035,277.4022,271.98584,9.209903e-06
1988-03-14,1.5954944e-06,275.79114,282.12433,272.75275,1.4445959e-05
1988-03-15,0.0,276.79233,282.02805,272.58884,1.2443228e-05
1988-03-16,0.0,283.84195,286.56784,272.21655,2.6868309e-05
1988-03-17,7.885248e-08,282.52832,288.58408,277.06256,2.7243834e-05
1988-03-18,8.849805e-07,274.6395,281.35693,273.46133,1.1565568e-05
1988-03-19,1.0213967e-05,275.83185,282.48975,271.38583,1.9187893e-05
1988-03-20,0.0,278.09384,282.74002,271.09302,1.1921874e-05
1988-03-21,0.0,281.63187,285.20926,272.88022,1.2435133e-05
1988-03-22,0.0,280.60748,283.80878,278.0386,1.1016086e-05
1988-03-23,0.00019789596,282.2455,287.33258,278.34308,1.9550696e-05
1988-03-24,0.0,279.17883,283.48703,274.57318,1.2715301e-05
1988-03-25,2.7717411e-05,280.22934,284.03586,275.7764,1.4217889e-05
1988-03-26,6.230277e-06,280.61862,289.4313,273.25397,3.0297084e-05
1988-03-27,8.231014e-05,279.38455,285.64062,273.692,2.5668194e-05
1988-03-28,0.0,278.43567,283.80756,272.8724,2.6470361e-05
1988-03-29,0.0,279.1924,286.07928,272.31274,2.4325469e-05
1988-03-30,0.0,281.94785,289.127,273.13214,2.8417446e-05
1988-03-31,6.2385384e-06,281.02353,287.17502,279.1991,1.7361112e-05
1988-04-01,6.6998145e-05,281.30237,286.4223,274.84454,1.8411993e-05
1988-04-02,2.808368e-07,280.64307,286.03012,272.78796,1.8581648e-05
1988-04-03,0.0,282.20078,288.2119,273.52454,2.0631513e-05
1988-04-04,0.0,283.10532,286.46127,279.34323,1.5857278e-05
1988-04-05,0.0,282.37,283.57776,280.38654,1.356449e-05
1988-04-06,5.4663393e-05,284.00525,286.6069,281.08334,1.5941618e-05
1988-04-07,8.029751e-06,283.14395,285.6641,281.35147,1.5046296e-05
1988-04-08,4.4579615e-06,284.42688,290.90372,276.845,2.7954988e-05
1988-04-09,2.4818057e-05,284.2121,293.06042,277.94733,3.346114e-05
1988-04-10,6.589696e-05,278.0573,283.02066,275.28207,2.0833333e-05
1988-04-11,4.1634532e-05,280.11945,286.7681,271.26413,2.8937347e-05
1988-04-12,0.0,286.5999,293.74146,274.4926,3.9343347e-05
1988-04-13,6.5195286e-06,285.7634,292.06262,283.52414,3.0203068e-05
1988-04-14,3.2390766e-05,278.63727,284.71097,274.91595,3.8335293e-05
1988-04-15,0.0,278.23013,284.82022,271.42502,2.8509374e-05
1988-04-16,0.0,279.53537,287.73474,271.48685,2.8621687e-05
1988-04-17,0.0,281.29623,287.66776,273.28833,2.9674298e-05
1988-04-18,0.0,285.20135,292.78873,273.76483,3.228382e-05
1988-04-19,0.0,287.51892,294.81015,279.89536,4.313668e-05
1988-04-20,0.0,288.47403,295.18756,279.06332,4.204336e-05
1988-04-21,7.9889205e-06,286.28247,291.10886,283.19498,2.3482058e-05
1988-04-22,7.549898e-05,286.7272,293.00128,281.38037,3.4419467e-05
1988-04-23,2.295343e-07,282.11002,293.11304,277.0971,3.742854e-05
1988-04-24,0.00020206286,275.98267,281.19138,272.50308,1.942328e-05
1988-04-25,7.984166e-07,278.22607,284.58487,271.08582,2.8889624e-05
1988-04-26,0.0,279.84213,287.42017,272.93466,2.7836477e-05
1988-04-27,0.0,283.0887,290.01056,274.03354,2.7995464e-05
1988-04-28,0.0,284.44284,287.67337,276.92215,1.7424327e-05
1988-04-29,4.826757e-05,284.9419,287.66672,283.41238,1.9655563e-05
1988-04-30,4.4891967e-06,284.9204,287.45688,283.22092,1.7361112e-05
1988-05-01,1.0706287e-06,287.21475,293.10345,280.67307,3.790783e-05
1988-05-02,0.0,289.20355,294.08072,282.98975,5.25239e-05
1988-05-03,0.0,287.34225,293.2242,283.98285,3.7721682e-05
1988-05-04,4.061591e-08,289.0647,295.5651,278.77008,4.433682e-05
1988-05-05,0.00014232312,288.27795,294.48425,284.95425,3.040093e-05
1988-05-06,1.3230643e-05,287.4318,295.19354,283.26987,3.4234716e-05
1988-05-07,2.1092399e-05,289.27426,295.14096,280.79242,3.7139438e-05
1988-05-08,0.0,287.3407,291.14508,285.4975,2.7127096e-05
1988-05-09,0.0,286.8778,292.57053,281.9258,3.040613e-05
1988-05-10,0.0,288.37112,294.17758,280.58917,3.808028e-05
1988-05-11,0.0,284.9569,290.1532,281.37723,3.9096212e-05
1988-05-12,0.0,286.65076,292.28427,276.90475,4.1369563e-05
1988-05-13,0.0,288.47604,293.517,283.18018,2.829329e-05
1988-05-14,1.1777278e-05,288.26724,292.61023,285.26764,2.6477013e-05
1988-05-15,2.716844e-06,286.726,288.97827,285.1129,2.1874319e-05
1988-05-16,2.4024519e-05,289.5286,295.66324,283.67526,3.7833906e-05
1988-05-17,0.0,291.42172,298.1773,282.59067,4.4906352e-05
1988-05-18,0.0,291.6319,297.51163,283.56567,4.5860706e-05
1988-05-19,9.078109e-08,291.5164,297.58826,284.3261,4.2404576e-05
1988-05-20,1.0223724e-09,289.2225,295.74792,283.32532,3.4184795e-05
1988-05-21,2.7806058e-05,284.26102,287.71512,283.1456,2.5462963e-05
1988-05-22,0.0,285.25272,289.42963,281.4887,3.6433838e-05
1988-05-23,0.0,285.35815,290.30072,279.09256,3.9073846e-05
1988-05-24,0.0,288.57626,294.89334,280.57986,4.4783574e-05
1988-05-25,0.0,289.88818,295.86694,281.49985,4.6654535e-05
1988-05-26,0.0,289.5775,296.14462,283.45557,4.1666666e-05
1988-05-27,1.3224298e-05,288.91693,295.958,283.699,3.7690494e-05
1988-05-28,0.0001113448,289.9312,296.8007,283.62762,4.154048e-05
1988-05-29,3.8639553e-07,291.36304,297.18274,284.87778,4.7445195e-05
1988-05-30,7.6123666e-07,290.9017,296.38687,284.70703,4.3324486e-05
1988-05-31,0.0,290.10806,294.26672,287.92773,4.2347125e-05
1988-06-01,5.887913e-05,286.34543,288.72107,284.42194,2.193586e-05
1988-06-02,8.869746e-05,288.0728,292.32486,282.42358,4.267423e-05
1988-06-03,0.0,290.4218,296.55246,283.99683,4.400396e-05
1988-06-04,0.0,294.73938,301.5534,285.39148,6.4383414e-05
1988-06-05,2.8619647e-07,288.1573,295.38016,286.68542,2.8766039e-05
1988-06-06,0.00021017104,289.27667,295.8145,286.4458,4.0646744e-05
1988-06-07,2.022976e-05,288.75876,296.08585,282.97003,3.881213e-05
1988-06-08,1.4994462e-05,291.03043,296.8554,282.5441,5.399503e-05
1988-06-09,0.0,292.3,298.6516,283.94147,5.4470333e-05
1988-06-10,0.0,293.4874,299.95123,285.36288,4.760264e-05
1988-06-11,1.1508617e-06,290.9478,297.91876,289.21512,4.4195822e-05
1988-06-12,1.8240351e-05,290.36203,294.82578,287.00015,3.0386263e-05
1988-06-13,2.1478194e-05,288.4671,292.77667,285.7942,3.524699e-05
1988-06-14,0.0,292.21222,298.49463,282.48425,5.7696736e-05
1988-06-15,0.0,291.34232,298.82413,286.3325,4.3761465e-05
1988-06-16,4.4690285e-05,291.32803,296.35126,287.80704,4.1586576e-05
1988-06-17,5.202888e-06,290.19427,295.02875,285.56033,3.702453e-05
1988-06-18,0.0,291.83182,297.40237,284.3093,4.8991486e-05
1988-06-19,3.645777e-06,291.3512,297.3919,287.48505,4.4620097e-05
1988-06-20,1.049486e-05,288.9005,294.1866,285.51913,3.0803298e-05
1988-06-21,4.9288003e-05,290.51233,296.52777,285.43427,4.8095855e-05
1988-06-22,4.398183e-06,292.17014,297.77054,285.58362,4.282773e-05
1988-06-23,2.1655542e-06,287.84198,292.91357,285.1653,2.325232e-05
1988-06-24,9.536875e-05,287.76312,293.41623,281.39154,4.2586682e-05
1988-06-25,0.0,289.2591,295.42435,283.7907,3.4683402e-05
1988-06-26,5.9098624e-09,289.67294,295.2469,284.73083,3.7729867e-05
1988-06-27,4.7302183e-06,291.90857,298.03558,283.5352,4.4894834e-05
1988-06-28,0.0,293.85507,300.0941,286.55984,5.263721e-05
1988-06-29,2.0386317e-06,293.4233,301.11563,287.31543,4.6444926e-05
1988-06-30,1.0900438e-05,296.12378,302.2912,287.04736,4.855424e-05
1988-07-01,0.0,294.9809,300.55914,288.1754,4.1792096e-05
1988-07-02,0.0,290.40753,297.08807,288.38943,3.7717928e-05
1988-07-03,0.00030302943,292.9381,300.15393,286.76483,5.3128428e-05
1988-07-04,1.7025566e-05,295.86765,301.9096,286.1465,5.8110247e-05
1988-07-05,0.0,298.49072,304.3231,290.4727,5.110187e-05
1988-07-06,0.0,297.5849,306.11102,290.34445,7.348086e-05
1988-07-07,0.0,295.79422,304.07648,287.43854,6.681914e-05
1988-07-08,0.0,294.5686,301.18396,289.42337,5.233185e-05
1988-07-09,6.4153624e-05,293.56677,300.3847,288.96338,5.0667688e-05
1988-07-10,6.649597e-06,293.12677,299.24988,287.5181,4.847273e-05
1988-07-11,0.0,294.24527,300.5838,287.83243,5.5712462e-05
1988-07-12,0.0,290.67883,295.25946,287.37088,3.2783457e-05
1988-07-13,9.736193e-05,294.1843,300.27972,287.61377,5.2799274e-05
1988-07-14,0.0,289.25226,297.6432,287.54465,3.0522082e-05
1988-07-15,0.00023533127,288.0524,290.61865,286.9207,2.5846939e-05
1988-07-16,2.5219171e-05,290.19922,296.32898,284.5032,4.6206813e-05
1988-07-17,3.0597724e-07,291.35596,297.1488,285.93213,4.586397e-05
1988-07-18,0.0,291.85077,298.40686,286.33914,4.3849217e-05
1988-07-19,4.0933686e-05,291.97827,296.374,287.4678,3.402637e-05
1988-07-20,4.8658912e-06,292.41568,298.88843,285.578,4.95456e-05
1988-07-21,0.0,295.52988,302.3181,287.70007,5.553269e-05
1988-07-22,0.0,297.293,304.17426,290.0632,5.2325635e-05
1988-07-23,0.0,298.58768,306.00537,289.73682,6.357687e-05
1988-07-24,0.0,299.65552,307.3514,289.8589,6.782975e-05
1988-07-25,0.0,296.09198,302.1885,291.00162,6.139885e-05
1988-07-26,0.0,296.97488,304.5915,286.95047,6.1392144e-05
1988-07-27,0.0,298.67682,306.05463,288.31213,5.7362155e-05
1988-07-28,3.9000446e-05,293.38757,299.69852,289.7923,5.5376375e-05
1988-07-29,0.0,295.6268,302.69022,284.8489,5.7452376e-05
1988-07-30,0.0001297216,292.06436,297.51788,289.27963,4.1912044e-05
1988-07-31,0.0,292.80536,299.33734,284.8719,5.395258e-05
1988-08-01,0.0,294.74487,302.16376,286.149,5.8637197e-05
1988-08-02,0.0,297.99445,305.34338,286.96127,5.986929e-05
1988-08-03,0.0,295.1298,306.4218,289.87418,6.348249e-05
1988-08-04,3.4628404e-06,285.8362,291.0573,284.172,2.3406048e-05
1988-08-05,6.2747196e-05,290.18515,296.75858,284.15833,4.131258e-05
1988-08-06,0.0,291.59897,297.95746,283.23874,4.6126912e-05
1988-08-07,0.0,293.36414,300.03983,284.95868,5.293301e-05
1988-08-08,0.0,294.16434,301.54794,286.5548,5.1713534e-05
1988-08-09,0.0,293.31058,301.26303,288.34692,3.8539856e-05
1988-08-10,4.935265e-06,295.25488,302.55597,286.9494,5.523394e-05
1988-08-11,0.0,297.27856,305.8091,287.6158,5.6632427e-05
1988-08-12,0.0,298.1703,306.33234,289.12097,5.85176e-05
1988-08-13,0.0,297.42245,305.12558,288.87357,5.2212952e-05
1988-08-14,2.605259e-08,297.97287,305.3784,290.061,5.7295714e-05
1988-08-15,0.0,298.64545,307.4387,289.75482,5.7878457e-05
1988-08-16,1.4242352e-06,297.67084,305.5334,290.19678,5.2726144e-05
1988-08-17,4.3134933e-05,293.46643,300.16003,289.2529,4.2082516e-05
1988-08-18,8.712184e-06,292.73608,300.25082,285.77243,4.7496113e-05
1988-08-19,0.0,293.65048,302.89865,284.0532,5.7818153e-05
1988-08-20,0.0,297.2579,305.56,285.46414,5.6826884e-05
1988-08-21,7.0798225e-05,287.88565,297.9613,286.49478,2.1419524e-05
1988-08-22,0.00048507375,288.50284,291.65518,286.3739,2.046256e-05
1988-08-23,9.8008146e-05,287.90137,290.31616,286.08676,1.8415578e-05
1988-08-24,2.7594533e-05,288.99854,294.91412,282.42392,4.063279e-05
1988-08-25,0.0,288.77515,297.35944,284.0745,3.1736967e-05
1988-08-26,0.000112860245,288.4316,294.72275,282.9515,3.960882e-05
1988-08-27,0.0,288.6022,294.42926,284.70966,3.1686057e-05
1988-08-28,1.6694712e-06,291.05603,298.40494,283.34317,4.1515887e-05
1988-08-29,0.0,293.81854,300.13712,283.85144,4.048797e-05
1988-08-30,7.7254124e-05,291.89398,296.76917,288.51065,2.9601033e-05
1988-08-31,0.0,291.99432,298.30902,287.31622,3.4722223e-05
1988-09-01,0.0,292.40402,299.07336,284.91025,4.0651197e-05
1988-09-02,0.0,290.2791,298.7572,286.35077,2.4604285e-05
1988-09-03,0.00024630007,289.31366,295.88913,282.52167,3.383607e-05
1988-09-04,0.0,291.18472,298.15662,284.53223,3.4587927e-05
1988-09-05,0.0,292.56537,298.2478,286.1809,3.380082e-05
1988-09-06,5.0461495e-06,291.0837,297.42545,287.8396,2.5920157e-05
1988-09-07,1.0625392e-06,288.2771,293.01804,284.14093,3.1498657e-05
1988-09-08,0.0,288.0974,293.80164,284.6011,4.1823667e-05
1988-09-09,0.0,287.1303,294.7603,280.57742,3.1087733e-05
1988-09-10,0.0,288.6439,295.71063,281.56314,3.0654428e-05
1988-09-11,0.0,290.5254,297.49606,283.23535,3.2236007e-05
1988-09-12,0.0,291.38773,297.06683,286.74963,2.3048331e-05
1988-09-13,4.6072877e-05,285.46506,291.22992,284.574,1.3380137e-05
1988-09-14,0.0004698262,283.6524,285.11353,282.30673,1.2502239e-05
1988-09-15,6.430369e-05,284.1219,285.68066,282.57828,1.2361831e-05
1988-09-16,4.5283003e-05,284.74524,290.54266,282.06042,2.3148148e-05
1988-09-17,2.651616e-06,285.49652,290.84888,279.2735,2.29957e-05
1988-09-18,1.2333034e-08,287.47208,292.14395,283.8003,2.2504588e-05
1988-09-19,0.0,288.26477,292.38217,285.2524,1.7379456e-05
1988-09-20,0.0,286.77817,289.53552,283.9941,1.3674341e-05
1988-09-21,0.0,286.60013,292.3115,283.29703,2.199074e-05
1988-09-22,0.0,286.42233,292.51923,281.92444,2.0649588e-05
1988-09-23,0.0,287.60016,294.30222,280.95233,2.2124743e-05
1988-09-24,0.0,288.73746,295.38818,282.69104,2.3978895e-05
1988-09-25,0.0,288.48962,292.59528,283.34195,1.5020985e-05
1988-09-26,0.0,289.4696,296.4438,282.6719,2.6874755e-05
1988-09-27,0.0,289.92197,297.3835,284.71887,2.643717e-05
1988-09-28,0.0,289.86743,298.21683,282.61688,2.7609807e-05
1988-09-29,0.0,290.16812,297.94525,283.63715,2.3733386e-05
1988-09-30,0.0,289.3941,296.07837,283.46494,2.216458e-05
1988-10-01,0.0,286.75174,292.5012,285.65262,2.0895817e-05
1988-10-02,0.0,285.17377,290.35214,280.94968,1.37200495e-05
1988-10-03,0.0,284.64905,290.78897,281.34302,2.1519261e-05
1988-10-04,0.0,283.75034,291.0137,277.15012,1.6613914e-05
1988-10-05,0.0,283.9377,290.70493,276.55255,1.5985672e-05
1988-10-06,5.0974286e-05,283.62164,287.8565,279.40427,1.2731482e-05
1988-10-07,0.00016989377,284.66208,291.27176,281.0626,1.3477097e-05
1988-10-08,0.00047487768,280.21957,285.33408,277.97574,1.2413987e-05
1988-10-09,2.2339857e-05,283.169,291.17902,274.83664,1.82298e-05
1988-10-10,0.0,286.78232,294.37943,278.41464,1.8315e-05
1988-10-11,0.0,288.8843,294.45273,284.3702,1.68878e-05
1988-10-12,0.0,287.21094,293.4732,284.21835,1.6210324e-05
1988-10-13,0.0,289.1782,295.48068,283.63226,1.6752794e-05
1988-10-14,4.1727006e-07,288.37296,294.94098,284.29056,1.4443906e-05
1988-10-15,0.0,287.26404,292.3501,283.56543,1.1183553e-05
1988-10-16,0.0,285.68076,291.45514,283.02673,1.4210911e-05
1988-10-17,0.0,284.59253,291.06024,279.28873,1.2131626e-05
1988-10-18,0.0,284.8081,291.3593,280.51416,9.964035e-06
1988-10-19,0.0,284.2691,285.68918,281.61237,8.08104e-06
1988-10-20,1.7313765e-06,281.54544,284.6986,281.20328,8.101852e-06
1988-10-21,0.00030487136,282.23483,282.8945,280.19064,5.778531e-06
1988-10-22,0.00015471385,282.11804,283.2022,281.20554,7.850389e-06
1988-10-23,1.7093919e-06,282.1293,283.68747,281.3604,6.9444445e-06
1988-10-24,0.0,280.98175,282.58817,277.78427,6.165623e-06
1988-10-25,1.4082387e-07,282.14975,284.72552,281.27716,6.9444445e-06
1988-10-26,3.0915722e-05,277.55283,281.42178,275.25656,1.0642565e-05
1988-10-27,0.0,276.46188,281.47348,271.35352,1.0364764e-05
1988-10-28,0.0,276.85913,281.34314,275.2351,5.787037e-06
1988-10-29,0.0,278.70618,282.60956,273.422,5.4403135e-06
1988-10-30,2.4584273e-05,277.4219,281.01135,276.28998,7.754855e-06
1988-10-31,0.0,274.69186,279.83823,271.84238,6.460891e-06
1988-11-01,0.0,277.30588,283.74017,270.9845,1.0819436e-05
1988-11-02,0.0,279.1582,284.91568,270.6179,1.00027155e-05
1988-11-03,4.4485827e-05,276.0521,280.4587,273.2241,1.3829126e-05
1988-11-04,0.0,272.90598,276.65198,270.90204,1.004967e-05
1988-11-05,0.0,271.3329,276.84653,267.2683,5.4441593e-06
1988-11-06,0.0,272.0926,278.01196,266.02008,5.8342284e-06
1988-11-07,0.0,273.68204,279.9346,268.29443,4.6296295e-06
1988-11-08,0.0,274.64563,281.2507,270.4499,4.773593e-06
1988-11-09,0.0,273.04752,275.50394,270.03116,4.61241e-06
1988-11-10,0.0,270.96173,274.5214,269.54312,3.899091e-06
1988-11-11,0.0,270.73172,272.1488,268.52805,3.4722223e-06
1988-11-12,0.0,272.301,272.98486,271.5544,3.4722223e-06
1988-11-13,0.0,273.2347,273.90253,272.9994,3.4722223e-06
1988-11-14,1.3084556e-05,278.45706,284.05972,271.79248,8.712295e-06
1988-11-15,5.647132e-06,277.87955,281.96674,274.83722,1.09702105e-05
1988-11-16,5.6455256e-06,276.33304,278.20322,273.2847,4.632188e-06
1988-11-17,0.0,277.62286,284.39337,274.3479,4.142343e-06
1988-11-18,0.0,275.67566,281.69678,270.20068,3.648279e-06
1988-11-19,0.0,276.16235,284.05142,272.2936,7.220031e-06
1988-11-20,0.0,273.47632,278.48608,269.7836,7.291215e-06
1988-11-21,0.0,271.56763,273.32465,270.6245,3.4722223e-06
1988-11-22,0.00012465603,269.6543,272.8147,268.2817,9.240471e-06
1988-11-23,0.0,262.39517,270.1542,258.12088,2.0076732e-06
1988-11-24,0.0,267.20148,271.47208,257.67288,3.0611282e-06
1988-11-25,0.0,272.8418,275.75842,269.7839,3.5651547e-06
1988-11-26,4.6623663e-06,274.03616,276.00812,272.5827,3.4722223e-06
1988-11-27,0.0,275.47284,279.06656,270.97012,5.3235167e-06
1988-11-28,0.0,273.84723,279.13217,269.54987,3.7666443e-06
1988-11-29,0.0,277.39532,281.24243,271.14542,9.31667e-06
1988-11-30,0.0,273.9816,278.62,271.4743,6.9444445e-06
1988-12-01,6.0668362e-06,272.46783,273.9023,271.83563,2.3148148e-06
1988-12-02,4.8335164e-07,273.26553,274.28574,272.57278,2.3786008e-06
1988-12-03,0.00015800512,275.7038,277.74457,274.2336,3.4722223e-06
1988-12-04,8.075789e-06,276.91428,279.87018,274.476,3.4722223e-06
1988-12-05,1.4348629e-05,280.44736,284.66843,276.2859,1.3707164e-05
1988-12-06,3.5216017e-05,276.19238,280.64658,272.62817,4.824885e-06
1988-12-07,1.7922088e-06,274.49316,277.9447,269.7344,4.6296295e-06
1988-12-08,7.7193476e-07,272.80054,276.76807,271.17737,1.1574074e-06
1988-12-09,1.6724554e-06,273.2586,275.22296,270.25,3.4648247e-06
1988-12-10,0.0,272.95694,276.20187,268.5469,3.255283e-06
1988-12-11,0.0,276.68143,281.9284,273.01343,3.3104934e-06
1988-12-12,0.0,276.24722,278.1467,273.4374,3.9769798e-06
1988-12-13,1.4937065e-08,274.68048,277.67133,271.69113,4.314146e-06
1988-12-14,0.0,274.68622,278.5257,272.0992,3.4778964e-06
1988-12-15,1.6599468e-05,271.7563,274.4756,270.98642,1.4638618e-05
1988-12-16,7.1780255e-06,267.08524,271.8607,264.8746,5.6035065e-06
1988-12-17,0.0,264.06332,270.60526,260.9001,2.3148148e-06
1988-12-18,0.0,270.8462,274.14948,264.13907,3.4722223e-06
1988-12-19,0.0,276.6134,280.49048,268.6834,1.221794e-05
1988-12-20,0.0,273.32477,279.28635,270.83163,5.4828533e-06
1988-12-21,5.438579e-06,272.63223,274.7725,268.34613,4.632188e-06
1988-12-22,0.0,274.12997,279.36722,270.96118,3.5007283e-06
1988-12-23,0.0,273.47714,276.528,269.70688,1.5806291e-06
1988-12-24,0.0,276.50037,280.4592,271.121,4.6660475e-06
1988-12-25,0.0,275.72876,279.99698,272.77374,4.6787195e-06
1988-12-26,0.0,275.00885,280.58777,271.2708,1.3426037e-06
1988-12-27,0.0,274.67633,280.7957,271.6401,1.1782191e-06
1988-12-28,0.0,275.41565,281.86383,271.28543,2.3567763e-06
1988-12-29,0.0,274.74164,279.8965,270.21848,1.9091556e-06
1988-12-30,0.0,273.5038,279.394,269.0951,5.082223e-07
1988-12-31,0.0,272.5352,276.8214,268.58618,1.1452521e-06
1989-01-01,0.0,273.19125,276.14816,268.07214,3.4444452e-06
1989-01-02,0.0,273.7349,275.71127,272.54803,3.3756874e-06
1989-01-03,3.869731e-06,269.7267,273.3723,267.2859,2.3148148e-06
1989-01-04,0.0,268.49673,269.51978,266.9752,2.3148148e-06
1989-01-05,0.0,267.99872,269.3935,267.8683,2.3148148e-06
1989-01-06,0.0,271.61734,274.5568,267.23697,2.3671548e-06
1989-01-07,1.6335451e-06,272.93018,273.9938,271.83505,2.314878e-06
1989-01-08,1.957477e-05,273.71378,275.20053,271.8689,2.3148148e-06
1989-01-09,0.0,275.19208,280.31485,271.47693,2.2726751e-06
1989-01-10,0.0,273.26712,276.22705,270.55875,2.022873e-06
1989-01-11,0.0,273.84433,275.76114,272.2579,2.4665585e-06
1989-01-12,0.0,273.01184,275.07556,271.63577,2.3148148e-06
1989-01-13,0.0,273.26465,274.84573,272.21075,2.3148148e-06
1989-01-14,0.0,271.77258,275.15384,270.20966,2.3148148e-06
1989-01-15,0.0,274.1747,279.24274,270.51334,2.3827529e-06
1989-01-16,0.0,273.65936,278.52808,270.63162,2.6740001e-06
1989-01-17,0.0,271.66968,276.39798,268.86298,2.5159059e-06
1989-01-18,0.0,271.20502,272.72363,269.2854,2.3148148e-06
1989-01-19,0.0,271.3975,273.63467,269.17816,2.5983811e-06
1989-01-20,0.0,270.17862,271.19174,268.76416,2.3277837e-06
1989-01-21,0.0,270.64343,271.20337,270.11868,2.3148148e-06
1989-01-22,0.0,271.109,271.63962,271.07376,2.400595e-06
1989-01-23,0.0,272.48648,274.78244,270.37195,4.385028e-06
1989-01-24,0.0,272.93832,273.6212,271.20877,4.116869e-06
1989-01-25,0.0,272.3114,273.21365,271.60382,5.591827e-06
1989-01-26,0.0,271.3238,273.76282,270.403,4.6296295e-06
1989-01-27,0.0,271.4696,274.13312,267.4843,3.4747804e-06
1989-01-28,0.0,272.24536,272.94095,270.7745,3.4722223e-06
1989-01-29,0.0,270.79306,272.28397,270.7833,3.7917116e-06
1989-01-30,0.0,271.10828,274.2516,270.76077,4.4678955e-06
1989-01-31,0.0,272.2803,276.8688,267.66333,3.4722223e-06
1989-02-01,0.0,275.46213,277.91647,271.93695,5.787037e-06
1989-02-02,0.0,274.89795,276.69052,274.06152,4.6012055e-06
1989-02-03,0.0,274.3173,275.37732,273.92294,4.6206173e-06
1989-02-04,1.8406467e-06,273.61264,274.5414,273.53687,3.4722223e-06
1989-02-05,2.508676e-06,273.84702,276.28885,273.13303,4.6296295e-06
1989-02-06,0.0,275.39047,280.6123,273.5751,5.796049e-06
1989-02-07,0.0,274.8962,280.10526,271.87817,4.0651153e-06
1989-02-08,0.0,274.91467,279.0146,269.9317,3.6196386e-06
1989-02-09,0.0,274.8501,276.22964,271.4722,4.6787195e-06
1989-02-10,0.0,275.7506,277.8605,274.38385,5.787037e-06
1989-02-11,0.0,272.4765,275.88574,271.18628,4.6296295e-06
1989-02-12,0.0,271.7466,273.1716,271.03506,3.4735356e-06
1989-02-13,0.0,275.70297,282.93002,271.83023,1.3947853e-05
1989-02-14,0.0,273.18323,278.89432,267.59998,8.372229e-06
1989-02-15,0.0,276.64633,280.65027,271.10834,1.12400185e-05
1989-02-16,0.0,278.20694,284.1723,274.0856,1.1929469e-05
1989-02-17,0.0,276.44537,280.7266,273.61362,8.991447e-06
1989-02-18,0.0,278.53784,283.3251,271.37164,9.585441e-06
1989-02-19,0.0,281.06598,286.0296,276.6021,9.809527e-06
1989-02-20,0.0,283.04913,290.9459,274.2087,1.7173423e-05
1989-02-21,0.0,277.81467,284.3327,275.94913,9.223701e-06
1989-02-22,1.4030154e-05,277.1095,278.43533,276.0419,6.9444445e-06
1989-02-23,1.3293564e-05,281.29715,286.77707,275.9174,1.2675396e-05
1989-02-24,0.0,284.4537,289.98785,279.22787,2.218864e-05
1989-02-25,4.012124e-05,282.90317,287.81808,279.7215,1.651067e-05
1989-02-26,4.0864907e-05,279.7503,283.92914,278.01013,1.3156102e-05
1989-02-27,2.1230428e-05,276.95938,282.83795,272.84186,1.1577645e-05
1989-02-28,4.576605e-07,279.1586,285.5738,270.6501,1.7270228e-05
1989-03-01,1.0785009e-05,279.54633,286.57623,273.2477,1.7806293e-05
1989-03-02,1.5827721e-06,279.42267,286.6309,273.59262,2.0647976e-05
1989-03-03,0.0,277.6817,282.62177,272.34872,8.256112e-06
1989-03-04,0.00021244143,280.50018,285.28506,275.21896,1.499702e-05
1989-03-05,3.5163023e-06,280.12634,285.66727,275.25113,1.6604608e-05
1989-03-06,0.0,279.42093,286.4401,273.57617,1.6248547e-05
1989-03-07,0.0,280.28174,289.18805,273.15002,2.1357408e-05
1989-03-08,0.0,281.92407,287.68756,272.42435,1.7300546e-05
1989-03-09,8.711272e-09,280.7525,286.79678,276.0146,1.9345509e-05
1989-03-10,0.0,281.17975,286.89755,273.65845,1.9745126e-05
1989-03-11,0.0,280.5481,285.4651,276.7336,1.7361112e-05
1989-03-12,0.0,280.64203,285.9443,275.6904,1.4271352e-05
1989-03-13,0.0,280.70242,285.66782,278.42975,1.3618561e-05
1989-03-14,1.8047822e-05,278.9431,283.7877,276.22415,1.314916e-05
1989-03-15,8.303369e-06,279.63934,285.22452,272.02316,1.8523167e-05
1989-03-16,0.0,283.35962,288.89725,277.63458,2.5677624e-05
1989-03-17,0.0,285.77893,288.98367,281.04688,3.002046e-05
1989-03-18,0.0,280.20343,286.01456,278.4281,1.157598e-05
1989-03-19,0.00010973745,279.75296,283.35248,277.57602,1.3181377e-05
1989-03-20,7.955069e-07,280.093,282.31125,279.3546,1.1838797e-05
1989-03-21,0.0,279.7656,281.06714,278.33466,1.040816e-05
1989-03-22,0.00011224639,281.26337,287.60983,277.87817,2.426463e-05
1989-03-23,0.0,280.95062,290.52017,276.29315,2.7617361e-05
1989-03-24,2.7849997e-05,279.54718,284.97278,273.00055,2.415491e-05
1989-03-25,0.0,283.37048,291.72305,275.65933,2.5407913e-05
1989-03-26,0.0,283.241,289.71048,278.6773,2.6302165e-05
1989-03-27,0.0,282.61502,289.71716,276.20813,2.7838809e-05
1989-03-28,0.0,284.41544,292.5542,275.03848,3.069065e-05
1989-03-29,0.0,288.7808,298.0597,278.71768,3.769247e-05
1989-03-30,1.1644477e-05,288.6664,296.1866,281.88684,3.2148168e-05
1989-03-31,0.0,290.32962,297.7209,280.45752,4.538219e-05
1989-04-01,0.0,287.58633,294.39108,285.25815,4.8423808e-05
1989-04-02,8.563356e-05,276.15964,285.0898,275.62436,1.37105035e-05
1989-04-03,8.739516e-05,279.25824,281.45917,275.7299,1.1568906e-05
1989-04-04,6.074096e-05,285.57495,292.5855,278.94412,2.4323743e-05
1989-04-05,0.0,285.16373,290.82187,280.95966,3.5026853e-05
1989-04-06,9.961904e-06,282.73474,288.4399,276.44415,2.4305555e-05
1989-04-07,0.0,283.4256,288.96542,275.60397,2.7125774e-05
1989-04-08,2.0382695e-06,286.84854,291.07883,278.67996,4.197384e-05
1989-04-09,0.0,286.27032,292.67343,282.49997,3.389322e-05
1989-04-10,8.3323965e-07,286.82968,293.9566,276.7833,3.4861503e-05
1989-04-11,0.0,288.09204,295.58514,279.5116,3.8194445e-05
1989-04-12,0.0,289.6265,296.14297,280.5618,4.3993467e-05
1989-04-13,7.648129e-06,285.9194,291.5085,281.6683,2.4867357e-05
1989-04-14,6.623653e-05,284.2945,287.31238,282.62527,1.8155271e-05
1989-04-15,0.00010512237,282.39197,285.3656,280.49042,1.6573818e-05
1989-04-16,2.2528262e-05,287.0249,292.91818,281.41638,3.6081627e-05
1989-04-17,0.0,283.97647,289.18604,282.93573,2.6926777e-05
1989-04-18,3.6385325e-06,281.43787,286.5653,279.03796,2.0833333e-05
1989-04-19,4.2913267e-05,282.4935,287.31027,278.73645,2.1084266e-05
1989-04-20,4.0594623e-05,285.95358,291.74033,278.57275,3.0069139e-05
1989-04-21,0.0,286.183,292.1068,280.69168,2.708408e-05
1989-04-22,2.3195983e-06,284.99692,293.1774,281.2699,3.7037466e-05
1989-04-23,1.5035229e-05,281.04263,285.8759,276.29233,2.4802479e-05
1989-04-24,5.7378757e-06,283.46356,291.03793,274.68848,3.8224473e-05
1989-04-25,0.0,284.47815,288.7569,276.91296,2.5462963e-05
1989-04-26,0.0,288.00293,293.7999,280.79956,3.786674e-05
1989-04-27,3.7292552e-06,283.5923,288.71945,281.83463,1.7071408e-05
1989-04-28,9.2307804e-05,282.02396,283.68326,279.34082,1.6076943e-05
1989-04-29,3.2964992e-06,281.04712,285.7474,279.16666,2.5572837e-05
1989-04-30,2.065076e-06,279.1535,282.65704,275.27963,1.4613287e-05
1989-05-01,0.00022139013,280.24594,281.91547,278.38797,1.500263e-05
1989-05-02,0.00014376377,282.8313,284.51068,279.73355,1.9785637e-05
1989-05-03,2.3303694e-05,287.51392,291.061,283.14432,3.9443425e-05
1989-05-04,0.0,286.25604,291.26913,280.7803,4.0709656e-05
1989-05-05,0.0,289.77655,295.46286,283.20328,4.7096233e-05
1989-05-06,0.0,283.78488,290.02222,280.17737,2.6375745e-05
1989-05-07,3.298793e-05,282.69424,287.37857,277.6379,4.4494438e-05
1989-05-08,0.0,284.74213,291.11713,277.67825,5.2206182e-05
1989-05-09,0.0,286.3454,292.94724,276.91623,4.383933e-05
1989-05-10,0.0,291.10184,298.2365,279.3642,5.7744117e-05
1989-05-11,0.0,291.4484,297.76074,283.58835,5.2394564e-05
1989-05-12,0.0,291.6642,297.2227,284.80017,6.211807e-05
1989-05-13,0.0,289.6592,297.05396,282.8766,4.7264173e-05
1989-05-14,5.1672505e-05,285.7883,288.73538,285.07474,2.1511842e-05
1989-05-15,4.7334903e-05,284.58792,286.54398,282.5777,2.3799692e-05
1989-05-16,0.00021367212,284.419,285.8447,282.23404,1.7457729e-05
1989-05-17,0.00036888372,286.901,288.79147,284.0132,2.0741709e-05
1989-05-18,3.0478343e-05,288.4681,293.90253,284.0907,2.9069723e-05
1989-05-19,0.000110724875,288.35803,293.79758,285.0885,2.9518073e-05
1989-05-20,5.5999302e-05,288.5963,294.5161,285.571,3.434447e-05
1989-05-21,6.8182206e-05,289.6299,294.90652,284.7456,3.5766003e-05
1989-05-22,1.4759327e-06,289.06723,293.53976,287.21533,4.986678e-05
1989-05-23,0.0,287.15076,291.91644,278.55792,4.8494006e-05
1989-05-24,0.0,287.69003,294.09058,279.1969,4.9695667e-05
1989-05-25,0.0,288.26526,295.09915,280.9901,4.75729e-05
1989-05-26,0.0,288.32208,295.05322,280.43726,4.518129e-05
1989-05-27,0.0,290.2991,296.48434,281.13187,5.09221e-05
1989-05-28,0.0,291.15182,297.9127,282.38177,5.5589982e-05
1989-05-29,3.6856718e-06,291.16443,297.67944,283.5881,4.830389e-05
1989-05-30,1.8811501e-06,292.4965,298.93994,282.88965,5.7932415e-05
1989-05-31,2.4308726e-09,290.99896,296.73166,286.00006,3.7037036e-05
1989-06-01,6.6859743e-06,288.55496,291.49796,285.96747,2.2678614e-05
1989-06-02,4.912995e-05,288.8645,293.8852,286.7546,2.6650152e-05
1989-06-03,0.00018028646,289.62646,294.11472,285.7622,3.493089e-05
1989-06-04,1.0686172e-05,287.76895,294.21893,283.987,3.9805975e-05
1989-06-05,3.5439058e-05,288.3139,295.11743,282.22427,4.013205e-05
1989-06-06,4.972168e-05,287.69736,292.88297,282.21735,4.046554e-05
1989-06-07,2.0894565e-06,288.66876,295.58862,284.60986,5.0635444e-05
1989-06-08,8.3467485e-06,285.06238,290.5729,283.15933,3.0914594e-05
1989-06-09,8.609373e-06,289.7084,295.98337,280.47943,5.574277e-05
1989-06-10,0.0,291.9469,298.56604,283.13232,5.9526832e-05
1989-06-11,0.0,292.42957,297.81937,285.99802,5.6743185e-05
1989-06-12,0.0,292.24017,296.2672,287.0614,7.1858274e-05
1989-06-13,0.0,288.83438,291.18045,287.7505,2.8186952e-05
1989-06-14,1.3928651e-05,289.6598,294.764,287.18167,3.656354e-05
1989-06-15,1.3733143e-06,290.1623,296.23672,284.27774,5.0897437e-05
1989-06-16,2.8677174e-05,285.68362,290.5481,283.3732,3.3211632e-05
1989-06-17,1.6406206e-05,285.31503,287.26013,282.66705,1.9593923e-05
1989-06-18,4.5892964e-05,286.14703,288.9124,284.96027,2.2420387e-05
1989-06-19,0.00013541638,291.06818,297.15796,281.98895,5.3064094e-05
1989-06-20,5.0283223e-05,288.65707,293.90552,286.60458,4.0034953e-05
1989-06-21,0.00015874693,288.73563,292.56015,285.60934,2.772171e-05
1989-06-22,2.1201547e-06,291.76822,298.47556,284.97256,4.2186803e-05
1989-06-23,3.3403173e-06,291.0783,295.6535,287.16953,2.9817033e-05
1989-06-24,2.6106694e-05,291.10834,296.12616,288.06482,3.309896e-05
1989-06-25,3.948016e-05,292.25278,296.8408,289.1344,3.1217114e-05
1989-06-26,3.1089752e-05,293.92285,299.05872,287.9889,4.5407145e-05
1989-06-27,1.0254125e-05,293.8868,300.86755,288.67212,4.4528948e-05
1989-06-28,6.900221e-06,290.03476,297.72888,286.6643,3.721168e-05
1989-06-29,0.0001939982,291.19083,296.54398,286.54245,5.646112e-05
1989-06-30,0.0,291.68967,296.95517,284.4463,3.8437785e-05
1989-07-01,0.0,293.15436,298.83887,286.96753,5.7683766e-05
1989-07-02,3.4616374e-08,294.36053,299.86694,286.62573,4.9977407e-05
1989-07-03,1.4667617e-06,292.90637,298.4757,290.47855,3.8585862e-05
1989-07-04,0.00013160222,293.616,300.19525,289.328,4.6326117e-05
1989-07-05,0.00022397414,294.14438,298.89993,289.38538,4.358077e-05
1989-07-06,6.14813e-05,295.42133,300.47095,289.6686,5.3504464e-05
1989-07-07,0.0,296.31766,302.11682,289.377,6.1454724e-05
1989-07-08,0.0,297.59454,302.64944,290.62247,6.431818e-05
1989-07-09,1.3071933e-06,297.95502,303.27676,291.19843,6.009382e-05
1989-07-10,0.0,295.29868,302.6141,291.79,5.564255e-05
1989-07-11,8.343131e-06,295.6486,302.85416,288.63156,5.601251e-05
1989-07-12,5.570783e-08,294.68744,298.91928,291.0614,3.6360536e-05
1989-07-13,2.9743305e-05,293.98083,298.40717,290.43506,4.2227522e-05
1989-07-14,1.2763423e-06,291.30762,297.45242,288.79056,3.4518653e-05
1989-07-15,2.4617504e-05,289.86694,295.546,287.13226,4.1499825e-05
1989-07-16,0.0,292.48157,298.25092,283.55444,4.3545388e-05
1989-07-17,7.792744e-07,289.51318,294.70685,286.81082,3.451214e-05
1989-07-18,5.6212007e-06,290.6765,297.24908,283.5422,3.9585833e-05
1989-07-19,5.067336e-05,290.19623,296.23706,285.8995,5.6091765e-05
1989-07-20,0.0,291.54828,298.4746,281.32718,5.4354696e-05
1989-07-21,0.0,293.55988,300.43723,284.48322,5.6117548e-05
1989-07-22,0.0,293.00653,298.89093,288.40686,4.4775097e-05
1989-07-23,0.0,295.42603,301.00043,287.45828,4.463675e-05
1989-07-24,3.4689982e-09,296.04553,303.1662,291.32953,4.5720677e-05
1989-07-25,0.00018506509,294.33884,300.99487,290.67056,5.1235165e-05
1989-07-26,0.00016950628,291.21133,292.9446,289.95886,2.1773716e-05
1989-07-27,0.000122687,293.4978,299.65765,290.18082,5.5557746e-05
1989-07-28,1.7192807e-06,291.7925,297.05154,288.26184,3.2435943e-05
1989-07-29,5.0340903e-05,293.05655,298.46408,288.7721,4.4939265e-05
1989-07-30,0.0,294.48724,300.14725,285.95322,4.4237677e-05
1989-07-31,0.0,289.29956,299.24353,286.07742,2.9966333e-05
1989-08-01,0.0006855973,287.04782,293.4325,283.07492,2.9594245e-05
1989-08-02,8.311606e-05,287.73218,293.59836,282.40616,4.8321024e-05
1989-08-03,7.358577e-06,286.29654,288.82367,283.69177,1.8997243e-05
1989-08-04,3.5787475e-06,291.04172,297.04657,283.39868,3.9723825e-05
1989-08-05,0.0,293.10852,300.13202,286.1689,5.0592982e-05
1989-08-06,0.0,294.00427,299.92517,285.9068,4.2058342e-05
1989-08-07,0.0,295.0026,300.9031,289.02606,4.9630522e-05
1989-08-08,0.0,294.5497,300.8298,289.6912,4.5129662e-05
1989-08-09,0.0003746315,291.9251,296.9222,289.7286,3.142355e-05
1989-08-10,2.0741621e-05,292.81616,298.87695,285.89435,4.7414454e-05
1989-08-11,0.0,293.5089,298.8315,286.6916,3.4146942e-05
1989-08-12,0.0,294.9364,301.0934,289.04123,5.0520615e-05
1989-08-13,0.0,293.2695,297.90738,289.91595,3.604932e-05
1989-08-14,1.0937711e-06,295.66934,302.11633,288.1249,4.6543497e-05
1989-08-15,0.0,296.54663,303.21918,290.17627,4.5952755e-05
1989-08-16,1.2604036e-06,296.89902,303.82654,290.82498,4.855625e-05
1989-08-17,0.0,297.28824,302.70755,290.5094,4.3320404e-05
1989-08-18,3.5763445e-05,295.4061,300.18286,290.91174,3.943469e-05
1989-08-19,6.841187e-05,291.52332,295.40826,290.0154,2.2972581e-05
1989-08-20,0.00052405265,293.4399,298.28552,289.1517,3.9570223e-05
1989-08-21,0.0,294.9143,300.90582,289.81567,4.515e-05
1989-08-22,0.0,295.48474,301.04868,290.06516,3.982953e-05
1989-08-23,2.096292e-06,295.27377,301.69846,291.0199,3.8817543e-05
1989-08-24,5.6678014e-06,294.18393,299.6533,290.6677,4.2439184e-05
1989-08-25,3.092253e-06,294.1146,299.22302,288.5841,3.0594118e-05
1989-08-26,2.7634735e-05,288.27917,293.90085,287.49066,1.8296923e-05
1989-08-27,0.00028253146,291.48523,296.57916,286.9605,3.237124e-05
1989-08-28,0.0002965892,287.1384,291.6351,285.83035,1.7559465e-05
1989-08-29,0.00014014127,286.70514,290.77158,284.57706,2.8543694e-05
1989-08-30,1.04000255e-05,285.61154,287.65353,282.49283,1.715891e-05
1989-08-31,7.477287e-06,287.94458,293.5553,285.23172,3.6276604e-05
1989-09-01,0.0,288.1036,295.01004,280.13544,3.4685e-05
1989-09-02,0.0,289.3613,294.80765,282.39523,3.0066312e-05
1989-09-03,7.9851954e-05,285.77594,289.4525,284.78555,1.5046296e-05
1989-09-04,6.769544e-05,286.31747,290.24573,283.76852,1.7861368e-05
1989-09-05,7.339901e-05,286.90158,291.86758,284.5281,2.7258284e-05
1989-09-06,1.8043761e-06,286.83316,292.7891,282.57178,2.614141e-05
1989-09-07,0.0,286.68027,293.22522,280.281,2.7829949e-05
1989-09-08,0.0,286.70438,294.08505,280.70422,3.17278e-05
1989-09-09,0.0,287.00412,292.05933,281.36038,1.6259539e-05
1989-09-10,8.025399e-06,288.94424,294.01205,284.53543,2.1558646e-05
1989-09-11,0.0,290.03693,296.96014,283.74884,3.0962234e-05
1989-09-12,7.452618e-05,288.91983,292.71863,287.11133,1.6682505e-05
1989-09-13,4.7390127e-05,288.04205,291.45203,286.7512,2.1373458e-05
1989-09-14,0.0,285.87808,288.93915,283.64517,1.2731482e-05
1989-09-15,2.620182e-05,288.61014,294.6767,281.58163,2.5584592e-05
1989-09-16,9.777643e-07,292.02762,299.19727,285.88373,3.0832205e-05
1989-09-17,0.0,292.1473,299.3271,284.42203,3.3347453e-05
1989-09-18,0.0,292.04312,299.43152,285.43393,2.8628043e-05
1989-09-19,0.0,292.4159,299.59686,285.70178,2.9014716e-05
1989-09-20,0.0,292.17337,299.34717,286.85876,2.8635734e-05
1989-09-21,0.0,292.095,298.64133,286.68692,2.7903523e-05
1989-09-22,0.0,290.25433,297.77216,284.6139,2.741665e-05
1989-09-23,0.0,288.76895,295.83224,282.7487,2.657681e-05
1989-09-24,0.0,288.804,296.16934,281.5882,2.5139221e-05
1989-09-25,0.0,288.23447,295.74323,281.0265,2.2444781e-05
1989-09-26,0.0,288.20764,294.84326,281.9127,2.0913227e-05
1989-09-27,4.566465e-06,286.88828,290.52338,281.7924,1.2434918e-05
1989-09-28,0.00029525644,284.59665,287.95782,282.6524,9.430229e-06
1989-09-29,0.00029922838,285.36664,288.5129,283.41702,1.8331259e-05
1989-09-30,0.0,284.00214,289.799,277.52408,2.2818722e-05
1989-10-01,0.0,285.0193,290.1706,282.10114,1.738197e-05
1989-10-02,0.0,285.0624,292.63266,281.01932,2.2036465e-05
1989-10-03,0.0,280.5339,286.43454,277.37897,1.4706875e-05
1989-10-04,3.5936762e-06,280.35104,286.70145,276.00748,1.9675927e-05
1989-10-05,0.0,280.6991,289.15652,274.6175,1.9675927e-05
1989-10-06,0.0,281.61536,290.6968,273.95285,1.9191495e-05
1989-10-07,0.0,282.4085,284.19193,278.43185,8.26851e-06
1989-10-08,1.2246579e-05,281.54968,284.22626,278.83667,1.0043194e-05
1989-10-09,2.6545233e-05,282.86115,285.20386,280.56955,1.34925e-05
1989-10-10,3.889091e-06,281.7268,287.22934,278.41507,1.7127682e-05
1989-10-11,0.0,282.05038,288.62967,274.55426,1.7985338e-05
1989-10-12,0.0,282.85486,290.83545,278.26028,1.5046296e-05
1989-10-13,0.0,283.60114,291.80194,276.46783,1.6774105e-05
1989-10-14,0.0,283.06177,291.29208,275.9226,1.5025384e-05
1989-10-15,1.102961e-05,282.16608,287.28647,278.1753,1.5753607e-05
1989-10-16,8.520657e-06,280.48102,288.32166,276.4749,1.5982969e-05
1989-10-17,0.0,282.17892,291.10675,274.78146,1.6168067e-05
1989-10-18,0.0,282.93146,293.0334,275.83936,1.6203703e-05
1989-10-19,0.0,283.10474,292.00146,276.2945,1.41952405e-05
1989-10-20,0.0,284.66962,292.8353,277.14752,1.6815531e-05
1989-10-21,0.0,285.6541,292.94745,278.79776,1.5578587e-05
1989-10-22,0.0,285.85983,295.17737,279.4174,1.6922411e-05
1989-10-23,0.0,285.85077,295.37125,278.79584,1.6487864e-05
1989-10-24,0.0,285.81778,295.01953,278.13788,1.1680871e-05
1989-10-25,0.0,286.0438,295.78104,279.0289,1.6382726e-05
1989-10-26,0.0,285.7777,294.80188,279.03085,1.2783139e-05
1989-10-27,0.0,285.27954,294.39972,278.5083,1.1592799e-05
1989-10-28,0.0,285.92285,293.0136,278.88455,1.1574074e-05
1989-10-29,0.0,284.90195,291.29913,282.72205,1.6660757e-05
1989-10-30,2.5806614e-05,283.99594,288.12726,277.9834,6.965941e-06
1989-10-31,0.0,283.6206,287.54315,279.52283,7.3022543e-06
1989-11-01,0.0,285.419,293.04013,277.25058,1.4495997e-05
1989-11-02,0.0,286.27832,294.07016,281.62833,2.1548998e-05
1989-11-03,0.0,286.60474,292.87756,276.42618,2.6122578e-05
1989-11-04,0.0,286.05914,290.6949,284.14072,1.1729946e-05
1989-11-05,1.9173753e-05,282.64197,288.27332,279.81323,1.25083425e-05
1989-11-06,3.606688e-06,282.73227,284.3874,280.0497,7.1457e-06
1989-11-07,8.321133e-05,280.34424,285.81705,277.49857,8.101852e-06
1989-11-08,0.0,279.82025,285.3987,272.95267,9.024655e-06
1989-11-09,0.0,280.10718,283.6079,275.48376,8.101852e-06
1989-11-10,0.0,278.70462,285.31564,274.20358,7.92856e-06
1989-11-11,0.0,277.26056,284.44196,272.2531,7.0561164e-06
1989-11-12,0.0,273.1259,275.6048,270.44333,3.4722223e-06
1989-11-13,0.0,273.70328,275.03934,271.88843,4.6296295e-06
1989-11-14,0.0,272.37698,274.06998,270.9215,2.5622205e-06
1989-11-15,0.0,275.6489,282.5149,270.58777,7.2365115e-06
1989-11-16,0.0,276.55856,281.7331,274.1324,1.5786005e-05
1989-11-17,0.0,271.96793,277.7374,269.58334,3.1592094e-06
1989-11-18,0.0,270.56528,276.75098,266.3276,4.601615e-06
1989-11-19,0.0,271.4198,276.20337,267.77402,5.2587666e-06
1989-11-20,0.0,272.90134,276.7054,269.3308,3.4722223e-06
1989-11-21,0.0,271.3298,274.4738,268.8795,2.3148148e-06
1989-11-22,0.0,278.58688,285.32187,269.59338,5.401256e-06
1989-11-23,0.00014907094,273.3859,282.474,270.44012,7.242266e-06
1989-11-24,0.0,271.31577,278.06772,266.63556,5.523701e-06
1989-11-25,0.0,271.15475,274.99548,266.9808,5.787037e-06
1989-11-26,0.0,269.92462,273.51108,264.2098,4.9161426e-06
1989-11-27,0.0,271.45944,276.44458,266.87222,3.4778964e-06
1989-11-28,0.0,274.49747,280.66574,266.8057,1.1416927e-05
1989-11-29,0.0,269.60556,275.91248,266.18484,3.4722223e-06
1989-11-30,0.0,267.87253,274.46964,261.97122,1.1574074e-06
1989-12-01,0.0,268.39288,274.0085,263.81448,2.309647e-06
1989-12-02,0.0,270.91544,278.46426,264.68683,3.245287e-06
1989-12-03,0.0,271.30255,276.7351,265.35355,2.3159942e-06
1989-12-04,0.0,269.25803,274.878,264.80927,2.3148148e-06
1989-12-05,0.0,271.5488,277.17902,265.51154,1.590516e-06
1989-12-06,0.0,271.4772,274.50974,268.79807,3.484123e-06
1989-12-07,0.0,270.28586,275.51624,267.32742,2.3148148e-06
1989-12-08,0.0,269.8875,276.36966,264.68158,2.2867398e-06
1989-12-09,0.0,270.6582,275.27628,264.8362,2.3148148e-06
1989-12-10,0.0,268.8416,274.85376,265.8419,5.4873676e-06
1989-12-11,0.0,266.01886,272.93512,260.83734,3.45701e-06
1989-12-12,0.0,272.42114,276.4519,263.8357,3.2029811e-06
1989-12-13,0.0,281.4929,283.19443,275.32544,1.3027923e-05
1989-12-14,0.0,282.166,286.47147,272.00446,1.5486692e-05
1989-12-15,0.0,287.92654,289.63507,284.0316,2.1194019e-05
1989-12-16,0.0,287.04828,290.57703,278.3299,1.85435e-05
1989-12-17,0.0,289.05774,292.74002,286.85733,2.8275374e-05
1989-12-18,1.7240627e-05,285.7157,289.70572,279.47144,1.038529e-05
1989-12-19,0.0,284.4612,292.04257,281.80228,1.3678224e-05
1989-12-20,0.00020395448,280.90796,285.21927,277.47766,5.014149e-06
1989-12-21,0.0,282.50797,288.69086,275.4367,9.624653e-06
1989-12-22,0.0,285.5874,288.12128,281.0834,2.7886274e-05
1989-12-23,9.937197e-06,278.9286,285.067,273.6751,1.3429432e-05
1989-12-24,5.1943e-06,274.7408,279.06067,269.95956,3.071016e-06
1989-12-25,3.9969996e-06,275.61752,278.6798,272.6174,1.7683436e-06
1989-12-26,0.0,272.60785,274.81067,272.03427,2.5882612e-06
1989-12-27,0.0,272.00946,273.44702,270.1616,2.0591242e-06
1989-12-28,0.0,271.46835,275.38956,268.8962,1.417945e-06
1989-12-29,0.0,271.66052,275.11142,268.73337,2.3148148e-06
1989-12-30,0.0,269.64346,272.11044,267.64438,2.3148148e-06
1989-12-31,0.0,270.34857,271.30826,267.48972,2.3148148e-06
1990-01-01,0.0,271.35208,271.84412,270.28714,2.3148148e-06
1990-01-02,0.0,271.34552,272.11484,270.8886,3.432113e-06
1990-01-03,0.0,271.47778,272.57062,270.91562,4.359301e-06
1990-01-04,0.0,269.65768,274.33118,266.04816,3.3786064e-06
1990-01-05,0.0,268.14676,269.55167,264.33835,2.3148148e-06
1990-01-06,0.0,267.6597,268.6313,267.42615,3.3247857e-06
1990-01-07,0.0,265.9854,269.29147,264.6509,2.3140983e-06
1990-01-08,0.0,264.21954,266.33023,260.72763,1.5682623e-06
1990-01-09,0.0,266.76947,270.98242,264.6256,1.8615661e-06
1990-01-10,0.0,269.47104,274.48962,261.669,3.1857053e-06
1990-01-11,0.0,268.501,270.68964,264.50537,2.3148148e-06
1990-01-12,0.0,267.78177,269.4127,266.25366,2.3148148e-06
1990-01-13,0.0,267.25604,268.3408,266.49344,2.3148148e-06
1990-01-14,0.0,267.17603,267.97485,265.80136,2.3148148e-06
1990-01-15,0.0,267.04178,267.898,267.0687,2.3433468e-06
1990-01-16,0.0,270.66376,274.5134,266.83963,2.419573e-06
1990-01-17,0.0,274.48657,283.0132,267.4169,5.4478837e-06
1990-01-18,0.0,274.8681,276.69037,270.1598,3.4727286e-06
1990-01-19,2.2324086e-05,274.40344,280.465,269.52914,7.29391e-06
1990-01-20,0.0,273.85498,278.14612,268.07944,4.153625e-06
1990-01-21,0.0,275.5328,280.2808,270.11536,4.0938608e-06
1990-01-22,0.0,276.56448,286.38113,271.93024,8.142724e-06
1990-01-23,0.0,275.73376,282.69278,270.0486,6.2089457e-06
1990-01-24,0.0,280.1438,283.50937,272.0855,1.8132861e-05
1990-01-25,0.0,280.24536,284.03513,271.49683,1.08388585e-05
1990-01-26,0.0,277.7379,284.7338,273.01944,7.821004e-06
1990-01-27,0.00039942528,273.79526,278.114,271.2684,2.550348e-06
1990-01-28,2.831742e-09,281.17932,284.17203,269.92703,9.118395e-06
1990-01-29,0.0,277.9552,284.2508,275.38535,4.540683e-06
1990-01-30,9.216749e-06,276.38406,279.81885,273.0631,4.6296295e-06
1990-01-31,2.8351468e-07,280.24023,285.2214,275.04453,8.441559e-06
1990-02-01,0.0,280.81937,285.85596,275.8613,1.5963069e-05
1990-02-02,0.0,282.709,286.62323,277.70526,1.5498334e-05
1990-02-03,2.5650354e-05,282.01773,285.62976,278.48975,1.0302199e-05
1990-02-04,0.0,280.01578,287.04993,275.40723,1.9318006e-05
1990-02-05,0.0,277.49353,286.0181,271.36435,1.0687945e-05
1990-02-06,0.0,276.44772,283.59058,270.8582,1.1682728e-05
1990-02-07,0.0,274.09558,280.4777,270.36337,4.8538036e-06
1990-02-08,0.0,275.49457,281.77383,269.61148,6.5296485e-06
1990-02-09,1.6675755e-05,278.1099,282.6673,274.88754,1.0506716e-05
1990-02-10,0.0,276.21304,282.30533,270.5463,9.259259e-06
1990-02-11,0.0,274.50006,278.2863,272.48462,6.6408556e-06
1990-02-12,0.00010201357,274.49884,276.55978,272.06754,4.6258015e-06
1990-02-13,2.9890468e-06,275.6105,282.30603,271.57846,1.0416667e-05
1990-02-14,0.0,278.26636,282.71753,271.57278,1.144611e-05
1990-02-15,2.005265e-06,278.91092,287.27405,272.39838,2.3512655e-05
1990-02-16,1.4236701e-05,277.45477,281.96826,272.35748,1.55487e-05
1990-02-17,0.0,276.7627,282.7966,271.69067,1.2573204e-05
1990-02-18,0.0,278.04166,285.60995,270.78146,1.3461096e-05
1990-02-19,0.0,280.4857,287.17963,273.1258,1.000944e-05
1990-02-20,0.0,281.11316,290.57114,273.19675,1.5117451e-05
1990-02-21,0.0,281.0388,289.814,272.78442,1.504654e-05
1990-02-22,0.0,282.4271,289.6216,274.65704,1.8912084e-05
1990-02-23,0.0,280.06467,288.2317,273.1094,1.2824421e-05
1990-02-24,0.0,281.03955,291.9257,271.62347,1.9796604e-05
1990-02-25,0.0,284.33246,293.08734,272.44025,2.8438633e-05
1990-02-26,0.0,284.55515,289.06296,279.26834,3.1135296e-05
1990-02-27,1.082179e-05,281.84604,289.38074,277.12378,2.573818e-05
1990-02-28,6.5021435e-05,278.51004,284.86325,273.8953,2.0279896e-05
1990-03-01,0.0,281.59616,286.2569,274.46118,3.858876e-05
1990-03-02,0.0,277.20993,283.4332,271.40955,1.8757306e-05
1990-03-03,0.0,275.6648,280.8154,269.63666,2.1315354e-05
1990-03-04,0.0,276.45908,284.40393,270.55563,1.8518518e-05
1990-03-05,0.0,278.5736,286.30786,271.8298,2.1975604e-05
1990-03-06,0.0,280.61206,288.233,271.58124,1.2959482e-05
1990-03-07,0.0,283.78833,292.5837,276.03204,2.7675193e-05
1990-03-08,0.0,285.32788,293.89304,272.30505,3.6822035e-05
1990-03-09,0.0,282.89285,288.7807,276.95856,1.7269078e-05
1990-03-10,0.0,279.8061,284.8263,275.37045,1.40183e-05
1990-03-11,0.0,284.07254,294.43997,274.6844,2.5880629e-05
1990-03-12,0.0,286.91074,296.19916,276.12408,2.3502593e-05
1990-03-13,0.0,282.23752,288.29324,279.69263,2.4589212e-05
1990-03-14,0.0,281.62042,288.97842,273.06168,2.2683425e-05
1990-03-15,0.0,282.4223,287.11664,274.80386,1.5453483e-05
1990-03-16,0.0,281.39514,287.63535,277.30087,2.1807471e-05
1990-03-17,0.0,279.25766,286.7004,270.3991,1.9133266e-05
1990-03-18,0.0,280.11108,290.1567,270.1692,2.3992026e-05
1990-03-19,0.0,282.34216,292.56204,272.56946,2.6217385e-05
1990-03-20,0.0,283.7461,294.13016,273.9023,2.8752538e-05
1990-03-21,0.0,285.80862,294.5555,274.7238,2.645423e-05
1990-03-22,0.0,287.54315,297.07593,278.58472,2.8450359e-05
1990-03-23,0.0,284.21225,292.1176,278.9091,2.1487382e-05
1990-03-24,1.181003e-06,284.70926,290.95453,281.5162,2.3921215e-05
1990-03-25,0.0,279.79837,285.7915,277.517,1.2731482e-05
1990-03-26,0.00021729074,279.03748,282.01132,275.99985,1.793982e-05
1990-03-27,4.072117e-06,279.16882,281.47467,277.0883,1.1038765e-05
1990-03-28,0.0001749437,280.6625,286.4598,277.09174,2.0790003e-05
1990-03-29,9.311468e-09,281.4797,284.99026,276.44034,1.5025564e-05
1990-03-30,7.195832e-05,283.7408,286.91946,279.79044,1.8510013e-05
1990-03-31,0.0,284.22983,290.95712,277.05765,2.9832756e-05
1990-04-01,0.0,283.7666,290.46774,277.37854,2.770716e-05
1990-04-02,0.0,286.5279,293.70615,277.4809,3.3784007e-05
1990-04-03,0.0,286.7197,290.8623,282.89694,3.6641217e-05
1990-04-04,2.8160541e-06,281.23547,286.14218,280.01428,1.5732727e-05
1990-04-05,8.154311e-05,280.40536,282.0933,279.24808,1.38362675e-05
1990-04-06,2.2509394e-06,284.15247,288.12268,279.04346,1.7233288e-05
1990-04-07,2.8547496e-05,282.756,285.23596,281.59753,1.2722975e-05
1990-04-08,0.0001998896,279.24203,282.74942,278.4426,1.9728532e-05
1990-04-09,0.0,277.75644,281.5549,275.325,1.8666586e-05
1990-04-10,0.0,279.68353,284.32675,274.5581,2.4456811e-05
1990-04-11,0.0,280.17834,286.16904,273.89838,2.7315788e-05
1990-04-12,0.0,280.22293,286.0519,273.58136,2.8753218e-05
1990-04-13,0.0,281.64676,287.80557,275.1726,3.2178075e-05
1990-04-14,0.0,284.3064,290.77786,274.14862,3.948587e-05
1990-04-15,0.0,284.37775,289.73944,277.3401,2.7967397e-05
1990-04-16,5.6096145e-05,283.82846,287.82715,280.01752,2.9774865e-05
1990-04-17,0.0,283.20688,287.6428,279.56393,2.662037e-05
1990-04-18,2.458202e-06,281.7224,284.01035,279.73584,1.6785103e-05
1990-04-19,6.127951e-05,281.59427,286.4552,279.18954,2.3119901e-05
1990-04-20,7.863459e-05,280.5609,282.93442,277.41165,1.2394507e-05
1990-04-21,8.449036e-05,280.3139,282.0943,277.20694,1.2730105e-05
1990-04-22,4.9146216e-05,285.07678,290.68304,275.8883,3.1603e-05
1990-04-23,5.7708537e-05,283.73578,287.674,281.38074,2.2522465e-05
1990-04-24,8.61306e-05,285.25998,291.05582,282.0073,4.2946496e-05
1990-04-25,1.9003967e-07,284.8136,291.8456,277.6982,3.2113396e-05
1990-04-26,3.0460682e-05,285.15143,290.92007,278.29105,3.3680248e-05
1990-04-27,5.7071934e-06,286.90033,292.15405,279.0233,3.0511455e-05
1990-04-28,1.1036253e-06,283.51373,288.91446,280.14905,3.6723624e-05
1990-04-29,0.0,282.33237,288.24844,274.3179,3.71845e-05
1990-04-30,0.0,285.1986,291.1961,276.02274,3.5518708e-05
1990-05-01,0.0,286.7495,291.2315,283.51608,2.4806166e-05
1990-05-02,0.0,289.73563,296.8064,280.85776,5.8163834e-05
1990-05-03,0.0,286.87662,292.7754,282.4523,4.7648533e-05
1990-05-04,0.0,286.32327,292.761,281.2714,4.251831e-05
1990-05-05,0.0,289.19254,296.82166,279.2237,4.5996538e-05
1990-05-06,0.0,290.10852,297.7704,281.2902,5.477344e-05
1990-05-07,2.3918262e-06,290.01147,298.2593,281.39514,4.48661e-05
1990-05-08,5.417853e-06,290.3413,297.712,283.00677,4.2954875e-05
1990-05-09,6.662527e-06,290.5531,298.124,282.2882,4.805369e-05
1990-05-10,1.9160268e-06,290.7123,297.96356,282.71207,4.3592787e-05
1990-05-11,1.7477623e-05,291.33163,298.37927,283.28827,4.6694433e-05
1990-05-12,7.472528e-08,288.9135,293.29694,287.24554,3.1125703e-05
1990-05-13,0.0,290.48022,297.30838,280.83484,4.5893798e-05
1990-05-14,5.2383994e-06,291.6811,298.81134,282.17245,4.931479e-05
1990-05-15,3.254153e-06,291.63284,297.03156,285.84637,4.1227788e-05
1990-05-16,1.157886e-05,292.27612,298.95004,286.20132,4.9485137e-05
1990-05-17,3.1053976e-05,291.63513,300.80463,285.29016,4.467799e-05
1990-05-18,5.954848e-05,289.25476,297.06854,284.7483,3.400684e-05
1990-05-19,6.323509e-05,287.77457,290.99103,283.95703,3.132508e-05
1990-05-20,1.2953335e-06,287.02557,292.02783,284.67395,3.455722e-05
1990-05-21,0.0,289.20163,295.02298,282.9132,4.150369e-05
1990-05-22,1.5815953e-06,290.26297,295.9872,282.333,3.2361706e-05
1990-05-23,2.545137e-07,292.00998,297.56317,285.35266,3.7209946e-05
1990-05-24,7.18263e-06,294.386,300.42136,285.76447,4.72237e-05
1990-05-25,6.859049e-05,288.17264,294.81006,284.6108,2.9105748e-05
1990-05-26,0.00030000182,285.8514,290.61676,281.08536,4.7857262e-05
1990-05-27,2.4144963e-06,286.15094,290.84442,281.0964,4.6841888e-05
1990-05-28,0.0,285.55325,292.4704,281.06708,4.217547e-05
1990-05-29,3.3834684e-05,284.612,289.04898,281.32425,3.9644787e-05
1990-05-30,0.0,285.58014,291.55988,278.02866,4.702555e-05
1990-05-31,0.0,286.155,292.13788,279.04483,4.353984e-05
1990-06-01,0.0,288.20575,294.64142,281.74255,3.6759768e-05
1990-06-02,0.0,291.70932,297.42896,282.14316,5.0284256e-05
1990-06-03,3.6350863e-05,287.9665,293.9528,284.74182,4.2559725e-05
1990-06-04,3.8627754e-06,288.9137,295.52795,281.45215,3.8773964e-05
1990-06-05,8.211997e-05,286.27682,288.81854,285.55447,2.1735701e-05
1990-06-06,7.438122e-06,288.2014,291.78223,283.0405,2.4305555e-05
1990-06-07,0.00019432054,289.35413,293.65213,285.38647,2.6611864e-05
1990-06-08,4.2823362e-06,289.81818,295.55576,287.32065,3.2204993e-05
1990-06-09,0.00023436919,289.31445,295.09195,284.58603,4.399548e-05
1990-06-10,0.00025631912,284.10983,288.68164,283.25916,2.0726537e-05
1990-06-11,6.0112765e-05,287.57758,293.5578,280.47498,3.7941845e-05
1990-06-12,1.2792884e-06,288.74487,294.81488,283.07956,3.3836237e-05
1990-06-13,3.6463873e-05,287.39136,289.3117,285.3913,2.2552314e-05
1990-06-14,2.8119039e-05,289.71112,295.52927,286.41696,3.5859266e-05
1990-06-15,6.116586e-06,289.0462,294.3086,286.10257,3.3229946e-05
1990-06-16,6.625582e-05,289.5873,294.44373,286.14923,3.3246768e-05
1990-06-17,1.0286911e-05,290.25696,295.55493,285.91385,4.431061e-05
1990-06-18,1.7318285e-06,291.08896,298.97693,284.66235,5.1897627e-05
1990-06-19,0.0004240125,293.81635,299.6176,285.83398,5.6105935e-05
1990-06-20,1.5476868e-07,296.3057,301.70065,286.88004,6.502914e-05
1990-06-21,7.637142e-06,292.00497,296.6898,288.7933,3.8131664e-05
1990-06-22,8.760808e-05,294.3613,299.4889,285.5184,5.7074732e-05
1990-06-23,9.923097e-07,288.2607,294.62714,286.3662,2.7196214e-05
1990-06-24,4.6516452e-05,291.1354,296.9002,285.85843,4.155305e-05
1990-06-25,2.755218e-06,292.82526,297.9294,285.3326,5.852616e-05
1990-06-26,0.0,294.88953,299.94037,287.07898,5.4190423e-05
1990-06-27,0.0,295.2814,300.63144,290.024,5.3141288e-05
1990-06-28,0.0,295.53818,301.81055,288.4834,5.7461784e-05
1990-06-29,1.3123832e-05,296.7374,302.50845,288.79166,6.218489e-05
1990-06-30,1.9158228e-06,297.96182,303.8716,290.77277,6.6509085e-05
1990-07-01,0.0,293.58704,302.96033,290.40033,5.3607273e-05
1990-07-02,2.46114e-05,289.4751,292.06027,287.71994,3.4867902e-05
1990-07-03,2.1385895e-06,290.6588,294.3772,284.1374,2.6111979e-05
1990-07-04,0.00010439473,289.93835,293.53745,287.22458,3.103951e-05
1990-07-05,1.0518525e-05,293.08575,299.25494,283.32898,5.8584876e-05
1990-07-06,1.7447457e-05,286.56265,293.78323,285.53455,2.545978e-05
1990-07-07,5.64498e-05,288.43402,294.16617,282.75543,4.863819e-05
1990-07-08,0.0,288.8171,293.32852,283.91714,2.3633726e-05
1990-07-09,1.8486669e-06,294.78412,301.1857,286.34338,6.147519e-05
1990-07-10,0.0,287.5604,294.60944,284.81433,2.4102446e-05
1990-07-11,0.0004187038,289.21442,294.87695,284.23773,4.8674006e-05
1990-07-12,0.0,291.03275,296.8721,282.48462,5.417374e-05
1990-07-13,0.0,293.22263,300.0743,283.9898,5.268013e-05
1990-07-14,0.0,291.72095,296.03568,286.60187,5.0746436e-05
1990-07-15,4.3380498e-07,291.09854,295.79483,283.5985,4.043774e-05
1990-07-16,0.0,294.05463,301.4475,283.80167,5.370747e-05
1990-07-17,0.0,293.7102,302.9662,286.15793,4.4240773e-05
1990-07-18,0.0002812062,291.18542,296.32202,287.52295,4.454751e-05
1990-07-19,2.3077764e-06,291.2436,297.18036,284.19882,5.1822353e-05
1990-07-20,0.0,291.249,297.36746,283.74722,5.0839026e-05
1990-07-21,0.0,294.64923,301.488,286.42734,5.7531448e-05
1990-07-22,0.0,295.86783,302.7151,288.14954,6.0261544e-05
1990-07-23,0.0,292.47495,297.74512,287.79913,4.1711566e-05
1990-07-24,8.732152e-05,292.22263,297.5968,288.1647,4.2826076e-05
1990-07-25,0.0,292.59583,298.3172,288.9995,5.0921368e-05
1990-07-26,0.0,292.7201,299.225,284.97653,4.6945952e-05
1990-07-27,0.0,293.95828,300.85718,285.56195,4.5611327e-05
1990-07-28,0.0,294.3976,301.43063,287.15424,5.735166e-05
1990-07-29,0.0,296.6277,304.13956,287.4249,6.102314e-05
1990-07-30,0.0,297.62088,304.73398,289.40247,5.062643e-05
1990-07-31,3.0300492e-07,298.00415,303.45355,290.00177,6.0517348e-05
1990-08-01,3.344027e-05,295.72324,301.51108,291.37103,4.8918966e-05
1990-08-02,6.972546e-06,295.92395,302.1459,289.25095,5.890994e-05
1990-08-03,0.0,293.76517,300.39145,286.55948,5.0758936e-05
1990-08-04,0.0,293.88943,300.98587,286.53513,4.707268e-05
1990-08-05,0.0,294.85233,302.85727,285.7299,5.207776e-05
1990-08-06,0.0,294.54297,305.0654,286.42215,5.2133968e-05
1990-08-07,2.6275915e-05,289.52744,292.07224,287.55237,2.1844384e-05
1990-08-08,5.9614347e-05,290.64792,295.16852,286.49216,3.656831e-05
1990-08-09,1.9402435e-06,290.8297,297.59497,284.39804,5.5457796e-05
1990-08-10,0.0,292.7737,300.16516,284.33762,5.1806484e-05
1990-08-11,0.0,292.63354,299.82367,286.63904,4.3424734e-05
1990-08-12,1.2659268e-06,293.5228,301.6401,285.18414,4.5910583e-05
1990-08-13,0.0,295.10178,303.42072,285.1958,5.4394815e-05
1990-08-14,1.494203e-07,295.88702,303.98557,285.64764,5.3281e-05
1990-08-15,0.0,293.53116,301.78046,286.45044,4.1026815e-05
1990-08-16,0.00012021697,294.52463,301.9601,287.1326,4.4703513e-05
1990-08-17,2.2752977e-06,290.6408,301.7257,285.25058,3.9148817e-05
1990-08-18,0.00040931033,289.2579,295.55902,284.9512,3.539621e-05
1990-08-19,0.0,291.63214,299.25085,283.10852,4.2841813e-05
1990-08-20,0.0,294.62427,301.76816,285.07867,4.6592097e-05
1990-08-21,4.550057e-06,288.06,295.05188,286.56085,2.1431812e-05
1990-08-22,0.00016999981,288.94144,293.08685,284.44598,2.4989615e-05
1990-08-23,0.0,290.1925,296.78552,283.8177,3.7721733e-05
1990-08-24,0.0,291.0061,297.95325,285.65158,4.184331e-05
1990-08-25,0.0,291.87155,300.26685,282.8213,4.3802353e-05
1990-08-26,0.0,293.4583,300.71664,285.86908,4.189173e-05
1990-08-27,0.0,294.35388,299.521,286.37186,3.4410732e-05
1990-08-28,0.0,293.69424,301.08786,286.44913,3.8488844e-05
1990-08-29,0.0,293.59665,301.15253,286.79337,3.704545e-05
1990-08-30,0.0,293.77768,302.23648,285.90854,3.9437935e-05
1990-08-31,2.1273483e-07,294.66525,302.2963,286.4161,4.0429422e-05
1990-09-01,0.0,291.66235,298.74557,286.56467,2.6608914e-05
1990-09-02,0.00016556289,288.64926,293.1097,286.05438,2.2824162e-05
1990-09-03,1.108952e-07,288.8799,294.13324,281.70477,2.4318524e-05
1990-09-04,1.7381961e-06,289.56412,293.71127,285.76212,2.0572834e-05
1990-09-05,6.517121e-05,288.14902,294.30536,285.752,2.0912543e-05
1990-09-06,4.9688453e-05,287.31274,294.13937,281.6534,2.892044e-05
1990-09-07,0.0,288.19052,295.83057,280.90472,2.7366485e-05
1990-09-08,0.0003201093,286.33643,293.23514,282.94595,3.2014064e-05
1990-09-09,0.0,288.1346,295.4972,281.18317,3.4033175e-05
1990-09-10,0.0,286.65662,290.0949,283.77472,1.7991673e-05
1990-09-11,1.789664e-06,286.17377,290.9404,281.78842,2.2926733e-05
1990-09-12,3.2289927e-06,285.6832,290.58466,282.95422,3.0347132e-05
1990-09-13,5.6792755e-06,286.17352,292.85416,278.99786,2.619718e-05
1990-09-14,0.0,287.00296,293.89624,279.23102,2.5653908e-05
1990-09-15,0.0,287.8917,295.11417,281.64426,2.5217836e-05
1990-09-16,0.0,284.8094,290.06625,282.2491,2.1282096e-05
1990-09-17,3.350029e-06,285.6454,292.89258,277.13684,2.919286e-05
1990-09-18,1.14095684e-07,286.6401,292.23978,281.63242,2.5650614e-05
1990-09-19,2.061106e-05,286.46158,292.96112,279.98102,2.3758586e-05
1990-09-20,0.0,289.45856,296.32233,281.14255,2.371492e-05
1990-09-21,5.3755484e-05,286.1576,290.08868,283.4227,1.5028199e-05
1990-09-22,6.625724e-05,285.26944,290.92105,282.9659,1.9289228e-05
1990-09-23,2.5954096e-06,290.8489,298.26505,280.99997,3.0489693e-05
1990-09-24,3.877946e-06,285.94177,293.08807,283.5998,1.4694304e-05
1990-09-25,0.0001561257,284.93326,291.1821,279.23358,2.168899e-05
1990-09-26,0.0,284.1762,286.00876,282.4983,1.1574074e-05
1990-09-27,1.4357396e-05,284.14044,290.46176,280.39584,1.7492679e-05
1990-09-28,1.9827123e-05,283.02573,289.9054,279.5242,1.7366658e-05
1990-09-29,2.7068932e-06,285.24097,293.05838,275.9334,2.4051144e-05
1990-09-30,0.0,288.7609,296.24878,278.43185,2.4696457e-05
1990-10-01,0.0,291.03107,297.73734,282.20828,2.7273787e-05
1990-10-02,6.3086256e-05,287.531,292.21716,284.9572,2.1903417e-05
1990-10-03,2.379869e-05,285.05746,291.73904,278.71155,2.1438736e-05
1990-10-04,0.0,286.09305,291.60416,280.4597,1.3857609e-05
1990-10-05,5.6857156e-05,283.6256,287.0013,282.57828,9.525904e-06
1990-10-06,4.6273068e-05,285.15823,291.15567,279.56848,1.4905214e-05
1990-10-07,0.0,289.65335,295.028,281.5685,2.4374142e-05
1990-10-08,6.3774028e-06,283.39325,290.02365,281.48972,1.022616e-05
1990-10-09,0.00012306492,281.02652,287.32486,278.0045,1.747678e-05
1990-10-10,0.0,280.98907,289.68704,274.58447,1.7720537e-05
1990-10-11,0.0,282.30573,290.7499,274.90045,1.3888889e-05
1990-10-12,0.0,284.34,291.42865,276.6734,1.1574074e-05
1990-10-13,0.0,288.0258,294.8055,279.73453,1.7477843e-05
1990-10-14,0.0,288.14966,295.01138,282.7189,1.3888889e-05
1990-10-15,0.0,285.83105,292.22156,281.84433,1.1798077e-05
1990-10-16,0.0,286.22018,292.73956,281.4766,1.4291804e-05
1990-10-17,0.0,285.1395,291.00006,280.70865,1.0681589e-05
1990-10-18,6.392028e-08,286.267,292.86465,280.6311,1.36445915e-05
1990-10-19,1.3242504e-08,288.36526,295.0867,283.2792,1.754844e-05
1990-10-20,2.3421202e-05,285.8533,287.2134,283.84375,7.9099755e-06
1990-10-21,0.00018687367,281.27005,286.62076,279.13684,2.9391154e-05
1990-10-22,0.0,275.80374,281.9868,273.36472,1.3536631e-05
1990-10-23,0.0,275.3264,282.186,269.91284,9.259259e-06
1990-10-24,0.0,275.6698,282.0669,269.3,6.608236e-06
1990-10-25,0.0,276.34622,280.9826,269.2943,5.805254e-06
1990-10-26,1.200388e-06,280.2969,283.0336,276.42963,7.09852e-06
1990-10-27,1.2873312e-06,280.21606,281.38412,277.9694,5.787037e-06
1990-10-28,0.00019260794,281.72452,286.3027,277.40985,9.9758645e-06
1990-10-29,0.0,282.25253,285.83966,278.96774,8.759944e-06
1990-10-30,0.00010846504,281.075,285.8766,277.99496,7.2957314e-06
1990-10-31,7.866596e-06,283.31586,287.75775,275.51843,8.101852e-06
1990-11-01,0.00037730634,279.76944,284.99887,277.94827,5.969452e-06
1990-11-02,0.00032040483,278.5981,282.13293,276.2553,5.787037e-06
1990-11-03,3.117644e-05,277.71887,280.3452,275.38766,4.6296295e-06
1990-11-04,6.1661216e-05,277.53,282.8211,275.14542,5.787037e-06
1990-11-05,8.126287e-07,277.53,283.46542,270.87616,9.259259e-06
1990-11-06,7.278781e-05,275.2798,280.287,272.4327,5.1355396e-06
1990-11-07,0.0,275.72644,279.5873,270.25928,4.6296295e-06
1990-11-08,0.0,275.83377,282.3154,270.09396,7.0379037e-06
1990-11-09,0.0,276.30447,282.78336,272.5757,3.9998704e-06
1990-11-10,0.0,273.56918,277.08975,269.3549,4.485518e-06
1990-11-11,0.0,273.9244,275.08368,271.36163,3.4722223e-06
1990-11-12,0.0,277.12976,280.0407,274.06387,3.910885e-06
1990-11-13,0.0,277.42065,281.02844,275.23337,3.8334815e-06
1990-11-14,0.0,277.8162,282.2269,272.87045,5.630242e-06
1990-11-15,0.0,277.9199,279.7836,276.74677,3.575143e-06
1990-11-16,2.340961e-06,279.4723,284.56702,275.55377,3.816376e-06
1990-11-17,0.0,276.631,281.64267,271.48672,4.6296295e-06
1990-11-18,0.0,280.04755,283.65707,275.34314,5.0840854e-06
1990-11-19,0.0,279.31528,284.31192,274.09128,3.0246163e-06
1990-11-20,0.0,280.77588,283.32516,278.14148,6.9444445e-06
1990-11-21,0.0,281.1787,287.80856,277.89142,1.1980534e-05
1990-11-22,9.644394e-05,278.41406,281.30762,277.76068,3.4637162e-06
1990-11-23,3.8156763e-06,282.2894,285.4909,276.29398,6.651555e-06
1990-11-24,3.5909277e-05,280.5857,284.63565,278.31122,1.2344599e-05
1990-11-25,7.3562546e-06,280.99753,285.23926,275.4345,1.7694521e-05
1990-11-26,1.6068698e-05,282.36044,286.55838,279.8887,7.4367827e-06
1990-11-27,8.881204e-05,277.9932,281.84125,276.0611,3.4722223e-06
1990-11-28,0.00010757898,277.90735,278.98056,274.1744,3.4497427e-06
1990-11-29,0.00014224891,277.65292,278.56894,276.90933,3.4722223e-06
1990-11-30,0.0,275.11017,278.29788,273.13443,7.4374657e-06
1990-12-01,9.4973973e-07,272.615,276.06033,269.80063,1.2371513e-05
1990-12-02,0.0,271.06723,273.01633,266.95648,4.6296295e-06
1990-12-03,4.2586424e-05,270.83017,275.03943,265.86725,3.3191093e-06
1990-12-04,0.0,269.09564,273.26404,264.51828,2.3148148e-06
1990-12-05,0.0,273.05008,275.79785,266.0757,5.494451e-06
1990-12-06,1.570427e-07,273.40323,275.1659,270.9002,7.889082e-06
1990-12-07,4.087781e-06,271.05936,272.93018,269.30704,3.4722223e-06
1990-12-08,5.132197e-05,268.33624,273.41162,266.4399,1.1585869e-06
1990-12-09,0.0,271.04224,273.00565,264.49463,2.3148148e-06
1990-12-10,5.2341595e-05,274.92014,276.15118,270.8439,2.3148148e-06
1990-12-11,5.185258e-05,275.0061,276.78867,271.9641,2.3148148e-06
1990-12-12,5.690578e-05,275.11502,276.32312,274.15115,2.3148148e-06
1990-12-13,4.4837373e-07,275.6787,277.30853,273.49057,6.6627595e-06
1990-12-14,0.0,275.81418,277.85196,273.82468,1.6737225e-05
1990-12-15,0.0,273.66663,275.45316,270.89066,6.305791e-06
1990-12-16,1.8589759e-05,274.39844,275.16513,273.0911,5.26979e-06
1990-12-17,1.872535e-05,272.80475,274.49762,272.40634,4.193989e-06
1990-12-18,3.9037255e-05,272.9228,273.4097,272.12592,2.0582988e-06
1990-12-19,2.8936687e-05,272.0663,273.90454,270.29364,1.2225302e-06
1990-12-20,0.0,268.08612,272.1129,265.1793,1.1579136e-06
1990-12-21,0.0,269.6353,274.22476,262.10455,1.202706e-06
1990-12-22,0.0,272.30737,274.69785,267.86395,2.3148148e-06
1990-12-23,0.0,273.9835,275.28113,272.5377,1.9826723e-06
1990-12-24,2.285932e-06,270.06854,273.9118,269.14655,4.246562e-06
1990-12-25,0.0,270.30447,270.83826,269.75992,3.174746e-06
1990-12-26,6.145022e-05,271.61832,273.00818,270.09137,2.3118178e-06
1990-12-27,3.7325448e-05,276.73965,280.6798,270.2458,3.4790041e-06
1990-12-28,1.16870415e-05,274.68637,278.4607,271.8463,3.2433197e-06
1990-12-29,3.7057969e-06,274.0996,276.46295,269.4281,3.0524577e-06
1990-12-30,0.0,277.4806,283.88177,273.1912,1.915468e-06
1990-12-31,1.5339225e-08,277.52795,281.3629,274.01022,3.4722223e-06
1991-01-01,1.3403628e-05,276.92856,278.9352,275.37112,3.4722223e-06
1991-01-02,3.7781563e-05,275.18134,279.81897,270.93417,3.48699e-06
1991-01-03,0.0,278.52713,284.78146,273.4892,5.227899e-06
1991-01-04,0.0,281.0425,286.08228,272.3764,1.0539077e-05
1991-01-05,1.5834134e-05,275.9563,281.6225,274.39697,3.4722223e-06
1991-01-06,5.516672e-05,273.07468,275.3105,270.49338,2.3262069e-06
1991-01-07,0.0,278.02066,282.31393,270.40152,7.154196e-06
1991-01-08,5.356819e-06,277.3658,280.90085,274.59674,3.4722223e-06
1991-01-09,3.118183e-05,278.12872,283.56427,273.32224,6.376082e-06
1991-01-10,0.0,279.25363,284.37964,273.2852,5.4399475e-06
1991-01-11,0.0,279.8473,286.11377,274.5978,2.5379056e-06
1991-01-12,0.0,277.22653,280.01187,273.00662,3.4722223e-06
1991-01-13,4.287196e-06,277.88504,279.563,276.41345,6.848414e-06
1991-01-14,4.130762e-05,274.68375,278.012,273.48242,8.580113e-06
1991-01-15,1.4523187e-06,271.68704,275.5917,269.81033,1.0002462e-05
1991-01-16,0.0,268.94827,272.29617,267.41553,3.151161e-06
1991-01-17,0.0,268.88165,274.0075,264.71375,1.1574074e-06
1991-01-18,0.0,269.98376,276.54803,264.54703,3.3041704e-06
1991-01-19,0.0,270.1942,276.3522,265.89597,1.7541612e-06
1991-01-20,0.0,268.06207,269.91278,265.64755,3.470801e-06
1991-01-21,0.0,267.54248,267.92075,265.39926,2.3148148e-06
1991-01-22,0.0,268.63147,270.38306,266.35208,3.241414e-06
1991-01-23,0.0,271.51578,272.75497,269.1604,4.255472e-06
1991-01-24,0.0,274.07843,276.79062,271.55304,4.3927803e-06
1991-01-25,0.0,272.92325,276.1875,271.04794,3.6829686e-06
1991-01-26,0.0,269.98917,276.36194,266.82053,2.3148148e-06
1991-01-27,0.0,272.53616,273.7628,268.4585,4.6296295e-06
1991-01-28,0.0,272.71683,276.98343,270.2526,6.6506027e-06
1991-01-29,0.0,270.57608,276.12933,265.45532,3.5531864e-06
1991-01-30,0.0,271.82428,276.64926,267.35754,1.0482088e-05
1991-01-31,0.0,265.62665,271.46445,262.7042,5.7374573e-06
1991-02-01,0.0,263.14407,268.72617,259.29285,2.1351327e-06
1991-02-02,0.0,264.73367,272.25848,257.18777,4.196647e-06
1991-02-03,0.0,265.49796,272.6381,258.70898,2.9847006e-06
1991-02-04,0.0,268.2339,273.10886,262.00818,9.932431e-06
1991-02-05,0.0,263.44916,270.1462,261.4351,8.635022e-06
1991-02-06,7.910969e-07,262.9545,265.39563,258.5867,3.4722223e-06
1991-02-07,0.00011600227,264.75357,269.37656,260.6195,3.1087761e-06
1991-02-08,5.862384e-06,266.99887,270.9141,261.31842,2.3148148e-06
1991-02-09,5.909695e-05,270.81134,274.149,261.95694,4.6277855e-06
1991-02-10,0.0,279.3126,282.04538,270.9577,9.893521e-06
1991-02-11,2.1790482e-05,272.2786,280.12527,271.01678,3.4722223e-06
1991-02-12,6.644486e-05,270.39258,272.9921,268.47195,5.5307514e-06
1991-02-13,2.2504646e-05,268.3298,275.74612,263.83478,4.6296295e-06
1991-02-14,0.0,267.24762,275.3817,260.69278,4.135138e-06
1991-02-15,0.0,264.614,273.95465,259.2868,4.6296295e-06
1991-02-16,0.0,267.52484,273.70688,258.67252,3.3265749e-06
1991-02-17,0.0,270.5188,276.6551,264.93942,6.1004257e-06
1991-02-18,0.0,268.98047,277.5585,261.39352,4.9676423e-06
1991-02-19,0.0,270.03702,277.5049,261.86942,4.9306545e-06
1991-02-20,0.0,270.26053,277.88748,263.08917,5.5248242e-06
1991-02-21,0.0,272.06113,276.88348,265.60535,4.6296295e-06
1991-02-22,0.0,274.73828,279.3285,269.54587,5.787037e-06
1991-02-23,0.0,275.49365,282.5842,267.65155,9.981215e-06
1991-02-24,0.0,278.27426,284.0248,274.4991,1.0416667e-05
1991-02-25,0.0,275.81223,281.5271,270.74783,7.798511e-06
1991-02-26,0.0,277.4612,282.43805,271.98758,9.0979365e-06
1991-02-27,0.0,275.28574,277.70084,274.23,9.702658e-06
1991-02-28,0.0,273.4986,275.1854,272.3676,7.5755606e-06
1991-03-01,0.0,274.0069,275.26233,272.554,6.793739e-06
1991-03-02,0.0,276.60486,279.75568,273.80234,8.209115e-06
1991-03-03,0.0,276.54538,278.29495,275.26385,6.9444445e-06
1991-03-04,0.0,277.2098,279.77908,274.78802,8.101852e-06
1991-03-05,0.0,277.71436,285.17545,272.8035,1.4638239e-05
1991-03-06,0.0,276.7197,282.14795,273.15222,8.817824e-06
1991-03-07,0.0,282.44626,289.9185,272.10468,1.6832428e-05
1991-03-08,0.0,283.49408,290.32028,278.30765,1.9704696e-05
1991-03-09,0.0,280.59158,285.6373,276.8846,1.3740885e-05
1991-03-10,0.0,281.6014,285.2113,277.57907,1.3289996e-05
1991-03-11,1.6918646e-05,279.6264,282.88242,278.8001,1.1267913e-05
1991-03-12,1.0157946e-06,280.39493,286.55685,277.21677,1.7371389e-05
1991-03-13,0.0,280.0478,287.72583,272.45773,1.8584673e-05
1991-03-14,0.0,281.25446,289.03162,273.515,2.0387182e-05
1991-03-15,0.0,282.05902,291.83752,273.7342,2.4305555e-05
1991-03-16,0.0,282.0293,288.52847,275.2585,1.5249045e-05
1991-03-17,0.0,281.17514,289.41116,275.48788,2.199074e-05
1991-03-18,0.0,281.80118,288.99344,274.15222,1.782959e-05
1991-03-19,0.0,281.72504,287.77698,275.49203,1.761116e-05
1991-03-20,1.0143377e-05,285.2929,291.95673,279.46994,2.0346011e-05
1991-03-21,2.1137462e-06,287.30383,293.71863,279.85498,3.2172255e-05
1991-03-22,0.0,287.56982,293.2868,284.80682,4.3571603e-05
1991-03-23,0.0,282.10846,286.47977,280.09546,1.7304545e-05
1991-03-24,1.8014036e-06,285.57635,293.81616,275.84027,2.3148148e-05
1991-03-25,0.0,284.28473,289.18796,279.43222,2.0624579e-05
1991-03-26,0.00015067,280.89355,284.89407,278.92725,1.24269045e-05
1991-03-27,5.435686e-07,275.54483,281.05292,274.74677,1.0133225e-05
1991-03-28,5.9362137e-05,277.1052,281.11127,274.11786,2.2793785e-05
1991-03-29,0.0,274.70917,276.38464,273.5159,1.0309631e-05
1991-03-30,0.00013258278,275.52393,276.57254,273.38986,6.185757e-06
1991-03-31,2.3492159e-05,280.05548,285.29108,274.6691,1.7036275e-05
1991-04-01,0.0,279.0747,284.02432,274.80246,1.9520665e-05
1991-04-02,0.0,281.49594,288.59967,273.61908,2.209523e-05
1991-04-03,0.0,281.42612,284.35352,278.39462,1.4064915e-05
1991-04-04,2.1713357e-05,283.24454,288.26675,280.04178,2.199074e-05
1991-04-05,1.6013011e-08,284.7199,290.24478,281.41214,2.8751982e-05
1991-04-06,1.582234e-06,284.82703,290.84534,279.55728,3.140603e-05
1991-04-07,0.0,283.20657,290.08524,278.06927,2.3008843e-05
1991-04-08,9.72515e-06,284.32434,290.16144,277.34854,3.4274595e-05
1991-04-09,0.0,283.35034,290.47958,278.03253,3.3597684e-05
1991-04-10,0.0,282.92664,288.97775,279.35626,3.3802604e-05
1991-04-11,6.424521e-07,282.80637,286.6939,276.1486,2.6308535e-05
1991-04-12,1.0148004e-05,283.70975,289.32095,281.3085,2.8043147e-05
1991-04-13,1.1813288e-05,283.95547,290.19067,277.3124,3.0343681e-05
1991-04-14,1.7272536e-06,283.91858,291.53015,276.73816,2.9073504e-05
1991-04-15,2.1406644e-05,284.19144,291.09442,277.89893,3.2117663e-05
1991-04-16,9.30144e-06,287.39978,294.14755,278.01035,3.791255e-05
1991-04-17,5.3404958e-05,276.56985,287.94083,273.3772,1.8967721e-05
1991-04-18,4.6834662e-05,274.86282,277.5158,273.33447,8.195875e-06
1991-04-19,0.000114222734,277.7961,283.15417,272.62918,2.4272731e-05
1991-04-20,2.4310996e-06,278.10098,284.01746,273.42603,2.710564e-05
1991-04-21,1.7913662e-06,278.7451,283.37912,275.45108,2.8249646e-05
1991-04-22,0.0,279.2155,285.06882,275.12598,2.7193113e-05
1991-04-23,0.0,280.32315,286.17053,271.81543,2.6535065e-05
1991-04-24,0.0,281.22308,284.36826,278.8556,2.5426683e-05
1991-04-25,6.010693e-06,279.33038,284.7191,277.72342,2.2173781e-05
1991-04-26,2.758536e-07,280.8092,287.61057,273.23047,2.887181e-05
1991-04-27,0.0,282.96365,286.8598,275.82568,2.0603675e-05
1991-04-28,0.0,283.55243,288.87958,281.74667,2.2897646e-05
1991-04-29,5.688661e-06,285.3948,291.31592,276.80646,4.227286e-05
1991-04-30,0.0,285.7552,290.6924,279.45068,2.651208e-05
1991-05-01,2.680087e-07,287.83398,294.56927,281.66684,4.131304e-05
1991-05-02,0.0,285.42264,290.82648,279.62976,2.418909e-05
1991-05-03,4.7663834e-05,283.9001,285.6888,282.60004,1.6096907e-05
1991-05-04,0.00024331888,281.59,283.91846,279.77707,1.6203703e-05
1991-05-05,2.4926443e-05,284.10574,289.42096,279.6817,2.8828388e-05
1991-05-06,0.0,283.12585,288.73373,276.36627,2.8246988e-05
1991-05-07,5.037639e-06,284.23724,287.55807,277.28662,2.6611384e-05
1991-05-08,6.244914e-07,285.4658,290.72342,280.43494,3.6998925e-05
1991-05-09,4.3192026e-07,285.8787,291.35358,278.6043,3.6805253e-05
1991-05-10,8.079788e-06,284.99234,288.87982,283.1997,2.0021875e-05
1991-05-11,0.00024329784,287.05765,292.56964,283.29724,4.1331856e-05
1991-05-12,4.578355e-06,286.09372,293.2656,280.1115,3.975719e-05
1991-05-13,4.427272e-05,285.80905,290.79117,282.06955,4.14588e-05
1991-05-14,0.0,287.39767,292.4983,278.89084,3.7071986e-05
1991-05-15,7.659497e-06,284.0416,289.80832,282.4138,3.772306e-05
1991-05-16,2.483619e-08,281.73367,285.09702,279.99252,2.2836359e-05
1991-05-17,9.2958464e-05,278.9446,281.48434,278.06494,1.3846639e-05
1991-05-18,0.00034876468,280.6064,282.23138,278.07996,1.7552968e-05
1991-05-19,6.18754e-05,282.43332,288.22003,279.27502,2.7676684e-05
1991-05-20,2.068526e-06,285.16498,291.49402,277.28976,4.2783817e-05
1991-05-21,0.0,288.95694,295.98175,279.721,4.306667e-05
1991-05-22,0.0,291.39578,298.6196,286.3459,4.6039782e-05
1991-05-23,3.4731238e-06,287.43512,292.1991,285.6464,4.25014e-05
1991-05-24,6.7271947e-07,282.46405,286.71252,278.765,4.7212307e-05
1991-05-25,0.0,283.53015,288.2285,276.2937,3.8257476e-05
1991-05-26,3.699604e-06,283.2068,288.10358,280.68082,2.4436296e-05
1991-05-27,4.5596735e-05,283.48257,288.40036,278.67624,3.6711932e-05
1991-05-28,3.578516e-06,286.77963,291.91995,278.104,5.0728857e-05
1991-05-29,0.0,287.33865,292.97818,281.34296,5.6271318e-05
1991-05-30,0.0,287.30264,293.18494,280.20853,3.9855386e-05
1991-05-31,0.0,290.40634,296.79846,282.798,4.8624144e-05
1991-06-01,0.0,292.5753,299.60138,283.06046,5.9534006e-05
1991-06-02,1.3741189e-06,288.70197,292.67972,286.06924,4.3939486e-05
1991-06-03,2.1832391e-09,291.26697,297.36075,282.5785,6.237218e-05
1991-06-04,6.853094e-05,283.90054,290.46152,281.88824,2.0268415e-05
1991-06-05,0.00013472994,286.0366,291.2606,282.02197,3.2890788e-05
1991-06-06,0.0,287.76575,293.40738,279.25662,3.1704625e-05
1991-06-07,0.00010153493,288.58542,292.66913,285.32288,2.967788e-05
1991-06-08,1.5647566e-07,290.35837,295.15018,283.8077,4.6925612e-05
1991-06-09,0.0,291.73193,296.9205,285.48514,5.3911077e-05
1991-06-10,0.0,294.06717,298.92908,285.10376,5.465383e-05
1991-06-11,8.246315e-06,289.92206,295.027,288.02472,3.1756397e-05
1991-06-12,0.0,291.84586,297.79486,283.36215,5.735618e-05
1991-06-13,0.0,294.077,300.12195,285.46225,5.4152464e-05
1991-06-14,0.0,289.73288,294.4227,288.57544,3.067175e-05
1991-06-15,1.7422565e-06,293.51642,298.98828,288.17505,4.3947475e-05
1991-06-16,0.0,297.22266,302.88635,287.14154,7.009446e-05
1991-06-17,0.0,295.98605,301.50388,289.56866,4.309581e-05
1991-06-18,7.608388e-05,288.42734,294.43567,286.75568,4.1836996e-05
1991-06-19,4.627873e-05,284.9398,288.59998,284.11313,2.0525797e-05
1991-06-20,7.1239265e-05,289.27487,295.45584,280.42807,4.8237533e-05
1991-06-21,9.755422e-06,290.54196,297.04883,284.62512,4.8598817e-05
1991-06-22,3.2253736e-06,294.45657,300.71124,285.7916,5.9370235e-05
1991-06-23,0.0,295.18436,301.62613,286.57254,5.52462e-05
1991-06-24,4.405923e-06,294.8371,303.00613,289.56036,5.442892e-05
1991-06-25,2.4946046e-05,294.57846,299.75677,289.61337,4.5685254e-05
1991-06-26,6.832287e-07,295.0942,303.68802,289.69046,5.7598045e-05
1991-06-27,0.000312894,291.6181,299.2764,288.41876,4.1738193e-05
1991-06-28,0.00041633841,288.75665,294.60953,284.2273,4.698704e-05
1991-06-29,4.5809776e-07,287.65875,293.22137,283.56342,3.7948455e-05
1991-06-30,5.823226e-06,289.1338,294.2268,282.93713,4.632683e-05
1991-07-01,0.0,291.4754,296.99643,282.96918,5.6394463e-05
1991-07-02,0.0,294.31912,298.52298,285.78,6.2111314e-05
1991-07-03,2.3921466e-06,295.04752,299.0425,288.78598,5.164973e-05
1991-07-04,0.0,295.7752,300.63763,291.20886,4.368699e-05
1991-07-05,3.895761e-06,297.33237,301.3976,290.9873,5.6087618e-05
1991-07-06,2.294568e-06,295.00278,300.768,291.52313,6.353905e-05
1991-07-07,0.0,295.4879,301.58984,288.49002,6.202287e-05
1991-07-08,0.0,296.54944,302.9,287.4692,5.286907e-05
1991-07-09,0.0,296.02936,301.81998,290.56158,3.6073267e-05
1991-07-10,6.801881e-06,296.7203,302.6568,291.0927,5.1719755e-05
1991-07-11,0.0,297.94974,304.37158,289.75372,6.0644095e-05
1991-07-12,9.045325e-07,298.77255,305.96487,291.6026,6.0950773e-05
1991-07-13,3.9421097e-06,296.63898,305.79736,291.5083,6.092712e-05
1991-07-14,4.617139e-05,293.04922,301.38635,288.41696,4.5436198e-05
1991-07-15,0.00029724234,292.3095,297.07562,288.5492,4.177648e-05
1991-07-16,0.0,294.30807,300.81525,286.5778,5.6712965e-05
1991-07-17,0.0,294.33548,301.4045,288.3299,5.082402e-05
1991-07-18,0.00015784666,291.58157,297.45688,287.50586,5.5244844e-05
1991-07-19,0.0,295.45728,301.40396,288.50037,4.662802e-05
1991-07-20,0.0,295.12753,299.61444,291.2926,3.3937347e-05
1991-07-21,1.2647633e-05,292.74152,299.476,289.40396,3.9965005e-05
1991-07-22,0.00020542383,292.67776,300.213,287.83514,5.3663218e-05
1991-07-23,0.0,293.95016,299.77878,286.9438,5.4222466e-05
1991-07-24,0.0,295.87817,303.00104,287.34738,5.17045e-05
1991-07-25,0.00012634949,291.1401,295.27127,290.2739,2.6493692e-05
1991-07-26,0.00014040353,290.63242,295.72278,287.0289,4.0532806e-05
1991-07-27,0.0,290.41354,294.80807,284.96698,3.8441445e-05
1991-07-28,7.6438635e-05,290.08157,291.99994,287.23486,2.0532207e-05
1991-07-29,0.00018209608,293.67477,297.85226,289.6871,3.448654e-05
1991-07-30,1.5353095e-05,294.56927,300.10452,288.21548,5.335928e-05
1991-07-31,0.0,295.317,301.09875,289.2994,4.9179107e-05
1991-08-01,9.0945875e-08,291.71725,298.57153,290.4982,3.6970898e-05
1991-08-02,5.835656e-05,292.87836,295.4691,289.11972,3.4936893e-05
1991-08-03,3.3206168e-05,291.71216,294.86362,289.24905,2.209999e-05
1991-08-04,9.07932e-06,295.0832,299.41522,291.03906,4.8425198e-05
1991-08-05,1.8623842e-06,293.51328,299.16513,289.5332,4.1882933e-05
1991-08-06,0.0,295.41248,301.3257,289.01657,5.5543656e-05
1991-08-07,0.0,296.4125,302.6069,289.6185,5.6229666e-05
1991-08-08,0.0,296.1247,303.12848,289.6059,5.4204214e-05
1991-08-09,0.0,296.02408,303.4389,288.32877,5.4622396e-05
1991-08-10,0.0,295.4186,301.3826,290.14444,3.8490856e-05
1991-08-11,1.6226464e-05,296.26944,301.81332,290.72726,4.5605262e-05
1991-08-12,0.0,296.66782,302.84442,291.10913,4.0271483e-05
1991-08-13,3.7091709e-06,294.52762,299.8681,289.58185,4.0380586e-05
1991-08-14,8.714295e-06,293.3616,299.6018,288.42502,4.7626116e-05
1991-08-15,3.7603502e-05,291.39566,298.8669,288.57364,3.693666e-05
1991-08-16,0.000108076085,292.32047,298.72552,286.97354,4.74537e-05
1991-08-17,0.0,293.2844,300.02136,285.49664,4.182678e-05
1991-08-18,2.9685161e-06,290.54465,298.3972,287.6087,2.9546505e-05
1991-08-19,0.00040790968,290.07587,295.62094,287.88538,3.9088798e-05
1991-08-20,0.0,290.50027,296.86563,283.2341,4.164647e-05
1991-08-21,0.0,290.15607,293.0196,287.59406,1.8564588e-05
1991-08-22,0.0,292.1679,297.18414,287.4676,2.6750977e-05
1991-08-23,0.0,292.51205,298.53555,288.57025,3.5947716e-05
1991-08-24,6.924866e-09,293.7105,299.47992,286.90582,3.5546956e-05
1991-08-25,2.6594189e-05,293.8215,299.75092,289.60843,3.0190973e-05
1991-08-26,3.6061876e-05,293.34512,299.268,289.4711,3.490631e-05
1991-08-27,0.00010783802,289.85526,296.0253,286.2858,3.4814442e-05
1991-08-28,0.0,289.7582,296.04095,284.2166,3.4939585e-05
1991-08-29,3.5102323e-06,288.0891,292.92236,286.4908,2.4603381e-05
1991-08-30,1.2667722e-05,288.69037,294.9577,283.21008,3.828774e-05
1991-08-31,0.0,289.34482,295.63477,283.3417,3.459138e-05
1991-09-01,0.0,289.37064,296.65558,282.74536,3.6452373e-05
1991-09-02,0.0,290.09225,297.5107,282.8063,3.7805345e-05
1991-09-03,0.0,290.64664,298.60303,282.9777,3.678052e-05
1991-09-04,0.0,290.94437,299.43713,284.2059,3.8836934e-05
1991-09-05,0.0,291.47394,299.94852,282.93924,3.4772256e-05
1991-09-06,0.0,290.14813,298.08804,284.90967,3.0747477e-05
1991-09-07,0.0,288.97073,294.2689,285.95926,3.0945183e-05
1991-09-08,0.0,286.04254,291.47586,282.77692,2.2967837e-05
1991-09-09,0.0,287.09903,294.58325,279.3723,3.283166e-05
1991-09-10,0.0,287.86774,295.87143,280.4382,3.2701904e-05
1991-09-11,0.0,289.802,299.68787,280.3803,3.3675937e-05
1991-09-12,0.0,289.49948,294.40396,285.7342,1.9769559e-05
1991-09-13,0.00012663826,287.30338,288.8905,286.15192,1.3907561e-05
1991-09-14,1.7372482e-05,290.0465,293.566,286.771,1.7623459e-05
1991-09-15,9.92945e-05,291.01706,294.7466,288.4944,1.506621e-05
1991-09-16,0.00012886403,291.02618,295.76007,287.82846,1.865061e-05
1991-09-17,2.4313294e-06,290.63162,296.63715,284.60706,2.1203037e-05
1991-09-18,3.101703e-06,287.774,295.4611,284.18115,2.428943e-05
1991-09-19,6.5883637e-06,287.84814,295.17642,280.28806,2.5088984e-05
1991-09-20,0.0,289.3056,295.6769,282.61124,2.5838954e-05
1991-09-21,8.2856866e-05,289.23032,293.30676,285.33566,1.8838959e-05
1991-09-22,0.0,291.47104,297.44955,284.8858,2.0366113e-05
1991-09-23,4.5216046e-05,286.92255,291.51035,284.9156,1.2731482e-05
1991-09-24,0.0002046034,286.63593,294.47357,279.7125,2.5629928e-05
1991-09-25,0.0,286.6502,293.92825,280.57376,2.379746e-05
1991-09-26,0.0,292.20865,297.22864,281.93182,3.724314e-05
1991-09-27,0.0,290.6427,295.94073,288.1869,2.6848467e-05
1991-09-28,3.175756e-06,287.72858,292.35202,284.2599,2.2119064e-05
1991-09-29,0.0,290.736,296.13605,285.93225,2.5115682e-05
1991-09-30,0.0,293.76617,300.3054,288.58398,2.9923427e-05
1991-10-01,2.1478866e-06,287.89462,293.54663,285.73752,2.1495815e-05
1991-10-02,1.936974e-06,283.72647,288.5189,281.95627,1.424785e-05
1991-10-03,0.0001628059,283.9893,290.94345,277.88055,1.9047266e-05
1991-10-04,0.0,282.94714,290.8048,276.7576,1.8518518e-05
1991-10-05,0.0,282.55847,289.7105,275.8683,1.6496046e-05
1991-10-06,0.0,284.23285,291.473,275.68677,1.5922136e-05
1991-10-07,0.0,286.59564,294.13834,279.27344,2.2655022e-05
1991-10-08,1.4947329e-06,285.39114,288.12408,282.49225,9.275611e-06
1991-10-09,0.00011020951,284.4815,287.7022,280.75024,9.259259e-06
1991-10-10,0.0,283.1476,286.75366,281.73492,9.259259e-06
1991-10-11,0.0,285.02856,286.37012,280.85522,8.101852e-06
1991-10-12,0.0,287.2567,289.85855,283.24863,1.0416667e-05
1991-10-13,3.8744e-05,288.1651,292.71542,285.12305,1.5389203e-05
1991-10-14,0.0,287.0881,293.6619,281.6546,2.143726e-05
1991-10-15,0.0,288.94833,293.89178,284.8441,1.6195914e-05
1991-10-16,5.490213e-05,285.96854,290.99533,283.13522,1.1021367e-05
1991-10-17,0.0,286.93127,293.17407,280.75894,2.7308784e-05
1991-10-18,0.0,283.08752,288.87665,281.25397,1.01336245e-05
1991-10-19,0.00040875908,280.97134,282.2501,280.1096,6.922011e-06
1991-10-20,0.00012949074,280.02704,282.4425,279.10034,6.9565394e-06
1991-10-21,3.9303213e-06,278.74454,282.2138,275.62006,1.4991512e-05
1991-10-22,9.269056e-08,276.6416,282.22162,273.24536,1.1667244e-05
1991-10-23,0.0,278.63315,285.88464,271.19272,1.2355471e-05
1991-10-24,0.0,277.95346,280.64532,275.0014,5.787037e-06
1991-10-25,0.0,276.88528,279.95026,275.2291,9.192405e-06
1991-10-26,1.7203196e-05,273.82245,279.4331,270.0638,6.8638556e-06
1991-10-27,0.0,273.98895,278.45422,271.7106,6.9256184e-06
1991-10-28,0.0,274.75513,276.7126,271.86597,6.750734e-06
1991-10-29,0.0,273.90512,280.0672,269.9207,6.6233833e-06
1991-10-30,0.0,271.8501,278.76385,268.00638,6.902811e-06
1991-10-31,0.0,273.3294,276.63794,267.40305,5.5378605e-06
1991-11-01,0.0,273.63815,280.19867,271.53766,5.8506744e-06
1991-11-02,0.0,273.96783,279.81763,268.7683,6.668413e-06
1991-11-03,0.0,278.9106,285.0855,271.16867,9.236427e-06
1991-11-04,5.658232e-07,284.71555,289.36014,277.65997,1.2509751e-05
1991-11-05,0.00024056653,279.77765,284.91757,277.71695,6.855623e-06
1991-11-06,1.873539e-05,278.91412,281.99756,277.23666,5.7636885e-06
1991-11-07,3.5504345e-05,277.36102,282.29202,272.10596,5.788694e-06
1991-11-08,0.0,278.03748,287.3874,273.22498,5.94286e-06
1991-11-09,0.0,279.76526,284.97122,273.40192,6.935111e-06
1991-11-10,8.713403e-05,277.44302,282.25778,273.0741,4.477712e-06
1991-11-11,0.0,275.0744,281.91873,269.6899,6.860516e-06
1991-11-12,0.0,276.7515,283.8839,271.41492,6.565375e-06
1991-11-13,0.0,284.2533,287.6141,272.49216,2.0746027e-05
1991-11-14,0.0,282.8286,286.4682,281.2453,1.25410415e-05
1991-11-15,7.4321138e-06,279.88144,282.65735,273.61392,5.8919877e-06
1991-11-16,5.6663448e-05,280.2085,282.0279,279.4831,3.4722223e-06
1991-11-17,0.00029401598,277.9917,281.02698,276.66827,4.5757183e-06
1991-11-18,0.00013344141,275.41968,281.57428,271.524,1.7581589e-06
1991-11-19,0.0,277.92746,281.92795,271.85526,4.6296295e-06
1991-11-20,0.0002037167,278.8283,280.13712,278.24588,3.4722223e-06
1991-11-21,0.00024428384,277.71054,279.48837,276.55933,4.1011285e-06
1991-11-22,0.00035689736,276.58487,278.22552,276.13702,3.4722223e-06
1991-11-23,0.00012529446,275.34454,276.42365,274.4649,3.3916842e-06
1991-11-24,3.7197333e-05,277.21436,278.29657,275.8239,3.3680892e-06
1991-11-25,0.00012670261,279.71982,281.21808,277.6579,3.4722223e-06
1991-11-26,1.9528281e-07,278.9592,281.91132,274.196,3.4722223e-06
1991-11-27,0.0,279.09222,280.54962,278.54532,3.848467e-06
1991-11-28,0.0,277.62958,278.93872,275.8035,3.4722223e-06
1991-11-29,0.0,276.85217,278.82806,276.0331,4.6296295e-06
1991-11-30,0.0,275.61707,277.17615,274.67505,2.3148148e-06
1991-12-01,0.0,275.27847,275.87042,274.2466,3.4503396e-06
1991-12-02,0.0,275.67288,278.12747,273.3735,4.2401307e-06
1991-12-03,0.0,272.85037,278.0356,269.6452,4.8202793e-07
1991-12-04,0.0,271.37152,272.26062,267.7885,2.3148148e-06
1991-12-05,0.0,274.84076,279.41437,269.19785,4.4973785e-06
1991-12-06,0.0,273.20456,275.98724,270.8943,1.1237983e-05
1991-12-07,0.0,272.84583,275.32242,269.4904,7.6170327e-06
1991-12-08,1.2987719e-05,268.48373,273.01926,265.75873,5.0537456e-06
1991-12-09,3.6311533e-06,263.89905,268.2357,261.1834,2.392996e-06
1991-12-10,0.0,264.7057,267.8668,258.87372,1.195123e-06
1991-12-11,0.0,268.42798,274.10794,266.43176,1.2456795e-07
1991-12-12,0.0,266.5232,271.6436,261.30267,1.1781391e-06
1991-12-13,0.0,267.26013,273.46042,262.27194,1.1574074e-06
1991-12-14,0.0,267.8864,275.14316,262.02997,1.4509775e-06
1991-12-15,0.0,269.1082,276.8487,262.2394,4.9755e-07
1991-12-16,0.0,268.2904,271.14255,263.08792,1.1574074e-06
1991-12-17,0.0,269.2097,270.6719,266.3722,2.3148148e-06
1991-12-18,0.0,271.89575,276.05142,268.61792,2.317373e-06
1991-12-19,5.2179603e-06,274.2509,277.23123,268.18402,3.4814416e-06
1991-12-20,0.0,274.5843,276.25565,271.53278,3.9843744e-06
1991-12-21,6.258729e-05,273.81302,278.18774,270.9803,1.311665e-06
1991-12-22,2.646261e-05,274.941,275.50494,273.29355,2.3148148e-06
1991-12-23,6.468865e-05,274.4118,276.72067,273.24567,1.8653653e-06
1991-12-24,0.0,274.40915,276.2098,271.79953,3.445554e-06
1991-12-25,0.0,274.2429,277.65277,271.0604,8.619501e-06
1991-12-26,1.4579085e-06,272.6904,275.54724,268.82562,3.4722223e-06
1991-12-27,0.0,274.09103,275.5463,270.90417,3.4958039e-06
1991-12-28,2.1635012e-06,275.01218,277.78708,272.71582,1.617326e-05
1991-12-29,0.0,272.5493,275.00812,267.48407,2.3148148e-06
1991-12-30,0.0,272.34235,277.94614,268.83215,1.3636125e-06
1991-12-31,0.0,272.03867,278.35236,267.15323,2.2459726e-06
1992-01-01,0.0,271.18344,276.08682,266.21136,1.3426638e-06
1992-01-02,0.0,276.9345,283.27808,271.0143,1.8177292e-06
1992-01-03,0.0,273.4663,282.0306,270.19354,1.2265984e-06
1992-01-04,0.0,271.37515,275.74805,268.47955,2.3148148e-06
1992-01-05,0.0,275.37622,280.37094,267.6812,1.7931691e-06
1992-01-06,0.0,278.55847,283.0188,274.35962,3.9699544e-06
1992-01-07,0.0,277.36768,282.0946,272.5681,1.7016323e-06
1992-01-08,0.0,275.7123,281.47147,272.31293,1.5018873e-06
1992-01-09,0.0,282.12387,284.9302,270.08588,2.0317148e-05
1992-01-10,0.0,278.0848,282.93408,276.4345,7.5726284e-06
1992-01-11,2.3227425e-05,275.85123,277.25363,274.46716,3.4528982e-06
1992-01-12,4.449525e-07,273.3821,276.51642,271.88892,2.3204889e-06
1992-01-13,0.0,273.291,275.3405,270.875,2.3148148e-06
1992-01-14,0.0,274.32074,276.16608,272.20065,2.4661424e-06
1992-01-15,0.0,275.3335,282.04288,272.637,5.4734943e-07
1992-01-16,0.0,272.9974,275.1185,269.4244,2.4779997e-06
1992-01-17,0.0,274.59146,280.0585,272.50613,1.8439159e-06
1992-01-18,0.0,272.46036,276.2244,268.743,3.7019104e-06
1992-01-19,0.0,274.78442,278.7177,271.14612,4.470156e-06
1992-01-20,1.1736849e-05,271.9087,276.09222,269.96637,4.6296295e-06
1992-01-21,1.47621595e-05,267.4595,270.31244,265.96216,6.2984336e-06
1992-01-22,4.264414e-05,269.83167,270.44418,268.14264,3.145671e-06
1992-01-23,1.262419e-05,270.11807,273.43552,269.3221,2.3301764e-06
1992-01-24,2.8739973e-06,270.79065,275.1828,268.31265,2.2458862e-06
1992-01-25,0.0,270.94687,274.54318,267.7446,2.2801319e-06
1992-01-26,0.0,270.83044,272.431,270.02127,3.1335933e-06
1992-01-27,0.0,272.03827,273.1347,270.44565,4.0951218e-06
1992-01-28,0.0,271.26135,273.59262,269.98068,4.798806e-06
1992-01-29,0.0,274.19086,279.5426,268.8684,3.3358908e-06
1992-01-30,3.3060874e-06,277.2803,280.05692,271.71082,9.688548e-06
1992-01-31,0.0,278.5395,281.4118,272.87546,9.20798e-06
1992-02-01,0.0,273.73688,279.54883,271.3268,7.579162e-06
1992-02-02,0.0,273.68698,279.53122,268.0162,4.7697613e-06
1992-02-03,0.0,274.05878,277.87836,269.15192,4.0214e-06
1992-02-04,0.0,274.94168,280.23297,270.09616,8.542281e-06
1992-02-05,0.0,275.56808,279.61017,271.2753,7.2479133e-06
1992-02-06,2.0637704e-06,276.0838,279.73776,272.07953,5.222757e-06
1992-02-07,0.0,278.84323,285.54755,273.97064,1.2959452e-05
1992-02-08,0.0,276.34308,284.60498,271.728,6.975098e-06
1992-02-09,0.0,274.8325,280.02878,270.30515,4.6630266e-06
1992-02-10,0.0,276.15085,279.68552,270.171,4.66935e-06
1992-02-11,3.429041e-05,277.3777,282.36148,273.08893,1.020546e-05
1992-02-12,0.0,279.9455,284.91327,274.6915,8.625833e-06
1992-02-13,0.0,281.5061,288.37466,272.16116,2.045502e-05
1992-02-14,2.4540122e-05,280.10797,283.2382,278.34488,9.202913e-06
1992-02-15,1.9696592e-05,279.12485,284.67786,272.44742,1.2658339e-05
1992-02-16,0.0,276.77695,280.07303,275.49875,5.062372e-06
1992-02-17,0.00010227674,275.47504,278.8365,273.63538,1.0067759e-05
1992-02-18,6.02111e-07,271.0922,275.2102,268.73538,1.7716227e-05
1992-02-19,0.0,271.38873,275.61697,266.69577,1.22029805e-05
1992-02-20,0.0,272.10547,277.77173,266.47855,1.1574074e-05
1992-02-21,0.0,275.04507,278.4809,269.9845,1.5970638e-05
1992-02-22,4.260621e-06,272.95087,276.15393,272.23624,4.683531e-06
1992-02-23,1.7869844e-06,275.4966,280.78943,268.7351,6.642992e-06
1992-02-24,0.0,276.71805,286.10312,270.3458,1.0602483e-05
1992-02-25,0.0,276.57327,284.01822,268.95148,1.4511217e-05
1992-02-26,0.0,277.09366,284.52805,270.03375,1.1037175e-05
1992-02-27,0.0,277.9835,286.37912,271.0984,1.430058e-05
1992-02-28,0.0,278.62625,286.04373,272.11475,1.1051361e-05
1992-02-29,0.0,279.88074,288.90848,272.5918,1.7905784e-05
1992-03-01,0.0,280.16275,289.69397,272.57938,1.571821e-05
1992-03-02,0.0,282.5654,291.01767,271.48462,2.7316666e-05
1992-03-03,0.0,280.69864,287.7023,276.2169,2.4436606e-05
1992-03-04,0.0,282.82602,292.64526,273.1496,2.6532342e-05
1992-03-05,0.0,279.80405,288.4996,273.7834,1.3868812e-05
1992-03-06,0.0,280.70645,285.90573,273.15256,1.2954993e-05
1992-03-07,3.991294e-06,277.01282,281.89795,274.93576,8.238781e-06
1992-03-08,1.8448327e-05,276.45178,282.0551,272.5731,1.6760261e-05
1992-03-09,0.0,276.07153,283.76007,269.34628,1.6038328e-05
1992-03-10,0.0,275.67166,282.45154,268.98984,1.6435974e-05
1992-03-11,0.0,276.81033,283.3563,267.7035,1.144281e-05
1992-03-12,1.3750655e-09,279.87787,285.78268,273.0876,2.1907668e-05
1992-03-13,0.0,282.04077,283.65714,277.41406,2.3182107e-05
1992-03-14,0.0,278.68387,284.48856,276.03732,1.7967322e-05
1992-03-15,2.8049078e-06,278.7874,285.585,274.87558,1.7297933e-05
1992-03-16,0.0,276.3369,282.76788,269.60626,2.2236516e-05
1992-03-17,0.0,275.63034,281.38843,273.23386,2.4992163e-05
1992-03-18,0.0,276.03796,282.0325,268.50418,1.6961094e-05
1992-03-19,0.0,279.04303,286.97116,269.5591,2.591736e-05
1992-03-20,0.0,279.62845,283.68005,273.03653,1.2655421e-05
1992-03-21,3.2894193e-05,279.7666,283.8607,278.20755,1.1909225e-05
1992-03-22,6.0662845e-05,278.79242,282.17572,277.47562,1.723212e-05
1992-03-23,0.0,280.22772,286.00693,277.40427,1.3888889e-05
1992-03-24,1.5640511e-05,285.14395,288.8295,279.5202,1.8175171e-05
1992-03-25,4.6507437e-05,281.84747,286.19635,280.07855,1.7283297e-05
1992-03-26,3.638415e-05,274.69217,281.74744,273.6134,7.4512755e-06
1992-03-27,0.00037693774,279.34683,284.42932,274.24875,1.7206425e-05
1992-03-28,0.0,276.1718,280.38007,274.92548,1.0416667e-05
1992-03-29,6.777771e-05,276.2968,281.3657,271.7129,2.0890167e-05
1992-03-30,0.0,279.2714,284.72446,270.74554,1.9057987e-05
1992-03-31,0.0,283.42825,288.1779,277.222,2.6593949e-05
1992-04-01,0.0,283.54675,288.66782,280.29037,3.0126232e-05
1992-04-02,1.4360122e-05,281.2812,288.32935,275.11865,2.8690822e-05
1992-04-03,2.4301505e-09,284.7933,290.94662,272.4641,3.3463846e-05
1992-04-04,0.0,287.79834,291.2622,284.13043,3.699284e-05
1992-04-05,0.0,284.89444,290.71475,281.27298,2.1096343e-05
1992-04-06,1.3933468e-05,280.16345,284.25974,278.96893,1.7010037e-05
1992-04-07,1.216936e-05,280.77582,285.4856,278.26324,2.1254487e-05
1992-04-08,0.0,280.23343,285.0069,274.90765,2.0667245e-05
1992-04-09,0.0,280.3176,285.35553,277.74432,2.6725293e-05
1992-04-10,0.0,280.72006,286.15842,274.82483,3.69489e-05
1992-04-11,0.0,280.2546,286.42242,273.04822,3.0729283e-05
1992-04-12,0.0,282.07684,289.62366,275.3762,2.5428437e-05
1992-04-13,0.0,284.55972,292.69376,275.4318,2.9735034e-05
1992-04-14,3.2673484e-05,282.8598,289.07983,276.93576,3.134759e-05
1992-04-15,0.0,284.1975,289.13492,276.23407,2.9594883e-05
1992-04-16,1.0108169e-05,281.98944,287.54944,278.7485,2.8176337e-05
1992-04-17,4.5679753e-06,279.94223,282.89688,278.29346,2.3357816e-05
1992-04-18,4.44807e-07,280.3033,285.67557,272.98242,3.6802514e-05
1992-04-19,0.0,285.1013,291.57855,272.85477,2.6929198e-05
1992-04-20,2.6862929e-06,282.7824,287.7538,280.42615,4.126661e-05
1992-04-21,0.0,281.88037,287.67102,275.85724,3.5518726e-05
1992-04-22,0.0,286.76007,294.20834,273.94812,3.662089e-05
1992-04-23,0.0,284.70615,291.20392,281.24316,2.4243063e-05
1992-04-24,1.7761244e-05,286.5463,293.36496,279.4331,3.6710764e-05
1992-04-25,0.0,291.3971,300.20602,278.36896,4.2391246e-05
1992-04-26,0.0,291.15085,299.41544,281.92566,4.4454493e-05
1992-04-27,6.437628e-06,290.33652,300.27975,282.47653,4.5680823e-05
1992-04-28,1.12131875e-05,290.7076,295.79794,283.9133,3.9340368e-05
1992-04-29,0.0,284.16885,291.0613,281.05072,2.561623e-05
1992-04-30,0.00014414538,282.7207,284.6789,279.84128,1.6251444e-05
1992-05-01,1.6571558e-06,285.9391,290.89438,282.56094,2.6595304e-05
1992-05-02,0.0,288.24106,293.848,279.92715,3.939555e-05
1992-05-03,0.0,288.94263,294.76968,282.55402,4.648455e-05
1992-05-04,0.0,286.14142,292.74454,281.03302,4.5181743e-05
1992-05-05,0.0,287.3816,293.47107,279.74326,4.60713e-05
1992-05-06,0.0,287.96124,293.9947,282.76523,3.6639784e-05
1992-05-07,0.0,289.0191,295.49838,280.78372,4.281469e-05
1992-05-08,0.0,290.40314,297.1496,285.07587,3.7220994e-05
1992-05-09,0.0,287.49344,293.17307,283.91568,2.7907969e-05
1992-05-10,9.7784825e-05,288.36243,294.0125,281.4249,2.9390862e-05
1992-05-11,3.9729854e-05,288.21533,298.05435,283.45798,4.257559e-05
1992-05-12,6.257372e-05,286.5125,292.72385,280.64005,3.9948172e-05
1992-05-13,0.0,289.04382,296.06857,279.08414,4.5123445e-05
1992-05-14,0.0,290.78537,297.73514,282.1243,4.82091e-05
1992-05-15,0.0,290.75076,297.49673,283.6406,3.9984756e-05
1992-05-16,0.0,290.86685,297.5829,281.7747,5.0463816e-05
1992-05-17,0.0,290.34998,297.18027,282.53796,5.0577335e-05
1992-05-18,0.0,286.89752,291.39096,283.74203,5.8184232e-05
1992-05-19,1.8734188e-05,285.81775,290.62857,282.96603,3.278359e-05
1992-05-20,5.850501e-05,286.86075,291.14764,282.6231,3.3593424e-05
1992-05-21,0.00011843125,287.05313,292.7915,283.9884,3.6552978e-05
1992-05-22,1.1325681e-05,289.06644,295.90186,279.83228,4.3140088e-05
1992-05-23,1.5672314e-05,289.1457,294.4377,285.48798,2.6113657e-05
1992-05-24,5.643756e-05,288.43314,294.67038,285.34665,3.9787363e-05
1992-05-25,0.0,288.22333,294.5766,280.62125,5.3323736e-05
1992-05-26,0.0,287.76392,294.3041,279.7856,5.0625877e-05
1992-05-27,0.0,289.13202,295.0189,280.42508,4.347919e-05
1992-05-28,0.0,287.87936,293.57516,284.11118,4.838704e-05
1992-05-29,0.0,288.81982,297.2471,279.94556,4.9434362e-05
1992-05-30,8.651522e-06,289.98773,295.341,282.83832,4.3254808e-05
1992-05-31,0.0,292.51697,296.6663,283.2146,3.4538145e-05
1992-06-01,0.0,291.00012,294.96594,288.40002,2.6845002e-05
1992-06-02,2.5496953e-05,294.1526,299.98312,288.58737,4.27912e-05
1992-06-03,9.3674265e-07,291.3444,298.3979,287.49973,3.3174325e-05
1992-06-04,0.00019927626,291.37582,294.70483,287.22794,3.082823e-05
1992-06-05,2.212508e-05,291.87433,297.7532,287.82687,3.7421338e-05
1992-06-06,4.550427e-06,289.8582,297.243,284.0088,5.2621952e-05
1992-06-07,2.0302586e-09,290.4949,297.17276,282.03778,5.238227e-05
1992-06-08,1.1291562e-05,288.69525,294.76395,286.67532,3.1806838e-05
1992-06-09,1.20838195e-05,288.42395,291.77045,284.04968,2.1105572e-05
1992-06-10,0.000116191164,288.53757,295.07724,286.5598,2.719052e-05
1992-06-11,9.271865e-05,289.16177,295.81696,283.99646,3.446845e-05
1992-06-12,7.213408e-05,288.00092,289.89786,286.8703,1.9676172e-05
1992-06-13,0.00025333336,289.37918,293.69666,286.91095,2.7808135e-05
1992-06-14,0.00011399355,292.53726,297.5091,287.5926,5.210119e-05
1992-06-15,0.0,292.83588,298.2897,287.5924,6.8646004e-05
1992-06-16,0.0,293.19492,298.88684,285.67197,5.3294836e-05
1992-06-17,2.144805e-06,293.79813,298.87473,287.252,5.849654e-05
1992-06-18,1.0406548e-06,292.48962,297.32706,287.77814,5.5961445e-05
1992-06-19,0.0,291.69794,295.7945,286.96298,3.0110306e-05
1992-06-20,3.2537166e-05,293.0447,300.51456,288.5401,4.291943e-05
1992-06-21,7.2888884e-05,294.5237,301.1479,286.7505,5.5604418e-05
1992-06-22,0.0,295.20773,300.86856,287.5415,4.8777252e-05
1992-06-23,0.0,296.43228,301.33774,291.11536,6.697274e-05
1992-06-24,0.0,295.52457,301.8772,287.8696,6.935772e-05
1992-06-25,0.0,292.7504,297.11682,289.228,5.6623092e-05
1992-06-26,0.0,292.33725,296.90353,287.66168,6.5779255e-05
1992-06-27,0.0,290.8747,295.7625,285.80566,6.0594382e-05
1992-06-28,0.0,290.53668,296.6213,285.18048,4.39608e-05
1992-06-29,1.2379134e-06,292.83215,299.8368,284.77863,5.7410824e-05
1992-06-30,0.0,293.6816,300.7595,284.68555,5.8421574e-05
1992-07-01,0.0,294.51385,301.6811,284.42038,5.950615e-05
1992-07-02,0.0,294.5045,300.9566,284.6932,5.4984575e-05
1992-07-03,0.0,295.48383,301.78604,286.31335,5.2755615e-05
1992-07-04,5.8929218e-06,296.68857,303.30676,287.4689,6.310486e-05
1992-07-05,5.937237e-06,290.74536,296.75418,289.07935,2.6946891e-05
1992-07-06,7.013122e-05,292.52673,298.8208,287.0666,4.727336e-05
1992-07-07,0.0,290.85657,296.57748,285.93152,4.0706604e-05
1992-07-08,1.0743421e-06,293.32886,298.27216,286.824,4.478155e-05
1992-07-09,0.0,292.64743,298.44287,286.11023,4.1877982e-05
1992-07-10,1.242059e-08,291.20184,295.5441,288.55606,3.702853e-05
1992-07-11,3.7979685e-06,292.62683,300.65164,285.53937,3.651575e-05
1992-07-12,6.9829315e-05,289.93768,292.17484,287.67328,2.3087341e-05
1992-07-13,5.9831247e-05,292.32663,296.925,288.49207,3.949575e-05
1992-07-14,6.0551116e-07,293.89777,300.20175,285.2452,5.1837487e-05
1992-07-15,0.0,292.45627,298.98218,287.55743,3.315883e-05
1992-07-16,6.350454e-05,293.11435,297.4063,287.94656,3.777589e-05
1992-07-17,2.1052187e-05,294.86713,300.61472,290.0783,5.1700914e-05
1992-07-18,1.5640501e-07,295.2299,303.145,286.57285,5.025355e-05
1992-07-19,2.4346933e-05,294.51047,300.50406,289.77335,4.949479e-05
1992-07-20,0.0,294.29602,301.6745,285.75485,5.1614235e-05
1992-07-21,0.0,295.57974,302.4192,285.9373,5.787024e-05
1992-07-22,0.0,297.42032,305.0907,287.3725,5.7547983e-05
1992-07-23,0.0,297.38153,303.29984,291.8956,6.6651686e-05
1992-07-24,3.656793e-07,295.2718,302.82684,288.60757,4.9015875e-05
1992-07-25,0.0,295.5263,303.24216,286.25558,5.751987e-05
1992-07-26,3.5518e-09,297.01807,304.80917,287.10605,5.405855e-05
1992-07-27,0.0,298.07336,305.7016,289.29132,5.7991125e-05
1992-07-28,0.0,294.49487,300.38803,289.55353,6.239066e-05
1992-07-29,0.0,293.6357,300.31067,283.28107,5.5201228e-05
1992-07-30,0.0,294.836,302.74576,285.69528,5.7863588e-05
1992-07-31,0.0,298.8715,307.06165,286.65915,5.5906916e-05
1992-08-01,0.0,298.516,306.6935,290.94577,6.120965e-05
1992-08-02,8.757682e-07,298.4512,304.46625,292.41238,5.1275514e-05
1992-08-03,1.4256108e-07,299.45776,307.41498,289.72943,6.1773346e-05
1992-08-04,1.590687e-06,297.41953,306.20325,290.1152,5.587018e-05
1992-08-05,8.6644246e-07,297.11877,304.19894,290.19894,6.0582865e-05
1992-08-06,0.0,297.73932,305.90366,288.27557,5.392836e-05
1992-08-07,0.0,298.60876,307.27264,288.357,6.2714236e-05
1992-08-08,0.0,298.43274,306.79507,289.599,5.4511573e-05
1992-08-09,0.0,299.03586,307.49512,288.12994,6.8273504e-05
1992-08-10,0.0,299.01703,308.6274,290.01968,6.758269e-05
1992-08-11,0.0,295.84354,302.33664,290.62286,5.217397e-05
1992-08-12,4.1771427e-06,295.24945,302.08115,288.1536,4.065064e-05
1992-08-13,0.0,295.9222,303.61978,286.8814,4.2972537e-05
1992-08-14,2.7622036e-06,295.58624,303.78882,288.36734,4.8597576e-05
1992-08-15,1.6533845e-06,291.43384,296.09344,289.3171,3.3470224e-05
1992-08-16,1.2811865e-06,293.2633,301.13113,284.6792,5.46694e-05
1992-08-17,0.0,296.1778,304.49396,285.03445,4.9249003e-05
1992-08-18,0.0,298.71213,307.4112,289.36542,4.696605e-05
1992-08-19,0.0,299.21582,309.56686,289.03275,6.112496e-05
1992-08-20,0.0,299.16498,309.11084,289.13852,5.642904e-05
1992-08-21,0.0,299.11227,308.00858,289.08606,6.3475636e-05
1992-08-22,0.0,295.28714,304.8834,290.66675,5.644065e-05
1992-08-23,4.4680626e-05,294.56757,302.32574,289.45157,4.1549913e-05
1992-08-24,9.867511e-06,295.3338,302.51022,288.8871,3.745824e-05
1992-08-25,0.0,297.75342,306.03195,288.51865,4.7418063e-05
1992-08-26,0.0,299.0755,307.81784,288.2681,5.8311784e-05
1992-08-27,0.0,299.2258,307.95474,289.95374,4.64079e-05
1992-08-28,0.0,299.3481,308.95242,289.0637,5.4894434e-05
1992-08-29,0.0,299.88922,307.99738,290.50833,7.0561815e-05
1992-08-30,0.0,297.61487,304.778,292.33972,5.911943e-05
1992-08-31,7.777168e-08,295.69653,302.17874,286.74857,6.208711e-05
1992-09-01,0.0,288.0046,295.8986,283.82623,2.9459374e-05
1992-09-02,0.00021134573,288.69742,295.98822,279.3126,3.15492e-05
1992-09-03,0.0,290.54596,299.53735,282.00586,3.7217716e-05
1992-09-04,0.0,286.22006,290.8734,284.45062,1.5207539e-05
1992-09-05,0.00023308741,285.68213,290.88974,281.70847,4.1734533e-05
1992-09-06,0.0,285.13275,291.95126,281.74225,3.9237202e-05
1992-09-07,0.0,288.69333,296.90778,276.33386,2.9518029e-05
1992-09-08,0.0,290.52197,299.06805,280.48483,2.7326023e-05
1992-09-09,0.0,289.32657,295.7099,284.9243,3.0099922e-05
1992-09-10,0.0,290.68027,297.4482,282.59683,2.8274702e-05
1992-09-11,3.704737e-06,292.29523,299.33075,284.86035,3.294398e-05
1992-09-12,5.78492e-06,291.932,299.99835,286.58328,4.106141e-05
1992-09-13,0.0,291.64166,299.10086,284.24295,2.8424085e-05
1992-09-14,0.0,290.8992,300.96808,284.35205,3.3538014e-05
1992-09-15,3.076082e-05,289.35065,296.11386,283.57504,2.7712782e-05
1992-09-16,0.0,290.64728,299.37378,281.45297,3.3289896e-05
1992-09-17,0.0,290.1808,297.46786,283.75427,2.9814426e-05
1992-09-18,0.0,288.20312,295.02353,285.10797,2.7904633e-05
1992-09-19,0.0,285.912,293.99356,278.25156,1.6505586e-05
1992-09-20,0.0,287.00995,295.69284,277.68018,2.4909888e-05
1992-09-21,0.0,287.92896,296.8841,278.1309,2.7521039e-05
1992-09-22,0.0,290.35324,299.25745,279.83652,3.310906e-05
1992-09-23,0.0,291.2393,300.4853,285.05573,3.351092e-05
1992-09-24,0.0,290.64423,296.74115,284.05127,2.6843552e-05
1992-09-25,3.6825608e-07,287.29886,295.77554,282.699,2.6174153e-05
1992-09-26,0.0,288.34418,296.6499,276.04715,2.7474403e-05
1992-09-27,0.0,292.72058,299.42847,287.66632,5.168702e-05
1992-09-28,0.0,293.46664,300.253,288.31772,4.1170493e-05
1992-09-29,0.0,291.04822,299.2037,284.32904,2.8349987e-05
1992-09-30,0.00015113129,288.21783,291.7652,286.69373,1.8862705e-05
1992-10-01,8.7818677e-07,285.8027,290.0905,282.3617,1.3929954e-05
1992-10-02,0.0,286.11942,293.04672,280.95248,1.7678201e-05
1992-10-03,2.4000547e-06,285.4288,290.17233,280.36472,1.4959936e-05
1992-10-04,8.015769e-06,286.37164,287.51505,284.70593,1.0797303e-05
1992-10-05,0.00014592934,288.71143,291.87592,286.1167,1.1220359e-05
1992-10-06,0.00016285962,288.56134,294.67694,285.2207,1.8350918e-05
1992-10-07,5.0434544e-08,288.08902,295.0776,283.0041,2.0418196e-05
1992-10-08,7.012425e-05,286.7721,288.91403,285.75723,1.3950159e-05
1992-10-09,0.0,284.95792,291.42813,279.59912,1.16240135e-05
1992-10-10,0.0,283.1788,285.565,281.98053,8.101852e-06
1992-10-11,5.5993798e-05,282.59802,283.3767,282.3009,7.967079e-06
1992-10-12,1.452934e-05,281.71454,286.14743,279.89844,1.1274314e-05
1992-10-13,0.0,276.88965,283.69476,271.5926,1.0449552e-05
1992-10-14,0.0,277.00345,284.40356,269.7249,1.1435011e-05
1992-10-15,0.0,278.5802,283.61136,271.08417,9.914389e-06
1992-10-16,0.0,280.3127,282.1486,277.7388,6.9444445e-06
1992-10-17,9.3925264e-05,284.51746,287.78302,280.62943,7.942284e-06
1992-10-18,0.00044998268,277.93646,286.46655,277.08652,6.9444445e-06
1992-10-19,0.00012709766,278.32977,284.19388,272.30328,7.79697e-06
1992-10-20,1.2762938e-05,280.55362,282.56122,278.44476,6.9444445e-06
1992-10-21,0.0,280.36328,281.2156,280.10977,6.9425987e-06
1992-10-22,0.00019397461,279.3348,285.8845,276.33585,1.0111431e-05
1992-10-23,1.9938204e-06,279.12732,286.0095,273.1115,7.929454e-06
1992-10-24,0.0,280.10226,285.7219,275.32648,7.9697975e-06
1992-10-25,1.2951083e-06,282.87457,286.5387,274.925,7.1892264e-06
1992-10-26,2.7771017e-05,283.00424,288.80292,280.68744,9.605621e-06
1992-10-27,3.041659e-06,280.16626,284.35263,276.21542,7.653682e-06
1992-10-28,2.6880647e-08,285.42853,290.34753,276.73987,1.7397431e-05
1992-10-29,0.0,281.1371,288.85184,278.9269,9.5505975e-06
1992-10-30,0.00053033413,279.0292,279.71796,278.49338,5.787037e-06
1992-10-31,0.00023247495,280.24762,281.92023,278.95966,5.787037e-06
1992-11-01,4.0315095e-05,279.26538,280.85736,278.83817,4.6408986e-06
1992-11-02,3.4032475e-06,281.3491,282.85977,278.77676,5.787037e-06
1992-11-03,9.2054125e-07,283.44168,291.35312,279.63022,1.1253628e-05
1992-11-04,0.00041331784,281.1261,283.78998,279.19952,6.446438e-06
1992-11-05,0.0,281.49777,285.96045,278.87183,6.9565394e-06
1992-11-06,0.0,281.55084,286.63388,276.71017,5.785419e-06
1992-11-07,0.0,279.493,284.26566,274.2491,4.5792617e-06
1992-11-08,0.0,280.01584,285.6153,273.30902,4.215995e-06
1992-11-09,0.0,276.9453,281.2373,274.84048,6.9226226e-06
1992-11-10,0.0,277.37347,282.6934,272.70132,5.319578e-06
1992-11-11,2.2052818e-05,281.63367,284.08978,276.2272,6.134299e-06
1992-11-12,2.5106117e-05,279.52863,283.43533,277.5819,4.6296295e-06
1992-11-13,3.235627e-06,276.7072,280.24585,271.05884,4.2181077e-06
1992-11-14,0.0,275.55396,282.9266,270.82022,2.5325303e-06
1992-11-15,0.0,276.47607,278.90604,271.0171,3.7618026e-06
1992-11-16,1.981828e-07,284.4781,288.35913,275.44226,8.176232e-06
1992-11-17,0.00025783302,278.45367,283.5966,276.8291,4.2194256e-06
1992-11-18,0.00014577985,276.7791,279.82974,273.74213,3.694722e-06
1992-11-19,3.0033277e-07,275.70206,279.85672,269.94083,3.8681487e-06
1992-11-20,0.0,276.2931,282.61554,271.79364,4.730748e-06
1992-11-21,0.0,275.43246,282.54047,271.0917,4.0680325e-06
1992-11-22,0.0,278.71625,282.27603,273.60245,4.679883e-06
1992-11-23,2.0196196e-06,277.85275,279.7536,276.62466,3.4722223e-06
1992-11-24,3.2687833e-06,278.29443,278.4373,278.2871,3.4722223e-06
1992-11-25,1.0071391e-06,277.97473,280.80865,277.25143,3.4722223e-06
1992-11-26,0.0,280.1768,283.78625,276.05267,3.4896566e-06
1992-11-27,0.0,278.61017,286.09738,275.1278,9.729786e-06
1992-11-28,0.0,277.66895,280.82767,272.1964,2.6941404e-06
1992-11-29,1.4116903e-06,277.5842,279.34702,276.73746,3.4722223e-06
1992-11-30,3.1602423e-05,277.2717,278.6777,276.12234,3.4722223e-06
1992-12-01,0.0,276.57605,278.0135,273.903,6.283508e-06
1992-12-02,0.0,281.1171,284.94162,274.92828,8.784423e-06
1992-12-03,0.0,286.6335,288.21494,282.5485,2.5755218e-05
1992-12-04,3.4392786e-05,281.69458,287.5964,279.1157,1.3051783e-05
1992-12-05,2.8545459e-05,282.12573,287.47995,278.55084,1.4341165e-05
1992-12-06,0.00036409748,277.9723,279.63385,275.1684,1.9382749e-05
1992-12-07,1.5972666e-05,276.17654,280.52936,273.7889,7.302214e-06
1992-12-08,1.2395514e-05,275.56354,276.51477,274.38196,3.3664735e-06
1992-12-09,5.4873948e-05,275.3345,276.1568,274.8773,2.3021166e-06
1992-12-10,0.00016204907,275.51917,277.13242,275.0956,4.2875777e-06
1992-12-11,3.2479707e-05,275.00317,276.0924,274.00748,2.3063087e-06
1992-12-12,2.660652e-06,273.67142,276.12326,271.83258,2.3148148e-06
1992-12-13,0.0,275.29333,280.30643,271.7537,1.0317269e-06
1992-12-14,0.0,274.7254,278.71387,271.22607,2.627411e-06
1992-12-15,0.0,273.1552,278.58972,270.7719,5.6740186e-09
1992-12-16,0.0,272.42334,273.53015,270.4406,2.3148148e-06
1992-12-17,1.9683453e-07,272.1648,273.2991,271.59174,2.3148148e-06
1992-12-18,0.0,272.32996,273.54178,270.97385,2.3148148e-06
1992-12-19,0.0,272.75354,273.6973,272.80917,2.3148148e-06
1992-12-20,0.0,271.94724,272.85977,271.71857,2.3148148e-06
1992-12-21,0.0,272.65515,273.38428,272.1011,2.3148148e-06
1992-12-22,0.0,273.71674,274.4805,272.88242,2.309647e-06
1992-12-23,2.7299966e-06,271.2068,274.54846,269.82297,3.12405e-06
1992-12-24,0.0,267.52728,270.6505,266.54254,3.0360954e-06
1992-12-25,0.0,268.47617,269.4805,267.15683,3.1563288e-06
1992-12-26,0.0,268.02487,271.78738,266.1693,2.2085926e-06
1992-12-27,0.0,269.15884,273.15024,263.14786,7.369313e-06
1992-12-28,0.0,269.1149,272.7923,267.1881,9.618964e-06
1992-12-29,0.0,267.4637,272.48944,262.69153,1.2961415e-07
1992-12-30,0.0,266.15747,272.13086,262.77423,2.5651582e-07
1992-12-31,0.0,267.07953,268.20132,263.48145,2.667409e-06
1993-01-01,0.0,267.48605,271.01788,265.58768,7.6156675e-06
1993-01-02,0.0,265.27524,266.6213,263.6689,7.604899e-06
1993-01-03,0.0,266.04172,267.47815,263.7621,7.284585e-06
1993-01-04,2.6920581e-05,266.1942,269.07352,262.09903,3.0882015e-06
1993-01-05,2.9555506e-06,261.7096,268.46582,256.684,9.2070724e-07
1993-01-06,0.0,265.32028,268.4294,255.66858,1.34345e-06
1993-01-07,0.0,271.1177,273.07956,266.73422,1.2114374e-06
1993-01-08,1.1893044e-08,274.62497,277.35403,268.26968,2.317373e-06
1993-01-09,0.0,274.9722,277.00082,273.1558,3.4722223e-06
1993-01-10,0.0,273.30212,277.9742,269.91644,1.5618361e-06
1993-01-11,0.0,280.3376,284.04916,269.852,1.1362247e-05
1993-01-12,0.0,281.83008,287.73907,277.7744,1.6096013e-05
1993-01-13,0.0,278.0621,280.7454,274.1285,3.8861285e-06
1993-01-14,0.0,279.61282,286.92102,272.27585,3.2688936e-06
1993-01-15,0.0,277.40372,283.77524,271.67996,3.9994266e-06
1993-01-16,0.0,276.16446,284.47144,272.70187,5.9044214e-07
1993-01-17,0.0,277.81372,284.9997,272.40485,1.6066518e-06
1993-01-18,0.0,277.9074,283.17487,272.02518,2.866295e-06
1993-01-19,0.0,274.2031,279.35458,270.9404,2.947322e-06
1993-01-20,0.0,274.30487,280.6902,271.33707,2.641422e-06
1993-01-21,0.0,277.4543,285.78568,274.3809,4.5664638e-06
1993-01-22,0.0,278.00824,284.98892,271.10806,3.852199e-06
1993-01-23,0.0,279.97437,286.33978,274.97684,1.1784421e-05
1993-01-24,0.0,280.35794,283.64276,275.72833,1.3913843e-05
1993-01-25,0.0,278.70975,282.98016,275.494,1.648344e-05
1993-01-26,1.688387e-05,275.45532,278.9781,272.99872,1.4458973e-05
1993-01-27,0.0,274.6245,281.7122,270.60516,1.3540831e-05
1993-01-28,1.551642e-06,274.14972,276.6221,271.66064,4.2628094e-06
1993-01-29,0.0,273.0031,275.49805,271.5141,4.6077466e-06
1993-01-30,1.6415212e-05,269.52194,273.6258,267.3061,4.7086082e-06
1993-01-31,0.0,268.4548,274.42648,262.7987,3.1389093e-06
1993-02-01,0.0,268.3011,273.85303,263.54034,3.6714036e-06
1993-02-02,0.0,270.17624,276.87506,264.1177,3.4115815e-06
1993-02-03,0.0,272.76572,281.17303,267.51773,6.4130427e-06
1993-02-04,0.0,273.58,281.85245,267.74127,5.9994422e-06
1993-02-05,0.0,272.42062,279.08237,267.41653,4.464124e-06
1993-02-06,0.0,274.62076,279.68134,266.91684,5.133542e-06
1993-02-07,0.0,276.12787,278.3552,271.73633,5.919576e-06
1993-02-08,0.0,274.5261,280.5547,270.78558,6.337944e-06
1993-02-09,0.0,272.8196,278.00827,269.27716,7.076296e-06
1993-02-10,0.0,273.29654,278.88226,267.8739,6.0539865e-06
1993-02-11,0.0,273.57217,279.60974,268.1815,7.950038e-06
1993-02-12,0.0,272.29092,275.55933,268.343,6.4644405e-06
1993-02-13,0.0,271.78815,277.70602,266.9112,5.1399115e-06
1993-02-14,0.0,273.16483,273.702,272.0083,6.842965e-06
1993-02-15,0.0,273.57486,275.3392,272.46252,5.804209e-06
1993-02-16,2.8219658e-06,271.25763,274.84674,268.78546,5.585946e-06
1993-02-17,0.0,270.50012,273.4719,265.29724,5.787037e-06
1993-02-18,7.708685e-06,274.38364,277.8069,271.73276,9.707045e-06
1993-02-19,0.0,275.48483,279.21167,269.9797,1.0416667e-05
1993-02-20,0.0,273.92215,280.62814,270.1194,1.7361112e-05
1993-02-21,0.0,276.44263,280.69125,271.0516,1.40608e-05
1993-02-22,0.0,270.804,275.8936,269.68912,2.2727567e-05
1993-02-23,0.0,270.4751,274.00952,267.04663,2.0409545e-05
1993-02-24,0.0,272.88574,274.9431,270.1676,2.1937136e-05
1993-02-25,2.0712516e-06,272.28668,274.70233,271.7345,8.960375e-06
1993-02-26,4.9513397e-05,272.46344,277.54297,269.33667,8.107438e-06
1993-02-27,0.0,274.82312,281.25418,266.30283,1.2200848e-05
1993-02-28,0.0,274.26175,281.4686,268.9723,1.250666e-05
1993-03-01,0.0,274.85864,277.11862,269.79178,1.0476905e-05
1993-03-02,1.2592334e-06,273.21506,275.97708,272.66635,6.898382e-06
1993-03-03,6.38534e-05,273.00418,274.11743,272.4185,4.513205e-06
1993-03-04,3.0996263e-05,270.36575,273.11148,267.36075,1.1617536e-05
1993-03-05,0.0,268.4593,272.7429,267.0483,1.3843422e-05
1993-03-06,0.0,271.41278,276.8426,264.48245,7.573e-06
1993-03-07,5.4911534e-06,274.02466,277.13812,270.37643,1.2707862e-05
1993-03-08,6.1782603e-06,274.2908,277.08945,272.78647,2.011026e-05
1993-03-09,0.0,273.29382,278.20944,271.0333,1.1532113e-05
1993-03-10,0.0,274.6969,281.96353,267.74033,1.3754306e-05
1993-03-11,0.0,276.27527,284.04498,270.88242,1.5046296e-05
1993-03-12,0.0,278.1326,285.54984,269.6546,1.4913776e-05
1993-03-13,0.0,277.9738,285.19672,271.90182,1.733634e-05
1993-03-14,0.0,279.31747,286.8415,271.75018,2.0801752e-05
1993-03-15,0.0,280.29858,287.63892,272.32263,1.6631084e-05
1993-03-16,0.0,281.05338,289.77756,273.96683,1.8647577e-05
1993-03-17,0.0,282.67538,287.35486,274.97363,1.1092895e-05
1993-03-18,7.858386e-09,285.85922,295.5012,277.6205,2.2981721e-05
1993-03-19,0.0,284.7731,292.61887,280.4108,2.3013803e-05
1993-03-20,0.0,283.15387,293.38177,274.71643,2.2713395e-05
1993-03-21,0.0,288.48477,296.8998,276.37305,4.109125e-05
1993-03-22,0.0,287.04303,294.4581,278.27722,2.4836298e-05
1993-03-23,1.5807975e-06,287.52072,294.345,281.65097,3.576783e-05
1993-03-24,3.7784706e-05,279.05096,286.7792,277.9314,1.5255829e-05
1993-03-25,4.8814618e-05,277.5503,280.6902,276.15546,1.5043663e-05
1993-03-26,1.6698989e-07,276.52698,279.49295,275.1164,2.536501e-05
1993-03-27,9.629842e-07,275.6772,278.296,272.92764,3.1170326e-05
1993-03-28,0.0,276.0083,278.30136,272.72125,3.166401e-05
1993-03-29,0.0,274.87418,280.5582,272.62036,3.2776108e-05
1993-03-30,0.0,275.17114,280.6431,267.91742,2.1821043e-05
1993-03-31,0.0,280.23853,286.45828,270.06793,2.0607047e-05
1993-04-01,0.0,280.96774,286.24628,277.12628,2.6942178e-05
1993-04-02,0.0,277.96237,282.7415,273.43787,1.4352827e-05
1993-04-03,0.0,278.1156,281.93903,272.84244,1.3548276e-05
1993-04-04,0.00011746341,279.47623,284.3105,276.59665,1.7340748e-05
1993-04-05,0.0,280.50546,286.93085,275.9027,2.5721307e-05
1993-04-06,0.0,280.68182,288.1118,272.7244,1.8088613e-05
1993-04-07,5.371748e-07,282.93893,288.73383,275.42252,2.7595754e-05
1993-04-08,6.1874657e-06,280.7243,287.02997,275.72092,2.934513e-05
1993-04-09,0.0,280.3961,287.06177,274.12198,2.6589401e-05
1993-04-10,0.0,280.0578,285.03278,272.82724,2.2419083e-05
1993-04-11,1.5060082e-05,277.53232,281.57184,276.7987,1.1185522e-05
1993-04-12,0.00019079201,278.04364,279.2585,276.97665,1.1439996e-05
1993-04-13,5.9745907e-06,282.58884,288.65765,276.43225,2.2643128e-05
1993-04-14,2.1191518e-07,284.4267,289.68716,278.2058,2.8044651e-05
1993-04-15,0.0,281.88928,284.37183,279.6667,1.5154725e-05
1993-04-16,7.963369e-06,283.6999,288.7848,278.9781,5.0002942e-05
1993-04-17,0.0,282.3495,287.93317,275.3139,2.9003877e-05
1993-04-18,0.0,283.38983,289.6284,273.94992,3.0448882e-05
1993-04-19,0.0,286.0652,290.40692,280.43393,1.9866238e-05
1993-04-20,0.0,283.11188,287.1165,281.7459,2.5789604e-05
1993-04-21,0.0,287.74548,294.52756,276.55978,4.1239415e-05
1993-04-22,0.0,289.51715,296.38596,280.37823,3.5721903e-05
1993-04-23,4.525247e-06,289.16083,297.25067,280.67648,4.0681858e-05
1993-04-24,0.0,290.1021,297.23465,280.0153,4.147192e-05
1993-04-25,0.0,290.801,297.43246,281.1189,4.22693e-05
1993-04-26,0.0,290.5822,297.15863,285.1766,4.6353143e-05
1993-04-27,0.0,285.7282,290.44638,283.13876,2.2231614e-05
1993-04-28,1.9572084e-05,288.36844,297.302,278.81613,4.4755445e-05
1993-04-29,0.0,288.47833,296.58365,280.75677,3.6952788e-05
1993-04-30,1.1804461e-05,288.76825,293.99982,283.70508,3.9580245e-05
1993-05-01,3.5041437e-06,288.5431,296.12363,279.94763,4.4435288e-05
1993-05-02,4.645273e-07,289.08716,296.88028,281.0556,4.782491e-05
1993-05-03,1.5231738e-05,289.17892,296.92334,281.97937,4.498487e-05
1993-05-04,8.811422e-06,288.7257,294.89407,283.02435,5.133861e-05
1993-05-05,8.964955e-06,284.1991,287.87497,284.20892,1.8129478e-05
1993-05-06,7.7130535e-05,285.7008,291.82996,281.74744,2.4914883e-05
1993-05-07,8.069845e-05,287.80017,293.31613,283.6843,2.8103826e-05
1993-05-08,1.798708e-05,289.44818,295.60522,282.69177,3.979565e-05
1993-05-09,2.342212e-05,288.67465,294.39432,283.32092,3.103479e-05
1993-05-10,1.5030455e-05,288.98694,295.06497,283.5711,4.208708e-05
1993-05-11,1.6310343e-06,289.2617,296.77295,280.3549,4.886277e-05
1993-05-12,0.0,289.79077,297.84128,279.5113,5.160989e-05
1993-05-13,0.0,290.28693,298.7261,281.47134,3.8749506e-05
1993-05-14,2.4443098e-06,290.23636,297.8577,281.75928,5.1484385e-05
1993-05-15,1.0146144e-05,289.79837,296.9563,282.69537,4.174626e-05
1993-05-16,5.678569e-06,290.3711,295.9197,284.90442,5.073426e-05
1993-05-17,7.006408e-07,290.442,297.51923,282.23755,5.335331e-05
1993-05-18,0.0,291.9873,298.88596,281.3792,4.9449965e-05
1993-05-19,1.4869847e-06,292.76834,300.31104,283.9593,5.2461113e-05
1993-05-20,0.0,293.754,300.82068,284.3255,5.968785e-05
1993-05-21,0.0,295.11002,302.65515,284.133,6.597404e-05
1993-05-22,0.0,290.39096,296.33456,283.83508,5.9991886e-05
1993-05-23,0.0,288.33704,294.34903,281.78427,4.204572e-05
1993-05-24,0.0,290.30157,296.78116,283.62427,4.265045e-05
1993-05-25,0.0,292.33365,299.51794,283.2299,4.8217535e-05
1993-05-26,0.0,295.1979,303.31134,284.6761,5.2705338e-05
1993-05-27,1.0254024e-05,296.68597,299.54947,289.15802,6.135345e-05
1993-05-28,0.0,293.01907,302.19843,288.4927,7.334232e-05
1993-05-29,5.561244e-05,291.34863,297.46378,283.99728,5.824866e-05
1993-05-30,0.0,294.93207,301.8921,284.68686,6.2722815e-05
1993-05-31,1.3350646e-06,289.4578,296.86813,287.94122,3.502894e-05
1993-06-01,6.849267e-05,293.35507,299.33514,286.0045,5.675494e-05
1993-06-02,0.0,295.74857,302.68796,285.59653,6.3900305e-05
1993-06-03,2.5264916e-07,288.69034,295.5967,287.1584,2.9658391e-05
1993-06-04,0.00012207773,291.90524,296.2302,286.767,3.67e-05
1993-06-05,0.0,294.61746,300.4108,287.66614,5.6015986e-05
1993-06-06,0.0,295.87122,302.905,287.55936,5.3014897e-05
1993-06-07,0.0,296.42468,304.1857,288.95248,5.8548478e-05
1993-06-08,5.025368e-06,293.66406,298.52603,288.4571,4.292088e-05
1993-06-09,3.4963603e-06,294.19922,299.97507,289.91614,5.263566e-05
1993-06-10,0.0,297.2525,302.85773,286.96902,6.377954e-05
1993-06-11,1.7944529e-06,298.02292,304.39578,291.74506,8.595233e-05
1993-06-12,0.0,289.4855,297.8149,286.00082,4.266239e-05
1993-06-13,0.00023921608,289.71085,295.05164,282.53427,3.4217555e-05
1993-06-14,2.455686e-06,289.33377,294.62198,286.6524,3.4286764e-05
1993-06-15,9.33149e-06,290.16403,296.5983,282.91776,3.6815916e-05
1993-06-16,2.1397695e-05,290.16278,296.0806,284.465,5.755376e-05
1993-06-17,0.0,288.545,294.86246,285.06897,2.9219831e-05
1993-06-18,0.00016501325,290.74228,296.6823,282.95474,5.518492e-05
1993-06-19,0.0,295.59717,301.87033,285.20673,5.9758186e-05
1993-06-20,0.0,295.8364,304.577,285.72537,6.976165e-05
1993-06-21,9.758467e-06,292.35385,298.11093,290.0641,3.659892e-05
1993-06-22,1.7141529e-06,293.82886,299.34488,287.52826,4.5397617e-05
1993-06-23,0.0,296.87616,302.0012,289.95953,5.887323e-05
1993-06-24,9.805139e-05,288.35815,295.7676,286.35608,3.0281586e-05
1993-06-25,0.00010978309,289.79303,295.59473,281.2917,4.704764e-05
1993-06-26,3.1994404e-08,287.37958,292.85965,284.72885,3.1346724e-05
1993-06-27,3.8535554e-06,288.1402,292.47473,284.1012,2.600742e-05
1993-06-28,6.689026e-06,289.01334,294.3142,285.00345,3.826161e-05
1993-06-29,4.5207977e-05,289.4465,295.4913,280.8894,5.5716147e-05
1993-06-30,0.0,291.81027,298.04453,282.47,5.03615e-05
1993-07-01,0.0,291.36652,297.28497,284.32718,5.9695267e-05
1993-07-02,0.0,293.92767,300.84277,283.4795,6.324586e-05
1993-07-03,0.0,296.0932,302.9312,287.3824,5.5189583e-05
1993-07-04,7.26242e-06,299.10352,305.9636,290.63464,6.854666e-05
1993-07-05,2.0247405e-06,297.62128,304.8251,290.6012,5.3500033e-05
1993-07-06,0.0,288.99033,296.88763,286.56293,3.1512125e-05
1993-07-07,5.675239e-05,289.40787,295.5051,282.96545,5.4310607e-05
1993-07-08,0.0,290.9192,296.94354,286.00388,5.300017e-05
1993-07-09,0.0,294.06622,300.52707,284.21906,7.15938e-05
1993-07-10,0.0,296.32272,302.4689,285.51065,7.179124e-05
1993-07-11,0.0,290.86377,300.70807,287.22598,4.789407e-05
1993-07-12,7.13487e-05,287.41528,293.9445,283.59613,4.176049e-05
1993-07-13,1.2828167e-05,287.82205,294.01428,282.58182,5.102538e-05
1993-07-14,2.6857908e-06,289.97183,296.30786,280.05972,4.8468137e-05
1993-07-15,1.1509832e-06,291.70526,297.61536,284.89304,3.3213546e-05
1993-07-16,9.110906e-06,294.30005,303.66855,289.54565,6.3251864e-05
1993-07-17,3.2479836e-06,296.848,304.25616,287.8787,5.783305e-05
1993-07-18,4.0921e-06,294.64648,302.3966,289.6307,6.0835002e-05
1993-07-19,0.0003763591,294.98187,300.52432,290.03088,4.6659454e-05
1993-07-20,3.2419644e-06,291.7034,296.0048,290.34482,3.403211e-05
1993-07-21,1.0930676e-05,290.52246,294.37128,287.13467,3.1521147e-05
1993-07-22,2.095565e-06,291.65305,296.38675,287.29797,4.2427364e-05
1993-07-23,2.707549e-06,290.5707,296.76993,283.9476,4.3590975e-05
1993-07-24,0.0,294.4546,301.1676,284.11432,4.999598e-05
1993-07-25,0.0,297.33078,303.07114,285.13168,5.206589e-05
1993-07-26,4.4390068e-05,286.92044,297.47775,286.43646,1.406959e-05
1993-07-27,5.825225e-05,291.1584,297.85425,283.4682,4.7776357e-05
1993-07-28,0.0,293.2418,298.8601,287.75427,3.1907275e-05
1993-07-29,1.9488668e-06,294.84702,300.68094,288.9187,4.0552222e-05
1993-07-30,0.0,298.27734,304.76837,288.6201,5.6556524e-05
1993-07-31,0.0,296.62506,307.88742,290.5894,7.11885e-05
1993-08-01,4.479674e-05,292.839,299.28925,289.4743,5.4602344e-05
1993-08-02,0.0,294.82846,302.83295,285.3159,6.0288443e-05
1993-08-03,0.0,297.4027,305.65598,287.7971,5.8981943e-05
1993-08-04,0.0,297.69107,307.1484,288.29495,6.521482e-05
1993-08-05,0.0,296.10806,307.16824,289.49908,7.407247e-05
1993-08-06,0.0002674438,293.5311,302.82794,289.53705,6.0044767e-05
1993-08-07,3.8391507e-05,292.70282,298.2814,289.13394,4.150177e-05
1993-08-08,0.0,293.60355,299.40454,287.3499,4.017798e-05
1993-08-09,3.0037061e-05,289.48297,293.7093,288.86374,1.2086926e-05
1993-08-10,3.7003392e-05,292.4158,299.4611,287.5383,4.0531377e-05
1993-08-11,7.359618e-05,290.78162,297.54968,285.10452,4.6511082e-05
1993-08-12,0.0,292.90756,300.0816,283.54944,4.536463e-05
1993-08-13,0.0,294.84885,303.41513,285.0532,4.82978e-05
1993-08-14,0.0,295.1818,304.3075,287.3496,4.9157516e-05
1993-08-15,0.0,295.32065,303.94025,286.2424,4.646708e-05
1993-08-16,0.0,295.71295,304.7882,286.87915,4.55985e-05
1993-08-17,0.0,295.08212,305.21695,287.03738,4.4333417e-05
1993-08-18,2.5506326e-06,293.08667,298.7645,288.2545,4.2550342e-05
1993-08-19,0.0,292.87576,300.07025,287.47128,3.9804054e-05
1993-08-20,5.0751467e-08,293.84567,301.7723,285.35504,3.7618007e-05
1993-08-21,0.0,297.22964,305.1404,287.0489,5.436207e-05
1993-08-22,0.0,299.89285,307.1148,289.0094,7.889399e-05
1993-08-23,0.0,300.04642,306.54575,291.81818,5.8419137e-05
1993-08-24,0.0,292.9628,303.01822,288.52795,5.3589938e-05
1993-08-25,9.310572e-05,285.46402,289.6995,284.44193,1.4799135e-05
1993-08-26,0.00022709234,288.07706,292.54797,284.59094,2.3600596e-05
1993-08-27,6.298087e-07,288.33618,291.3915,283.9491,1.7273554e-05
1993-08-28,5.999273e-05,288.22284,292.13092,286.4252,2.9807114e-05
1993-08-29,5.4953394e-05,286.36655,292.03735,284.789,4.152881e-05
1993-08-30,1.7259262e-06,287.49954,294.35513,279.5209,4.4250723e-05
1993-08-31,6.356656e-06,286.4269,291.868,283.7062,2.5480127e-05
1993-09-01,2.444991e-05,285.72513,291.4762,279.83786,3.068858e-05
1993-09-02,0.0,287.3145,294.02515,281.2634,2.9763809e-05
1993-09-03,0.0,287.354,293.7415,282.80148,2.5044588e-05
1993-09-04,6.617182e-05,285.66324,290.09796,282.4677,1.6442542e-05
1993-09-05,0.00012223904,284.67123,291.74924,282.05582,3.1483738e-05
1993-09-06,1.2515047e-05,284.9571,292.41464,277.5466,3.5879628e-05
1993-09-07,0.0,288.3695,297.01334,277.38345,3.778222e-05
1993-09-08,0.0,292.11908,298.8087,281.2428,4.601855e-05
1993-09-09,0.0,293.0734,300.2251,286.82358,3.7593556e-05
1993-09-10,0.0,292.43774,299.1939,291.21927,3.2715976e-05
1993-09-11,7.4496624e-05,288.73343,294.66354,284.16135,2.3196615e-05
1993-09-12,2.2867343e-06,288.57596,294.66614,283.46335,2.4622346e-05
1993-09-13,5.4589764e-06,291.99335,298.20303,284.08405,3.1235028e-05
1993-09-14,0.0,291.7484,296.54822,286.087,2.1894912e-05
1993-09-15,7.99292e-06,289.75266,296.05368,282.9291,2.6543383e-05
1993-09-16,0.0,290.13992,297.84955,282.73044,2.8798797e-05
1993-09-17,2.5820556e-05,287.48157,290.57858,286.7563,1.17105155e-05
1993-09-18,0.00011720212,285.64426,289.2505,283.37338,1.1133958e-05
1993-09-19,3.190352e-06,286.91553,290.5242,281.94534,1.5876378e-05
1993-09-20,0.0,287.601,291.92902,285.3101,1.6069716e-05
1993-09-21,0.0,288.28586,294.8896,282.09247,2.9355566e-05
1993-09-22,0.0,289.3656,295.6704,283.31894,2.8337174e-05
1993-09-23,0.0,291.92484,299.88644,283.676,3.7135716e-05
1993-09-24,0.0,291.5425,299.56747,283.82745,3.7064598e-05
1993-09-25,0.0,287.0126,293.2673,283.49207,1.07221385e-05
1993-09-26,7.185858e-05,287.41922,290.8354,285.5584,2.0195404e-05
1993-09-27,2.2060798e-05,285.07565,290.33423,282.9925,1.9252884e-05
1993-09-28,0.0,285.63086,292.37082,279.7826,2.0699097e-05
1993-09-29,0.00014635987,283.85178,285.73523,283.41437,8.482255e-06
1993-09-30,0.0003834771,282.35773,285.43536,278.89865,1.32692585e-05
1993-10-01,0.0,287.85297,292.94067,279.9236,2.5338566e-05
1993-10-02,8.1595694e-08,288.80124,293.4417,285.06488,2.7505064e-05
1993-10-03,0.000153979,286.78247,289.75113,285.03882,1.5637832e-05
1993-10-04,1.3922091e-05,283.75595,287.62183,281.4745,1.2085091e-05
1993-10-05,6.318802e-06,286.58475,293.62213,278.1414,2.5362111e-05
1993-10-06,0.0,290.4163,295.63522,282.99576,3.3485103e-05
1993-10-07,0.0,290.47977,294.43106,288.1728,2.388797e-05
1993-10-08,0.0,290.1922,296.3429,287.68018,2.2738008e-05
1993-10-09,1.1823606e-05,286.47665,293.65637,283.83908,2.6710799e-05
1993-10-10,2.0311581e-06,287.7354,293.74164,281.02536,2.5585623e-05
1993-10-11,0.0,290.3919,296.79797,284.15363,3.8765873e-05
1993-10-12,0.0,292.71902,296.8214,286.2554,4.7424877e-05
1993-10-13,0.0,292.83636,297.28302,287.92545,3.1941287e-05
1993-10-14,0.0,291.21927,299.20148,288.26367,4.795972e-05
1993-10-15,2.6129563e-05,287.9468,294.65192,285.26944,2.5085808e-05
1993-10-16,3.083015e-05,286.4697,292.7723,278.62326,2.2578977e-05
1993-10-17,0.0,287.1839,293.54544,284.9985,2.7314241e-05
1993-10-18,2.7312788e-05,280.11664,285.39804,279.2879,9.259259e-06
1993-10-19,7.9374855e-05,280.05905,281.131,278.55017,7.779286e-06
1993-10-20,2.3237594e-06,281.3017,282.48584,280.58258,6.644993e-06
1993-10-21,2.260098e-06,281.39304,282.26,280.88605,5.8077644e-06
1993-10-22,0.0002477797,281.8532,282.92245,279.06516,5.787037e-06
1993-10-23,0.00031783083,285.20657,286.6498,281.89383,8.101852e-06
1993-10-24,0.00024964928,283.79477,289.5837,280.6091,1.549936e-05
1993-10-25,1.2788854e-06,281.73386,285.15283,278.05823,9.259259e-06
1993-10-26,1.7307274e-06,279.4004,282.65216,277.6808,1.1862392e-05
1993-10-27,0.0,276.7859,282.20526,273.01917,9.0655485e-06
1993-10-28,0.0,276.18744,284.17548,270.67685,8.101852e-06
1993-10-29,0.0,277.47665,284.72647,272.0888,8.146999e-06
1993-10-30,0.0,275.54636,279.7865,272.75714,5.3225313e-06
1993-10-31,0.0,277.57996,279.9983,274.96628,4.8632896e-06
1993-11-01,0.0,278.08176,279.4685,276.77243,5.787037e-06
1993-11-02,0.0,279.01572,281.20975,278.10602,5.2069126e-06
1993-11-03,0.0,280.0642,281.92795,277.25653,5.787037e-06
1993-11-04,4.6055825e-06,281.76132,281.96057,280.54022,5.4945904e-06
1993-11-05,3.9748793e-06,281.99667,282.8406,280.98947,5.4456073e-06
1993-11-06,0.00018336732,283.3499,284.22238,281.96228,5.356078e-06
1993-11-07,2.8537803e-05,285.8605,291.35846,280.26257,1.8263501e-05
1993-11-08,3.4379116e-06,283.13788,285.72174,279.87396,6.246764e-06
1993-11-09,3.1358744e-05,281.68082,284.2864,278.613,5.8982523e-06
1993-11-10,7.472404e-05,279.60663,282.59024,278.65564,5.2243754e-06
1993-11-11,1.5287103e-05,278.8853,281.38434,276.86996,6.5265817e-06
1993-11-12,8.126009e-05,273.33636,278.13058,272.71445,3.7240839e-06
1993-11-13,0.00013111798,270.46506,273.16916,268.5324,2.7240144e-06
1993-11-14,8.9824694e-05,271.76666,274.7894,263.96765,2.3148148e-06
1993-11-15,4.385789e-08,273.63974,274.95264,272.05252,3.16666e-06
1993-11-16,7.700804e-06,275.95648,277.83502,273.32404,8.035839e-06
1993-11-17,2.0901248e-06,274.06937,276.45258,273.49216,1.0564958e-05
1993-11-18,0.0,270.50327,273.8675,269.1164,7.2522953e-06
1993-11-19,0.0,267.8407,270.82584,266.50085,2.9962787e-06
1993-11-20,7.445511e-06,267.83588,268.4618,265.15012,2.0925409e-06
1993-11-21,8.233236e-05,268.94727,271.44794,267.88092,2.5688141e-06
1993-11-22,1.6818662e-05,270.58282,272.69763,267.5215,2.392996e-06
1993-11-23,6.8528694e-05,269.06177,271.00958,263.00342,2.3148148e-06
1993-11-24,0.0,270.74365,271.29794,269.32965,2.3148148e-06
1993-11-25,0.0,271.41968,273.46515,270.25037,2.645623e-06
1993-11-26,0.0,268.81268,271.57663,266.05438,4.173075e-06
1993-11-27,0.0,268.19858,269.97604,266.89563,3.1970292e-06
1993-11-28,0.0,267.47153,268.4026,266.73938,2.3148148e-06
1993-11-29,4.261398e-05,269.24826,271.0058,267.5903,3.0360416e-06
1993-11-30,0.00030114336,272.35764,273.5811,269.92725,2.9509558e-06
1993-12-01,5.915009e-07,269.09293,272.91696,267.5607,2.094196e-06
1993-12-02,1.2154652e-06,268.958,273.03452,266.46454,2.198646e-06
1993-12-03,0.0,269.1529,274.79214,262.5044,1.2217699e-06
1993-12-04,0.0,268.30933,274.72485,264.65393,1.1574074e-06
1993-12-05,0.0,271.55923,273.88873,263.81506,1.9307217e-06
1993-12-06,0.0,273.53354,277.55652,269.81097,3.3428457e-06
1993-12-07,0.0,270.79352,273.47232,269.1499,2.3148148e-06
1993-12-08,1.2462893e-05,273.64105,275.85132,270.20697,1.1735177e-06
1993-12-09,0.0,272.0019,278.43716,268.42365,1.4356365e-06
1993-12-10,0.0,272.5472,275.7469,266.9848,9.4019305e-07
1993-12-11,0.0,274.9638,278.06406,270.71082,2.3148148e-06
1993-12-12,5.697634e-05,271.3128,279.07755,266.68433,2.976096e-06
1993-12-13,0.0,277.61804,281.35867,266.06146,5.4692728e-06
1993-12-14,0.0,280.04764,283.03265,277.35684,6.0367815e-06
1993-12-15,0.0001447363,276.75443,279.05362,274.572,3.4722223e-06
1993-12-16,1.9779495e-07,278.19675,282.22614,275.23694,8.6564905e-06
1993-12-17,3.418306e-05,275.52646,279.68756,272.08807,2.969108e-06
1993-12-18,0.0,275.5487,281.9181,273.05194,1.802054e-06
1993-12-19,0.0,278.7543,283.50995,270.377,8.009603e-06
1993-12-20,4.336416e-06,283.43915,285.63168,280.86984,2.2070933e-05
1993-12-21,0.0,282.97437,287.70673,276.8931,1.5585096e-05
1993-12-22,0.00029806147,277.57922,280.7939,275.2957,9.259259e-06
1993-12-23,2.3991338e-06,277.8108,283.82492,274.11078,1.2522793e-05
1993-12-24,0.0,277.4968,281.47363,271.66992,4.3121345e-06
1993-12-25,0.00028686502,273.17087,278.61746,272.04254,1.994052e-06
1993-12-26,5.6597743e-05,272.54932,273.2053,269.34332,2.5638456e-06
1993-12-27,0.0002760974,273.253,273.83078,272.56033,2.8109773e-06
1993-12-28,2.1161557e-05,270.93692,274.28195,267.68134,1.1766044e-06
1993-12-29,0.0,266.29266,272.66205,261.80685,3.0533764e-07
1993-12-30,0.0,264.72305,269.23682,261.46887,1.1574074e-06
1993-12-31,0.0,272.1592,278.66254,260.43802,5.6196673e-06
1994-01-01,0.0,276.89328,279.581,270.34818,5.928262e-06
1994-01-02,0.00014012195,275.11182,278.81262,271.33362,2.8938357e-06
1994-01-03,0.0,272.37653,278.87964,269.2809,3.0107672e-06
1994-01-04,1.2481316e-08,280.42892,282.3828,270.49875,6.3549214e-06
1994-01-05,5.9050024e-05,279.6944,283.41977,275.28058,7.9657575e-06
1994-01-06,0.0,282.7165,284.45636,279.0081,1.5139379e-05
1994-01-07,0.0,284.40897,288.2226,279.74652,7.878585e-06
1994-01-08,0.0,282.66776,287.17752,279.93427,9.636523e-06
1994-01-09,0.0,279.4015,283.40222,276.4212,3.4722223e-06
1994-01-10,0.0,278.39935,280.02307,275.3051,4.5490915e-06
1994-01-11,0.0,280.89993,284.44193,276.12234,9.259259e-06
1994-01-12,0.0,277.36435,282.58292,274.61288,4.124427e-06
1994-01-13,0.0,276.91443,282.5952,273.8545,4.4622147e-06
1994-01-14,0.0,276.99234,279.15448,273.86307,3.473385e-06
1994-01-15,5.428323e-06,276.86993,280.19003,274.68704,4.236491e-06
1994-01-16,0.0,273.6128,276.1596,272.21088,3.4722223e-06
1994-01-17,9.209336e-09,275.11484,277.2085,273.40707,3.925041e-06
1994-01-18,0.0,272.4927,275.9622,270.14905,5.322391e-06
1994-01-19,8.0284025e-07,270.78394,277.4021,266.01935,2.1843075e-06
1994-01-20,0.0,271.26172,272.35443,266.88892,4.6047116e-06
1994-01-21,0.0,273.5394,277.29245,271.45908,8.721793e-06
1994-01-22,0.0,271.57306,278.85904,267.17136,3.3768108e-06
1994-01-23,0.0,273.56567,280.9808,268.28992,5.313508e-06
1994-01-24,0.0,276.45602,282.46255,271.34482,6.450556e-06
1994-01-25,0.0,278.36465,283.4819,271.8672,6.139185e-06
1994-01-26,0.0,277.04816,283.502,274.015,8.101852e-06
1994-01-27,2.491945e-05,275.70978,282.5575,270.43384,8.963721e-06
1994-01-28,0.0,277.25543,281.60385,272.688,1.6166428e-05
1994-01-29,0.0,275.00262,279.3475,272.0535,1.7781085e-05
1994-01-30,0.0,277.01373,282.406,272.31396,1.1012619e-05
1994-01-31,0.0,275.7756,282.0381,272.2745,8.23175e-06
1994-02-01,0.0,275.4511,283.29218,271.81747,6.408617e-06
1994-02-02,0.0,278.44174,284.61346,270.88068,6.816727e-06
1994-02-03,0.0,282.1664,286.35986,276.7636,1.9503681e-05
1994-02-04,0.0,281.97867,287.38824,276.8276,2.0648811e-05
1994-02-05,0.0,281.34644,287.48444,276.12427,1.0159293e-05
1994-02-06,0.0,280.9116,286.1917,278.4403,8.439668e-06
1994-02-07,0.0,278.75888,280.69412,274.9976,7.798247e-06
1994-02-08,0.0,278.2198,280.19446,274.364,5.528193e-06
1994-02-09,0.00010610434,277.42212,279.6113,276.32394,7.512193e-06
1994-02-10,1.6190912e-05,275.80197,279.88196,272.41617,6.295836e-06
1994-02-11,0.0,276.6483,279.97937,273.17966,1.1570132e-05
1994-02-12,5.492472e-06,272.8664,276.72058,272.25568,7.910021e-06
1994-02-13,1.5472377e-05,267.9335,272.18042,267.56396,4.5297043e-06
1994-02-14,4.6443576e-05,266.44934,267.75522,265.6793,4.524475e-06
1994-02-15,5.4931807e-06,263.47388,270.08066,260.17593,5.3256153e-06
1994-02-16,0.0,263.48135,270.89304,255.9121,3.587912e-06
1994-02-17,0.0,265.08545,268.87247,258.96948,4.4989984e-06
1994-02-18,0.0,268.37418,271.5673,262.63962,5.6800036e-06
1994-02-19,0.0,269.23056,272.79266,265.6366,7.347703e-06
1994-02-20,1.3500559e-06,268.89426,275.10056,258.7761,5.787037e-06
1994-02-21,0.0,271.29617,277.182,268.10852,6.3836933e-06
1994-02-22,0.0,274.29138,280.07465,265.85867,7.3662286e-06
1994-02-23,0.0,277.88968,283.76385,270.14572,1.5046948e-05
1994-02-24,0.0,278.32898,282.48572,277.33508,8.519126e-06
1994-02-25,0.00011446488,279.02774,286.41785,273.9149,1.0118188e-05
1994-02-26,0.0,281.6305,287.69855,272.46375,1.9253828e-05
1994-02-27,0.0,284.00922,290.72913,276.60373,3.0659205e-05
1994-02-28,0.0,285.0461,287.73538,283.27747,2.0901969e-05
1994-03-01,0.0,285.65826,291.03607,283.31128,2.3964032e-05
1994-03-02,1.1909217e-06,282.1925,286.91034,279.77734,1.2548882e-05
1994-03-03,2.1842557e-06,281.9886,288.45624,277.04666,1.6328944e-05
1994-03-04,0.0,279.3259,284.13773,276.84827,2.0105665e-05
1994-03-05,0.0,276.828,284.86057,271.34943,1.393026e-05
1994-03-06,0.0,278.7718,284.24207,270.8168,1.1725913e-05
1994-03-07,0.0,282.06366,287.09848,276.8094,1.5299824e-05
1994-03-08,0.0,282.89465,286.3571,278.73804,1.2716876e-05
1994-03-09,6.8870336e-06,283.41428,286.71384,280.58334,1.264284e-05
1994-03-10,0.0,285.9264,291.82315,277.22067,1.9939996e-05
1994-03-11,3.1734191e-06,282.0541,287.8416,280.59866,1.6960565e-05
1994-03-12,0.0,283.49948,291.63196,273.8287,1.897338e-05
1994-03-13,0.0,285.68094,291.18204,279.1599,2.7345948e-05
1994-03-14,0.0,283.77615,290.77478,278.6933,2.3349703e-05
1994-03-15,0.0,285.2676,292.98956,275.76086,2.6541435e-05
1994-03-16,0.0,281.49908,286.73825,276.19333,1.4963363e-05
1994-03-17,1.8240755e-05,280.1366,285.41095,278.35135,2.219583e-05
1994-03-18,4.962149e-06,279.35242,284.8219,269.9852,1.9073703e-05
1994-03-19,0.0,283.9186,289.40372,274.36417,3.307441e-05
1994-03-20,0.0,279.19376,285.24802,276.88458,1.5136248e-05
1994-03-21,3.9821345e-05,280.31396,282.64478,278.12054,1.201544e-05
1994-03-22,1.7641574e-06,278.97702,280.86942,278.44342,1.0011497e-05
1994-03-23,0.0,282.63898,287.87967,277.2051,1.7040653e-05
1994-03-24,0.0,286.74106,292.13538,277.48825,2.41757e-05
1994-03-25,1.5842204e-09,287.55243,292.9571,283.7688,2.7455935e-05
1994-03-26,0.0,281.66672,288.3138,279.26987,1.5609507e-05
1994-03-27,0.00020841017,276.97708,282.814,273.36206,1.7385531e-05
1994-03-28,4.6130963e-06,276.90265,283.12656,270.86072,2.0533827e-05
1994-03-29,0.0,282.82635,288.9632,272.93945,2.3831704e-05
1994-03-30,0.0,285.7582,293.37128,278.41113,2.7190035e-05
1994-03-31,0.0,288.63492,295.6117,279.4189,4.70196e-05
1994-04-01,0.0,287.22855,293.7664,277.5171,4.256317e-05
1994-04-02,0.00031351554,279.9759,288.18997,278.32632,1.466843e-05
1994-04-03,7.128895e-05,279.88168,285.53693,275.91388,2.5814668e-05
1994-04-04,0.0,281.59186,287.2053,273.5684,2.7845907e-05
1994-04-05,6.3187574e-05,279.11505,282.97406,277.32684,1.4634538e-05
1994-04-06,3.2179738e-05,279.3121,282.2531,275.62415,2.5805959e-05
1994-04-07,0.0,280.32556,285.93317,275.10547,2.7116052e-05
1994-04-08,0.0,280.6091,287.17297,271.7232,2.887141e-05
1994-04-09,0.0,281.87112,287.66125,276.0553,2.8235023e-05
1994-04-10,7.916048e-05,277.7953,281.40012,275.59656,1.1820056e-05
1994-04-11,0.00030368613,280.61014,285.44727,274.7276,2.3558096e-05
1994-04-12,0.00030702693,276.6207,281.4351,273.25546,1.0423016e-05
1994-04-13,2.5698866e-05,282.88687,285.888,274.21188,2.276897e-05
1994-04-14,8.023884e-06,284.83905,290.78885,279.70486,2.91538e-05
1994-04-15,0.0,284.96487,291.2743,279.01712,2.7691793e-05
1994-04-16,0.0,285.0407,288.1703,280.73337,1.7607203e-05
1994-04-17,8.134261e-06,283.98267,286.5332,281.83926,1.182428e-05
1994-04-18,0.0001854518,282.24777,286.22693,280.32782,2.0302305e-05
1994-04-19,2.4489336e-05,281.145,284.70703,278.08026,2.659487e-05
1994-04-20,0.0,282.1049,284.59744,278.70712,1.8168801e-05
1994-04-21,0.0,284.05865,289.40323,279.3962,2.9164983e-05
1994-04-22,0.0,285.41113,292.1559,277.11603,3.145262e-05
1994-04-23,1.3314758e-06,286.18478,293.83435,279.73715,3.8024315e-05
1994-04-24,2.9527666e-06,288.20667,295.63705,277.97476,4.1768857e-05
1994-04-25,2.2860766e-06,287.90836,294.83224,277.92175,4.605215e-05
1994-04-26,0.0,286.40652,292.4636,279.9254,2.6925258e-05
1994-04-27,1.4515477e-05,287.28268,293.46964,280.69876,3.80072e-05
1994-04-28,0.0,289.02057,293.77524,282.8091,3.8194445e-05
1994-04-29,8.461113e-06,288.93927,294.77094,283.3492,4.8739766e-05
1994-04-30,0.0,289.08847,297.5463,282.20544,4.7540358e-05
1994-05-01,0.0,286.5919,295.37357,282.09644,2.879046e-05
1994-05-02,9.469739e-05,283.16284,287.45987,278.0279,3.912892e-05
1994-05-03,0.0,283.0995,290.11896,277.25076,3.949816e-05
1994-05-04,0.0,286.77252,293.66446,274.36588,4.4668355e-05
1994-05-05,1.2224209e-05,284.6831,287.7348,283.1653,1.7361112e-05
1994-05-06,9.303097e-05,284.0522,287.92053,280.33707,3.1664043e-05
1994-05-07,6.903345e-07,284.22772,290.4741,278.15408,3.4345805e-05
1994-05-08,0.0,283.29428,288.81393,275.57037,4.1071635e-05
1994-05-09,0.0,284.76135,291.55994,275.526,4.2649048e-05
1994-05-10,0.0,285.56976,291.02008,278.5253,3.0117943e-05
1994-05-11,7.1779236e-06,285.75662,290.9978,281.0695,3.0587817e-05
1994-05-12,5.564049e-06,287.389,293.78186,278.8707,3.7822952e-05
1994-05-13,2.4607605e-06,287.47675,294.41388,279.33514,3.913444e-05
1994-05-14,1.0266667e-05,289.07562,294.31207,280.2282,3.4246266e-05
1994-05-15,0.0,293.14865,298.80228,282.92374,5.5485147e-05
1994-05-16,0.0,293.68414,299.99982,283.38052,5.6902303e-05
1994-05-17,0.0,294.2343,300.52966,289.17395,4.810197e-05
1994-05-18,0.0,293.16183,299.0768,285.3018,4.0615294e-05
1994-05-19,2.7372329e-05,287.68707,292.14133,286.14066,1.8465915e-05
1994-05-20,9.611896e-05,289.0203,292.3857,284.41037,3.5556557e-05
1994-05-21,3.7371625e-05,290.45065,295.6509,284.03973,4.9438142e-05
1994-05-22,2.6846425e-09,292.12506,298.3058,281.8957,4.4197524e-05
1994-05-23,0.0,293.71097,295.99353,283.6982,2.9350556e-05
1994-05-24,1.2866041e-06,292.07272,298.3532,285.2374,4.1218424e-05
1994-05-25,1.3092422e-05,291.3836,296.92337,288.5119,3.708044e-05
1994-05-26,2.0324129e-05,295.0094,300.14145,287.48547,6.5989654e-05
1994-05-27,2.3467883e-05,287.60876,294.20206,285.53247,3.1678675e-05
1994-05-28,1.896011e-05,289.591,294.8776,280.5842,5.048758e-05
1994-05-29,1.6090663e-06,287.6742,294.2068,284.77008,3.0583007e-05
1994-05-30,0.00017543015,286.72043,290.74454,282.85645,2.3294566e-05
1994-05-31,5.883026e-06,288.19553,293.23837,282.5372,4.967976e-05
1994-06-01,0.0,291.90192,298.52115,282.02402,5.7401936e-05
1994-06-02,0.0,295.8955,301.84988,285.3273,6.0049744e-05
1994-06-03,0.0,296.49567,301.57468,290.57162,7.070102e-05
1994-06-04,3.312328e-05,289.37204,295.5227,286.72382,2.4004368e-05
1994-06-05,0.00021393577,287.08508,291.56555,283.90378,3.807694e-05
1994-06-06,1.6402404e-05,286.16794,290.28262,279.4246,5.804168e-05
1994-06-07,0.0,289.19147,293.94153,279.1854,4.169865e-05
1994-06-08,0.0,292.33255,298.32315,286.9075,5.4150903e-05
1994-06-09,0.0,289.739,298.86182,284.94366,4.6158697e-05
1994-06-10,0.00021767225,285.40094,288.66568,283.7285,2.2905615e-05
1994-06-11,3.5332047e-05,286.38397,290.76712,282.64627,3.5921905e-05
1994-06-12,4.593229e-05,286.33206,287.75073,284.2433,1.792884e-05
1994-06-13,0.00020077238,287.55475,289.96344,285.3764,2.0818197e-05
1994-06-14,1.8014462e-05,289.61917,292.9064,285.9324,3.2783042e-05
1994-06-15,3.409365e-08,290.6258,296.92545,286.7937,4.522288e-05
1994-06-16,0.0,290.94925,296.8472,285.06036,3.7801037e-05
1994-06-17,8.0987535e-05,288.20218,294.91522,284.81342,3.660336e-05
1994-06-18,0.000116342526,292.77603,298.0113,284.11703,4.277996e-05
1994-06-19,0.0,295.76422,302.03543,286.3048,6.405591e-05
1994-06-20,0.0,292.73065,299.4087,287.27463,5.086876e-05
1994-06-21,1.1618084e-05,292.62442,297.3329,289.1471,5.0021004e-05
1994-06-22,0.0,295.6986,301.62027,287.3308,6.343959e-05
1994-06-23,0.0,293.90488,300.33273,288.28842,4.609499e-05
1994-06-24,4.284776e-06,293.5021,298.368,290.04736,4.96468e-05
1994-06-25,0.0,295.75964,300.04504,291.5473,5.011627e-05
1994-06-26,0.0,298.4311,304.29132,289.1002,6.632224e-05
1994-06-27,0.0,298.4477,305.11615,290.87527,6.940268e-05
1994-06-28,0.0,297.0219,305.84637,288.29742,6.7042136e-05
1994-06-29,0.00054434966,296.3498,302.91513,291.16916,5.9868165e-05
1994-06-30,4.4502594e-06,297.41498,303.9498,292.0173,6.3621475e-05
1994-07-01,0.0,295.881,301.24106,291.82785,5.4437267e-05
1994-07-02,0.0,295.09946,301.60455,287.84967,6.198431e-05
1994-07-03,0.0,296.42758,302.81375,288.67368,5.650577e-05
1994-07-04,0.0,297.48984,304.55057,290.28708,6.227649e-05
1994-07-05,0.0,294.7662,303.05356,291.47348,3.8664846e-05
1994-07-06,0.00023327686,295.052,301.4431,288.76355,4.711427e-05
1994-07-07,3.479286e-05,293.33472,298.33478,290.37857,3.7251757e-05
1994-07-08,9.725192e-05,290.92404,294.09882,288.77148,2.451951e-05
1994-07-09,1.1458906e-06,292.0446,297.95413,287.446,5.0610004e-05
1994-07-10,1.9812055e-06,289.85162,295.3645,285.59933,3.1023206e-05
1994-07-11,6.969654e-05,294.25964,299.7632,287.30716,5.9999114e-05
1994-07-12,0.0,294.3593,300.24915,288.84296,5.494871e-05
1994-07-13,0.00013767726,294.56442,300.55576,289.08136,5.2035262e-05
1994-07-14,0.0,295.32626,301.3871,290.0934,5.7031586e-05
1994-07-15,0.0,294.659,300.20493,287.78088,4.6424775e-05
1994-07-16,1.9432329e-07,296.2558,302.62518,289.00543,5.520442e-05
1994-07-17,0.0,296.5735,303.8321,289.70502,5.970276e-05
1994-07-18,0.0,295.7453,304.33304,290.37476,5.2597792e-05
1994-07-19,0.00012910142,293.47473,298.99643,290.11673,2.983573e-05
1994-07-20,3.5477307e-05,292.95242,298.04892,290.54498,2.4097082e-05
1994-07-21,0.00024706262,294.44202,299.6692,290.05048,4.4942397e-05
1994-07-22,1.2270182e-06,295.32144,302.19415,288.5023,5.935778e-05
1994-07-23,0.0,295.21997,303.29016,288.06912,6.0447375e-05
1994-07-24,0.0,295.84854,303.57034,288.56155,6.049899e-05
1994-07-25,0.0,296.36658,303.4651,289.06018,5.8895257e-05
1994-07-26,0.0,297.11215,304.11383,289.73666,5.9235845e-05
1994-07-27,0.0,296.61548,304.3938,290.05762,5.7604462e-05
1994-07-28,0.0,297.31586,305.0683,292.0371,6.0185183e-05
1994-07-29,7.755347e-09,296.92877,304.40787,289.5545,5.794804e-05
1994-07-30,0.0,296.30618,304.55255,289.23434,6.133606e-05
1994-07-31,0.0,296.8283,305.55524,287.87985,6.1923e-05
1994-08-01,0.0,297.71323,305.88025,289.7168,5.5368128e-05
1994-08-02,0.0,298.2288,305.5915,290.39084,5.68818e-05
1994-08-03,0.0,298.0336,305.8241,291.28363,5.9145437e-05
1994-08-04,0.0,297.92877,304.67505,291.43756,5.1350988e-05
1994-08-05,0.0,297.40637,305.39523,290.9478,5.4182878e-05
1994-08-06,0.0,298.0969,305.828,290.68835,5.6849138e-05
1994-08-07,4.5750163e-08,296.9686,304.9731,290.07407,5.335015e-05
1994-08-08,2.7353662e-09,295.32556,305.0077,289.72375,5.6175202e-05
1994-08-09,0.00013531995,296.02814,303.65134,290.47388,5.2317224e-05
1994-08-10,0.0,300.17838,306.81918,291.8253,6.6811954e-05
1994-08-11,4.3652773e-07,298.00085,304.02722,294.9773,5.5484124e-05
1994-08-12,0.00016935481,293.2585,298.88538,289.93176,4.4553286e-05
1994-08-13,1.187701e-05,292.7264,299.4008,289.71725,4.5570257e-05
1994-08-14,0.0005213289,290.63522,296.07422,287.99957,4.0777195e-05
1994-08-15,0.0,290.5901,296.61084,285.98822,4.0462663e-05
1994-08-16,0.0,291.34915,297.58032,284.25665,4.2320866e-05
1994-08-17,0.0,293.47092,300.2524,285.2668,4.658848e-05
1994-08-18,0.000105541854,289.0849,294.49582,286.96393,2.9667139e-05
1994-08-19,0.00016694686,291.01413,297.50296,283.73337,3.7319453e-05
1994-08-20,5.1808047e-06,293.8072,299.45828,287.14615,4.439252e-05
1994-08-21,4.1692456e-06,294.90396,301.00998,289.14227,4.6139234e-05
1994-08-22,0.0,294.19193,301.12585,289.21072,3.5179073e-05
1994-08-23,0.0002294397,294.9253,300.90616,287.2258,4.5900593e-05
1994-08-24,6.7280766e-05,291.64224,296.45667,287.35333,2.4324523e-05
1994-08-25,0.0003278308,289.8081,292.6142,287.95554,1.6911186e-05
1994-08-26,0.00020508413,291.6223,297.10074,286.8066,3.9334143e-05
1994-08-27,0.0,291.82617,300.14072,284.08966,4.001942e-05
1994-08-28,0.0,294.5419,300.83035,286.41867,4.3654814e-05
1994-08-29,5.5748695e-10,292.1391,295.49347,289.6452,2.7070264e-05
1994-08-30,7.9352205e-05,291.359,294.33716,289.2678,1.8670631e-05
1994-08-31,0.0,294.62198,300.11304,288.64374,3.8558057e-05
1994-09-01,1.7303535e-05,296.29193,302.32016,290.53708,4.356012e-05
1994-09-02,0.0,294.30313,300.72137,290.28494,3.2583015e-05
1994-09-03,0.00017230916,290.3941,292.83823,289.9772,1.6056325e-05
1994-09-04,8.602096e-05,290.80124,296.35867,286.467,3.5494835e-05
1994-09-05,0.0,291.08127,297.89093,286.16516,3.722591e-05
1994-09-06,0.0,291.7653,297.8393,287.7268,3.37757e-05
1994-09-07,0.0,294.01022,300.6345,286.06607,4.032931e-05
1994-09-08,0.0,294.3137,300.66223,288.433,4.2560623e-05
1994-09-09,0.0,287.5697,293.8587,285.34695,1.6112926e-05
1994-09-10,1.9947476e-05,289.10553,296.74942,281.99094,3.2904656e-05
1994-09-11,0.0,291.4608,298.3232,284.54874,3.251883e-05
1994-09-12,0.0,293.02914,299.91495,284.7431,3.6017653e-05
1994-09-13,0.0,293.5429,301.53687,286.4021,3.954915e-05
1994-09-14,1.1090696e-05,293.14816,300.15414,287.68738,3.6428522e-05
1994-09-15,0.00014236254,290.73926,296.10605,287.51788,3.788913e-05
1994-09-16,0.0,289.04547,294.4579,282.21838,2.570626e-05
1994-09-17,0.0002852703,284.77753,289.1554,284.4179,1.14907125e-05
1994-09-18,8.187519e-05,283.75668,285.81207,282.10745,1.482744e-05
1994-09-19,4.075323e-06,283.84927,289.56332,281.83047,2.098263e-05
1994-09-20,0.0,285.0605,291.74023,280.15985,2.3210354e-05
1994-09-21,0.0,286.77222,292.63373,280.45868,1.9808702e-05
1994-09-22,0.0,289.71814,297.33585,284.96,2.7477536e-05
1994-09-23,0.0,290.15323,293.2671,284.53116,1.3949363e-05
1994-09-24,0.0,294.27188,299.38348,288.25342,2.9085704e-05
1994-09-25,0.0,292.74933,299.3341,286.90652,3.081432e-05
1994-09-26,0.0,291.78604,297.36743,287.94302,2.0125777e-05
1994-09-27,8.527897e-06,292.38324,299.06815,289.59433,2.5258594e-05
1994-09-28,7.156383e-05,289.41287,294.40497,287.89682,1.51575605e-05
1994-09-29,1.8109542e-06,289.68063,295.94278,285.74695,2.1996777e-05
1994-09-30,0.0,289.08618,295.69193,284.65634,1.748007e-05
1994-10-01,0.0,291.65378,298.0574,285.81723,2.1838621e-05
1994-10-02,0.0,291.02838,295.76617,288.79858,1.7026487e-05
1994-10-03,4.670418e-05,291.67844,295.52582,287.5335,2.3805813e-05
1994-10-04,0.00014033276,284.5388,292.26038,280.6231,1.8993293e-05
1994-10-05,0.00025868282,280.9815,287.21735,277.7305,1.8502722e-05
1994-10-06,0.0,278.52386,283.04022,276.40823,2.2102211e-05
1994-10-07,0.0,276.49387,278.9663,275.25583,9.179738e-06
1994-10-08,7.076944e-05,277.06027,279.23944,274.59985,9.0374015e-06
1994-10-09,3.4573603e-08,278.42722,285.37683,271.40393,1.1666317e-05
1994-10-10,0.0,279.39157,286.35504,273.6387,1.2776697e-05
1994-10-11,0.0,279.74817,287.4914,272.75204,1.2747833e-05
1994-10-12,0.0,280.0921,288.68912,273.30524,1.5018021e-05
1994-10-13,0.0,281.80167,290.2152,274.39578,1.2822177e-05
1994-10-14,0.0,281.73892,290.20355,275.55273,1.3975235e-05
1994-10-15,0.0,279.90457,284.8421,276.46793,7.255747e-06
1994-10-16,0.0,280.37537,286.73862,277.48517,7.402656e-06
1994-10-17,0.0,280.76663,283.84183,278.3798,1.1575254e-05
1994-10-18,0.0,276.32617,281.80762,273.744,1.0537554e-05
1994-10-19,0.0,277.522,283.99628,272.987,1.4004599e-05
1994-10-20,0.0,277.00064,282.0998,271.0241,8.863843e-06
1994-10-21,0.0,279.26443,280.99704,274.2847,5.6770077e-06
1994-10-22,2.7423307e-06,278.7251,280.75247,277.26425,7.125559e-06
1994-10-23,5.0922733e-07,280.35413,282.34232,277.97086,7.790893e-06
1994-10-24,4.9089435e-06,281.1703,282.08002,280.1574,5.78404e-06
1994-10-25,0.00046521446,282.19366,290.26105,277.8545,9.670164e-06
1994-10-26,0.0,283.38364,290.68057,276.02872,1.3873089e-05
1994-10-27,0.00010980633,281.5454,288.39758,277.8767,1.1211504e-05
1994-10-28,0.0,283.96194,288.14655,276.47983,8.3260375e-06
1994-10-29,0.00036096596,281.585,285.2596,280.3771,6.9444445e-06
1994-10-30,1.21714675e-05,282.281,286.8982,276.73047,6.7824926e-06
1994-10-31,0.0,284.64807,292.10464,277.56454,9.093403e-06
1994-11-01,0.0,285.23026,291.60516,279.17148,1.1722342e-05
1994-11-02,0.0,283.94708,286.8084,282.7861,8.101852e-06
1994-11-03,0.0,282.77646,285.61673,279.87225,5.787037e-06
1994-11-04,0.0,283.30905,287.21,279.3341,5.891256e-06
1994-11-05,0.0,282.92355,284.01947,281.89075,7.851416e-06
1994-11-06,0.0,279.28946,283.3798,277.3874,7.6168744e-06
1994-11-07,2.6784915e-06,278.37955,279.93216,277.2501,5.4546404e-06
1994-11-08,2.2085294e-05,281.57486,284.07462,277.98825,5.787037e-06
1994-11-09,0.0,280.7841,282.25864,279.73795,4.6296295e-06
1994-11-10,1.6646741e-06,284.06268,288.35654,280.69525,7.059275e-06
1994-11-11,0.00019786472,281.41257,284.17728,280.5207,4.9987857e-06
1994-11-12,0.00027893024,276.18988,280.79465,275.02255,5.640626e-06
1994-11-13,0.0,276.50458,277.57373,274.66525,4.6077466e-06
1994-11-14,0.0,279.6506,282.87912,277.06516,6.622412e-06
1994-11-15,0.0,282.26843,288.25937,278.2674,6.1569294e-06
1994-11-16,0.0,280.30356,286.10553,277.58026,4.0485334e-06
1994-11-17,4.4127235e-05,279.18436,284.57355,276.73975,5.2664377e-06
1994-11-18,2.5140023e-06,279.31995,282.35333,276.32098,4.6296295e-06
1994-11-19,0.0,278.01273,281.87195,275.80234,6.6321813e-06
1994-11-20,1.34081865e-05,278.33954,281.38858,275.70447,3.4722223e-06
1994-11-21,1.4061408e-06,279.75018,284.03537,274.77078,3.7274506e-06
1994-11-22,0.0,280.91043,283.44308,279.14804,5.326955e-06
1994-11-23,0.0,279.9734,286.51184,276.8096,6.16697e-06
1994-11-24,0.0,279.31668,284.50903,276.63074,4.3621853e-06
1994-11-25,0.0,279.8346,283.7079,274.98993,4.755833e-06
1994-11-26,0.0,278.65036,280.64365,278.48883,4.6238756e-06
1994-11-27,1.3947653e-06,278.2129,279.57434,276.74512,3.4722223e-06
1994-11-28,0.0,278.28616,283.17896,275.74335,4.6296295e-06
1994-11-29,0.0,275.35574,278.33026,272.02603,2.8169404e-06
1994-11-30,0.0,277.2061,280.24695,271.7181,3.8512917e-06
1994-12-01,0.0,273.38498,279.61737,270.93866,3.6488293e-06
1994-12-02,0.0,270.13028,273.65643,267.7644,2.7073922e-06
1994-12-03,0.0,270.45926,271.8727,268.46295,2.3148148e-06
1994-12-04,0.0,272.20184,273.64685,270.39142,2.3148148e-06
1994-12-05,0.0,278.22498,283.2592,272.65424,3.5801752e-06
1994-12-06,2.2724237e-06,276.7661,280.0916,272.28372,3.3339156e-06
1994-12-07,8.248248e-05,278.35767,282.835,274.05368,3.5911805e-06
1994-12-08,0.0,273.02448,276.93137,270.8512,2.3148148e-06
1994-12-09,0.0,274.73764,277.39392,272.23022,2.3148148e-06
1994-12-10,4.1153333e-05,275.69452,277.9044,274.31418,3.4722223e-06
1994-12-11,6.7680616e-05,277.14844,281.50018,272.80896,3.1924776e-06
1994-12-12,6.6319994e-06,278.53516,285.63477,274.11255,2.1269677e-06
1994-12-13,0.0,276.9875,281.84985,274.2675,4.211455e-06
1994-12-14,0.0,276.2107,282.565,273.09155,9.01521e-06
1994-12-15,0.0,272.66116,277.59155,270.81216,5.787037e-06
1994-12-16,0.0,271.87445,276.60962,266.69733,3.608046e-07
1994-12-17,0.0,272.5695,279.68713,269.62045,3.5614848e-06
1994-12-18,0.0,271.64368,276.81454,267.56964,1.1574074e-06
1994-12-19,0.0,272.19217,275.06815,269.20654,2.0960815e-06
1994-12-20,4.286969e-07,272.96027,274.2338,272.2379,2.3148148e-06
1994-12-21,0.00013957356,271.58084,272.75497,271.23752,2.0851562e-06
1994-12-22,0.00015112406,271.90045,272.74847,271.50635,2.8519603e-06
1994-12-23,2.1547829e-05,271.11096,272.79593,271.16217,4.3120813e-06
1994-12-24,1.0068432e-05,272.40765,273.0212,271.11176,3.0059357e-06
1994-12-25,4.1924617e-05,272.8179,274.45566,271.3531,2.1122014e-06
1994-12-26,0.0,272.72348,274.46408,271.8406,2.0656798e-06
1994-12-27,0.0,268.50104,273.73605,265.2121,2.1502302e-08
1994-12-28,0.0,274.45203,276.20258,267.3713,2.317373e-06
1994-12-29,2.2015986e-06,278.80374,281.57544,272.9566,3.4722223e-06
1994-12-30,0.0,281.31766,283.62933,279.6013,9.6674485e-06
1994-12-31,0.00014938961,275.30927,282.3544,272.97247,4.6206173e-06
1995-01-01,1.6305863e-06,274.0062,275.7015,271.86755,2.7114074e-06
1995-01-02,0.0,272.5776,278.6603,268.6427,4.6326268e-06
1995-01-03,0.0,272.02487,275.77206,267.07803,5.232315e-06
1995-01-04,0.0,270.00513,272.52954,268.76086,1.2161172e-05
1995-01-05,3.6898746e-06,269.89795,270.59476,268.18298,2.9970868e-06
1995-01-06,7.668111e-06,270.7699,271.683,269.0737,2.1352125e-06
1995-01-07,1.3093832e-07,269.55292,273.73392,266.7872,2.3148148e-06
1995-01-08,0.0,268.86066,271.03235,263.48236,2.3148148e-06
1995-01-09,0.0,267.798,272.81287,264.24182,1.1574074e-06
1995-01-10,0.0,272.12537,275.38406,264.3084,4.65733e-06
1995-01-11,0.0,273.40765,278.41052,267.99243,5.787037e-06
1995-01-12,0.0,272.77173,277.924,266.31522,4.501121e-06
1995-01-13,0.0,273.08383,276.1542,270.80646,1.200682e-05
1995-01-14,0.0,268.4782,273.03784,265.96457,5.4692973e-06
1995-01-15,0.0,269.616,273.2686,261.29315,2.7074932e-06
1995-01-16,0.0,272.6442,278.76648,269.16434,3.3881622e-06
1995-01-17,0.0,270.12787,275.5136,263.7755,3.4722223e-06
1995-01-18,0.0,268.48593,269.89816,267.1708,3.12881e-06
1995-01-19,4.121891e-06,269.96997,270.979,268.2059,2.3148148e-06
1995-01-20,9.010264e-05,269.92627,270.5425,267.65228,2.3148148e-06
1995-01-21,0.0,270.68155,271.65466,269.23096,2.3148148e-06
1995-01-22,1.3226134e-05,275.15793,278.63998,269.76508,5.2940813e-06
1995-01-23,0.0,282.06412,284.10675,277.79108,1.8886281e-05
1995-01-24,8.7711465e-05,275.38797,282.17838,273.19107,5.787037e-06
1995-01-25,2.2577444e-05,279.78662,283.2116,271.06732,1.4978667e-05
1995-01-26,0.0,283.07828,287.3087,274.931,1.538957e-05
1995-01-27,0.00010543229,277.2638,286.5689,275.28766,1.9377783e-05
1995-01-28,6.60626e-07,278.08026,280.4424,269.74536,1.5046296e-05
1995-01-29,9.994366e-06,278.1404,283.8702,273.0301,6.077151e-06
1995-01-30,0.0,280.78897,284.62805,274.578,1.2696631e-05
1995-01-31,0.0,274.73233,280.81787,272.0321,1.1311285e-05
1995-02-01,0.0,274.21973,281.79672,268.15228,6.3501584e-06
1995-02-02,0.0,275.39868,283.79758,270.2633,6.185999e-06
1995-02-03,0.0,275.56876,280.61087,272.14862,7.878458e-06
1995-02-04,0.0,273.671,278.92038,270.2165,5.3774697e-06
1995-02-05,0.0,275.36432,280.78906,271.812,8.519656e-06
1995-02-06,6.240297e-06,276.68512,284.98444,272.3119,8.237806e-06
1995-02-07,0.0,280.84064,290.42862,273.1764,1.370618e-05
1995-02-08,0.0,280.42105,287.25104,275.02274,1.0272657e-05
1995-02-09,0.0,277.88348,283.60266,273.9324,8.3754485e-06
1995-02-10,1.1568993e-08,274.3455,277.75894,273.10287,7.992901e-06
1995-02-11,0.0,278.5964,283.38855,270.95404,8.614118e-06
1995-02-12,0.0,281.66864,288.32715,273.64203,1.6548061e-05
1995-02-13,0.0,280.93082,287.6618,273.48184,1.5369551e-05
1995-02-14,3.9481605e-05,280.51318,282.49127,279.46298,5.7895954e-06
1995-02-15,8.75051e-05,280.67444,285.77866,273.74152,1.1769341e-05
1995-02-16,0.0,277.27136,282.05127,276.22006,5.9284243e-06
1995-02-17,7.834239e-05,279.835,285.93384,271.49677,1.6074919e-05
1995-02-18,1.3991403e-05,277.97525,282.29535,276.85886,6.5997124e-06
1995-02-19,0.00015892768,277.13748,283.78885,273.00916,1.4760433e-05
1995-02-20,0.0,280.29187,286.8298,272.4967,1.3169957e-05
1995-02-21,0.0,281.04025,287.50745,274.3829,1.7506041e-05
1995-02-22,0.0,277.3867,282.14297,274.10107,8.872115e-06
1995-02-23,1.3562118e-09,278.03687,283.81378,275.35022,1.6511047e-05
1995-02-24,0.00017605556,277.5872,280.47238,273.768,6.814328e-06
1995-02-25,9.685599e-06,281.27588,286.343,274.52054,1.666412e-05
1995-02-26,0.0,275.5019,282.58878,273.21362,7.284977e-06
1995-02-27,0.00044805836,277.10104,281.60294,273.58887,1.1552192e-05
1995-02-28,4.806111e-06,276.94238,283.7689,270.93622,1.519387e-05
1995-03-01,0.0,280.772,286.82394,271.93185,2.4449431e-05
1995-03-02,0.0,277.28534,282.91226,275.86908,8.564941e-06
1995-03-03,0.000453067,278.28278,282.09985,275.23218,9.335765e-06
1995-03-04,1.2457999e-05,276.27405,279.76138,273.51688,6.5178733e-06
1995-03-05,0.0003119658,276.9572,281.39755,273.84836,1.2683985e-05
1995-03-06,0.0,276.29178,279.95416,273.2432,8.58203e-06
1995-03-07,2.5200045e-05,277.48312,280.69217,274.49048,1.689515e-05
1995-03-08,8.741817e-08,277.69522,283.59018,271.19598,2.0318552e-05
1995-03-09,0.0,278.78973,282.61792,276.5873,1.2295565e-05
1995-03-10,2.5181603e-08,277.59174,284.63675,273.91092,1.7887063e-05
1995-03-11,0.0,278.28967,285.25555,271.64087,1.7131953e-05
1995-03-12,0.0,279.31628,285.93933,273.52182,1.860974e-05
1995-03-13,0.0,277.6456,281.66946,274.32062,1.3103046e-05
1995-03-14,1.6320171e-05,273.7583,278.00266,272.57108,1.3301385e-05
1995-03-15,6.5209797e-06,273.62787,276.79236,270.89682,1.0407654e-05
1995-03-16,5.279091e-06,274.04312,275.5448,272.34164,6.9444445e-06
1995-03-17,8.102357e-05,277.8608,283.2775,270.97763,1.970783e-05
1995-03-18,0.0,283.0211,288.67868,277.1982,2.6102874e-05
1995-03-19,0.0,284.73984,289.67096,280.87155,2.7777776e-05
1995-03-20,0.00015994164,275.90317,284.55417,274.22864,1.3344889e-05
1995-03-21,1.877617e-05,275.9129,281.6716,271.76575,1.9829873e-05
1995-03-22,6.415592e-08,276.12866,280.80872,272.06937,2.1729056e-05
1995-03-23,0.0,277.75244,281.4542,272.9703,1.24777525e-05
1995-03-24,2.2336824e-06,281.2157,288.4217,275.4729,2.4530991e-05
1995-03-25,0.0,284.58194,292.70828,274.4898,2.9760618e-05
1995-03-26,1.407403e-06,280.91272,284.92798,279.30283,1.8127746e-05
1995-03-27,1.1514744e-08,284.22342,288.7338,278.32236,3.0947645e-05
1995-03-28,0.00020625218,274.72705,282.97278,272.7361,2.8951274e-05
1995-03-29,0.0,277.37393,282.24878,271.02917,2.6379003e-05
1995-03-30,9.704664e-06,275.92844,279.57098,273.93866,2.89521e-05
1995-03-31,0.0,276.29855,280.88272,272.25394,2.5571082e-05
1995-04-01,0.0,278.73257,282.1193,272.76767,1.3013108e-05
1995-04-02,0.0,282.8005,290.01807,277.49637,2.019191e-05
1995-04-03,0.0,289.493,297.3236,279.84674,4.4344062e-05
1995-04-04,0.0,289.16528,297.4279,280.38867,4.197606e-05
1995-04-05,0.0,282.67734,288.97205,281.3335,1.9990093e-05
1995-04-06,6.255849e-08,286.4695,292.82922,278.20096,2.6626129e-05
1995-04-07,0.0,287.69452,294.66687,279.85745,3.25066e-05
1995-04-08,0.0,282.00574,288.48386,277.71786,4.2659278e-05
1995-04-09,0.0,277.5502,282.64215,272.92798,3.1705295e-05
1995-04-10,0.0,279.4863,284.27188,273.3001,1.96271e-05
1995-04-11,0.0,278.41113,283.87152,276.80106,1.5814663e-05
1995-04-12,6.081649e-06,280.12317,284.17938,275.21472,3.0212186e-05
1995-04-13,1.3600718e-06,278.34207,282.336,277.31064,1.939171e-05
1995-04-14,1.1506025e-06,276.808,281.72516,272.70044,1.7690045e-05
1995-04-15,3.340669e-05,277.3763,281.5866,273.47632,1.7036491e-05
1995-04-16,7.6697194e-07,280.50775,283.48715,276.13556,1.807519e-05
1995-04-17,0.0,281.30713,288.02756,276.98288,3.7369628e-05
1995-04-18,0.0,285.6642,291.0107,275.88837,3.4471068e-05
1995-04-19,0.0,286.33038,292.71893,277.03503,4.3928147e-05
1995-04-20,0.0,288.22513,294.2723,282.4524,4.406104e-05
1995-04-21,0.0,288.7872,295.84995,279.45688,4.0635845e-05
1995-04-22,0.0,290.0534,298.9472,279.33167,4.81715e-05
1995-04-23,0.0,291.86624,299.52484,280.80347,5.132722e-05
1995-04-24,0.0,288.91882,296.00766,282.07846,3.9875104e-05
1995-04-25,0.00021733939,284.62848,288.77274,282.9781,2.6549962e-05
1995-04-26,6.4152264e-05,284.43796,288.32123,281.1039,2.4413712e-05
1995-04-27,4.1872954e-06,286.22766,291.56952,280.67654,2.6222104e-05
1995-04-28,1.3865854e-06,287.23785,293.50067,279.08493,3.5078356e-05
1995-04-29,4.058644e-06,287.9204,293.59186,281.43518,3.9493236e-05
1995-04-30,0.0,288.6565,295.36172,281.801,4.6025863e-05
1995-05-01,5.4756074e-05,288.20776,293.24066,284.6737,3.0117728e-05
1995-05-02,4.0377297e-05,284.5594,289.6043,282.3354,4.9153437e-05
1995-05-03,1.4134316e-06,282.3211,288.8194,277.01416,4.2630363e-05
1995-05-04,0.0,285.0032,292.46683,275.0916,4.3092492e-05
1995-05-05,0.0,287.91724,294.65576,281.68585,5.163205e-05
1995-05-06,0.0,288.7229,297.34683,279.9631,4.284133e-05
1995-05-07,5.6062213e-06,290.88034,299.45276,282.3758,4.7101e-05
1995-05-08,2.255701e-06,290.39774,298.0002,281.7565,3.8050002e-05
1995-05-09,8.669682e-06,288.35953,294.19254,284.5219,2.9749557e-05
1995-05-10,8.849253e-05,285.4618,288.11627,283.49496,2.4245457e-05
1995-05-11,1.354658e-05,285.61862,288.15683,280.66232,2.4334387e-05
1995-05-12,9.329156e-06,286.6623,289.36786,284.35727,1.6001972e-05
1995-05-13,0.00025074038,287.24658,290.98712,284.9571,2.5020763e-05
1995-05-14,1.1924283e-05,284.3989,288.8773,282.37186,3.4184493e-05
1995-05-15,0.0,282.99283,287.96057,279.0668,3.644945e-05
1995-05-16,0.0,286.49435,293.199,275.67096,4.9877155e-05
1995-05-17,2.5116938e-06,285.33163,286.95514,284.2381,1.8776802e-05
1995-05-18,0.000111987894,287.89996,293.23834,280.98517,3.5077654e-05
1995-05-19,6.782374e-05,284.97037,288.9689,283.99097,2.2848479e-05
1995-05-20,7.470905e-05,283.5541,285.8878,281.89322,2.7860067e-05
1995-05-21,0.00021511648,283.5168,285.81522,280.73965,1.7635304e-05
1995-05-22,4.841535e-05,285.10834,289.53146,282.39868,3.1299835e-05
1995-05-23,0.0,287.965,294.35,277.81235,4.7575144e-05
1995-05-24,0.0,291.3514,297.7224,280.95538,5.0254777e-05
1995-05-25,0.0,292.6264,298.38785,283.05087,5.1734023e-05
1995-05-26,0.0,293.3816,299.2556,282.9462,5.409522e-05
1995-05-27,0.0,295.0353,300.68906,285.97882,5.978419e-05
1995-05-28,0.0,293.528,298.88342,286.39755,4.8044843e-05
1995-05-29,2.2175162e-05,294.89166,300.8138,287.9353,5.5685905e-05
1995-05-30,2.1860622e-08,293.1283,300.85007,287.23373,5.046867e-05
1995-05-31,8.134263e-05,291.14566,298.807,287.28586,4.438737e-05
1995-06-01,0.00016970537,288.17694,291.31824,286.77036,2.3230592e-05
1995-06-02,7.7627694e-05,288.68594,293.51843,282.74524,4.641404e-05
1995-06-03,2.1142252e-05,289.45602,294.32135,283.71027,4.6558183e-05
1995-06-04,2.2439829e-06,289.0982,296.01407,284.24603,4.9574624e-05
1995-06-05,0.0001037234,289.0859,293.98312,285.41827,3.066329e-05
1995-06-06,0.00021692946,287.95447,292.67825,285.15454,2.9724393e-05
1995-06-07,0.00010702188,288.7559,292.5737,285.47226,2.7170094e-05
1995-06-08,2.425684e-05,292.0478,297.24786,284.60034,5.2779094e-05
1995-06-09,0.0,292.00558,298.45215,287.07956,5.1851363e-05
1995-06-10,5.879605e-05,291.15878,296.22705,285.70438,4.1849435e-05
1995-06-11,1.5085366e-06,290.17947,294.9239,288.53036,2.6448424e-05
1995-06-12,3.2617296e-05,288.45322,293.14368,287.58246,2.6881991e-05
1995-06-13,2.9803025e-05,289.35562,295.6354,283.15448,4.8821537e-05
1995-06-14,4.304169e-05,288.89813,294.4407,282.9246,4.0159233e-05
1995-06-15,1.0242909e-05,288.74896,292.6458,285.5614,3.7849477e-05
1995-06-16,4.3341806e-05,290.2163,294.5344,284.4839,4.1189098e-05
1995-06-17,2.6553314e-05,290.45566,296.424,286.4187,4.984445e-05
1995-06-18,3.122032e-08,291.68948,296.37805,284.45782,3.626898e-05
1995-06-19,0.0,293.5918,298.7659,286.0197,5.163299e-05
1995-06-20,0.0,294.94293,300.17523,286.09415,5.3894804e-05
1995-06-21,0.0,294.88626,302.3252,287.77225,5.7818615e-05
1995-06-22,6.2204315e-05,289.33218,294.53354,287.4357,2.051938e-05
1995-06-23,0.00021934172,286.5082,288.6596,283.456,2.5155614e-05
1995-06-24,1.1160918e-05,285.6951,286.96255,284.4357,1.6763024e-05
1995-06-25,7.3872325e-05,287.25565,290.9496,284.57303,2.0623283e-05
1995-06-26,0.000114357776,290.58813,295.8988,286.04633,3.9195547e-05
1995-06-27,3.4192864e-05,292.76035,297.12094,288.24084,3.8793543e-05
1995-06-28,1.7432548e-06,293.16452,298.91672,289.6028,6.826571e-05
1995-06-29,0.0,292.61475,298.15082,287.10242,6.150976e-05
1995-06-30,0.0,294.8021,301.71548,286.8991,6.227538e-05
1995-07-01,0.0,296.60706,302.38968,287.95865,6.453729e-05
1995-07-02,0.0,294.39728,301.8292,290.4111,4.1364885e-05
1995-07-03,5.3047603e-05,296.20224,303.01962,290.3964,6.0716593e-05
1995-07-04,3.1691436e-06,294.2907,299.7371,288.4524,5.2821782e-05
1995-07-05,1.4190649e-05,292.83228,296.31247,289.50693,3.3034103e-05
1995-07-06,0.00031229184,290.56122,293.7964,289.08942,2.5747835e-05
1995-07-07,1.2202075e-05,293.01794,298.2451,285.26608,5.6080025e-05
1995-07-08,0.0,294.3844,301.09903,287.97873,5.5116132e-05
1995-07-09,0.0,295.93033,302.13647,288.18527,6.1250495e-05
1995-07-10,0.0,295.40472,302.36636,288.5914,5.610947e-05
1995-07-11,0.0,295.9945,302.52182,288.4747,5.6328005e-05
1995-07-12,0.0,296.91916,302.8475,288.64917,5.0834595e-05
1995-07-13,0.0,297.21854,303.53967,290.56223,5.675358e-05
1995-07-14,8.722193e-06,296.0395,303.665,291.23218,5.1484316e-05
1995-07-15,5.78001e-06,293.99213,300.3471,290.41415,4.46062e-05
1995-07-16,4.4068987e-05,295.89493,302.27203,290.47052,6.3743755e-05
1995-07-17,0.00013006032,292.77774,296.51193,290.31683,2.4392864e-05
1995-07-18,0.0,294.52905,300.38986,287.97476,4.6463938e-05
1995-07-19,3.2083087e-06,295.57462,300.88452,290.87143,4.702924e-05
1995-07-20,0.0,295.99557,301.87915,290.86716,5.879812e-05
1995-07-21,0.0,296.7256,302.5752,289.3627,5.7705518e-05
1995-07-22,0.0,296.6353,303.49777,289.75342,6.0466635e-05
1995-07-23,0.0,295.55362,302.56882,290.90515,5.6180757e-05
1995-07-24,1.1039956e-05,294.37714,300.45935,288.92938,5.601948e-05
1995-07-25,0.0,293.69498,301.8123,286.57584,5.813305e-05
1995-07-26,0.0,295.20505,302.496,286.3487,5.9338836e-05
1995-07-27,0.0,297.1731,303.51245,288.99243,5.197136e-05
1995-07-28,1.0829893e-05,295.06927,298.1335,292.82898,3.2833308e-05
1995-07-29,0.00015127937,291.47195,294.7719,290.36575,2.0086129e-05
1995-07-30,4.1246687e-05,294.25912,300.83627,289.95062,5.642433e-05
1995-07-31,0.0,295.53406,302.42322,287.8109,5.8660993e-05
1995-08-01,2.4523365e-06,296.08362,303.32913,289.14584,5.2731535e-05
1995-08-02,5.875298e-06,293.04337,298.6983,289.382,3.6647987e-05
1995-08-03,1.2910037e-05,293.42517,299.77863,286.55566,5.4341024e-05
1995-08-04,2.8419151e-06,293.99048,301.3579,287.73962,5.420732e-05
1995-08-05,4.954841e-07,294.3615,301.53455,288.13336,4.8169288e-05
1995-08-06,0.0,295.10806,301.18112,288.11804,4.646703e-05
1995-08-07,1.2743492e-06,295.32605,302.1555,291.22296,4.656628e-05
1995-08-08,2.846332e-05,294.2246,301.06512,289.0125,4.1418843e-05
1995-08-09,0.00011524647,289.75378,292.1809,289.03558,1.7129136e-05
1995-08-10,0.000112219735,291.77835,297.8048,288.14282,4.8337235e-05
1995-08-11,1.4922472e-06,292.7655,300.74527,284.69357,5.1908355e-05
1995-08-12,0.0,292.05743,299.61975,286.22357,4.9638402e-05
1995-08-13,0.0,291.63568,300.16925,284.29367,5.1671414e-05
1995-08-14,0.0,293.4374,301.2739,283.65512,5.3788754e-05
1995-08-15,0.0,291.7412,296.60983,287.19186,2.866779e-05
1995-08-16,2.980012e-07,290.2366,294.7336,285.4776,2.8655746e-05
1995-08-17,3.0155786e-06,290.32037,295.11337,283.97232,2.586778e-05
1995-08-18,1.6187103e-06,293.81436,299.5263,286.26907,3.888085e-05
1995-08-19,2.7189077e-05,291.45297,296.30768,289.1496,2.5177922e-05
1995-08-20,0.0002529484,291.57986,295.91263,288.53317,2.6036412e-05
1995-08-21,2.0760763e-05,291.2697,293.7559,287.96744,1.8476563e-05
1995-08-22,5.635887e-05,293.72955,300.01294,288.3565,4.0331284e-05
1995-08-23,1.5030401e-09,293.9376,300.6205,288.52798,4.370883e-05
1995-08-24,0.0,293.72385,300.99054,287.77087,4.465724e-05
1995-08-25,3.8449876e-08,293.3142,300.05008,289.744,3.413508e-05
1995-08-26,2.5658768e-05,293.28534,299.46484,290.50165,4.3086744e-05
1995-08-27,7.844244e-06,290.6263,297.69528,284.97958,3.5329304e-05
1995-08-28,4.5126333e-05,284.11203,289.9102,282.89075,1.026495e-05
1995-08-29,0.00064152875,285.81305,290.98468,277.8972,2.9449966e-05
1995-08-30,2.0367774e-07,284.04608,290.4555,281.92606,3.090791e-05
1995-08-31,3.8255385e-07,284.4781,291.1191,278.3691,3.2347554e-05
1995-09-01,9.192722e-06,284.15863,288.26776,279.70132,1.4223809e-05
1995-09-02,1.8212688e-05,287.0008,290.04337,284.34445,1.5012718e-05
1995-09-03,1.2808277e-05,289.05865,294.71808,285.24997,2.7769272e-05
1995-09-04,0.00011695375,286.75244,291.7459,285.05643,2.535962e-05
1995-09-05,7.4061696e-05,286.52167,293.58813,278.97278,3.1355434e-05
1995-09-06,0.0,287.97916,294.80676,282.94632,2.8796614e-05
1995-09-07,2.0316677e-06,289.89398,296.62155,281.31,3.5906876e-05
1995-09-08,2.238961e-06,289.2111,295.708,285.7461,1.7426453e-05
1995-09-09,0.00020893106,290.2811,296.03085,286.94925,2.837767e-05
1995-09-10,1.9750667e-06,288.69843,295.2429,283.13922,3.5589463e-05
1995-09-11,0.0,289.5358,297.44818,282.1629,3.559747e-05
1995-09-12,0.0,291.42258,298.04868,283.98337,3.4722223e-05
1995-09-13,0.0,290.6656,296.85928,285.80554,2.3374467e-05
1995-09-14,3.6401718e-05,289.05502,291.90015,287.67874,1.2025611e-05
1995-09-15,0.0005307483,286.3936,288.3791,285.26306,1.1924284e-05
1995-09-16,9.750322e-05,288.5591,294.13684,284.59232,2.5538684e-05
1995-09-17,2.6319729e-08,287.4026,293.00635,283.4349,1.9483594e-05
1995-09-18,0.0,288.31598,294.21432,284.10696,2.4669036e-05
1995-09-19,0.0,288.7972,291.1272,284.43222,1.3967797e-05
1995-09-20,0.00019499277,290.3728,296.00372,286.23187,3.5194676e-05
1995-09-21,0.0,288.67117,294.43933,284.23813,2.9469391e-05
1995-09-22,3.3779106e-08,286.26395,291.38284,284.4429,2.0397572e-05
1995-09-23,1.2668811e-07,285.2772,290.6095,283.2564,1.8875968e-05
1995-09-24,0.0,284.65002,292.15967,280.37857,2.3724446e-05
1995-09-25,0.0,285.06317,292.278,279.42514,1.976084e-05
1995-09-26,0.0,285.93903,293.07748,279.42566,2.0932011e-05
1995-09-27,0.0,288.3571,294.5078,281.17346,2.3795832e-05
1995-09-28,3.2492987e-06,282.9641,288.75934,281.61954,1.0060924e-05
1995-09-29,0.00018362064,280.5382,287.02283,277.73413,1.596559e-05
1995-09-30,1.147754e-05,280.76456,288.61722,273.936,2.0455776e-05
1995-10-01,0.0,281.2383,285.03778,276.11356,1.1574074e-05
1995-10-02,1.8833923e-06,285.8639,294.349,278.62595,2.0807789e-05
1995-10-03,0.0,285.80676,292.6844,278.12738,1.7775448e-05
1995-10-04,0.0,287.61017,294.13486,282.17484,1.7440045e-05
1995-10-05,0.0,289.34155,296.8124,282.1216,2.2975013e-05
1995-10-06,0.0,287.301,292.83792,282.7187,1.4790082e-05
1995-10-07,0.0,287.83463,292.21744,283.54318,1.3891447e-05
1995-10-08,0.0,289.52606,295.8013,284.28793,1.6384944e-05
1995-10-09,0.0,288.9338,295.10678,285.22202,1.7227461e-05
1995-10-10,0.0,287.14255,293.3506,284.7614,1.2320566e-05
1995-10-11,0.0,287.39557,294.8392,281.68,1.6203703e-05
1995-10-12,0.0,287.30823,294.6652,281.78168,1.5030531e-05
1995-10-13,0.0,286.07977,294.77142,279.77716,1.4924642e-05
1995-10-14,0.0,284.72028,288.66315,280.60806,9.581292e-06
1995-10-15,0.0,286.46375,288.3597,283.55,9.14864e-06
1995-10-16,0.0,285.38995,291.18628,282.79117,1.3887709e-05
1995-10-17,0.0,286.4888,290.03516,281.43082,9.925965e-06
1995-10-18,0.0,284.65927,292.42963,278.49927,1.3901184e-05
1995-10-19,0.0,286.01883,293.8508,279.70657,1.2738306e-05
1995-10-20,0.0,285.55255,293.4728,279.6592,1.1965738e-05
1995-10-21,0.0,282.9598,287.31458,279.45035,1.2016291e-05
1995-10-22,1.8071838e-06,279.15527,285.29443,275.54068,1.2762462e-05
1995-10-23,0.0,277.26605,285.96982,271.53897,9.3995395e-06
1995-10-24,0.0,276.7428,284.63495,270.6364,1.1111111e-05
1995-10-25,0.0,276.85397,285.4393,270.40652,8.47259e-06
1995-10-26,0.0,279.20105,288.48422,271.3056,1.0452303e-05
1995-10-27,0.0,276.98187,284.47006,272.26172,6.441956e-06
1995-10-28,0.0,280.52393,284.65027,273.94037,5.787037e-06
1995-10-29,4.6501673e-06,281.84448,287.11313,278.01315,7.87862e-06
1995-10-30,1.7461197e-08,282.16797,284.23886,278.08957,5.7900343e-06
1995-10-31,4.451649e-06,282.90533,285.9625,280.65274,5.787037e-06
1995-11-01,4.5075312e-06,282.93546,288.78748,277.76688,9.301022e-06
1995-11-02,8.210868e-05,279.04303,283.04495,277.04715,9.218969e-06
1995-11-03,3.9627425e-06,278.04343,285.3503,271.993,1.0416667e-05
1995-11-04,1.2699197e-06,276.66153,281.031,274.8181,2.2353757e-05
1995-11-05,0.0,275.5147,278.04114,272.46286,1.5744457e-05
1995-11-06,2.3737919e-06,276.14047,278.25278,272.89462,1.6258608e-05
1995-11-07,0.0,279.2154,283.99835,276.73648,2.1594878e-05
1995-11-08,8.6351355e-07,275.8291,278.84326,274.71863,6.187408e-06
1995-11-09,5.151897e-07,275.47028,277.94492,271.4027,5.6705726e-06
1995-11-10,0.0,274.77814,277.04727,270.5895,3.898159e-06
1995-11-11,0.0,277.24786,283.3171,274.26752,4.4610842e-06
1995-11-12,0.0,276.3141,278.17126,273.997,3.3065753e-06
1995-11-13,7.7846614e-08,277.71094,278.1173,276.66547,4.5634783e-06
1995-11-14,6.4572e-06,278.84033,279.61166,278.07944,4.6296295e-06
1995-11-15,1.9913027e-06,280.46643,285.6315,277.55246,6.9444445e-06
1995-11-16,0.0,285.0421,288.3637,276.9703,1.2731482e-05
1995-11-17,0.0,283.43497,288.23032,281.54938,8.355077e-06
1995-11-18,0.0002755531,275.04398,282.69034,274.17526,1.599224e-05
1995-11-19,3.57131e-07,273.52188,276.52405,269.0329,5.3223434e-06
1995-11-20,0.0,274.36612,277.84955,270.4469,1.4347764e-05
1995-11-21,0.0,271.3544,276.63913,268.9113,3.4722223e-06
1995-11-22,0.0,270.09262,276.18195,265.55185,2.3150596e-06
1995-11-23,0.0,270.92352,273.03943,265.88385,2.8382815e-06
1995-11-24,0.0,273.0018,277.92136,270.80304,4.3063096e-06
1995-11-25,0.0,270.64352,271.66693,270.36447,3.0728459e-06
1995-11-26,0.0,272.3159,275.61606,271.0359,3.4632099e-06
1995-11-27,0.0,275.0974,278.938,270.7881,4.6296295e-06
1995-11-28,0.0,275.8913,278.6665,271.3596,3.4722223e-06
1995-11-29,2.2067567e-05,277.31613,278.404,276.2683,4.154049e-06
1995-11-30,4.172571e-06,275.62762,277.57007,275.17987,3.4722223e-06
1995-12-01,1.1406241e-05,274.58838,275.96436,273.3174,4.4065887e-06
1995-12-02,4.7053572e-06,276.04025,277.20956,274.68854,4.3064915e-06
1995-12-03,0.0,274.8545,276.2561,274.35638,3.7762197e-06
1995-12-04,4.2837137e-06,273.35245,274.9753,272.108,3.4637162e-06
1995-12-05,5.8614998e-05,271.91406,272.7363,270.77094,2.1753522e-06
1995-12-06,7.177912e-05,271.6006,272.8114,271.05646,1.9471233e-06
1995-12-07,0.0001521828,272.82748,273.96817,271.63382,2.3148148e-06
1995-12-08,5.8442038e-05,272.11832,273.10565,270.23523,1.9292702e-06
1995-12-09,0.0,271.92035,272.76862,270.8785,1.1766044e-06
1995-12-10,0.0,271.4189,272.74268,270.55573,2.304838e-06
1995-12-11,0.0,271.98816,272.96857,271.17215,2.3148148e-06
1995-12-12,4.2823012e-06,272.87497,275.6913,270.64835,2.1322721e-06
1995-12-13,2.3287814e-05,271.04327,272.5796,270.62042,2.2063573e-06
1995-12-14,0.000222059,272.99966,274.01758,270.57654,1.8621103e-06
1995-12-15,2.8406233e-05,273.37564,274.2743,272.52805,2.3148148e-06
1995-12-16,0.0,273.03812,273.93454,272.89813,2.3148148e-06
1995-12-17,3.4043012e-08,273.28085,274.34982,272.95535,2.0865411e-06
1995-12-18,0.0,273.63995,274.50018,273.19037,2.3148148e-06
1995-12-19,6.7485075e-07,274.26047,275.61636,273.15906,2.3148148e-06
1995-12-20,0.0,273.0191,275.34338,272.10345,2.0830214e-06
1995-12-21,0.0,272.61398,274.25073,271.15945,5.961456e-06
1995-12-22,2.0646692e-06,277.23172,282.44595,270.4735,3.6666925e-06
1995-12-23,0.0,282.88132,285.20523,279.70782,9.634065e-06
1995-12-24,2.0899608e-06,283.40994,285.9578,277.31152,9.029813e-06
1995-12-25,0.0,276.7271,283.74298,274.7984,3.4722223e-06
1995-12-26,2.1488765e-06,274.2383,276.8595,272.81155,3.4648247e-06
1995-12-27,0.0002553398,271.10986,273.63025,269.72394,3.3765582e-06
1995-12-28,2.5563318e-06,261.9551,270.22977,257.5283,1.1574074e-06
1995-12-29,8.9472735e-08,264.36826,266.2085,254.85097,1.1349765e-06
1995-12-30,1.7101536e-06,266.3066,267.52325,265.27637,2.2015342e-06
1995-12-31,4.3653295e-06,269.05835,269.33478,265.8136,2.3148148e-06
1996-01-01,0.00019692605,272.96674,274.48267,269.28955,2.3063087e-06
1996-01-02,3.4869783e-05,271.12436,273.51608,271.33722,2.3148148e-06
1996-01-03,9.1693255e-06,270.1079,271.6702,267.6256,2.086866e-06
1996-01-04,0.0,268.65698,271.33517,264.2789,1.6768096e-06
1996-01-05,0.0,267.71606,271.2877,265.41223,3.1824784e-06
1996-01-06,0.0,267.92978,270.15433,264.64877,2.3148148e-06
1996-01-07,1.11332865e-05,270.35294,271.60056,267.1603,2.3148148e-06
1996-01-08,6.7223846e-05,273.53467,274.46628,270.8916,2.3148148e-06
1996-01-09,0.0002606205,274.18436,274.79404,274.00354,2.3148148e-06
1996-01-10,4.0162495e-06,276.74472,278.50516,273.6275,2.3148148e-06
1996-01-11,0.0,280.15292,282.76093,276.17526,4.4382796e-06
1996-01-12,0.0,279.22937,284.72018,275.826,4.679928e-06
1996-01-13,0.0,274.64584,278.96423,272.79825,2.3246394e-06
1996-01-14,1.3300338e-06,273.03174,274.95023,271.09613,2.3148148e-06
1996-01-15,0.0,272.86148,275.80917,270.55334,3.3215767e-06
1996-01-16,0.0,269.20032,271.8535,267.65588,2.3148148e-06
1996-01-17,0.0,268.60464,271.46307,266.85944,2.9447988e-06
1996-01-18,0.0,268.52112,269.9967,266.3051,2.3148148e-06
1996-01-19,0.0,270.3787,270.9221,268.88962,3.4696386e-06
1996-01-20,2.6198493e-06,270.4919,271.79886,269.86295,3.0620183e-06
1996-01-21,1.0268762e-05,271.02066,272.0285,269.4952,2.7299673e-06
1996-01-22,3.977722e-07,270.87076,272.25284,270.37085,2.708849e-06
1996-01-23,0.0,268.87646,270.9444,267.18365,2.3148148e-06
1996-01-24,2.9956169e-05,268.69583,270.10538,267.9852,2.3148148e-06
1996-01-25,0.00010329287,267.10114,267.6669,266.6697,2.3166847e-06
1996-01-26,4.5348506e-06,267.48135,269.16583,266.2798,2.3148148e-06
1996-01-27,1.2374829e-05,270.76505,271.73007,268.31006,2.3148148e-06
1996-01-28,4.2127944e-05,270.38922,271.7887,270.1568,2.614936e-06
1996-01-29,2.3338919e-07,271.53238,272.50348,269.4402,2.293487e-06
1996-01-30,2.8347793e-06,270.57462,272.75803,267.78668,5.328025e-06
1996-01-31,0.0,266.17657,273.12485,261.31943,3.4667196e-06
1996-02-01,0.0,263.333,270.0881,256.09842,2.3148148e-06
1996-02-02,0.0,267.29285,274.55136,256.34918,3.4688665e-06
1996-02-03,0.0,272.01645,275.5663,269.60254,3.4722223e-06
1996-02-04,0.00018142188,272.5844,274.1192,271.43445,3.3560534e-06
1996-02-05,2.4317824e-05,267.01788,272.7219,263.40625,4.7487792e-06
1996-02-06,0.0,265.87067,269.3146,258.4412,2.1913258e-06
1996-02-07,0.0,267.8583,270.82907,265.35995,3.4700915e-06
1996-02-08,2.5455613e-06,269.1228,270.35706,266.7683,3.49524e-06
1996-02-09,1.2170791e-05,264.88998,272.86023,261.39688,4.223615e-06
1996-02-10,0.0,262.23877,267.84662,253.82697,2.5723295e-06
1996-02-11,0.0,267.29895,271.9979,264.40646,4.4021367e-06
1996-02-12,0.0,269.22327,272.42175,263.30908,3.829869e-06
1996-02-13,0.0,272.3328,273.671,268.66718,3.4722223e-06
1996-02-14,6.0161226e-05,272.8962,276.76947,270.722,4.0107693e-06
1996-02-15,0.0,270.59665,275.7547,268.4865,6.627672e-06
1996-02-16,0.0,271.04044,276.9543,259.97797,6.4627156e-06
1996-02-17,0.0,274.2771,280.27567,270.17908,8.101852e-06
1996-02-18,0.0,275.99222,280.77054,266.26184,1.1574074e-05
1996-02-19,0.0,276.24072,280.66144,273.82407,7.083885e-06
1996-02-20,0.0001421629,272.6527,275.55557,270.89658,4.7634053e-06
1996-02-21,0.0,271.44308,274.5888,267.42346,7.6240644e-06
1996-02-22,0.0,270.37674,273.7916,269.25018,7.015336e-06
1996-02-23,0.0,267.5538,272.51498,262.93698,5.8372293e-06
1996-02-24,0.0,268.06476,274.3542,261.2054,6.9444445e-06
1996-02-25,0.0,270.0592,277.3473,262.3508,6.9895113e-06
1996-02-26,0.0,273.2534,280.65363,266.51965,1.0223347e-05
1996-02-27,0.0,272.27502,278.60065,269.1446,8.113636e-06
1996-02-28,0.0,272.37006,277.9682,267.5337,7.103688e-06
1996-02-29,0.0,271.50943,278.86026,265.43768,7.9198335e-06
1996-03-01,0.0,273.5938,275.73944,268.98843,9.3699e-06
1996-03-02,1.14619716e-07,272.25137,275.8999,267.3985,9.915923e-06
1996-03-03,1.2667174e-06,270.54514,274.3525,268.06528,8.101852e-06
1996-03-04,1.5808247e-06,268.48358,273.1613,265.63156,6.719623e-06
1996-03-05,0.0,270.27393,276.98178,263.66226,8.175971e-06
1996-03-06,0.0,274.50125,278.6562,270.4103,9.329288e-06
1996-03-07,0.0,274.4207,277.70593,273.91058,9.170081e-06
1996-03-08,3.3268893e-07,273.09186,276.90103,270.39813,1.0902811e-05
1996-03-09,0.0,272.4056,276.4968,268.02655,8.761927e-06
1996-03-10,0.0,271.9944,276.6011,267.43326,1.3621565e-05
1996-03-11,0.0,271.51926,273.76636,267.74908,1.0222738e-05
1996-03-12,2.6034286e-06,270.7677,272.65088,270.06372,6.016763e-06
1996-03-13,7.786113e-05,273.07208,275.50644,271.05933,6.9444445e-06
1996-03-14,1.3135474e-05,275.13956,281.49612,269.1165,1.0557239e-05
1996-03-15,0.0,275.25714,277.1565,271.35052,7.977697e-06
1996-03-16,0.0,275.44916,276.3571,274.6516,8.08057e-06
1996-03-17,2.4995516e-06,277.61752,280.5402,274.8926,1.1181993e-05
1996-03-18,4.9145074e-06,277.3115,279.9816,276.24805,8.740385e-06
1996-03-19,0.0,276.27585,281.40878,274.0472,1.617009e-05
1996-03-20,0.0,276.27734,283.21942,269.9533,1.9624431e-05
1996-03-21,0.0,278.55557,284.56476,271.08597,2.0903059e-05
1996-03-22,0.0,275.93887,279.5638,273.33926,1.2038807e-05
1996-03-23,2.8727904e-06,278.4907,283.24316,273.43237,1.386367e-05
1996-03-24,0.0,281.41293,287.02756,274.42697,1.7224298e-05
1996-03-25,0.0,280.59088,284.09387,279.6403,1.6036922e-05
1996-03-26,0.0,280.98764,285.98453,276.9158,1.7367893e-05
1996-03-27,0.0,276.3365,281.49536,275.161,1.6639067e-05
1996-03-28,0.0,275.33188,281.5967,272.38715,2.2792145e-05
1996-03-29,0.0,276.50775,283.83658,270.22916,2.1841626e-05
1996-03-30,2.5766143e-05,276.5073,280.53503,273.81335,1.6654047e-05
1996-03-31,6.969766e-06,276.50238,281.32535,271.97867,1.9301651e-05
1996-04-01,3.3159355e-05,277.0636,280.7923,272.67395,1.2733883e-05
1996-04-02,3.8826456e-05,274.72812,278.20242,273.9527,6.837411e-06
1996-04-03,0.00038984892,275.54153,277.4007,273.7814,9.078815e-06
1996-04-04,0.00024513222,275.1846,276.71017,273.4335,7.6122606e-06
1996-04-05,0.00029680453,278.80975,282.1109,276.2683,9.790562e-06
1996-04-06,1.6888791e-05,282.93777,291.21982,273.6227,2.8815732e-05
1996-04-07,0.0,284.3348,290.9973,276.6302,3.208605e-05
1996-04-08,0.0,283.87772,290.80713,277.90356,3.4945915e-05
1996-04-09,0.0,283.01373,288.9589,277.54523,2.4982806e-05
1996-04-10,1.3779065e-05,283.31,287.50723,278.6527,2.3550901e-05
1996-04-11,0.0,284.26892,289.47937,277.25488,3.0682546e-05
1996-04-12,2.6787882e-07,280.36926,288.97656,276.72437,2.8852686e-05
1996-04-13,0.0001170168,274.0379,277.1198,271.43628,9.914531e-06
1996-04-14,2.1180635e-05,277.64548,283.48257,272.75516,2.095466e-05
1996-04-15,2.1330803e-05,279.75552,283.65875,273.5439,1.9535242e-05
1996-04-16,1.8306001e-06,281.46872,284.82034,278.5451,3.5142446e-05
1996-04-17,0.0,283.60553,289.75336,275.89914,3.73551e-05
1996-04-18,0.0,284.65192,292.13974,275.54214,3.8483806e-05
1996-04-19,0.0,286.0153,293.65924,278.70764,4.0465322e-05
1996-04-20,0.0,287.94153,296.2836,276.29324,4.2616804e-05
1996-04-21,0.0,289.46243,297.47043,278.28052,5.8403773e-05
1996-04-22,0.0,291.75012,299.10544,281.359,6.303551e-05
1996-04-23,0.0,290.81183,294.57455,288.0031,5.7409317e-05
1996-04-24,0.0,288.831,293.75348,286.97336,2.8751145e-05
1996-04-25,3.323911e-05,287.93283,291.23273,286.42865,2.158703e-05
1996-04-26,0.0,286.6496,288.84775,284.8936,1.6332553e-05
1996-04-27,2.0806838e-06,286.3903,289.10764,281.67725,1.7932845e-05
1996-04-28,5.53658e-07,289.53485,294.9269,283.4267,4.3590266e-05
1996-04-29,0.0,289.99472,295.468,280.52145,4.5593348e-05
1996-04-30,0.0,287.93222,291.59094,284.00708,2.4443465e-05
1996-05-01,1.636892e-05,286.7488,290.58517,283.3025,2.0705484e-05
1996-05-02,5.6278357e-05,289.22543,294.31104,282.13748,5.5983128e-05
1996-05-03,0.0,285.37656,292.62616,284.00208,2.9666438e-05
1996-05-04,3.0189807e-05,287.6833,294.06778,280.5252,4.938514e-05
1996-05-05,0.0,287.3985,292.46225,279.00858,3.430754e-05
1996-05-06,0.0,289.38574,293.23895,285.10013,2.926679e-05
1996-05-07,0.0,290.5892,297.27945,281.21365,4.5055338e-05
1996-05-08,1.7081831e-05,290.0728,295.26163,285.4829,3.671355e-05
1996-05-09,0.00012899483,289.1058,295.0056,284.3848,4.4246503e-05
1996-05-10,0.0,287.03976,291.7552,284.54407,3.4660858e-05
1996-05-11,0.0,289.1133,294.17447,282.121,4.4472596e-05
1996-05-12,3.4537014e-05,288.04944,290.42978,286.23923,1.7361112e-05
1996-05-13,0.00028766313,288.88162,291.69592,286.9814,2.3062794e-05
1996-05-14,5.273737e-05,288.12115,289.95593,285.71298,1.434436e-05
1996-05-15,6.7312976e-05,290.36652,295.3038,285.57214,3.110088e-05
1996-05-16,3.5316112e-05,290.6198,296.39423,287.77545,3.958174e-05
1996-05-17,6.1163496e-07,293.32098,298.92297,285.4369,5.779567e-05
1996-05-18,0.0,294.58328,300.18063,290.5404,5.7782014e-05
1996-05-19,0.0,296.07526,301.38013,288.0056,6.4427404e-05
1996-05-20,0.0,288.37265,295.71387,284.57556,2.1827913e-05
1996-05-21,0.00021263391,288.26654,292.8791,284.2325,4.2378117e-05
1996-05-22,8.822082e-05,285.9773,291.02182,282.42566,3.269335e-05
1996-05-23,2.550514e-05,288.24805,293.33264,284.1556,3.9618535e-05
1996-05-24,0.0,291.31018,297.0799,284.47278,5.0677736e-05
1996-05-25,0.0,294.47388,299.9284,284.06705,6.1283565e-05
1996-05-26,3.839095e-05,288.83817,294.43213,286.92572,3.465895e-05
1996-05-27,6.9645255e-05,288.17615,293.79956,285.66968,2.5166864e-05
1996-05-28,0.00014346684,286.01593,291.27417,283.57806,4.6936926e-05
1996-05-29,2.231853e-05,285.965,291.0162,279.60526,5.418318e-05
1996-05-30,0.0,288.64084,295.53912,280.12344,5.3166135e-05
1996-05-31,0.0,291.66278,298.3257,281.65195,5.489333e-05
1996-06-01,0.0,293.93182,299.69827,282.4741,5.548241e-05
1996-06-02,0.0,294.90436,300.8802,288.24963,5.9520204e-05
1996-06-03,0.0,295.1722,301.73773,286.3776,6.0933395e-05
1996-06-04,0.0,293.62326,298.40384,289.1745,5.644129e-05
1996-06-05,2.6686018e-06,292.0223,297.33524,285.49786,5.666865e-05
1996-06-06,0.0,294.0686,300.01834,285.5029,5.3240256e-05
1996-06-07,0.0,295.72302,302.1367,286.60126,6.244593e-05
1996-06-08,0.0,297.3165,303.34592,287.79022,6.697799e-05
1996-06-09,0.0,297.17188,304.62708,288.5494,6.5998036e-05
1996-06-10,0.0,297.97852,304.63074,289.9163,6.713749e-05
1996-06-11,1.792969e-06,297.31064,305.08243,291.21536,6.619368e-05
1996-06-12,3.0458073e-06,297.6176,304.64883,289.85165,6.249596e-05
1996-06-13,4.548606e-05,292.31378,297.38535,289.86594,4.8990954e-05
1996-06-14,3.3792727e-05,289.1194,294.45007,284.91217,5.503413e-05
1996-06-15,0.0,287.64966,293.59738,282.2203,4.519037e-05
1996-06-16,0.0,290.17914,295.69843,281.32507,4.821134e-05
1996-06-17,2.364123e-06,290.84473,297.2328,283.08286,5.3840984e-05
1996-06-18,0.0,294.53162,300.67853,282.4024,5.948946e-05
1996-06-19,0.0,292.5657,300.87408,287.06985,4.8981146e-05
1996-06-20,0.00021724214,293.3506,300.78644,286.93317,5.9898786e-05
1996-06-21,2.7572009e-05,291.05637,293.53867,288.22202,2.1140917e-05
1996-06-22,0.00013652294,290.87845,298.9432,286.0812,3.8388585e-05
1996-06-23,0.00025524368,284.2559,287.9801,283.595,2.1960079e-05
1996-06-24,0.00010704453,286.7882,293.04913,279.81903,4.2755168e-05
1996-06-25,5.6615566e-08,287.5201,293.06345,282.46606,3.037941e-05
1996-06-26,9.933298e-05,287.4564,289.7039,285.21472,1.9676172e-05
1996-06-27,4.1170257e-05,289.93484,295.28818,284.37628,4.7046757e-05
1996-06-28,1.7724842e-05,291.1358,296.85773,286.65262,4.11495e-05
1996-06-29,9.416247e-09,294.46814,300.0472,285.65637,5.78566e-05
1996-06-30,0.00043695065,288.68176,294.19824,285.67398,4.0385254e-05
1996-07-01,3.5017845e-05,286.7032,288.76965,283.65677,1.640567e-05
1996-07-02,0.0002817298,289.24094,291.9587,286.55753,2.1207354e-05
1996-07-03,0.00047118132,289.71152,294.7826,286.57486,3.6095003e-05
1996-07-04,0.0,291.8698,297.44302,283.25287,5.4282365e-05
1996-07-05,0.0,294.90634,299.8737,287.38882,5.16686e-05
1996-07-06,0.0,294.2952,300.41425,291.23276,5.839272e-05
1996-07-07,2.592216e-06,291.91153,296.47455,287.5876,4.0325045e-05
1996-07-08,0.0,291.1236,301.32883,287.44058,5.1637136e-05
1996-07-09,2.4102237e-05,288.68088,294.15216,284.36905,5.377465e-05
1996-07-10,0.0,286.7183,291.7879,280.3359,2.9794552e-05
1996-07-11,1.6142633e-06,288.42432,293.97977,285.2134,3.2385622e-05
1996-07-12,4.5816174e-05,290.44925,296.3015,286.43744,3.9684666e-05
1996-07-13,3.435642e-06,292.78348,300.10004,284.41367,5.276818e-05
1996-07-14,0.0,295.38068,301.98605,286.4812,5.8862923e-05
1996-07-15,0.0,297.377,303.0137,288.847,5.8285077e-05
1996-07-16,0.00025420295,291.97034,297.0047,290.19418,4.7359077e-05
1996-07-17,0.0,290.05304,295.27502,282.55136,4.403438e-05
1996-07-18,0.0,291.69635,297.61032,283.76956,5.5014294e-05
1996-07-19,1.3253588e-09,288.506,295.02,282.61606,4.879375e-05
1996-07-20,0.0,288.08423,294.4222,281.90033,4.5802386e-05
1996-07-21,0.0,288.79434,295.21463,280.62,4.8683207e-05
1996-07-22,0.0,289.1839,296.3077,281.15204,4.637627e-05
1996-07-23,0.0,292.14072,298.76334,281.3794,5.390916e-05
1996-07-24,0.0,294.07324,301.11172,287.10608,4.1574593e-05
1996-07-25,0.00013207037,291.24976,295.55853,288.64407,3.369355e-05
1996-07-26,0.00012708636,291.65326,298.12714,288.47394,4.6572233e-05
1996-07-27,0.0,293.46417,298.99997,285.0192,5.0946062e-05
1996-07-28,2.1308447e-06,294.96808,301.20218,290.0749,4.738695e-05
1996-07-29,2.893542e-06,294.73874,301.07828,289.3475,4.8570153e-05
1996-07-30,0.0,293.33936,298.63675,290.70605,2.9001561e-05
1996-07-31,1.975442e-05,293.64484,299.95474,288.05197,5.1818803e-05
1996-08-01,0.0,294.12036,301.44556,287.0889,5.6046418e-05
1996-08-02,0.0,295.1726,302.19366,286.68466,5.544906e-05
1996-08-03,2.1423018e-06,292.47998,298.83115,289.08432,3.859157e-05
1996-08-04,2.9284163e-05,289.83163,295.061,287.53842,3.6644407e-05
1996-08-05,1.5705327e-08,289.46658,295.73874,281.65182,4.8164227e-05
1996-08-06,0.0,291.58392,297.3967,283.55154,4.434224e-05
1996-08-07,1.6320771e-05,293.122,296.75507,288.51544,3.279761e-05
1996-08-08,0.00015907326,290.20792,294.11557,287.91928,2.6751048e-05
1996-08-09,2.0510783e-05,291.42526,298.27652,285.24368,4.3483593e-05
1996-08-10,0.0,292.35712,298.30008,285.97073,4.100879e-05
1996-08-11,0.0,293.7808,298.92123,286.20538,4.155004e-05
1996-08-12,0.00013411875,292.5657,297.3665,290.22952,2.9205583e-05
1996-08-13,0.0003855835,291.8548,296.73584,287.62018,3.754874e-05
1996-08-14,4.826217e-05,293.01865,298.20676,288.76184,4.1186984e-05
1996-08-15,1.0931601e-05,290.8437,295.7079,289.45413,2.7172178e-05
1996-08-16,0.0002534577,291.42294,297.77432,287.968,4.1982436e-05
1996-08-17,1.0667264e-05,291.94623,297.37857,288.46,3.840892e-05
1996-08-18,3.0293943e-06,291.5798,295.70056,288.147,2.4844645e-05
1996-08-19,2.0535435e-06,292.50604,297.35922,288.78592,3.918387e-05
1996-08-20,2.5053473e-07,292.62894,299.52954,286.3755,4.6554025e-05
1996-08-21,3.3566068e-06,292.67163,300.04523,286.1714,4.566149e-05
1996-08-22,0.0,293.08472,300.92773,287.64737,4.1790987e-05
1996-08-23,2.6145847e-07,293.31204,299.48563,287.96548,4.1776704e-05
1996-08-24,4.5452375e-06,293.78583,300.5718,287.2096,4.660784e-05
1996-08-25,0.0,289.25983,292.848,288.1306,1.927028e-05
1996-08-26,5.285938e-07,292.08096,297.89606,284.91455,3.803377e-05
1996-08-27,0.0,293.66132,299.79877,287.27023,3.6862657e-05
1996-08-28,0.0,291.64902,297.71838,287.43118,2.645817e-05
1996-08-29,4.53498e-05,291.51465,295.4936,287.44727,2.8235927e-05
1996-08-30,0.0,291.7892,297.25476,287.82657,2.926875e-05
1996-08-31,4.27774e-05,290.5156,295.65857,287.76572,4.2439548e-05
1996-09-01,0.0,289.72116,291.81113,287.02164,2.5611458e-05
1996-09-02,6.708009e-05,286.66074,289.21527,286.38434,1.083946e-05
1996-09-03,0.0004132619,288.1075,289.81033,286.07468,1.1624655e-05
1996-09-04,0.00019930463,290.0222,294.32635,287.48962,2.2804901e-05
1996-09-05,1.855279e-05,285.2697,290.55817,283.21143,1.4565313e-05
1996-09-06,5.239909e-05,284.777,289.8669,280.60553,3.266163e-05
1996-09-07,3.2457916e-07,285.82294,289.5063,280.44824,3.5863377e-05
1996-09-08,7.5113885e-06,285.95242,290.9201,284.22037,3.9190603e-05
1996-09-09,0.0,284.443,291.13895,279.53036,2.865085e-05
1996-09-10,2.1344898e-05,285.8657,291.50928,278.97247,2.627981e-05
1996-09-11,0.0,287.3871,294.1917,280.40915,2.9285098e-05
1996-09-12,0.0,286.9874,292.4618,281.8329,2.0064837e-05
1996-09-13,2.4291026e-05,283.73138,287.04105,281.22174,1.3870443e-05
1996-09-14,4.881117e-05,282.36182,285.32608,277.77734,1.2824758e-05
1996-09-15,4.015375e-05,284.18677,290.58997,279.30624,2.169836e-05
1996-09-16,8.965325e-06,283.01834,289.25555,280.77048,2.459115e-05
1996-09-17,0.0,283.36133,288.74612,278.09573,2.0233681e-05
1996-09-18,1.6275408e-06,282.90295,286.4571,278.2267,1.3605854e-05
1996-09-19,1.1461619e-05,284.49216,288.4519,279.41458,1.841904e-05
1996-09-20,4.4191947e-05,284.4338,286.01056,283.0626,1.1430104e-05
1996-09-21,1.3007507e-06,286.98743,290.1405,283.87665,1.65158e-05
1996-09-22,4.4370696e-05,287.8047,290.75555,286.1723,1.3888889e-05
1996-09-23,0.00014495633,284.9878,287.78503,284.4633,1.0416667e-05
1996-09-24,0.00039118502,284.4177,287.02994,283.1269,1.1716121e-05
1996-09-25,1.2620062e-05,282.61816,285.4908,281.04855,1.0409501e-05
1996-09-26,2.9635841e-05,284.33865,290.2843,278.75174,1.9680576e-05
1996-09-27,0.0,283.8896,290.9493,280.48102,1.8588342e-05
1996-09-28,2.1961628e-06,285.35095,291.40237,281.3,1.8553174e-05
1996-09-29,8.257238e-06,286.5543,292.0315,280.03137,2.1627295e-05
1996-09-30,0.0,288.3027,295.1104,284.92767,2.5340667e-05
1996-10-01,0.0,290.1132,296.06006,283.61783,3.3521734e-05
1996-10-02,0.0,285.7705,292.23444,283.89502,1.757915e-05
1996-10-03,0.00015713152,283.1338,288.28336,281.22076,1.6799822e-05
1996-10-04,0.0,283.34024,287.69266,276.05566,1.3305516e-05
1996-10-05,1.9731311e-05,284.71753,285.97116,283.82397,9.259259e-06
1996-10-06,0.00011488955,284.37976,285.5184,283.98108,8.928841e-06
1996-10-07,7.0002634e-06,285.91974,288.0094,284.01746,1.0184009e-05
1996-10-08,0.0,288.1933,292.0556,284.244,1.6873046e-05
1996-10-09,0.0,286.48578,289.51358,283.44177,1.2483304e-05
1996-10-10,6.710316e-07,285.10236,290.3163,283.0524,1.1343066e-05
1996-10-11,5.090684e-06,283.006,287.09293,280.55737,9.338062e-06
1996-10-12,5.0583566e-07,283.9352,290.6936,279.74863,1.4248686e-05
1996-10-13,0.0,283.60168,291.2336,277.4216,1.5471625e-05
1996-10-14,0.0,284.79828,291.4447,277.98825,1.3282216e-05
1996-10-15,0.0,288.94196,294.76697,282.5407,1.7081076e-05
1996-10-16,1.5142e-05,288.19263,292.05637,286.8898,1.265688e-05
1996-10-17,9.928497e-05,286.52374,290.6839,285.09244,1.162211e-05
1996-10-18,4.956418e-05,284.2279,286.0055,282.60703,9.259259e-06
1996-10-19,3.528325e-05,283.60413,289.38406,278.4123,1.2731482e-05
1996-10-20,0.0,284.90918,289.59525,281.0222,1.5750027e-05
1996-10-21,9.405272e-06,283.5696,285.41077,282.69626,8.52699e-06
1996-10-22,0.00014348786,283.59152,289.42502,281.41196,1.2731482e-05
1996-10-23,0.0,282.16177,286.69537,278.56866,1.417781e-05
1996-10-24,0.0,280.4434,283.78757,277.07132,1.0175036e-05
1996-10-25,0.0,278.59464,285.15558,274.3527,9.963534e-06
1996-10-26,0.0,277.9258,286.05515,272.20154,8.795547e-06
1996-10-27,0.0,280.53192,287.81213,274.66406,9.8323535e-06
1996-10-28,0.0,282.65802,285.7776,276.6088,7.866886e-06
1996-10-29,2.504286e-07,284.59558,291.38687,279.1266,1.8441779e-05
1996-10-30,6.609939e-05,281.18744,287.90817,277.52676,1.2731522e-05
1996-10-31,0.0,278.22626,286.71265,272.662,6.993596e-06
1996-11-01,0.0,279.81003,284.68616,272.95407,7.2135595e-06
1996-11-02,0.0,283.24942,291.75906,278.5872,9.688259e-06
1996-11-03,0.0,282.24863,290.4687,276.16635,8.805342e-06
1996-11-04,0.0,281.8767,292.01852,275.64807,7.115038e-06
1996-11-05,0.0,285.563,290.89978,277.9614,1.8389317e-05
1996-11-06,0.0,285.5243,289.41806,280.8902,9.259259e-06
1996-11-07,0.0,284.45276,290.47232,277.34732,1.7260012e-05
1996-11-08,0.0,282.8205,288.15744,279.92825,9.5141195e-06
1996-11-09,0.0,280.07715,286.67035,276.82156,5.8842675e-06
1996-11-10,0.0,281.01904,285.26868,273.65027,9.267368e-06
1996-11-11,0.0,287.38754,290.24002,281.9057,1.608022e-05
1996-11-12,0.0,289.56415,293.06793,287.0258,2.3361761e-05
1996-11-13,0.0,289.21667,293.32922,284.8633,1.9619902e-05
1996-11-14,0.0,282.56494,288.96164,280.9484,8.816487e-06
1996-11-15,0.0,281.2695,285.70908,278.6346,5.4705506e-06
1996-11-16,0.0,282.35565,285.64575,277.7988,5.447109e-06
1996-11-17,3.2251548e-05,285.84213,289.70868,282.17355,8.707441e-06
1996-11-18,1.683993e-05,284.45502,287.02505,282.30457,7.2477847e-06
1996-11-19,9.377913e-05,281.94476,285.5327,280.0738,7.0834485e-06
1996-11-20,0.0,281.36035,284.8889,278.60492,8.079872e-06
1996-11-21,5.2648684e-05,277.1371,283.11597,274.49216,4.4897724e-06
1996-11-22,9.623385e-05,275.0377,277.97586,273.6617,4.4225535e-06
1996-11-23,0.00012999607,273.8051,276.9635,271.81033,4.5098973e-06
1996-11-24,0.0,273.2932,275.5647,271.18146,3.4722223e-06
1996-11-25,0.0,272.9079,277.57895,269.22565,6.0446887e-06
1996-11-26,5.382065e-05,274.08475,274.73364,272.39203,3.4637162e-06
1996-11-27,3.8853235e-05,274.39474,277.58347,273.19894,3.4722223e-06
1996-11-28,4.0179535e-07,274.17465,275.05765,272.62912,3.3587862e-06
1996-11-29,4.0976047e-05,273.39264,277.3687,271.04495,2.3064285e-06
1996-11-30,0.0,273.57684,274.86368,272.02078,2.3475272e-06
1996-12-01,3.2539385e-05,274.69757,279.53577,271.95447,2.3148148e-06
1996-12-02,0.0,272.93826,275.41858,269.3143,4.6088176e-06
1996-12-03,0.0,274.20914,280.9232,270.24493,2.6123996e-06
1996-12-04,0.0,273.77844,279.0236,269.86917,4.6296295e-06
1996-12-05,0.0,272.1273,273.5263,270.8123,3.4641341e-06
1996-12-06,0.0,272.00784,272.8059,271.5223,3.4722223e-06
1996-12-07,0.0,271.72626,272.66202,270.9098,3.4716584e-06
1996-12-08,0.0,271.62332,272.6896,272.4754,3.4716584e-06
1996-12-09,0.0,272.43066,272.2459,271.4435,3.1677157e-06
1996-12-10,2.078632e-06,273.22723,273.881,272.89282,3.2117919e-06
1996-12-11,2.419746e-06,274.3192,274.992,273.49374,3.4390364e-06
1996-12-12,2.3845082e-06,274.32446,275.6928,274.04028,3.4525892e-06
1996-12-13,0.0,276.7856,279.4584,272.50784,3.101895e-06
1996-12-14,6.4793596e-05,276.44217,280.88452,274.93323,3.4722223e-06
1996-12-15,3.4733708e-05,276.1954,278.77847,273.5502,4.531656e-06
1996-12-16,0.0,274.3386,278.04346,272.6062,2.9734665e-06
1996-12-17,0.0,273.14752,274.58652,271.91595,3.3381837e-06
1996-12-18,0.0,273.22223,274.71475,272.1134,2.3148148e-06
1996-12-19,0.0,276.2762,278.59445,270.83893,1.76727e-06
1996-12-20,3.0480219e-06,275.9631,277.14886,273.50488,3.595285e-06
1996-12-21,0.00013505515,272.28006,275.6224,271.3553,4.000692e-06
1996-12-22,4.4580393e-06,269.80664,271.3661,269.68198,3.4722223e-06
1996-12-23,8.669772e-05,270.93896,271.76895,270.54736,2.3148148e-06
1996-12-24,2.986788e-05,268.9706,270.8789,268.83224,2.2183665e-06
1996-12-25,5.4854434e-05,268.666,269.75507,267.4248,4.3273367e-06
1996-12-26,6.287423e-06,264.70267,269.06146,263.18625,8.508902e-06
1996-12-27,0.0,260.20364,265.01868,257.58447,2.2977895e-06
1996-12-28,0.0,261.39233,263.1737,256.64746,2.0863022e-06
1996-12-29,2.0380174e-05,262.74774,265.6906,258.15445,1.1574074e-06
1996-12-30,1.6544274e-05,260.10065,265.4861,258.13953,1.1574074e-06
1996-12-31,0.0,260.11597,262.32785,254.3182,1.1574074e-06
1997-01-01,2.7917456e-05,263.39764,264.7827,261.1705,1.1574074e-06
1997-01-02,2.8999199e-05,265.2642,266.96082,260.05075,2.237599e-06
1997-01-03,4.8374648e-05,269.9898,270.34485,267.30353,2.1302799e-06
1997-01-04,4.6887446e-05,271.35306,272.30322,270.07727,2.3148148e-06
1997-01-05,5.2830874e-05,270.65216,271.96426,268.9848,2.2703791e-06
1997-01-06,4.287592e-06,270.7726,272.53262,269.64847,2.6493365e-06
1997-01-07,0.0,270.11505,271.35773,269.5837,2.1753522e-06
1997-01-08,0.0,271.1518,272.56927,269.1539,2.0086532e-06
1997-01-09,9.669049e-08,271.97495,273.1924,271.2684,2.3148148e-06
1997-01-10,6.130236e-05,272.10962,272.82245,271.3086,2.147416e-06
1997-01-11,6.0559847e-05,273.1335,274.2015,272.80154,3.24642e-06
1997-01-12,2.3103896e-05,271.87717,273.1971,270.29678,3.2043195e-06
1997-01-13,0.0,273.0055,274.92014,267.6603,2.2594104e-06
1997-01-14,0.0,271.2315,275.81174,266.93665,1.2629046e-06
1997-01-15,0.0,270.3741,272.41837,266.5604,2.3148148e-06
1997-01-16,0.0,270.762,272.3311,270.28928,2.3148148e-06
1997-01-17,0.0,270.4804,271.40918,270.41925,2.3148148e-06
1997-01-18,0.0,270.50876,271.36514,270.2975,2.3148148e-06
1997-01-19,0.0,270.084,270.7365,270.101,2.3148148e-06
1997-01-20,0.0,271.5182,272.1894,269.43152,2.3148148e-06
1997-01-21,5.9002847e-05,273.92166,275.23822,272.71918,2.3148148e-06
1997-01-22,1.5161916e-05,273.71048,274.7771,273.3622,2.3148148e-06
1997-01-23,0.0,273.47083,274.143,273.71832,2.3148148e-06
1997-01-24,0.0,273.363,274.02408,274.17386,2.3148148e-06
1997-01-25,0.0,273.33047,274.0363,273.06802,2.3723453e-06
1997-01-26,1.0231254e-05,270.7612,274.31342,266.98193,3.1541085e-06
1997-01-27,0.0,269.30792,271.98315,265.96545,3.2965434e-06
1997-01-28,0.0,270.4998,272.964,268.95325,3.4727861e-06
1997-01-29,0.0,270.6236,277.30972,264.14957,2.5470208e-06
1997-01-30,0.0,270.32135,275.76376,264.7864,2.3592504e-06
1997-01-31,0.0,271.23972,274.6525,269.7418,3.4722223e-06
1997-02-01,0.0,271.1956,275.94098,267.2511,3.4722223e-06
1997-02-02,0.0,268.50146,275.23245,264.12573,3.4722223e-06
1997-02-03,0.0,267.7088,274.3859,261.01974,3.4722223e-06
1997-02-04,0.0,267.913,273.38614,262.1689,2.4773033e-06
1997-02-05,0.0,275.03543,278.91312,266.09372,4.1591293e-06
1997-02-06,0.0,273.98166,280.80774,271.25467,6.7215487e-06
1997-02-07,0.0,273.16257,279.82895,265.52914,6.74965e-06
1997-02-08,0.0,273.05383,280.2679,268.06735,4.594625e-06
1997-02-09,0.0,273.72266,282.97397,268.67642,6.5642257e-06
1997-02-10,0.0,273.9023,282.2044,268.68945,6.370103e-06
1997-02-11,0.0,276.92838,283.76843,269.9214,6.462919e-06
1997-02-12,0.0,278.9675,283.8523,273.0886,7.999903e-06
1997-02-13,0.0,279.95337,286.87848,274.37863,1.205803e-05
1997-02-14,7.710246e-06,276.75204,283.96634,273.43015,1.4017583e-05
1997-02-15,0.0,277.29742,280.9382,273.7405,1.2451476e-05
1997-02-16,0.0,275.29822,279.85907,273.1037,1.2439103e-05
1997-02-17,0.0,273.02444,276.82407,270.855,6.9825164e-06
1997-02-18,0.0,274.19513,278.2516,268.98846,9.382952e-06
1997-02-19,9.08234e-06,276.094,282.7597,272.8594,1.2961318e-05
1997-02-20,0.0,278.89365,286.4666,271.2645,1.5168337e-05
1997-02-21,0.0,280.80768,287.49942,275.0464,1.43268635e-05
1997-02-22,0.0,281.4516,289.78162,274.6284,1.5266913e-05
1997-02-23,0.0,281.85815,289.81125,272.9166,1.6959284e-05
1997-02-24,0.0,281.51907,287.47958,273.47766,2.1515707e-05
1997-02-25,0.0,284.99985,288.5788,281.46878,2.765146e-05
1997-02-26,0.0,284.14615,288.662,281.67435,1.7071254e-05
1997-02-27,4.7180212e-05,280.4268,285.24176,277.93054,2.012438e-05
1997-02-28,9.290671e-06,276.99426,283.4454,272.99973,1.4217202e-05
1997-03-01,0.0,280.18076,287.73175,270.39548,1.4759767e-05
1997-03-02,0.0,281.21262,292.29233,273.3295,1.7671127e-05
1997-03-03,0.0,283.19916,293.95667,274.39426,2.4665513e-05
1997-03-04,0.0,277.73126,282.4308,276.72617,8.967443e-06
1997-03-05,0.0,278.25757,285.35434,272.88577,1.3012137e-05
1997-03-06,0.0,280.43124,287.12094,272.24014,1.5022998e-05
1997-03-07,0.0,279.4812,285.6351,273.01303,1.57057e-05
1997-03-08,0.0,277.53238,284.7353,272.21124,1.988208e-05
1997-03-09,0.0,277.86957,287.26562,270.16342,1.98427e-05
1997-03-10,0.0,280.4674,287.48645,272.53278,1.8826739e-05
1997-03-11,0.0,277.80106,285.37042,272.01047,1.7667824e-05
1997-03-12,0.0,277.12097,286.81604,268.97534,1.9682548e-05
1997-03-13,0.0,282.7323,291.13757,271.66644,2.3590565e-05
1997-03-14,0.0,281.24716,289.75525,274.00266,2.1113672e-05
1997-03-15,0.0,281.42477,289.4737,274.40265,1.836231e-05
1997-03-16,1.4640035e-06,281.89783,288.98984,277.69827,1.6707472e-05
1997-03-17,0.0,277.63718,285.41263,276.03445,1.6505874e-05
1997-03-18,2.2892805e-06,274.8944,276.56207,273.60425,9.507403e-06
1997-03-19,4.031409e-05,276.4377,278.7367,273.29773,7.000045e-06
1997-03-20,3.6224075e-05,275.66388,282.68823,274.57193,1.3879061e-05
1997-03-21,6.465016e-06,275.15146,278.86194,271.99585,1.2997895e-05
1997-03-22,2.690323e-05,275.68396,280.00198,273.23816,1.45983995e-05
1997-03-23,5.354964e-06,275.21722,277.94794,271.7785,1.0459698e-05
1997-03-24,4.4286786e-05,275.2039,277.45496,273.42694,8.15226e-06
1997-03-25,1.4039922e-05,277.38818,282.06824,271.64798,1.27571475e-05
1997-03-26,4.46166e-07,277.33725,282.08728,275.3972,1.4998394e-05
1997-03-27,1.4544975e-06,279.61127,287.63675,271.75256,1.7012295e-05
1997-03-28,0.0,282.10165,288.8562,274.5859,2.3134155e-05
1997-03-29,4.7174854e-06,277.76346,283.97076,272.91425,2.5845924e-05
1997-03-30,0.0,277.27838,282.60144,271.90182,2.7812366e-05
1997-03-31,0.0,279.1703,283.39432,271.92096,1.5724989e-05
1997-04-01,6.422978e-05,281.95544,286.38733,278.59268,1.7105098e-05
1997-04-02,6.4114265e-06,285.0876,291.61096,277.1505,3.173988e-05
1997-04-03,0.0,285.42856,292.179,280.2807,3.2329328e-05
1997-04-04,0.0,280.13492,285.96603,277.38095,3.6667247e-05
1997-04-05,0.0,278.46188,282.42062,272.65344,1.7467657e-05
1997-04-06,0.0,279.68033,287.30307,273.336,3.6637484e-05
1997-04-07,8.80578e-07,275.66077,279.27872,272.00333,3.175687e-05
1997-04-08,0.0,276.60867,282.53482,268.67,2.7584027e-05
1997-04-09,0.0,279.18375,285.6763,269.02945,2.554639e-05
1997-04-10,0.0,285.28848,292.4182,272.0816,3.3766875e-05
1997-04-11,0.0,284.13388,294.21793,278.11835,4.4588716e-05
1997-04-12,2.1151864e-06,279.95157,285.73584,272.7665,3.0132398e-05
1997-04-13,1.3572715e-05,275.49683,280.16263,272.396,2.3924942e-05
1997-04-14,1.0559868e-07,279.98755,286.96033,268.80396,2.9070208e-05
1997-04-15,0.0,278.9878,284.79187,275.87073,3.265523e-05
1997-04-16,1.9794361e-05,274.64017,279.50177,270.21927,2.0833333e-05
1997-04-17,3.0577263e-05,277.984,284.03323,270.78152,2.2561944e-05
1997-04-18,0.0,283.71487,290.16626,277.58206,4.14028e-05
1997-04-19,0.0,283.8102,291.58316,275.49503,3.8412734e-05
1997-04-20,2.4791777e-06,275.56815,282.3411,274.20468,1.0015458e-05
1997-04-21,3.991533e-05,278.05392,280.8592,273.88205,2.4269177e-05
1997-04-22,1.5264415e-05,279.3577,281.2026,274.96893,2.4936955e-05
1997-04-23,0.0,280.59326,286.04688,278.21356,4.111015e-05
1997-04-24,0.0,281.06528,287.8581,271.31003,3.3767785e-05
1997-04-25,0.0,284.4696,292.06122,271.7138,3.7004735e-05
1997-04-26,0.0,283.6387,289.43985,278.06845,2.1950378e-05
1997-04-27,9.225211e-07,284.20154,290.45422,275.57364,2.4552905e-05
1997-04-28,2.5517169e-05,283.5597,288.3625,281.63562,2.156313e-05
1997-04-29,2.2874285e-06,284.17447,289.10434,277.13577,2.0833333e-05
1997-04-30,2.804394e-05,285.25204,290.32568,282.46008,2.745724e-05
1997-05-01,1.6159856e-05,286.1835,291.66534,279.14017,3.879923e-05
1997-05-02,0.0,286.31378,294.3101,278.01004,4.2035368e-05
1997-05-03,0.0,290.80386,299.932,278.8773,5.3969332e-05
1997-05-04,0.0,292.87775,299.66403,281.958,4.711327e-05
1997-05-05,0.0,290.69214,296.0535,282.67914,6.485982e-05
1997-05-06,0.0,291.2555,296.29013,286.4139,5.280662e-05
1997-05-07,3.2839755e-05,286.7977,292.2097,282.85907,3.7689966e-05
1997-05-08,1.4882701e-05,283.507,288.5791,280.6669,2.1287213e-05
1997-05-09,1.9657986e-05,286.06924,291.4608,278.77835,4.703765e-05
1997-05-10,0.0,288.08585,293.6075,283.953,4.6982812e-05
1997-05-11,0.0,290.4839,296.63382,280.12576,5.1701747e-05
1997-05-12,0.0,293.85675,300.4572,282.93304,5.5812678e-05
1997-05-13,0.0,295.461,302.4864,287.07254,5.353022e-05
1997-05-14,0.0,294.2911,302.08167,286.21863,6.0119004e-05
1997-05-15,0.0,293.5275,300.93494,283.86334,5.8493762e-05
1997-05-16,0.0,294.25543,301.93185,283.24466,5.7396588e-05
1997-05-17,0.0,293.7638,301.106,285.39114,5.235497e-05
1997-05-18,2.0431613e-05,294.91086,302.50122,285.66678,6.525376e-05
1997-05-19,2.8291875e-06,294.3166,300.43033,287.33478,5.4131047e-05
1997-05-20,0.0,295.43665,301.0875,284.78012,6.657277e-05
1997-05-21,1.5184896e-05,291.8436,298.03424,288.49078,5.1367784e-05
1997-05-22,0.0003288031,286.04462,291.4912,283.3698,2.4012072e-05
1997-05-23,8.5577645e-05,287.89062,295.53693,280.71024,4.526196e-05
1997-05-24,9.204238e-05,286.37048,290.06552,285.53864,2.0284904e-05
1997-05-25,0.00012942015,284.60022,290.0769,282.7206,4.6793477e-05
1997-05-26,7.0071474e-06,284.96964,289.8069,279.27234,3.800115e-05
1997-05-27,1.26970845e-05,287.2999,292.78168,283.52707,3.748748e-05
1997-05-28,4.687572e-05,284.90097,289.32092,282.62833,3.519698e-05
1997-05-29,6.4213214e-06,285.85434,291.22638,278.58823,4.6411027e-05
1997-05-30,0.0,286.2828,291.14047,281.24313,5.075988e-05
1997-05-31,0.0,284.1741,289.41333,282.09555,5.0612274e-05
1997-06-01,0.0,286.59714,292.17227,276.0647,4.2393734e-05
1997-06-02,6.383187e-06,286.03018,288.7729,284.16708,2.0833333e-05
1997-06-03,1.3604131e-05,289.3984,295.1758,284.54688,4.2970503e-05
1997-06-04,3.3555963e-05,289.5173,294.10718,285.95563,3.834205e-05
1997-06-05,2.7737444e-06,291.1389,296.17566,282.87393,4.1183917e-05
1997-06-06,5.1454294e-06,290.8182,296.51834,287.15445,3.9084305e-05
1997-06-07,5.003231e-05,289.75977,296.14426,286.28214,4.7758072e-05
1997-06-08,0.0,291.5403,296.88742,282.55554,4.4008048e-05
1997-06-09,0.0,293.1493,299.45786,286.01074,4.928274e-05
1997-06-10,0.0,293.31134,300.61514,286.62616,5.0682433e-05
1997-06-11,3.3430057e-05,294.8764,300.57538,286.4081,5.3715466e-05
1997-06-12,0.0,295.29184,300.89038,288.64835,4.3906773e-05
1997-06-13,3.577885e-05,294.64874,298.8818,290.29453,4.577704e-05
1997-06-14,1.30285125e-08,293.28397,301.88852,289.27695,5.4375418e-05
1997-06-15,0.00026322663,294.23126,299.75122,288.8213,6.501318e-05
1997-06-16,0.0,294.17285,300.02426,288.8648,5.23468e-05
1997-06-17,6.9225434e-06,292.08514,299.8732,288.8794,4.9750295e-05
1997-06-18,0.00028752076,289.51926,292.17657,287.39835,2.3779852e-05
1997-06-19,4.3206936e-05,289.4663,294.44098,285.21353,3.1255695e-05
1997-06-20,0.00013420546,290.50778,297.05542,287.771,4.3421845e-05
1997-06-21,7.8249315e-05,293.985,299.38962,285.49347,5.2424846e-05
1997-06-22,3.9059394e-08,296.20795,301.4562,290.5149,6.394083e-05
1997-06-23,0.0001988424,289.42065,296.20514,283.7404,4.632415e-05
1997-06-24,1.7447743e-05,288.82684,295.97064,284.94315,4.017732e-05
1997-06-25,0.00022084925,290.11536,295.51575,284.06824,5.021536e-05
1997-06-26,0.0,291.20795,296.54367,283.39987,4.3032567e-05
1997-06-27,2.0900842e-07,294.8059,300.3979,288.49347,5.2908337e-05
1997-06-28,0.0,296.2938,302.1216,289.28387,4.9876493e-05
1997-06-29,6.692833e-07,298.00293,303.18994,290.85233,6.249116e-05
1997-06-30,0.0,295.07965,299.23248,292.35034,5.631856e-05
1997-07-01,1.613053e-05,290.83154,296.844,286.41364,4.5261215e-05
1997-07-02,6.985795e-06,293.82892,299.09436,284.43488,5.6177003e-05
1997-07-03,0.0,295.2959,299.7575,290.71948,5.5612152e-05
1997-07-04,0.0,297.27948,302.7524,287.1872,6.381339e-05
1997-07-05,4.294388e-05,291.40732,297.37973,289.27356,3.2641594e-05
1997-07-06,0.00033782484,288.5012,291.93423,286.15134,2.2284032e-05
1997-07-07,0.0001535595,289.27463,292.0265,286.91785,3.185793e-05
1997-07-08,6.909979e-05,291.35663,294.01822,286.9705,2.7344155e-05
1997-07-09,0.0,292.93106,299.21356,286.26584,6.087771e-05
1997-07-10,0.0,292.7117,299.28574,286.147,5.148687e-05
1997-07-11,1.5558233e-05,291.20975,295.44266,286.014,3.159316e-05
1997-07-12,0.00011433395,291.65964,297.674,288.69684,4.061639e-05
1997-07-13,1.5848413e-05,291.20032,298.10938,286.78345,4.497195e-05
1997-07-14,9.092579e-05,293.18323,298.15836,286.16687,4.684037e-05
1997-07-15,0.00023087833,291.37952,296.11987,288.73975,3.389261e-05
1997-07-16,9.042089e-06,292.55362,298.1337,288.97617,4.412326e-05
1997-07-17,1.9092474e-06,294.29865,300.06223,286.76736,4.609853e-05
1997-07-18,0.0001303106,290.69232,294.96375,289.51672,1.9642846e-05
1997-07-19,0.00011874897,290.96692,295.69003,287.70963,3.5501507e-05
1997-07-20,1.0063358e-05,292.329,297.8667,286.20633,5.4377007e-05
1997-07-21,1.0851713e-05,290.57642,297.48157,286.58463,3.9885548e-05
1997-07-22,1.20634495e-05,292.87244,298.12744,287.96255,4.039643e-05
1997-07-23,1.547754e-06,294.7761,300.48767,287.0397,4.913326e-05
1997-07-24,0.00012835229,293.85806,300.0891,289.7362,4.587954e-05
1997-07-25,0.00019692132,292.94806,299.3117,288.99515,3.837918e-05
1997-07-26,9.74287e-05,292.71457,296.71744,287.89786,5.8073514e-05
1997-07-27,0.0,292.71765,299.49283,286.4828,5.2594834e-05
1997-07-28,1.3174634e-06,293.83176,300.7965,287.43475,4.2830296e-05
1997-07-29,2.2367183e-05,289.89474,293.7665,288.32068,2.107082e-05
1997-07-30,1.3570647e-05,293.19748,299.61865,285.7879,5.3617856e-05
1997-07-31,0.0,294.90515,301.33524,287.32718,5.563337e-05
1997-08-01,0.00035456548,288.15927,294.3582,285.93433,2.8942151e-05
1997-08-02,7.294889e-05,290.07306,295.61572,284.2561,4.4576722e-05
1997-08-03,0.0,292.31332,297.836,285.99866,4.267665e-05
1997-08-04,0.0,293.7051,299.90265,286.59088,4.9850347e-05
1997-08-05,0.0,295.345,301.11328,289.68454,4.4251046e-05
1997-08-06,9.7363545e-06,291.18665,294.478,290.27463,1.9206665e-05
1997-08-07,5.324285e-05,293.33124,299.28433,286.7641,4.612088e-05
1997-08-08,0.0,293.37497,299.27887,287.77167,4.0980234e-05
1997-08-09,1.0873466e-05,292.48053,297.05838,289.6135,2.9138037e-05
1997-08-10,9.047736e-06,292.29816,297.2759,287.8586,3.6467332e-05
1997-08-11,7.3600945e-06,292.35812,299.18903,287.07266,4.7735324e-05
1997-08-12,0.0,293.3366,299.84103,286.82547,4.976121e-05
1997-08-13,0.0,293.8826,301.15335,287.2245,5.0210707e-05
1997-08-14,0.0,294.96606,301.9934,288.58856,5.1064777e-05
1997-08-15,0.0,294.98093,303.08237,289.14868,4.9128783e-05
1997-08-16,1.3174765e-08,293.75336,300.10498,287.44882,4.5688863e-05
1997-08-17,6.085663e-06,294.2256,300.07355,287.6891,4.221181e-05
1997-08-18,0.0,291.35013,294.82745,288.97034,2.5841724e-05
1997-08-19,8.882679e-06,293.23563,299.04773,289.96848,4.0319945e-05
1997-08-20,1.0064746e-05,292.01312,295.94434,288.53085,2.281212e-05
1997-08-21,1.0591609e-05,293.42245,299.82178,287.43048,3.942781e-05
1997-08-22,4.726268e-06,293.42316,300.67578,287.20242,4.4303353e-05
1997-08-23,0.0,292.67758,300.5078,286.70605,4.392638e-05
1997-08-24,1.7292239e-08,292.833,300.64392,286.63077,4.1325657e-05
1997-08-25,0.0,292.94803,300.26404,286.6515,4.1875875e-05
1997-08-26,0.0,293.46915,300.27893,286.6452,4.150824e-05
1997-08-27,2.1128426e-06,293.86447,300.48016,287.93268,3.3147928e-05
1997-08-28,6.691724e-05,295.78915,301.85773,288.1919,5.1746854e-05
1997-08-29,0.00018763894,287.7216,296.06586,286.8307,1.3530225e-05
1997-08-30,0.0002222002,290.05954,295.0278,284.29227,4.1312484e-05
1997-08-31,0.0,291.9574,298.69598,284.8552,4.071335e-05
1997-09-01,0.0,292.14264,299.68887,285.42896,3.9260303e-05
1997-09-02,0.0,292.70624,300.32108,285.78003,3.9524504e-05
1997-09-03,0.0,292.95105,300.59357,286.14444,3.869261e-05
1997-09-04,0.0,293.17145,300.5406,287.27234,3.8185186e-05
1997-09-05,0.0,293.09012,300.2318,287.62296,3.4679102e-05
1997-09-06,0.0,294.9895,301.39624,287.77277,4.055714e-05
1997-09-07,2.8396214e-05,291.88812,298.23846,289.61917,2.638387e-05
1997-09-08,0.00014163596,290.27365,296.52792,286.8982,3.171229e-05
1997-09-09,1.76553e-06,291.7931,299.41675,285.1507,3.7931997e-05
1997-09-10,2.3288624e-07,288.14316,293.4811,284.2625,3.333357e-05
1997-09-11,0.0,287.18988,294.3724,280.60196,3.3453485e-05
1997-09-12,0.0,292.71,299.9211,280.7359,3.7784288e-05
1997-09-13,4.04572e-09,293.74246,300.97205,290.31238,4.0489624e-05
1997-09-14,0.00030396777,286.33365,291.30518,284.85284,1.602817e-05
1997-09-15,1.2667425e-05,284.71368,291.8195,280.95215,3.189644e-05
1997-09-16,0.0,284.8967,293.0487,278.49457,2.7497317e-05
1997-09-17,0.0,285.98044,293.46564,277.89325,2.711277e-05
1997-09-18,0.0,287.0227,294.9702,280.11737,2.4090352e-05
1997-09-19,0.0,288.88422,297.45575,281.13748,2.83656e-05
1997-09-20,1.4668572e-05,284.81696,291.0866,281.23047,3.0843094e-05
1997-09-21,0.0,282.8043,291.37848,276.61655,2.331036e-05
1997-09-22,0.0,283.924,292.28476,277.6898,2.3822486e-05
1997-09-23,0.0,284.15103,293.19006,278.03094,2.7239808e-05
1997-09-24,0.0,285.41034,291.7217,279.5062,2.5381274e-05
1997-09-25,0.0,285.49844,292.39362,278.70206,2.5809537e-05
1997-09-26,0.0,286.49368,293.6669,281.55762,2.353763e-05
1997-09-27,0.0,286.53394,295.0751,280.90845,2.3608138e-05
1997-09-28,0.0,286.47,292.6712,283.64893,2.0787329e-05
1997-09-29,0.0,285.77087,293.40363,282.15744,1.9734625e-05
1997-09-30,0.0,287.54044,294.19574,281.17578,1.6203703e-05
1997-10-01,4.720292e-05,286.14755,287.98334,285.6374,8.338016e-06
1997-10-02,2.3915261e-05,288.95215,295.57465,284.85593,1.6284606e-05
1997-10-03,1.1999643e-05,284.12564,290.39038,281.1982,2.151749e-05
1997-10-04,0.0,282.98508,290.97406,277.63263,1.8639792e-05
1997-10-05,0.0,286.48636,295.52734,277.66025,1.9723853e-05
1997-10-06,0.0,288.966,295.65503,279.94333,2.1831866e-05
1997-10-07,0.0,293.0122,297.0998,287.6008,3.20035e-05
1997-10-08,0.0,288.74805,294.91476,283.85788,1.4722013e-05
1997-10-09,0.0,291.17383,299.2918,282.84818,2.3347731e-05
1997-10-10,0.0,291.96567,296.79102,283.17575,2.2720995e-05
1997-10-11,7.192731e-05,286.0193,293.2053,283.42093,1.8268809e-05
1997-10-12,7.894293e-06,284.17343,285.9717,281.72256,8.582834e-06
1997-10-13,3.7644506e-05,279.68118,288.48474,276.34738,1.5046296e-05
1997-10-14,2.0675714e-08,279.0869,285.55865,273.80246,1.2355017e-05
1997-10-15,0.0,280.0346,286.53366,272.9349,1.4555435e-05
1997-10-16,0.0,280.87695,284.5727,277.3895,1.0416667e-05
1997-10-17,0.0,279.23163,283.68768,276.98523,1.10112e-05
1997-10-18,0.0,279.56296,283.89536,273.73553,8.101852e-06
1997-10-19,0.0,279.07382,286.32266,274.96945,1.1570792e-05
1997-10-20,0.0,278.77768,286.738,273.38086,1.0808018e-05
1997-10-21,0.0,279.05322,281.68777,275.73935,9.8681085e-06
1997-10-22,1.24765875e-05,277.46442,281.596,275.3226,7.064699e-06
1997-10-23,0.0,274.94882,279.6676,271.3673,4.6369596e-06
1997-10-24,0.0,278.44135,284.59534,274.78616,1.0126557e-05
1997-10-25,0.0,275.29456,283.93744,269.26056,6.931641e-06
1997-10-26,0.0,275.83337,278.1911,271.3253,7.8846e-06
1997-10-27,3.1893321e-06,272.90665,276.2769,270.5697,5.48949e-06
1997-10-28,7.4344143e-06,271.9254,278.18948,268.56186,9.211687e-06
1997-10-29,0.0,270.56866,278.4732,265.94467,7.008288e-06
1997-10-30,0.0,271.90234,277.77484,266.78165,7.8774465e-06
1997-10-31,0.0,275.15622,278.57086,270.3336,6.2885592e-06
1997-11-01,0.0,275.4974,281.23813,272.7928,6.5312965e-06
1997-11-02,0.0,274.2063,282.34927,270.1856,6.245354e-06
1997-11-03,0.0,277.9319,284.66296,269.81226,7.732241e-06
1997-11-04,0.0,273.88943,279.93973,271.24896,6.626864e-06
1997-11-05,0.0,279.0484,286.39996,268.84482,1.1131541e-05
1997-11-06,0.0,288.00586,292.8926,280.48148,1.6878335e-05
1997-11-07,3.8989216e-09,291.0265,295.14365,288.70248,1.709473e-05
1997-11-08,1.0958783e-05,287.00275,292.02344,285.36703,8.621388e-06
1997-11-09,1.4448222e-05,284.35422,288.44247,278.90314,8.771808e-06
1997-11-10,1.9260777e-05,282.55917,288.36465,279.83316,5.848687e-06
1997-11-11,2.1832523e-06,284.05676,288.38763,276.78928,1.5182952e-05
1997-11-12,5.956108e-07,285.16016,290.40314,279.75955,1.2910945e-05
1997-11-13,7.962131e-05,281.23584,285.9194,279.681,5.787037e-06
1997-11-14,0.00029116712,281.4398,284.55515,278.8549,1.0113443e-05
1997-11-15,6.0626286e-07,277.11255,284.79364,273.0367,5.7344937e-06
1997-11-16,2.1621936e-06,275.9703,277.0368,272.75336,3.4722223e-06
1997-11-17,0.00013288211,277.7057,278.9545,274.87085,4.6290656e-06
1997-11-18,7.372575e-06,275.2058,278.57068,273.77252,9.2350665e-06
1997-11-19,1.396877e-07,272.26837,276.4633,269.83167,2.3486327e-06
1997-11-20,0.0,270.3815,276.09827,266.90222,2.378684e-06
1997-11-21,0.0,272.22388,276.21075,267.39014,2.3148148e-06
1997-11-22,0.0,273.52695,277.64618,270.70038,3.4722223e-06
1997-11-23,0.0,273.61664,274.4373,272.29315,3.2817163e-06
1997-11-24,0.0002097855,274.6175,276.4152,273.67395,2.9940907e-06
1997-11-25,1.0647428e-05,275.7589,276.93365,274.7122,3.3150645e-06
1997-11-26,0.0,276.74576,278.69974,275.6729,3.4722223e-06
1997-11-27,3.873578e-06,276.38306,277.83112,275.85263,4.458792e-06
1997-11-28,1.7866503e-06,276.88226,278.5612,276.4689,3.4722223e-06
1997-11-29,2.4541348e-06,276.3103,277.06354,275.68402,3.4722223e-06
1997-11-30,6.2695115e-05,278.917,279.95105,276.5594,3.4953287e-06
1997-12-01,9.631135e-05,279.08377,279.75662,278.82532,4.6296295e-06
1997-12-02,0.00010736273,279.0131,280.28244,277.79816,4.6296295e-06
1997-12-03,2.7166554e-05,278.43457,279.3277,277.80286,4.4225953e-06
1997-12-04,0.00020778998,276.2936,280.98807,273.20294,7.6223455e-06
1997-12-05,0.0,273.8165,277.55533,269.16956,4.333096e-06
1997-12-06,0.0,272.45886,275.7001,270.06293,2.338823e-06
1997-12-07,0.0,272.98874,275.3608,268.73523,2.3731338e-06
1997-12-08,0.0,275.04474,279.63828,273.07214,3.203515e-06
1997-12-09,0.0,273.9876,275.79825,272.5586,3.4722223e-06
1997-12-10,6.0995888e-05,275.03375,276.47614,273.70776,3.4134791e-06
1997-12-11,0.0,279.65167,282.39978,273.5401,5.639037e-06
1997-12-12,5.7987945e-06,277.86835,282.51743,274.92044,5.7385305e-06
1997-12-13,5.8697406e-05,277.56082,283.13882,274.50522,9.259014e-06
1997-12-14,0.0,275.0705,281.57486,272.0693,5.231925e-06
1997-12-15,0.0,272.2507,276.11188,270.59277,8.846663e-06
1997-12-16,4.2553856e-05,268.7035,270.6088,268.11703,2.070517e-06
1997-12-17,2.655906e-05,266.48462,269.48993,261.91766,2.498537e-06
1997-12-18,6.670614e-07,268.06256,269.13104,266.95734,2.3142509e-06
1997-12-19,1.4711682e-06,274.13632,275.1415,269.25964,2.3148148e-06
1997-12-20,9.02264e-06,273.95157,278.83237,272.8603,3.4722223e-06
1997-12-21,0.00010989752,274.5707,275.713,273.239,2.3148148e-06
1997-12-22,3.6650533e-07,276.1203,276.84546,274.53223,3.4641341e-06
1997-12-23,1.4327042e-05,274.5761,277.0246,273.5484,2.3148148e-06
1997-12-24,0.0,275.13583,277.44144,272.80124,3.1438817e-06
1997-12-25,0.0,276.52988,282.1876,271.8497,2.3148148e-06
1997-12-26,1.4074269e-06,280.60052,283.69666,275.00928,6.9444445e-06
1997-12-27,0.00011669283,277.2314,280.13586,276.11917,3.4142374e-06
1997-12-28,6.984272e-08,276.43448,278.91455,273.66406,5.040097e-06
1997-12-29,0.0,275.81848,281.2776,272.2971,6.254496e-06
1997-12-30,0.0,274.2635,278.80847,270.05185,1.4543848e-06
1997-12-31,0.0,277.92242,284.14865,270.80286,5.3875847e-06
1998-01-01,0.0,272.57306,279.37225,269.93027,2.4378776e-06
1998-01-02,0.0,280.86804,283.67645,272.18378,1.0563933e-05
1998-01-03,4.8236906e-08,279.96875,282.8238,278.006,4.109948e-06
1998-01-04,1.3392677e-06,281.44244,286.30804,278.91022,9.231819e-06
1998-01-05,1.5479306e-07,276.79193,282.1402,273.9339,4.632188e-06
1998-01-06,2.2580266e-06,279.02585,285.24164,273.4093,8.476703e-06
1998-01-07,0.0,278.56662,285.37643,274.47366,2.3216398e-06
1998-01-08,0.0,277.5362,286.56937,273.54166,3.9443426e-06
1998-01-09,0.0,274.93216,277.76382,273.9333,4.8127463e-06
1998-01-10,0.0,276.24222,285.23343,271.90982,4.6889627e-06
1998-01-11,0.0,274.72733,282.9299,270.47028,2.3538219e-06
1998-01-12,0.0,272.05826,276.31726,269.67325,2.3148148e-06
1998-01-13,0.0,273.8437,278.38873,270.9234,2.4992185e-06
1998-01-14,0.0,273.71997,275.99454,270.04965,2.814827e-06
1998-01-15,0.0,276.06622,278.37692,272.73032,3.2228388e-06
1998-01-16,0.0,278.4783,284.7042,270.3946,1.0044796e-05
1998-01-17,7.801846e-07,276.79565,281.5791,273.6326,5.089711e-06
1998-01-18,0.0,274.34418,281.4337,267.6666,6.071906e-06
1998-01-19,0.0,275.39008,278.37137,273.03912,8.102096e-06
1998-01-20,8.326135e-06,277.28162,279.59717,273.0795,1.27983485e-05
1998-01-21,0.0,276.0606,278.11588,274.92157,1.3822196e-05
1998-01-22,9.277921e-06,275.0222,276.27286,273.3048,8.957744e-06
1998-01-23,2.9664276e-05,274.52567,275.93036,273.98865,5.6291015e-06
1998-01-24,6.867017e-07,271.39435,274.34982,267.89114,2.294105e-06
1998-01-25,0.0,271.4729,273.09088,270.85248,3.4819427e-06
1998-01-26,0.0,270.60626,274.3567,268.45425,4.7790904e-06
1998-01-27,0.0,269.4458,273.6501,266.378,4.1225926e-06
1998-01-28,0.0,268.78357,273.9285,263.90594,3.171961e-06
1998-01-29,0.0,272.5599,276.11768,267.3721,4.003013e-06
1998-01-30,0.0,271.46732,277.49335,269.1927,6.5311865e-06
1998-01-31,0.0,272.09714,280.5471,266.0934,1.1046542e-05
1998-02-01,1.559113e-06,267.05908,271.3189,264.97244,6.854242e-06
1998-02-02,0.0,268.51633,271.9824,263.68704,4.6296295e-06
1998-02-03,0.0,270.1343,277.9509,262.99234,4.9858513e-06
1998-02-04,0.0,269.98618,276.42932,264.38126,3.836434e-06
1998-02-05,0.0,269.74457,277.63223,264.50198,7.572254e-06
1998-02-06,0.0,271.9357,281.7199,264.32224,8.830535e-06
1998-02-07,0.0,273.47186,282.65228,266.841,9.363014e-06
1998-02-08,0.0,274.40714,281.4508,267.90845,9.176075e-06
1998-02-09,0.0,274.0169,281.44684,266.14444,1.0416667e-05
1998-02-10,0.0,276.67593,288.1596,271.9121,1.0864529e-05
1998-02-11,0.0,277.31497,288.79898,270.27988,8.83886e-06
1998-02-12,0.0,283.09363,294.92535,271.75342,1.3092869e-05
1998-02-13,0.0,285.33636,294.32083,277.2093,2.549757e-05
1998-02-14,0.0,281.84174,291.44083,274.03183,1.2334622e-05
1998-02-15,0.0,284.4824,292.39996,275.79233,2.6818407e-05
1998-02-16,0.0,284.87216,292.4882,277.9723,2.0123252e-05
1998-02-17,0.0,281.93085,288.6095,278.6765,2.4296427e-05
1998-02-18,0.0,275.39276,283.6416,269.3973,1.0461103e-05
1998-02-19,0.0,279.061,290.31894,270.0996,1.34083775e-05
1998-02-20,0.0,278.8043,287.1194,271.2763,1.2988985e-05
1998-02-21,0.0,283.08652,290.0592,270.52527,2.5462963e-05
1998-02-22,0.0,284.81293,289.43393,282.0382,3.219628e-05
1998-02-23,0.0,281.54074,287.27176,275.2132,1.3881723e-05
1998-02-24,0.0,281.0822,288.657,274.6449,1.3336425e-05
1998-02-25,3.4900113e-06,282.81268,286.5656,279.53183,1.604675e-05
1998-02-26,0.0,279.46924,287.1142,275.98245,1.3390133e-05
1998-02-27,0.0,280.82993,290.28296,271.9425,1.7077029e-05
1998-02-28,0.0,282.1276,289.58185,271.2717,1.511419e-05
1998-03-01,2.6941e-05,274.0178,283.90897,272.9785,7.099091e-06
1998-03-02,0.00017324393,276.22754,281.9778,268.30664,9.188264e-06
1998-03-03,0.0,280.9093,286.84244,272.2608,1.9247369e-05
1998-03-04,0.0,284.62997,288.81976,280.104,2.5752772e-05
1998-03-05,0.0,281.88043,289.23267,279.40656,2.1080381e-05
1998-03-06,3.2152093e-05,280.6126,285.61377,272.70752,2.280841e-05
1998-03-07,0.0,284.15277,290.4246,274.13867,2.5911571e-05
1998-03-08,2.3160271e-06,280.86575,287.28372,278.43875,1.4198832e-05
1998-03-09,2.6322166e-06,275.18018,280.89297,271.7934,2.0858193e-05
1998-03-10,0.0,272.5923,277.9556,269.6582,1.6088827e-05
1998-03-11,1.4902672e-06,271.49292,277.3146,267.42236,1.3273225e-05
1998-03-12,0.0,273.29346,280.24063,265.25616,1.6203703e-05
1998-03-13,0.0,275.9836,282.75662,270.6158,1.7096827e-05
1998-03-14,0.0,280.1259,286.92728,269.32208,2.2082395e-05
1998-03-15,3.8945955e-06,277.05957,282.27597,274.9024,1.7682007e-05
1998-03-16,0.0,276.3165,280.95346,272.06253,1.5191119e-05
1998-03-17,9.306553e-05,275.7278,277.82446,273.0437,6.9444445e-06
1998-03-18,8.510453e-05,279.78662,283.2268,276.1999,1.1783197e-05
1998-03-19,1.7984083e-06,278.92368,283.8543,275.82135,1.7572913e-05
1998-03-20,5.746001e-06,276.52637,283.63315,274.15848,2.4663686e-05
1998-03-21,7.182515e-06,274.165,278.62622,271.0079,2.0490654e-05
1998-03-22,2.347579e-07,273.44366,277.89664,271.61862,1.8197816e-05
1998-03-23,0.0,272.09366,278.9707,266.75516,1.6925915e-05
1998-03-24,0.0,274.91776,280.90317,267.18146,2.1560609e-05
1998-03-25,0.0,275.74146,278.66458,271.2496,2.0945912e-05
1998-03-26,0.0,273.8379,280.7973,270.54193,1.933361e-05
1998-03-27,0.0,276.2882,284.1253,267.35226,2.2718486e-05
1998-03-28,0.0,282.68695,289.61755,273.55417,2.3861136e-05
1998-03-29,0.0,282.82718,288.8523,279.7043,2.2697037e-05
1998-03-30,0.0,282.4874,287.94193,277.99646,2.6336857e-05
1998-03-31,0.0,283.02322,291.61578,271.9029,2.9003366e-05
1998-04-01,0.0,286.42822,294.89972,274.40402,2.9076156e-05
1998-04-02,0.0,285.67215,292.258,278.8303,2.4175657e-05
1998-04-03,0.0,287.37598,294.6448,276.15793,3.9613034e-05
1998-04-04,0.0,289.27576,291.3242,286.466,3.6760455e-05
1998-04-05,0.0,289.33655,293.80872,285.7587,3.4537035e-05
1998-04-06,6.646834e-05,283.77582,290.98413,282.4223,2.1550664e-05
1998-04-07,8.986465e-05,285.06088,290.6905,275.6988,2.7349199e-05
1998-04-08,1.8992936e-05,286.4379,292.0267,281.0106,3.4544715e-05
1998-04-09,1.6910008e-05,279.73285,287.35443,277.85458,1.5748941e-05
1998-04-10,6.3475316e-05,284.23135,290.33255,275.30942,3.0154577e-05
1998-04-11,7.0913775e-06,284.80396,290.8163,279.1306,3.864504e-05
1998-04-12,2.660326e-05,282.0067,287.2496,278.0568,3.176101e-05
1998-04-13,1.8494954e-07,279.6314,286.2927,273.22165,2.109211e-05
1998-04-14,6.1390447e-06,277.062,283.8825,272.4821,1.8624605e-05
1998-04-15,8.3060595e-06,280.65353,286.31906,270.9573,2.4391418e-05
1998-04-16,1.3666565e-08,280.3111,282.50656,278.88712,1.2558545e-05
1998-04-17,0.000101175756,281.85208,286.9446,277.6936,2.0825333e-05
1998-04-18,0.0,281.08838,286.11575,275.40515,1.7178274e-05
1998-04-19,0.00016897592,283.40167,288.6266,278.6497,3.0239638e-05
1998-04-20,6.0899715e-08,283.25848,289.56918,274.36008,3.6696296e-05
1998-04-21,0.0,286.37445,292.64227,274.8472,3.4989112e-05
1998-04-22,6.0221296e-06,282.87805,287.38474,281.43427,1.6556021e-05
1998-04-23,3.8701986e-05,284.29904,290.23584,278.94055,3.0125682e-05
1998-04-24,0.0,285.92712,293.6343,276.94962,3.5849676e-05
1998-04-25,7.5191114e-05,286.2937,292.77188,282.43552,3.4002835e-05
1998-04-26,0.0,288.5312,294.86652,278.43326,4.1435105e-05
1998-04-27,0.0,290.69434,296.5401,282.15826,4.797688e-05
1998-04-28,0.0,289.21942,292.84814,285.22968,3.5618013e-05
1998-04-29,1.1851552e-06,287.24133,291.69382,282.83154,3.0028987e-05
1998-04-30,1.6406635e-06,287.13992,293.77246,278.91583,4.515307e-05
1998-05-01,0.0,287.19965,292.68817,279.61328,3.1256728e-05
1998-05-02,2.2587721e-05,287.95154,293.39066,283.98056,4.7393485e-05
1998-05-03,1.0319861e-06,287.60187,293.22693,278.66104,3.7364014e-05
1998-05-04,5.0834467e-05,285.1819,288.15396,284.1682,2.0084877e-05
1998-05-05,8.502168e-05,284.38123,290.5135,277.82904,3.7388087e-05
1998-05-06,0.0,285.08258,292.05884,276.99207,4.1268482e-05
1998-05-07,0.0,287.39587,294.35245,282.3927,3.8220096e-05
1998-05-08,0.0,289.95352,296.81592,279.68652,4.973391e-05
1998-05-09,0.0,289.31454,297.25677,280.79678,5.1176317e-05
1998-05-10,0.0,290.80615,299.05014,282.06384,5.1352577e-05
1998-05-11,0.0,292.42554,299.78882,283.57196,5.5194658e-05
1998-05-12,0.0,292.4781,300.23413,282.91592,5.2146388e-05
1998-05-13,0.0,293.6209,301.36087,285.54092,5.0413222e-05
1998-05-14,3.6181693e-05,287.5014,294.6114,284.4964,5.026245e-05
1998-05-15,0.0,286.7477,293.48395,279.73383,4.496452e-05
1998-05-16,0.0,285.22104,291.47464,280.41824,4.022449e-05
1998-05-17,1.3276593e-06,282.4893,286.474,279.5019,2.1720103e-05
1998-05-18,4.4739983e-05,283.97058,287.5119,281.09308,1.7050708e-05
1998-05-19,5.1587096e-05,286.74582,288.97272,283.40536,1.739789e-05
1998-05-20,7.4010706e-05,289.4981,295.9405,285.53308,4.8393067e-05
1998-05-21,0.0,289.06982,296.5119,283.51822,4.7955982e-05
1998-05-22,7.835556e-05,285.72025,290.30954,283.49866,3.659469e-05
1998-05-23,7.697796e-07,285.94125,290.8631,278.84967,3.6459533e-05
1998-05-24,0.0,284.62656,286.98273,282.612,2.0146408e-05
1998-05-25,7.2620285e-05,284.87708,287.41608,282.76,2.0810678e-05
1998-05-26,4.1125463e-06,288.66672,295.17157,280.62827,4.8478185e-05
1998-05-27,0.0,291.62305,297.7248,281.27475,5.447276e-05
1998-05-28,1.6964276e-06,292.88153,298.87057,283.5249,5.6288714e-05
1998-05-29,0.0,292.29666,296.90567,285.56314,3.2987115e-05
1998-05-30,4.2575687e-07,293.14505,298.76315,286.03333,5.186819e-05
1998-05-31,0.0,293.68307,299.7088,282.77274,6.003645e-05
1998-06-01,0.0,290.53506,295.15305,288.62286,3.8146783e-05
1998-06-02,8.474569e-06,293.08966,300.22876,285.1176,5.2942e-05
1998-06-03,0.0,293.7055,302.15613,284.4922,5.6876826e-05
1998-06-04,1.7926017e-05,293.50726,300.90744,289.03128,4.1010884e-05
1998-06-05,1.3764733e-05,296.71152,302.59622,288.79333,6.086074e-05
1998-06-06,0.0,299.23758,305.50894,289.54614,6.917948e-05
1998-06-07,0.0,299.78256,306.15756,289.3875,7.111287e-05
1998-06-08,0.0,294.02295,302.44275,289.11807,5.3598542e-05
1998-06-09,0.00018519182,292.6432,298.5721,288.03018,5.0028284e-05
1998-06-10,0.0,295.0859,300.019,285.5805,5.8794707e-05
1998-06-11,6.764957e-06,289.98984,295.76065,288.54617,2.3509127e-05
1998-06-12,5.17294e-05,287.37875,292.50494,285.58823,2.3077666e-05
1998-06-13,9.7152246e-05,284.10965,286.1472,283.20074,1.5134851e-05
1998-06-14,5.9728427e-05,287.2801,292.50098,283.47964,4.007732e-05
1998-06-15,1.910822e-06,289.89676,296.39075,282.40738,4.5843368e-05
1998-06-16,3.205637e-05,289.1887,293.96097,285.9177,3.6381225e-05
1998-06-17,6.3897634e-05,286.34253,290.49344,285.10645,2.1342736e-05
1998-06-18,5.7313686e-05,288.564,295.01456,280.83307,4.7760444e-05
1998-06-19,0.0,289.89194,294.48862,285.63086,3.7139223e-05
1998-06-20,4.5205743e-06,293.35275,299.27252,287.6704,4.5164117e-05
1998-06-21,0.0,296.53638,302.6691,287.77533,6.0852333e-05
1998-06-22,0.0,296.17932,305.55695,289.68793,5.765909e-05
1998-06-23,0.00018809129,289.88593,293.05017,289.0323,2.435382e-05
1998-06-24,9.974659e-06,292.1308,297.81647,285.54675,3.6105528e-05
1998-06-25,6.437505e-05,294.37167,299.60028,289.5509,4.481935e-05
1998-06-26,0.0,296.4127,301.54114,290.1409,4.428289e-05
1998-06-27,0.0,294.0326,301.79562,290.55612,5.213697e-05
1998-06-28,8.790662e-05,293.85864,301.6094,288.91327,4.680946e-05
1998-06-29,0.00011044059,293.43008,296.93246,289.83392,3.342045e-05
1998-06-30,9.410804e-06,294.38977,300.48306,289.95337,4.870087e-05
1998-07-01,0.00011201455,296.2162,300.4025,289.17557,5.938676e-05
1998-07-02,1.8091343e-06,290.47467,296.0315,288.7987,2.5375817e-05
1998-07-03,7.341069e-05,290.2456,293.79642,288.23566,2.5444968e-05
1998-07-04,1.2492928e-05,291.91068,297.2099,288.34546,4.955634e-05
1998-07-05,6.221718e-07,290.48874,295.74252,286.7192,3.1813684e-05
1998-07-06,1.2750437e-06,292.69586,297.36835,286.10242,3.047719e-05
1998-07-07,0.0,292.1615,298.96808,288.15805,3.805993e-05
1998-07-08,0.00047419264,287.59106,292.9097,285.7559,3.9528688e-05
1998-07-09,1.0238177e-05,287.18124,293.69675,281.6172,3.2084914e-05
1998-07-10,2.2482752e-06,291.5657,297.41113,286.0936,4.3975862e-05
1998-07-11,1.4933045e-06,292.555,299.2282,287.77707,3.6807047e-05
1998-07-12,0.00010412909,290.77728,293.5761,288.54025,2.286208e-05
1998-07-13,8.811135e-05,296.52057,302.1805,288.24063,5.4906155e-05
1998-07-14,5.8398993e-05,287.55606,297.58258,285.7498,1.9033465e-05
1998-07-15,0.0004032385,289.15634,293.94104,285.15906,3.07284e-05
1998-07-16,0.0,292.215,298.02017,284.08856,5.3160496e-05
1998-07-17,0.0,291.65598,298.6437,284.7664,5.048868e-05
1998-07-18,5.8913323e-05,294.60217,300.6351,287.31165,4.8708655e-05
1998-07-19,0.0,296.4622,302.2815,289.6466,5.3316893e-05
1998-07-20,0.0,297.9049,303.80814,288.30768,5.9462407e-05
1998-07-21,0.0,297.72635,304.5514,290.02194,6.180111e-05
1998-07-22,5.1887378e-06,297.56668,304.97394,290.17905,6.108194e-05
1998-07-23,0.0,298.16782,305.3745,291.72388,5.769008e-05
1998-07-24,0.0,296.9302,302.2823,292.25153,5.5024844e-05
1998-07-25,6.738442e-06,296.12042,301.46945,291.39575,4.9639155e-05
1998-07-26,1.9575424e-05,296.07007,301.52994,292.20853,5.340743e-05
1998-07-27,0.0,297.61145,302.55975,288.98053,5.4867447e-05
1998-07-28,5.4502057e-06,291.63898,298.25186,291.3231,2.1456568e-05
1998-07-29,0.00023072198,293.34268,299.15836,288.62653,4.670027e-05
1998-07-30,0.0,294.8244,301.2179,286.9776,5.4888933e-05
1998-07-31,0.0,296.0091,301.82974,288.55673,5.363804e-05
1998-08-01,9.051348e-05,295.7035,300.89963,289.8169,5.190097e-05
1998-08-02,0.0,298.51797,304.02017,291.10275,5.368023e-05
1998-08-03,0.0,299.38107,305.9111,294.08414,4.9599155e-05
1998-08-04,2.389683e-06,297.8584,302.71783,294.15707,5.1975036e-05
1998-08-05,8.773671e-05,293.25458,297.66077,291.44,3.588351e-05
1998-08-06,2.9639905e-06,292.14618,298.20593,287.22556,5.413705e-05
1998-08-07,0.0,292.754,300.5905,285.4449,5.2358228e-05
1998-08-08,0.0,295.47766,303.1024,287.19595,5.440416e-05
1998-08-09,0.0,296.29355,304.8422,286.72882,5.604188e-05
1998-08-10,0.0,294.36786,301.3082,290.13815,5.4571763e-05
1998-08-11,0.0,295.36328,303.0923,287.34457,5.220213e-05
1998-08-12,0.0,296.62674,304.74252,288.0896,5.5104447e-05
1998-08-13,0.0,297.016,304.61893,288.28775,5.6828525e-05
1998-08-14,0.0,294.01218,299.27603,290.41617,3.9281305e-05
1998-08-15,0.0,295.0784,301.55594,289.0345,4.8602098e-05
1998-08-16,0.0,296.06033,302.82397,290.03476,3.8552087e-05
1998-08-17,3.1012034e-06,296.53366,304.07657,289.84106,5.2819465e-05
1998-08-18,3.535359e-06,296.65436,304.2138,288.3587,5.278453e-05
1998-08-19,1.3103618e-06,294.02548,297.79138,290.29428,2.6447398e-05
1998-08-20,1.1594553e-05,294.69666,300.7375,288.42126,3.7946622e-05
1998-08-21,9.036601e-06,295.96008,301.40765,289.427,4.06337e-05
1998-08-22,6.0818777e-05,290.76785,295.63217,289.86307,2.795059e-05
1998-08-23,0.0004180989,290.10504,295.58972,287.39697,3.4176104e-05
1998-08-24,1.5183941e-06,291.32904,298.9252,284.96262,3.8837774e-05
1998-08-25,0.00017833624,289.1827,295.2083,285.40897,3.248275e-05
1998-08-26,0.0,289.6069,297.1659,281.69052,4.2111227e-05
1998-08-27,0.0,289.18417,297.0143,283.78992,3.6059766e-05
1998-08-28,0.00030401073,286.88144,290.84778,284.18088,2.5487047e-05
1998-08-29,0.0,285.63196,291.00507,281.68564,2.0934986e-05
1998-08-30,0.0,286.87332,293.2943,282.31488,3.261322e-05
1998-08-31,0.0,287.62787,294.4001,280.77695,3.1650907e-05
1998-09-01,1.6526053e-08,288.90567,294.27237,280.86237,3.20947e-05
1998-09-02,4.834294e-06,290.33554,294.1896,287.28302,2.4931285e-05
1998-09-03,0.0,290.10428,294.0267,285.69965,2.0970074e-05
1998-09-04,0.00012908269,288.75955,290.57547,286.77686,1.4316815e-05
1998-09-05,2.8810064e-06,289.01614,289.88474,287.54974,1.0490936e-05
1998-09-06,0.00052422733,289.90918,295.92383,285.56308,2.9229805e-05
1998-09-07,6.749526e-06,290.0515,296.03317,284.3831,2.930286e-05
1998-09-08,0.0,289.69418,292.1465,287.93854,1.6210839e-05
1998-09-09,0.0,290.14163,296.33847,286.5504,3.3919147e-05
1998-09-10,0.0,289.60703,294.56638,284.82407,2.3390645e-05
1998-09-11,0.0,292.1904,296.97385,286.19806,2.4139452e-05
1998-09-12,2.0796904e-05,289.46304,294.0049,287.0922,1.411574e-05
1998-09-13,0.0005855821,284.74835,289.5895,283.14285,1.6826221e-05
1998-09-14,0.00020853058,282.5377,286.86398,281.6257,1.3774286e-05
1998-09-15,5.4723943e-05,286.36935,291.53,279.22192,2.1679669e-05
1998-09-16,0.0,287.87482,293.52417,281.54654,2.342036e-05
1998-09-17,9.264584e-05,285.2912,289.01068,284.19946,1.5756757e-05
1998-09-18,8.4667445e-06,285.298,291.58777,281.22546,2.7075303e-05
1998-09-19,1.4791724e-06,286.1827,291.7983,283.77655,3.0739226e-05
1998-09-20,4.5119197e-07,287.23895,288.76813,282.94583,2.190084e-05
1998-09-21,6.975205e-06,287.50293,292.1052,285.80884,2.9743773e-05
1998-09-22,0.0,285.09775,292.66827,279.51035,2.3177332e-05
1998-09-23,0.0,285.17587,292.5715,280.22202,2.2016153e-05
1998-09-24,0.0,285.15933,292.93967,279.1013,2.2187834e-05
1998-09-25,0.0,288.68604,295.25363,280.05005,2.6751008e-05
1998-09-26,0.0,291.7894,296.95053,286.5418,3.3579858e-05
1998-09-27,1.0388551e-05,291.13727,296.02493,289.18784,1.9566593e-05
1998-09-28,3.221777e-05,287.3083,289.5341,286.64893,8.914513e-06
1998-09-29,0.00035758756,287.48627,294.861,284.77533,1.8774941e-05
1998-09-30,1.5593854e-07,289.09683,295.4746,280.61578,2.436754e-05
1998-10-01,2.7207056e-05,289.43942,292.1082,287.38083,1.16635465e-05
1998-10-02,2.5850097e-05,287.4921,292.94983,285.9268,1.5009555e-05
1998-10-03,9.0719495e-06,284.14633,286.28528,283.9433,1.1084483e-05
1998-10-04,7.4111284e-10,284.11935,289.2265,281.8861,1.4553134e-05
1998-10-05,0.0,285.4662,287.4535,280.95355,9.259259e-06
1998-10-06,0.00021426099,287.9693,290.3709,286.48517,9.969308e-06
1998-10-07,5.3544478e-05,289.72754,291.9734,286.6707,1.1757686e-05
1998-10-08,3.8227668e-06,287.24353,289.91125,286.6458,8.617684e-06
1998-10-09,2.5170806e-05,288.0996,292.78537,285.6563,1.3546891e-05
1998-10-10,0.0,287.93445,292.99127,283.72693,2.7052469e-05
1998-10-11,0.0,285.6254,293.63388,279.94348,1.741981e-05
1998-10-12,1.917919e-05,284.59238,288.35068,282.89648,1.1574074e-05
1998-10-13,0.00010054651,281.82614,287.8627,279.46045,1.809392e-05
1998-10-14,0.0,282.31042,287.1177,275.0367,1.1799601e-05
1998-10-15,7.225793e-07,286.56253,292.43146,281.7413,1.423123e-05
1998-10-16,0.0,286.29868,292.09103,282.2487,1.5641037e-05
1998-10-17,0.0,288.55008,293.1159,279.76382,2.448087e-05
1998-10-18,0.0,286.08066,293.58917,282.898,1.3323294e-05
1998-10-19,0.00016402923,282.64987,283.57495,282.1184,7.2228495e-06
1998-10-20,0.00022779258,280.66232,284.57245,278.87433,7.88427e-06
1998-10-21,0.0,279.31006,285.67435,274.3866,1.0424064e-05
1998-10-22,0.0,279.97974,288.4172,274.20294,9.77825e-06
1998-10-23,0.0,281.5512,290.16302,274.82196,1.0789635e-05
1998-10-24,0.0,280.83585,284.38553,276.50647,6.4508918e-06
1998-10-25,6.5389904e-06,281.7676,283.48938,277.81723,6.0914226e-06
1998-10-26,4.163763e-05,280.03738,288.35352,276.30417,9.894529e-06
1998-10-27,3.4341801e-06,281.09964,287.65927,275.32663,9.901266e-06
1998-10-28,0.0,287.41327,290.16095,278.4565,2.70614e-05
1998-10-29,0.0,286.15265,293.52914,281.29123,2.4464352e-05
1998-10-30,0.00010324395,279.7772,286.84818,274.2582,1.162906e-05
1998-10-31,0.0,279.19772,285.8768,274.22748,9.955908e-06
1998-11-01,0.0,282.81363,289.42584,275.78268,1.4818274e-05
1998-11-02,0.0,278.00906,285.3798,272.92065,9.1055435e-06
1998-11-03,9.348337e-06,283.93668,290.58023,276.05682,1.6296264e-05
1998-11-04,2.9138877e-05,281.1194,284.14163,280.47678,5.787037e-06
1998-11-05,0.0008644469,277.1546,280.8275,274.33124,6.75115e-06
1998-11-06,6.083203e-05,276.30765,284.44748,271.01596,7.045977e-06
1998-11-07,1.414789e-06,277.79947,283.10342,272.7672,5.696688e-06
1998-11-08,0.0,277.2336,284.0412,271.22452,5.060507e-06
1998-11-09,0.0,280.51852,284.72842,275.1307,6.051323e-06
1998-11-10,1.635567e-06,281.03006,283.9597,277.73328,6.9444445e-06
1998-11-11,0.00011886536,280.26645,286.0664,276.93405,1.4900851e-05
1998-11-12,1.3389384e-06,274.6529,281.77667,271.51248,4.6623395e-06
1998-11-13,0.0,273.96124,281.39072,270.41763,3.5123467e-06
1998-11-14,0.0,276.10898,280.0115,269.40756,4.770693e-06
1998-11-15,0.00016160589,277.26566,282.8917,274.7636,6.605013e-06
1998-11-16,0.0,277.11423,282.36423,272.55518,4.405367e-06
1998-11-17,4.045237e-06,274.45047,278.5125,272.07977,3.5269472e-06
1998-11-18,2.9409275e-06,272.8922,278.25415,269.86502,4.637027e-06
1998-11-19,0.0,271.6269,277.10175,268.01202,1.296702e-06
1998-11-20,0.0,271.61063,274.86502,267.91684,8.921111e-06
1998-11-21,0.0,269.14056,271.52603,268.0058,5.0921712e-06
1998-11-22,1.0215528e-05,270.28973,271.02118,268.2313,2.3485202e-06
1998-11-23,9.345923e-05,273.14456,274.19174,270.46918,2.3088692e-06
1998-11-24,3.1130217e-05,274.57974,277.37845,273.1885,3.4608279e-06
1998-11-25,0.0,274.29047,275.857,272.49347,3.176171e-06
1998-11-26,3.2387618e-07,273.9198,275.3411,273.24976,2.2802406e-06
1998-11-27,7.3237056e-06,273.45853,277.4221,271.27682,2.3792454e-06
1998-11-28,0.0,273.23206,273.9369,271.22467,3.3216375e-06
1998-11-29,0.0,273.66565,274.2717,272.60925,3.3642104e-06
1998-11-30,6.2902295e-06,274.84836,275.98312,273.4475,3.4537732e-06
1998-12-01,2.6213665e-06,272.04788,274.94537,271.39374,3.4637162e-06
1998-12-02,7.11091e-05,271.63757,272.90128,270.81036,2.966775e-06
1998-12-03,5.9275912e-06,272.02042,272.5868,271.2459,2.3058024e-06
1998-12-04,6.6468544e-07,271.12103,272.03915,271.15576,2.3148148e-06
1998-12-05,0.0001417348,269.86548,273.72836,266.06888,2.3148148e-06
1998-12-06,2.845062e-06,265.18353,270.68744,260.0617,1.618647e-06
1998-12-07,0.0,266.53162,274.2194,261.4727,1.9254248e-06
1998-12-08,0.0,266.13388,269.9436,260.2143,1.2090487e-06
1998-12-09,1.9222646e-09,263.24542,271.81314,260.13068,1.3623384e-07
1998-12-10,0.0,266.55246,270.25858,258.66727,5.299895e-07
1998-12-11,6.66065e-06,269.1079,270.0754,268.69778,2.292144e-06
1998-12-12,2.327396e-06,266.64246,272.11188,264.28775,1.1574074e-06
1998-12-13,4.4600597e-06,271.69678,275.86426,261.65607,1.6314232e-06
1998-12-14,1.2437878e-06,275.31714,279.53214,267.88953,4.082384e-06
1998-12-15,2.6009831e-05,274.68475,277.2204,273.072,2.3148148e-06
1998-12-16,0.0,272.13443,276.3003,269.76923,1.6508748e-06
1998-12-17,0.0,273.24973,277.90253,269.41568,1.8065107e-06
1998-12-18,0.0,271.46188,277.30447,267.26367,5.6627005e-07
1998-12-19,0.0,269.81955,271.87646,267.74762,2.3074172e-06
1998-12-20,0.0,272.94385,273.66455,268.44437,7.92717e-07
1998-12-21,0.00010368601,274.00616,275.1207,273.38235,3.50225e-06
1998-12-22,3.1176373e-08,270.10132,276.0234,265.68286,9.0665344e-07
1998-12-23,2.5219085e-06,271.12085,274.6196,268.3914,1.5005647e-06
1998-12-24,0.0,267.1484,272.2651,262.69257,1.2484365e-06
1998-12-25,0.0,265.99918,267.72964,265.66644,1.8508929e-06
1998-12-26,0.0,265.58655,267.98383,264.5011,1.1574074e-06
1998-12-27,0.0,266.51694,270.66708,261.84384,1.1574074e-06
1998-12-28,0.0,269.30212,274.0647,263.37643,9.738864e-08
1998-12-29,0.0,270.4201,272.0943,264.62943,1.2050475e-06
1998-12-30,0.0,272.6322,273.76794,271.23575,2.3148148e-06
1998-12-31,0.0,271.4858,273.3836,271.21335,2.3148148e-06
1999-01-01,0.0,270.00482,272.04245,268.44867,1.2257974e-06
1999-01-02,3.9505125e-07,271.47803,272.81516,268.74265,2.3148148e-06
1999-01-03,4.417521e-06,273.02612,273.93683,270.87357,2.3148148e-06
1999-01-04,2.5057825e-06,274.6081,277.80112,269.908,1.1579136e-06
1999-01-05,0.0,274.65088,280.32626,271.0724,1.6126365e-06
1999-01-06,0.0,272.86734,280.82935,268.16083,1.2040832e-06
1999-01-07,0.0,271.44968,278.53223,267.669,2.0174198e-07
1999-01-08,0.0,271.7378,276.35388,267.536,2.6867635e-06
1999-01-09,4.6956666e-05,274.0459,276.2518,268.8251,2.3148148e-06
1999-01-10,0.0,272.1629,275.7649,269.35843,1.7168214e-06
1999-01-11,4.974937e-05,273.13037,274.06506,272.0546,2.746433e-06
1999-01-12,4.3084627e-05,275.7513,279.67908,271.32706,4.744013e-06
1999-01-13,0.0,272.87024,275.4467,270.85535,2.3148148e-06
1999-01-14,0.0,273.92914,279.22504,266.75772,3.887943e-06
1999-01-15,5.095844e-07,273.3379,281.4951,269.1126,2.9185044e-06
1999-01-16,0.0,274.70438,281.94894,270.28073,2.0812113e-06
1999-01-17,0.0,275.4855,283.10425,270.24136,3.7149052e-06
1999-01-18,0.0,272.74377,275.0077,269.4456,2.3908747e-06
1999-01-19,0.0,272.77676,274.51514,272.56815,2.3476412e-06
1999-01-20,0.0,271.27155,272.1623,270.9754,2.3815628e-06
1999-01-21,0.0,271.15305,271.4963,271.1219,2.545152e-06
1999-01-22,0.0,270.63083,271.19308,270.25433,2.4024157e-06
1999-01-23,0.0,270.57407,271.10495,270.24252,2.4822848e-06
1999-01-24,0.0,270.48984,271.154,270.45996,2.3817456e-06
1999-01-25,0.0,270.94455,273.17163,269.94598,2.4031951e-06
1999-01-26,0.0,270.33844,271.1706,269.51706,2.5727009e-06
1999-01-27,2.5343907e-05,273.69092,274.58392,270.5179,2.4300111e-06
1999-01-28,8.825477e-07,274.33078,279.75806,269.9444,4.5009124e-06
1999-01-29,6.264933e-07,271.19034,275.7807,269.50064,8.589092e-06
1999-01-30,2.590796e-09,267.36096,269.52142,265.5062,1.2728977e-05
1999-01-31,0.0,269.4056,272.1704,265.8183,1.1026614e-05
1999-02-01,3.0060346e-06,269.91147,271.79373,267.0023,5.7895954e-06
1999-02-02,1.2407809e-06,273.07764,274.8552,270.54208,4.0325635e-06
1999-02-03,6.916585e-06,275.68826,281.00107,272.5374,8.304453e-06
1999-02-04,0.0,275.60837,280.86237,273.06915,6.651218e-06
1999-02-05,0.0,278.45178,287.28674,272.0397,1.5541045e-05
1999-02-06,0.0,274.14755,280.67432,270.64142,1.1466279e-05
1999-02-07,0.0,276.54803,281.1173,268.8721,1.166266e-05
1999-02-08,2.17927e-07,273.43106,278.41132,271.19785,1.2246933e-05
1999-02-09,5.350999e-07,273.2362,276.21356,268.40198,6.1333735e-06
1999-02-10,0.00026655901,271.20554,273.36887,270.88342,5.522765e-06
1999-02-11,4.845109e-07,270.3959,271.95486,269.597,1.2396899e-05
1999-02-12,1.1651471e-06,270.68246,273.55795,267.79388,1.15430275e-05
1999-02-13,0.0,270.54962,273.74844,268.6751,5.164501e-06
1999-02-14,4.1969906e-05,270.7003,273.22113,269.23584,4.6548284e-06
1999-02-15,8.549428e-06,266.46548,273.99588,262.865,3.9398174e-06
1999-02-16,0.0,271.19595,276.70612,258.13672,6.9613043e-06
1999-02-17,0.0,272.61346,279.6578,265.70166,8.101852e-06
1999-02-18,0.0,269.59222,279.3612,261.444,9.289282e-06
1999-02-19,0.0,274.96252,280.01956,264.4626,8.080524e-06
1999-02-20,0.0,277.90283,282.50494,274.4309,8.198685e-06
1999-02-21,0.0,274.86584,278.24265,271.74512,4.874774e-06
1999-02-22,2.94566e-08,274.94586,277.80942,272.4015,4.6130976e-06
1999-02-23,0.000108877546,273.48398,280.1304,268.6022,9.91616e-06
1999-02-24,0.0,274.19717,280.65823,267.8448,1.1120321e-05
1999-02-25,8.200122e-08,273.57764,281.27728,269.2417,1.206441e-05
1999-02-26,0.0,276.19037,282.49963,269.8204,1.0406832e-05
1999-02-27,0.0,281.41953,289.58527,271.1781,1.6645343e-05
1999-02-28,0.0,280.62338,288.52213,273.26178,1.568183e-05
1999-03-01,0.0,280.72443,287.21255,272.86533,1.7021219e-05
1999-03-02,0.0,281.78683,285.94476,277.85632,1.279103e-05
1999-03-03,0.0,282.819,288.24625,276.80334,2.0968782e-05
1999-03-04,0.0,285.36084,290.56168,281.94522,2.5753043e-05
1999-03-05,3.6740462e-06,282.04047,286.56903,279.61612,2.0386633e-05
1999-03-06,2.0946924e-05,278.67133,284.88962,273.3013,1.27276535e-05
1999-03-07,2.8709142e-05,278.50217,283.26376,274.6927,1.600312e-05
1999-03-08,1.3425435e-05,277.7451,283.3803,274.69046,1.6352215e-05
1999-03-09,0.0,280.94427,285.3676,274.95462,2.1015072e-05
1999-03-10,0.0,283.6904,291.171,275.9968,2.7675413e-05
1999-03-11,0.0,280.41708,285.95782,277.22418,1.661014e-05
1999-03-12,0.0,279.71127,285.2716,276.50748,1.7280328e-05
1999-03-13,0.0,279.85577,285.7813,272.38104,1.6262045e-05
1999-03-14,0.0,278.69394,283.8748,274.6566,1.726668e-05
1999-03-15,0.0,280.27588,285.64508,274.26712,1.741527e-05
1999-03-16,4.987536e-06,275.54303,280.9393,273.87256,1.0896253e-05
1999-03-17,8.3003e-06,274.39645,277.42557,273.40994,1.3961373e-05
1999-03-18,2.8319935e-06,275.68747,279.7914,271.62048,1.8773331e-05
1999-03-19,0.0,276.59094,282.5538,271.30093,2.1077833e-05
1999-03-20,0.0,278.1565,283.3812,272.8019,2.151188e-05
1999-03-21,0.0,277.87668,285.39005,271.19327,1.815739e-05
1999-03-22,0.0,280.00995,285.29303,271.04794,1.893666e-05
1999-03-23,0.00018346366,280.44507,284.92365,276.99536,1.7295264e-05
1999-03-24,6.149289e-06,282.7594,289.00616,275.8713,2.5849991e-05
1999-03-25,0.0,284.61444,292.80447,273.81958,3.7479494e-05
1999-03-26,0.0,285.985,291.6207,282.27823,3.2044376e-05
1999-03-27,0.0,284.7536,292.6334,279.02042,2.5399459e-05
1999-03-28,8.646758e-05,281.32587,283.73145,278.06772,9.251952e-06
1999-03-29,0.00023315863,283.05347,285.72437,281.21228,1.4220079e-05
1999-03-30,1.1333812e-05,283.67065,286.94254,280.7254,1.8518518e-05
1999-03-31,2.6019684e-06,284.12573,290.31198,278.06085,2.8697903e-05
1999-04-01,0.0,284.4105,290.92957,281.94733,2.7831828e-05
1999-04-02,0.0,284.9262,291.2825,277.30966,3.6781435e-05
1999-04-03,0.0,286.87,292.3115,283.5691,4.7049478e-05
1999-04-04,0.0,285.84558,293.79865,278.89038,3.6029804e-05
1999-04-05,0.0,285.7172,291.73193,283.2142,2.6998065e-05
1999-04-06,0.0,285.61057,294.3119,277.52792,3.604868e-05
1999-04-07,0.0,287.66208,295.67462,279.62698,4.0640953e-05
1999-04-08,9.916446e-05,282.3417,285.5741,281.25293,1.3668039e-05
1999-04-09,4.2881486e-05,283.19937,288.32428,279.89673,3.6597587e-05
1999-04-10,0.0,284.04556,290.30103,276.34448,2.8327651e-05
1999-04-11,1.1147413e-05,285.378,289.36154,282.0113,2.0942141e-05
1999-04-12,1.5571237e-05,283.42398,287.09943,280.76617,1.6601869e-05
1999-04-13,1.1526149e-05,282.37677,285.76306,280.7454,1.4697698e-05
1999-04-14,4.516756e-05,283.71805,289.20294,277.22873,2.6519128e-05
1999-04-15,2.5305308e-06,287.4895,292.03522,282.26233,3.8808397e-05
1999-04-16,1.7309064e-09,283.73315,287.97934,282.63095,1.3738721e-05
1999-04-17,0.00024502655,281.36124,285.20248,280.44858,1.8596298e-05
1999-04-18,9.5462754e-05,280.03964,284.47083,276.70883,1.7454227e-05
1999-04-19,1.4003177e-05,278.5124,283.651,275.7603,1.8295435e-05
1999-04-20,2.1758284e-05,280.4783,286.7134,275.03592,3.1817122e-05
1999-04-21,2.8314557e-06,283.32162,288.9405,273.95795,2.9076982e-05
1999-04-22,1.1713091e-05,284.95807,290.68375,282.65857,2.6485293e-05
1999-04-23,2.2150989e-05,283.8459,285.99246,279.9783,1.40734055e-05
1999-04-24,3.946649e-05,284.7517,290.4089,280.8369,1.9792225e-05
1999-04-25,4.2762942e-05,285.3377,290.2763,282.1823,2.5156256e-05
1999-04-26,3.384071e-05,286.9375,292.73615,281.6051,3.8096325e-05
1999-04-27,2.7677126e-08,288.31,294.42157,282.4874,4.0158804e-05
1999-04-28,0.0,287.96204,292.9546,282.12888,3.4966848e-05
1999-04-29,0.0,289.92664,295.61246,281.73788,4.4184e-05
1999-04-30,0.0,287.6209,292.3521,283.64587,3.273502e-05
1999-05-01,0.0,288.35703,295.6074,284.0854,3.9828952e-05
1999-05-02,5.20527e-05,289.50784,296.47668,282.8759,4.2442025e-05
1999-05-03,9.3739916e-05,289.87527,295.6065,282.85184,4.0736162e-05
1999-05-04,0.0,288.48407,291.7152,284.61963,1.9228564e-05
1999-05-05,0.00026524116,283.0859,288.38528,281.5828,1.7319882e-05
1999-05-06,1.553377e-05,284.33984,287.97867,279.48938,2.813352e-05
1999-05-07,0.0,284.76895,287.7484,280.86423,2.1752967e-05
1999-05-08,0.0,289.00974,295.61295,280.48953,4.431784e-05
1999-05-09,3.566466e-05,287.42426,291.827,285.39755,2.3351207e-05
1999-05-10,1.2352274e-05,290.0749,295.91138,281.81122,4.5145393e-05
1999-05-11,0.0,288.43347,293.91922,283.08817,2.8608682e-05
1999-05-12,0.0,288.0675,290.71536,284.39145,2.0395479e-05
1999-05-13,7.5460914e-05,290.57034,295.81528,284.53738,3.5874033e-05
1999-05-14,4.440686e-05,286.89725,291.81674,285.82892,1.752211e-05
1999-05-15,0.00023234289,287.9146,293.5439,285.0211,3.304596e-05
1999-05-16,8.6897475e-05,285.2121,291.12958,282.39938,3.8734004e-05
1999-05-17,3.5535054e-06,286.25427,291.46518,278.42737,4.1324696e-05
1999-05-18,0.0,285.10617,288.7967,283.67947,2.3394616e-05
1999-05-19,1.6086074e-06,287.97653,293.3246,278.30838,4.6877434e-05
1999-05-20,0.0,287.27817,292.57977,281.73712,2.1253121e-05
1999-05-21,0.0006070303,287.21613,292.0077,284.82617,3.5198987e-05
1999-05-22,2.565447e-05,289.5653,294.73694,283.74313,4.357744e-05
1999-05-23,2.6592652e-05,288.03845,292.4133,285.13095,4.599215e-05
1999-05-24,1.4923182e-06,288.30872,294.83182,281.14145,5.0573755e-05
1999-05-25,0.0,291.2591,296.71695,281.64725,4.724545e-05
1999-05-26,2.5163138e-07,291.58957,298.2931,286.68872,4.9088663e-05
1999-05-27,1.5343065e-05,293.69946,299.56348,284.89093,5.318524e-05
1999-05-28,2.3302728e-06,293.71976,300.7567,286.68954,5.577278e-05
1999-05-29,2.6277121e-05,294.31342,300.74408,286.98126,5.884094e-05
1999-05-30,4.346175e-06,296.20062,301.75537,287.42236,5.762947e-05
1999-05-31,0.0,297.38776,304.17163,291.55023,6.1160994e-05
1999-06-01,1.7460544e-06,294.22263,299.32065,291.3079,5.5092336e-05
1999-06-02,2.4086507e-06,296.3596,301.5134,288.3739,5.0596853e-05
1999-06-03,2.632472e-06,295.99924,300.79922,291.4791,5.8760674e-05
1999-06-04,0.0,289.73877,298.50235,287.61334,3.5218618e-05
1999-06-05,0.00024185823,292.13715,297.62527,287.0314,5.8899495e-05
1999-06-06,0.0,295.50076,300.5227,286.74426,6.240578e-05
1999-06-07,0.0,295.76685,301.17926,288.32007,6.136139e-05
1999-06-08,1.583677e-05,290.5844,298.2353,286.79242,3.6730395e-05
1999-06-09,0.00012529916,290.4926,295.6417,284.1523,5.428526e-05
1999-06-10,0.0,291.67856,297.61377,284.2912,5.002523e-05
1999-06-11,4.8890047e-07,291.74078,297.5613,286.3272,3.1814983e-05
1999-06-12,0.00022061149,291.2392,295.6462,288.39005,3.8791208e-05
1999-06-13,0.0,290.01953,295.5187,284.39188,4.3911303e-05
1999-06-14,0.0,291.64383,296.8287,285.69302,4.6561207e-05
1999-06-15,0.0,291.24875,295.28888,288.8028,3.0188841e-05
1999-06-16,2.6627e-05,291.4241,295.43445,289.5081,3.56879e-05
1999-06-17,3.4913376e-07,292.0269,296.807,287.61777,3.602707e-05
1999-06-18,4.5412595e-05,290.72464,296.93848,289.43866,3.4321303e-05
1999-06-19,5.8463287e-05,289.56567,291.36032,286.90253,3.1642972e-05
1999-06-20,0.0,292.66193,297.50296,284.67728,5.076605e-05
1999-06-21,2.2086915e-06,287.03726,291.9757,285.11823,1.9188552e-05
1999-06-22,0.00039147364,285.6903,287.88022,284.0093,2.733375e-05
1999-06-23,2.6917005e-06,288.3643,293.94354,283.22336,5.8564703e-05
1999-06-24,0.0,288.06433,293.72647,280.48325,4.7111953e-05
1999-06-25,0.0,289.96667,296.03757,281.36426,5.329448e-05
1999-06-26,0.0,292.6708,298.26303,283.3851,5.7585316e-05
1999-06-27,0.0,293.78918,300.033,286.4988,4.7571644e-05
1999-06-28,0.0,293.7619,298.90503,288.21423,4.0898027e-05
1999-06-29,8.964441e-06,293.61542,299.3059,289.66354,5.7400008e-05
1999-06-30,0.0,295.0315,300.69495,287.3246,5.6412926e-05
1999-07-01,3.6288714e-06,294.55994,299.85248,289.99213,5.547994e-05
1999-07-02,6.0428615e-06,294.16162,301.75146,288.99896,5.634183e-05
1999-07-03,5.124945e-06,296.38385,302.5464,288.99118,6.0475482e-05
1999-07-04,0.0,297.5377,303.98737,289.91537,6.3659e-05
1999-07-05,0.0,298.68277,303.9214,290.1989,6.659377e-05
1999-07-06,0.0,299.36786,305.17227,290.6976,5.909152e-05
1999-07-07,1.4986621e-05,289.97455,297.8237,289.63522,2.17985e-05
1999-07-08,0.00018566636,291.80945,296.9315,289.09854,3.9225928e-05
1999-07-09,4.1984347e-07,290.83868,291.96103,289.39896,2.0499288e-05
1999-07-10,0.00022937961,292.6488,296.66995,290.66098,2.7531152e-05
1999-07-11,7.993252e-05,293.21103,298.14035,291.12024,3.5861718e-05
1999-07-12,8.287681e-05,294.14682,300.06403,290.13358,4.497625e-05
1999-07-13,1.512529e-06,296.2338,301.2086,289.94238,5.380439e-05
1999-07-14,0.0,293.13675,300.46994,289.27667,3.815272e-05
1999-07-15,0.00012252177,292.9347,298.91922,288.4308,5.261224e-05
1999-07-16,4.492305e-06,292.296,299.10205,287.3955,5.109083e-05
1999-07-17,8.397595e-05,293.14847,298.71106,287.55405,5.193159e-05
1999-07-18,0.0,293.15616,299.98593,286.60483,5.0879014e-05
1999-07-19,0.0,294.21274,300.64685,286.72913,5.5298653e-05
1999-07-20,0.0,296.1214,302.30447,286.88013,5.8590573e-05
1999-07-21,3.2097012e-06,296.84277,303.06683,290.53992,5.634601e-05
1999-07-22,1.1952971e-05,291.00482,296.2626,288.95023,3.1661588e-05
1999-07-23,0.0001619068,289.83914,294.62488,286.5238,4.1491814e-05
1999-07-24,0.0,290.8016,294.77682,286.00644,4.0202183e-05
1999-07-25,0.0,291.31082,295.7436,289.3012,2.7381546e-05
1999-07-26,2.7919983e-05,293.2239,297.25906,289.9755,3.040002e-05
1999-07-27,7.620029e-05,295.52728,300.59076,291.20862,5.387337e-05
1999-07-28,0.0,294.9937,300.15768,288.4361,4.63176e-05
1999-07-29,2.7277817e-08,294.074,298.6131,290.83994,5.2802876e-05
1999-07-30,0.0,292.51553,298.29904,288.34808,5.6284523e-05
1999-07-31,0.0,291.8614,298.8692,286.3157,4.17336e-05
1999-08-01,1.1258888e-06,292.21613,300.19867,285.56058,5.3415537e-05
1999-08-02,9.981294e-07,292.12817,299.07404,286.49295,4.541805e-05
1999-08-03,1.5592455e-05,293.3568,299.774,285.8181,4.913031e-05
1999-08-04,0.00011582914,294.1098,299.67905,290.46613,4.7751306e-05
1999-08-05,0.0,295.6831,301.3523,290.1755,4.266521e-05
1999-08-06,7.731741e-06,295.55167,302.66254,290.9471,4.8118676e-05
1999-08-07,9.488022e-05,294.70935,303.56628,290.26056,4.890241e-05
1999-08-08,1.3111509e-05,297.5004,303.88135,287.59662,5.0562816e-05
1999-08-09,0.0,298.54733,305.3425,289.9263,6.129299e-05
1999-08-10,0.0,295.26486,304.15225,291.08926,4.6021996e-05
1999-08-11,0.000104217346,293.43112,299.0972,288.26395,4.2605083e-05
1999-08-12,1.5921136e-06,291.2966,296.17358,288.37473,3.3489698e-05
1999-08-13,4.86554e-05,289.0146,292.2947,286.21503,2.1594366e-05
1999-08-14,2.004656e-05,290.03955,296.3447,282.26883,4.5449666e-05
1999-08-15,0.0,292.908,300.69623,283.60986,4.8368118e-05
1999-08-16,5.4213363e-08,291.19943,296.83847,287.9992,3.3037126e-05
1999-08-17,0.00032305272,291.39258,295.46426,287.58847,2.7743608e-05
1999-08-18,1.5078535e-06,292.39185,296.82498,289.95486,2.846662e-05
1999-08-19,0.0,293.05182,298.01932,288.60303,3.234751e-05
1999-08-20,0.0,290.8187,296.3446,289.51776,2.4305555e-05
1999-08-21,0.00023426332,289.9309,294.77408,288.14642,2.293511e-05
1999-08-22,8.422456e-07,290.58087,296.3281,285.6825,3.885589e-05
1999-08-23,1.5124957e-06,289.2725,295.86472,284.09674,3.5111443e-05
1999-08-24,0.0,289.9002,296.6438,283.5734,3.7407084e-05
1999-08-25,0.0,289.36896,296.8445,283.74683,3.2514294e-05
1999-08-26,0.0,292.09363,297.36966,285.22006,3.7525784e-05
1999-08-27,3.3908357e-06,290.4835,293.50983,288.74567,2.0088532e-05
1999-08-28,0.0,292.14963,297.77893,287.20224,2.9777082e-05
1999-08-29,1.2529676e-06,290.4167,294.23102,289.346,2.1173708e-05
1999-08-30,2.2629265e-05,288.8187,290.6934,288.19183,1.3368751e-05
1999-08-31,0.00022125471,291.5631,296.97266,287.06302,3.1751286e-05
1999-09-01,2.3770301e-06,289.13107,294.5306,286.67383,2.1590315e-05
1999-09-02,4.1135745e-06,285.86166,288.82938,282.59885,1.5123733e-05
1999-09-03,9.409571e-06,288.75037,289.71155,285.2573,1.49070065e-05
1999-09-04,4.9175684e-05,288.71533,291.10187,288.1963,1.3114122e-05
1999-09-05,1.4961413e-05,287.7559,289.74484,286.83273,1.19219685e-05
1999-09-06,1.3817938e-05,288.81244,295.53036,285.77054,2.688251e-05
1999-09-07,0.0,290.22134,296.39697,284.4119,2.7860175e-05
1999-09-08,0.0,292.57062,297.786,287.703,3.5710833e-05
1999-09-09,4.441592e-06,293.5274,299.15222,287.58957,4.333275e-05
1999-09-10,4.0920563e-06,292.2818,299.24622,288.8714,4.2773074e-05
1999-09-11,0.0,291.6172,299.02606,287.0487,3.3935186e-05
1999-09-12,0.0,291.17105,299.35648,285.99582,3.4528817e-05
1999-09-13,0.0,289.96902,298.7958,284.3228,3.0832252e-05
1999-09-14,0.0,290.43298,298.89993,283.38443,3.188515e-05
1999-09-15,0.0,291.6041,298.95053,284.84644,2.935057e-05
1999-09-16,0.0,291.30762,299.63412,285.42453,2.856935e-05
1999-09-17,0.0,291.60025,298.91254,286.0233,2.6456548e-05
1999-09-18,3.4439854e-06,291.1197,294.45547,287.07703,1.402616e-05
1999-09-19,1.1841681e-05,291.17618,297.8792,288.57062,2.662037e-05
1999-09-20,2.1621332e-05,292.9865,299.0302,287.16595,2.8896186e-05
1999-09-21,1.5448946e-06,289.18655,293.05365,287.6344,1.2451628e-05
1999-09-22,0.00012196751,290.5313,297.4877,285.33417,2.8537977e-05
1999-09-23,0.0,291.05017,298.83142,283.79858,2.6123078e-05
1999-09-24,0.0,291.44458,298.51767,285.653,2.6050475e-05
1999-09-25,0.0,293.13947,299.47858,285.35345,3.5082834e-05
1999-09-26,0.0,295.61554,300.9196,288.10065,4.293432e-05
1999-09-27,9.792915e-06,288.88806,294.83145,287.44397,1.5525202e-05
1999-09-28,1.1976107e-05,288.4196,294.83942,285.04782,1.3958037e-05
1999-09-29,3.5771296e-05,288.20767,295.89526,282.1514,2.9200612e-05
1999-09-30,0.0,291.111,297.776,283.3898,3.6325022e-05
1999-10-01,1.7115664e-07,286.5799,293.06677,284.6409,1.727903e-05
1999-10-02,2.9483344e-06,289.76505,294.9777,282.06085,2.3507866e-05
1999-10-03,0.0,292.0786,297.16998,288.36243,3.2040083e-05
1999-10-04,4.405045e-05,283.23746,291.62476,282.90625,1.0095071e-05
1999-10-05,0.00024882975,284.78122,289.51697,282.545,2.1200794e-05
1999-10-06,0.0,283.41495,288.91376,280.77063,1.9642663e-05
1999-10-07,6.4390474e-07,281.30994,289.50266,276.37656,1.6852096e-05
1999-10-08,0.0,280.78775,289.87488,274.6055,1.6797621e-05
1999-10-09,0.0,285.48276,292.66467,278.34607,1.4782936e-05
1999-10-10,1.5422973e-08,286.9115,295.19016,282.15475,1.5914504e-05
1999-10-11,0.0,285.58694,293.42703,279.60522,1.6796477e-05
1999-10-12,0.0,286.24875,291.59302,284.13336,1.203937e-05
1999-10-13,0.0,285.92435,290.44,282.83945,1.3319096e-05
1999-10-14,0.0,284.41614,290.54044,281.815,1.3911589e-05
1999-10-15,0.0,281.99777,286.75922,278.13077,1.0434407e-05
1999-10-16,0.0,280.0588,286.60342,274.15234,1.3419738e-05
1999-10-17,0.0,276.42496,284.1075,273.7056,1.2576566e-05
1999-10-18,0.0,278.5713,283.24576,272.80566,1.2704208e-05
1999-10-19,0.0,277.6713,279.54416,276.69424,9.721559e-06
1999-10-20,0.0,278.89188,283.46243,275.54245,1.0430617e-05
1999-10-21,0.0,280.88998,282.92627,277.56836,9.201467e-06
1999-10-22,6.3204907e-06,280.7817,282.23773,279.09418,7.996818e-06
1999-10-23,0.0,284.6509,287.926,280.90945,1.0958955e-05
1999-10-24,2.7169288e-05,288.3585,293.4104,283.5304,1.985831e-05
1999-10-25,8.69757e-07,292.59802,296.87335,286.697,2.1518927e-05
1999-10-26,2.0147194e-05,287.62436,292.14453,286.03284,8.101852e-06
1999-10-27,0.00020970115,286.7295,294.06223,283.57413,1.1574074e-05
1999-10-28,0.0,284.53415,289.7446,282.22818,7.3900233e-06
1999-10-29,0.0,284.1679,286.63574,281.81604,5.932229e-06
1999-10-30,5.4241314e-06,282.59018,287.4237,279.90417,8.227663e-06
1999-10-31,0.0,284.74255,291.16138,281.13437,8.118203e-06
1999-11-01,0.0,285.26193,290.99472,281.29288,8.961822e-06
1999-11-02,0.0,284.00018,292.1509,276.52457,9.422414e-06
1999-11-03,0.0,284.1308,287.58856,278.65344,8.102358e-06
1999-11-04,7.1820585e-07,282.46548,285.31348,281.63547,7.0255996e-06
1999-11-05,2.4228339e-06,282.7546,287.06613,280.95114,8.110723e-06
1999-11-06,0.0,285.14645,292.02817,278.72324,1.3385177e-05
1999-11-07,7.334502e-05,282.5445,285.51425,280.91592,1.0605011e-05
1999-11-08,5.028138e-06,280.0161,283.1573,278.89026,6.4264013e-06
1999-11-09,3.461351e-05,277.56763,279.44824,276.90787,4.6296295e-06
1999-11-10,0.00012251391,277.58615,278.42584,276.51773,5.504788e-06
1999-11-11,2.8713316e-06,278.33688,279.69208,276.6127,5.3173044e-06
1999-11-12,0.0,279.18744,282.02505,276.95752,5.74613e-06
1999-11-13,0.0,278.2499,279.94363,276.01532,6.908579e-06
1999-11-14,0.0,277.81033,279.94324,277.61612,5.787037e-06
1999-11-15,6.6802663e-06,275.05624,277.6882,272.88684,8.036921e-06
1999-11-16,3.2956061e-06,273.0516,274.55713,269.07428,4.446515e-06
1999-11-17,1.1376947e-08,273.13943,274.66388,272.1259,3.4722223e-06
1999-11-18,0.00012822986,273.33466,276.92487,271.43274,2.3148148e-06
1999-11-19,0.0,272.7165,273.30804,270.62436,2.3194636e-06
1999-11-20,0.0002184984,266.51733,274.27753,263.09387,1.1574074e-06
1999-11-21,0.0,269.64987,271.3753,263.87674,2.135737e-06
1999-11-22,0.0001343419,271.47714,272.51004,269.73032,2.5275017e-06
1999-11-23,0.0,268.1966,273.5396,260.94373,1.1574074e-06
1999-11-24,0.0,271.24823,274.16653,264.5174,2.3153211e-06
1999-11-25,0.0,273.3575,279.82816,270.02914,1.9606227e-06
1999-11-26,0.0,272.91556,279.61298,268.9438,2.3148148e-06
1999-11-27,0.0,270.49527,272.6782,265.9622,1.7514644e-06
1999-11-28,0.0,269.854,271.94077,268.31903,2.2993565e-06
1999-11-29,0.0,269.1709,269.81036,267.8305,2.2384152e-06
1999-11-30,0.0,268.75476,269.53918,268.43088,2.3148148e-06
1999-12-01,0.0,269.49506,270.64355,267.5025,1.1630814e-06
1999-12-02,0.0,272.80377,277.6171,267.45227,1.1574074e-06
1999-12-03,0.0,277.09827,280.77032,268.83298,5.787037e-06
1999-12-04,0.0,280.88333,283.37317,274.96893,7.461551e-06
1999-12-05,1.1261641e-05,275.07852,282.16104,273.22455,4.6249183e-06
1999-12-06,9.614963e-06,272.75586,278.9261,269.5205,2.3148148e-06
1999-12-07,0.0,272.5064,278.67822,269.34866,2.6737732e-06
1999-12-08,0.0,275.34195,282.12845,269.10876,1.5859079e-06
1999-12-09,0.0,279.9155,285.15497,271.93283,1.1170433e-05
1999-12-10,8.179709e-08,281.41003,285.61435,278.2115,8.677026e-06
1999-12-11,0.00022552535,276.54617,280.65512,274.09613,3.4722223e-06
1999-12-12,5.004478e-06,278.92554,282.29514,272.43317,5.19621e-06
1999-12-13,0.00019282641,277.60294,281.59888,275.4394,4.571961e-06
1999-12-14,1.5162969e-05,276.82373,280.22388,270.5344,3.4734016e-06
1999-12-15,5.517974e-05,274.96027,279.0534,274.22092,3.4722223e-06
1999-12-16,3.1935906e-05,273.43112,274.83868,272.69012,5.7798707e-06
1999-12-17,4.8566704e-08,272.0824,275.0344,268.94473,2.1363473e-06
1999-12-18,0.0,274.72644,278.29932,269.63803,6.278007e-06
1999-12-19,0.0,276.00793,280.3811,273.36023,1.0342005e-05
1999-12-20,0.00010173751,271.00388,274.06052,266.739,3.5226308e-06
1999-12-21,1.2501348e-06,270.6876,275.51474,264.03043,5.1978714e-06
1999-12-22,0.0,265.79553,272.27075,261.74872,2.3148148e-06
1999-12-23,0.0,263.72128,270.0798,258.5123,9.752471e-07
1999-12-24,0.0,264.84225,266.84747,259.68484,1.1574074e-06
1999-12-25,0.0,267.77612,269.56158,265.14078,2.3148148e-06
1999-12-26,0.0,270.57632,275.20834,262.9873,2.730009e-06
1999-12-27,3.007563e-05,275.05017,279.38324,270.27023,3.009549e-06
1999-12-28,5.4248985e-06,274.34006,276.03796,270.65576,2.875179e-06
1999-12-29,0.00014566009,271.90628,278.0994,269.4989,1.1574074e-06
1999-12-30,0.0,269.96075,277.82047,267.7857,1.1574074e-06
1999-12-31,0.0,268.20996,274.62793,263.98645,2.2944512e-06
2000-01-01,0.0,270.15292,273.39767,263.90768,3.3332626e-06
2000-01-02,1.8999236e-06,272.2178,273.2182,271.7033,2.3148148e-06
2000-01-03,1.0947454e-05,268.8047,273.1721,266.1084,1.2253455e-06
2000-01-04,0.0,266.42596,270.6695,264.66177,1.3648578e-06
2000-01-05,0.0,268.03937,273.3522,263.03082,1.1664197e-06
2000-01-06,0.0,267.116,274.64194,263.14023,1.1574074e-06
2000-01-07,0.0,268.59647,270.39032,263.90503,1.1574074e-06
2000-01-08,0.0,269.50516,271.21222,267.0909,2.3148148e-06
2000-01-09,0.0,269.65674,270.81512,268.37622,2.3148148e-06
2000-01-10,2.4357595e-07,271.34854,273.24692,269.72836,3.4637162e-06
2000-01-11,7.4324616e-06,272.9081,276.04187,271.38107,2.1546496e-06
2000-01-12,0.0,268.7471,272.71494,266.7195,2.3148148e-06
2000-01-13,0.0,269.1971,271.402,264.30505,2.09007e-06
2000-01-14,0.0,270.0262,271.29785,267.62747,2.3148148e-06
2000-01-15,0.0,269.4407,271.00067,266.08813,2.3148148e-06
2000-01-16,0.0,269.31418,275.83047,265.10074,4.6296295e-06
2000-01-17,0.0,269.61002,275.02206,262.3361,3.0826016e-06
2000-01-18,0.0,274.16028,282.33972,266.05304,8.06485e-06
2000-01-19,4.8210688e-05,271.5736,277.19858,265.8633,9.722002e-06
2000-01-20,0.0,272.3672,276.603,264.41574,5.9573567e-06
2000-01-21,0.0,272.93524,281.1427,268.63074,1.3417501e-05
2000-01-22,1.022209e-05,269.85864,271.6149,268.47156,5.3375875e-06
2000-01-23,0.0,269.5404,271.0899,267.74826,3.6085291e-06
2000-01-24,0.0,266.982,270.081,266.20996,1.0688139e-05
2000-01-25,0.0,264.64362,270.8644,261.5956,3.499078e-06
2000-01-26,0.0,265.35587,273.5101,259.69412,2.7776082e-06
2000-01-27,0.0,267.56226,275.98874,261.5575,3.2199068e-06
2000-01-28,0.0,268.31842,277.05798,261.85275,2.0381183e-06
2000-01-29,0.0,274.14288,279.70682,263.9497,5.937752e-06
2000-01-30,0.0,277.92926,284.58243,274.85895,7.085398e-06
2000-01-31,6.871493e-06,279.2466,286.30316,272.2728,5.2732107e-06
2000-02-01,0.0,279.562,286.8096,272.375,8.497047e-06
2000-02-02,0.0,279.46133,285.92883,273.62454,7.9268775e-06
2000-02-03,0.0,278.38672,284.90778,273.96164,1.2648217e-05
2000-02-04,0.0,275.14264,281.39655,270.3628,6.397317e-06
2000-02-05,0.0,280.12518,286.1178,272.15637,1.0918126e-05
2000-02-06,0.0,279.3765,288.69876,274.30328,8.921091e-06
2000-02-07,0.0,278.53632,286.20856,272.26895,7.19473e-06
2000-02-08,0.0,280.27664,286.193,273.7943,1.693723e-05
2000-02-09,0.0,279.47174,283.90393,276.79276,1.4931121e-05
2000-02-10,5.984623e-06,275.49847,283.12872,271.29593,9.127009e-06
2000-02-11,0.0,276.11804,282.25735,269.8623,7.32377e-06
2000-02-12,0.0,277.3595,282.8084,273.8884,8.4000485e-06
2000-02-13,0.0,278.17102,284.09067,271.7462,1.0416667e-05
2000-02-14,0.0,276.7504,282.2283,271.89615,1.2256673e-05
2000-02-15,0.0,275.194,281.37445,271.2094,1.1513049e-05
2000-02-16,0.0,276.14252,283.513,272.33356,9.767291e-06
2000-02-17,0.00020457708,274.78403,280.14313,272.24402,9.4034385e-06
2000-02-18,0.0,275.6376,280.39545,270.1057,1.1574074e-05
2000-02-19,0.0,276.7421,283.95758,273.08804,1.1671132e-05
2000-02-20,0.0,277.0473,282.5269,271.90976,1.3862899e-05
2000-02-21,0.0,273.26715,278.229,270.9893,1.1359068e-05
2000-02-22,0.0,272.07608,277.3139,268.70737,9.044061e-06
2000-02-23,0.0,273.87247,280.4682,268.13837,9.283811e-06
2000-02-24,0.0,277.14508,281.28696,273.24158,1.0416667e-05
2000-02-25,0.0,279.64914,285.19464,275.1028,1.7926783e-05
2000-02-26,0.0,277.49994,284.1052,272.78903,1.16938445e-05
2000-02-27,0.0,276.3066,282.94946,273.007,1.11920945e-05
2000-02-28,0.0,278.7628,285.7179,270.34497,2.013568e-05
2000-02-29,0.0,280.97247,286.98642,272.37283,2.5110514e-05
2000-03-01,0.0,281.70065,284.47403,279.99042,1.1817697e-05
2000-03-02,0.00014977805,278.52496,283.15814,276.77426,2.4865525e-05
2000-03-03,0.0,278.9552,283.88956,270.24557,2.154135e-05
2000-03-04,0.0,279.39047,285.42807,275.1892,2.2628545e-05
2000-03-05,9.852189e-06,273.7704,279.53754,270.2309,1.9084544e-05
2000-03-06,0.0,276.72485,283.86575,268.848,1.6641123e-05
2000-03-07,0.0,279.54288,289.08057,270.52847,2.0236788e-05
2000-03-08,0.0,282.9833,290.2674,273.09525,2.2466702e-05
2000-03-09,0.0,287.02997,295.25778,277.25348,2.9557923e-05
2000-03-10,0.0,281.2259,287.55615,279.46964,2.5497277e-05
2000-03-11,0.0,282.05112,287.80975,275.46542,2.173827e-05
2000-03-12,0.0,279.784,286.01715,277.25162,2.1995897e-05
2000-03-13,0.0,278.54373,286.06088,271.70526,1.7892253e-05
2000-03-14,0.0,278.68002,285.0598,270.71277,1.3109381e-05
2000-03-15,0.0,279.1849,284.2387,276.69763,2.2842249e-05
2000-03-16,0.0,275.29855,282.15985,268.55875,1.4436431e-05
2000-03-17,1.253891e-05,274.29495,276.3655,273.39493,9.171658e-06
2000-03-18,7.311646e-05,274.29736,279.3227,269.91864,1.7650491e-05
2000-03-19,0.0,275.21228,278.16824,272.0703,1.1290871e-05
2000-03-20,3.5080036e-06,276.53848,282.4957,273.422,1.8518518e-05
2000-03-21,0.0,278.09332,282.8365,273.38333,1.4162218e-05
2000-03-22,0.0,280.94373,289.70773,272.57828,2.5562433e-05
2000-03-23,0.0,283.3064,291.7639,272.37354,2.6877746e-05
2000-03-24,0.0,283.85532,289.24783,277.44907,1.7108796e-05
2000-03-25,0.0,283.31003,287.39917,279.78702,1.6102951e-05
2000-03-26,0.0,283.73972,291.48322,274.5805,2.597439e-05
2000-03-27,5.7954035e-06,282.34076,287.28528,279.63217,1.6631891e-05
2000-03-28,1.905007e-06,283.17654,289.09808,277.86703,3.1316056e-05
2000-03-29,1.2421837e-06,281.3243,284.03467,279.78836,9.397178e-06
2000-03-30,0.00019956283,282.28217,285.81393,278.4532,2.5275098e-05
2000-03-31,3.675718e-07,282.2643,288.67694,277.9346,1.8985767e-05
2000-04-01,0.0,279.60553,284.5632,275.13937,1.3240524e-05
2000-04-02,6.0008104e-05,282.9939,289.16306,277.10626,2.9762747e-05
2000-04-03,0.0,284.17307,287.27673,280.4668,2.6529155e-05
2000-04-04,7.358995e-08,286.20178,290.90872,282.61182,3.1858348e-05
2000-04-05,2.0072373e-05,284.34253,288.8352,281.81677,1.4586142e-05
2000-04-06,7.955498e-05,279.8444,285.38763,278.05603,2.9608944e-05
2000-04-07,0.0,278.81583,284.21875,272.58868,2.430213e-05
2000-04-08,0.0,280.001,284.91592,275.72858,2.3287354e-05
2000-04-09,1.439443e-06,281.36307,286.42816,272.93295,2.683682e-05
2000-04-10,0.0,283.02512,288.44272,275.88565,3.09903e-05
2000-04-11,0.0,284.38046,289.1096,280.42938,2.8232369e-05
2000-04-12,0.0,285.44183,292.1604,282.49887,3.4269942e-05
2000-04-13,7.402538e-06,285.781,290.33804,279.17203,3.115143e-05
2000-04-14,0.0,288.35928,293.17484,284.32657,4.507992e-05
2000-04-15,0.0,288.7646,294.94058,284.33786,4.477776e-05
2000-04-16,0.0,288.0262,292.82852,280.905,3.8426733e-05
2000-04-17,0.0,290.27454,297.50217,283.43475,4.4496523e-05
2000-04-18,8.9603634e-07,289.84946,294.53915,281.7722,4.4927034e-05
2000-04-19,0.0,290.92685,297.96634,282.91467,4.617392e-05
2000-04-20,0.0,289.16107,296.4692,283.5083,3.705639e-05
2000-04-21,0.0,290.97885,299.7723,284.20013,4.118804e-05
2000-04-22,0.0,292.42526,300.71085,284.9862,4.9394122e-05
2000-04-23,0.0,292.51697,300.75375,282.0085,4.9714137e-05
2000-04-24,0.0,289.49744,299.321,285.2353,4.478097e-05
2000-04-25,0.0001630123,288.34833,293.57434,284.67938,3.121875e-05
2000-04-26,1.952792e-06,289.46637,295.50262,285.19727,3.925918e-05
2000-04-27,0.0,290.16327,297.28528,282.37747,4.1122836e-05
2000-04-28,0.0,291.9488,297.71216,284.85727,4.4896813e-05
2000-04-29,1.0874605e-06,289.84683,294.63165,286.25818,3.1038668e-05
2000-04-30,0.000104234015,290.4351,296.4625,285.33676,3.6102756e-05
2000-05-01,3.1351476e-05,288.80804,295.48642,286.15112,2.8962555e-05
2000-05-02,5.4762546e-05,291.1444,296.3696,286.30145,3.9363887e-05
2000-05-03,1.2024554e-05,286.34274,292.99286,280.10782,4.4614208e-05
2000-05-04,0.0,288.33817,294.62433,279.7673,3.9260878e-05
2000-05-05,0.0,288.0063,294.75705,285.42883,4.3519012e-05
2000-05-06,0.0,289.46945,296.8991,280.67163,4.961638e-05
2000-05-07,0.0,292.86707,299.12305,282.5311,5.2795254e-05
2000-05-08,0.0,290.86536,295.2467,285.66888,3.838104e-05
2000-05-09,0.0,293.27127,299.08078,288.67694,4.4189142e-05
2000-05-10,2.5101435e-06,294.7393,301.74875,284.00085,5.4277338e-05
2000-05-11,0.0,295.82452,302.8191,287.32083,5.351167e-05
2000-05-12,1.8623891e-06,292.34198,298.87912,289.4986,3.3185846e-05
2000-05-13,3.5365247e-05,285.28873,291.23828,283.4181,2.9755065e-05
2000-05-14,0.0,288.86957,296.32898,279.955,4.897914e-05
2000-05-15,0.0,290.9564,298.64496,281.85623,5.3428896e-05
2000-05-16,0.0,292.54822,300.42538,281.80502,5.269275e-05
2000-05-17,0.0,294.93732,301.9535,284.18442,5.7473535e-05
2000-05-18,0.0,294.57227,301.33417,285.0932,6.0394545e-05
2000-05-19,1.4418601e-05,285.09613,294.63623,284.32874,2.2110358e-05
2000-05-20,0.000111708054,282.7073,284.6833,279.52106,1.2296368e-05
2000-05-21,5.5298555e-05,286.67368,293.07986,275.81506,4.715629e-05
2000-05-22,1.9779376e-05,284.40527,288.76462,280.58136,2.431515e-05
2000-05-23,0.00024427485,287.41306,293.4223,278.9228,4.514602e-05
2000-05-24,0.0,289.66864,296.2142,279.4534,5.204867e-05
2000-05-25,0.0,291.7504,298.51978,282.40195,5.5123408e-05
2000-05-26,0.0,293.7187,300.0731,284.89407,5.2563253e-05
2000-05-27,0.0,294.30682,301.5974,285.78162,6.373313e-05
2000-05-28,0.0,293.96274,299.95337,285.38675,5.6097608e-05
2000-05-29,3.1137504e-06,286.1595,293.97876,285.47745,1.9650375e-05
2000-05-30,7.2202633e-06,288.12787,293.54337,283.67346,4.9239356e-05
2000-05-31,0.0,288.82697,293.7283,284.6497,3.618427e-05
2000-06-01,3.2910748e-06,288.51086,294.52054,281.86868,5.396498e-05
2000-06-02,0.0,290.82452,297.18707,280.58475,5.358803e-05
2000-06-03,0.0,293.74014,300.47244,284.36417,5.5412347e-05
2000-06-04,0.0,295.41946,302.75827,284.92026,6.048577e-05
2000-06-05,5.677362e-06,297.36343,303.35953,287.8783,6.3366955e-05
2000-06-06,0.0,294.06973,302.26422,288.38376,5.5910274e-05
2000-06-07,0.00012824553,288.13852,291.74527,287.43564,2.1914157e-05
2000-06-08,2.2707114e-05,290.68613,296.16626,283.17252,5.198538e-05
2000-06-09,0.0,294.76974,301.71094,283.67883,6.0779348e-05
2000-06-10,0.0,296.33212,303.3838,287.4577,6.524419e-05
2000-06-11,0.0,297.40225,304.1216,288.29102,6.461822e-05
2000-06-12,0.0,298.54733,306.06512,291.3425,5.72929e-05
2000-06-13,2.291613e-06,299.0952,305.8705,291.06955,6.264788e-05
2000-06-14,0.0,298.2196,305.88586,292.56287,6.618008e-05
2000-06-15,3.0232331e-06,294.17224,301.83807,290.29654,5.9996055e-05
2000-06-16,4.5165452e-05,291.66586,297.42908,288.49966,6.505251e-05
2000-06-17,2.0966254e-06,288.59198,293.74713,282.79175,5.491932e-05
2000-06-18,0.0,290.55838,297.8319,279.9077,5.7625326e-05
2000-06-19,0.0,293.5274,300.79938,281.72177,6.084636e-05
2000-06-20,0.0,296.4037,303.64493,285.51318,6.228789e-05
2000-06-21,0.0,298.50952,306.90048,287.30203,6.203575e-05
2000-06-22,2.5626737e-06,300.6778,307.919,291.08316,7.388064e-05
2000-06-23,0.0,295.82385,305.9583,288.54297,6.841574e-05
2000-06-24,0.0,293.07224,298.43222,288.85303,4.4335455e-05
2000-06-25,0.000113744754,286.37393,292.72552,285.65118,1.9552814e-05
2000-06-26,4.2743024e-05,288.1243,295.2166,281.95532,4.716779e-05
2000-06-27,4.2277567e-05,290.07858,296.30844,283.5438,5.277646e-05
2000-06-28,0.0,290.66434,297.80975,287.04803,4.3866534e-05
2000-06-29,6.450209e-05,291.70694,297.10977,285.5736,4.5473636e-05
2000-06-30,6.305393e-06,292.26016,297.5285,286.8921,4.851638e-05
2000-07-01,5.2246024e-10,295.3344,303.09213,287.80264,5.8316768e-05
2000-07-02,2.2092416e-07,298.46924,305.05594,287.54208,6.3125124e-05
2000-07-03,0.0,300.53943,306.76102,290.755,7.1904135e-05
2000-07-04,0.0,298.905,306.66983,291.50507,5.9375e-05
2000-07-05,0.0,295.4424,301.35,289.42508,4.894598e-05
2000-07-06,1.9737124e-06,296.6111,303.4515,291.46283,6.169036e-05
2000-07-07,0.0,296.37466,305.46307,288.48538,6.4464235e-05
2000-07-08,7.0526357e-06,291.45822,296.06018,289.66425,2.1856074e-05
2000-07-09,0.00022164635,289.06674,295.04083,284.3132,4.5131026e-05
2000-07-10,2.4337558e-05,294.59805,300.18344,284.7569,6.9958915e-05
2000-07-11,2.4834677e-07,288.9952,295.34418,287.753,2.1167654e-05
2000-07-12,2.2229013e-05,289.04333,294.94217,285.44656,4.158976e-05
2000-07-13,1.0886818e-05,287.65018,293.77414,284.73883,3.7943806e-05
2000-07-14,0.0,289.11148,296.988,280.52017,3.9547416e-05
2000-07-15,0.00023506735,286.31714,289.04492,285.4501,1.7361028e-05
2000-07-16,6.725157e-05,288.7506,293.38794,285.1289,3.53383e-05
2000-07-17,1.9190961e-06,290.19406,296.8405,282.1443,5.432145e-05
2000-07-18,1.9764777e-06,287.83792,293.51315,284.2257,2.6234386e-05
2000-07-19,8.2913706e-05,289.2298,296.1908,285.02692,4.266318e-05
2000-07-20,7.0263355e-05,288.65808,294.56186,282.95544,3.571477e-05
2000-07-21,1.4631404e-06,291.01096,296.88242,283.7849,4.0991767e-05
2000-07-22,0.0,292.66638,299.27026,285.12643,4.9611368e-05
2000-07-23,6.2984673e-10,295.7896,301.68634,285.35114,5.2388084e-05
2000-07-24,1.106993e-05,295.00598,299.6606,290.0949,4.1865595e-05
2000-07-25,3.8139444e-07,296.65973,302.4041,291.59128,5.8234877e-05
2000-07-26,0.0,296.46387,304.01913,291.81143,6.0506325e-05
2000-07-27,2.573165e-05,295.33017,302.1568,289.24548,5.8434092e-05
2000-07-28,0.0,291.10675,299.06546,286.81384,3.4843873e-05
2000-07-29,0.00015769014,290.42548,297.8464,284.9919,4.612871e-05
2000-07-30,0.0,291.04028,297.34933,285.50308,3.7872753e-05
2000-07-31,2.2180222e-05,290.61728,297.33353,286.61884,3.8748673e-05
2000-08-01,3.679749e-06,293.52518,300.53165,284.46957,5.4601394e-05
2000-08-02,0.0,296.768,303.57242,286.18317,5.9638547e-05
2000-08-03,0.0,296.75134,302.24432,289.3466,5.4737873e-05
2000-08-04,0.0,294.57437,300.22928,289.8388,4.7674876e-05
2000-08-05,4.384129e-05,291.53842,295.0719,288.89636,2.3153385e-05
2000-08-06,7.906153e-05,292.64075,299.01483,289.55695,3.818594e-05
2000-08-07,4.117836e-06,292.03268,298.63712,287.95996,4.6573427e-05
2000-08-08,1.5967356e-06,291.56534,297.95557,286.32162,3.9508897e-05
2000-08-09,0.0,293.42706,300.131,285.47858,3.9566552e-05
2000-08-10,2.640812e-06,294.05408,301.8726,287.5141,4.9781058e-05
2000-08-11,0.0,296.02164,304.69006,286.45035,5.390307e-05
2000-08-12,1.8805736e-06,297.5227,305.76492,288.85474,6.5796965e-05
2000-08-13,2.7387217e-09,295.6752,303.38113,288.79135,5.0393337e-05
2000-08-14,0.0,296.9584,304.48553,290.179,5.14043e-05
2000-08-15,4.2645057e-05,297.114,304.82202,290.0323,5.106424e-05
2000-08-16,5.1531188e-06,297.32095,306.322,289.90198,5.546169e-05
2000-08-17,0.0,298.22552,306.9934,289.72836,5.484196e-05
2000-08-18,6.2837655e-09,298.59464,307.5645,291.21344,5.960768e-05
2000-08-19,0.0,300.4744,310.2872,290.66986,6.338121e-05
2000-08-20,0.0,300.2913,310.5261,288.05154,5.9668364e-05
2000-08-21,0.0,300.6036,309.04395,289.25912,5.5906632e-05
2000-08-22,0.0,298.2345,303.7097,293.40063,6.491686e-05
2000-08-23,0.0,296.32227,302.98337,288.65393,5.4575852e-05
2000-08-24,3.5856176e-06,294.50232,302.07495,289.14886,4.2398384e-05
2000-08-25,0.0,294.38495,302.83923,287.82236,4.9711376e-05
2000-08-26,0.0,289.62253,297.88013,283.1412,4.2864885e-05
2000-08-27,0.0,290.66544,296.84576,283.64114,2.9803228e-05
2000-08-28,0.0,290.24442,295.6978,283.31308,2.7662642e-05
2000-08-29,2.8565886e-08,291.83856,299.32422,286.8532,4.0303872e-05
2000-08-30,0.0,294.81863,302.2685,283.7542,4.5285156e-05
2000-08-31,1.722397e-05,293.37418,298.84305,289.7982,2.6446145e-05
2000-09-01,0.0002875468,290.8176,296.94617,288.4778,3.1289073e-05
2000-09-02,6.5764643e-06,289.35663,297.02295,285.00345,2.957082e-05
2000-09-03,0.00017549701,288.94092,296.71643,284.64703,3.790527e-05
2000-09-04,3.7537116e-05,288.49597,295.44568,283.3148,3.2895863e-05
2000-09-05,1.3965148e-05,285.6996,292.1702,281.68195,2.9867957e-05
2000-09-06,0.0,287.73688,293.4046,282.65048,3.136088e-05
2000-09-07,1.719948e-05,287.13818,292.18814,284.68164,1.7646338e-05
2000-09-08,2.935972e-05,288.1335,293.94672,283.55264,3.2049906e-05
2000-09-09,0.0,287.30234,295.60068,280.66443,3.0962252e-05
2000-09-10,0.0,288.17047,297.53976,279.6964,3.5538367e-05
2000-09-11,0.0,289.13272,298.22144,280.47766,3.537219e-05
2000-09-12,0.0,290.60196,299.71677,283.90125,3.0810083e-05
2000-09-13,0.0,293.29852,301.3928,282.50186,4.281817e-05
2000-09-14,0.0,292.66797,300.4477,288.86688,3.6699872e-05
2000-09-15,1.9674017e-05,290.51596,295.24548,286.71326,1.9606441e-05
2000-09-16,2.9475143e-06,291.7552,299.84967,286.49863,3.8022445e-05
2000-09-17,0.00043164715,288.9643,294.13657,283.31985,2.2663706e-05
2000-09-18,0.0,289.35828,293.5283,285.45523,2.197278e-05
2000-09-19,1.6913165e-06,287.08243,291.04013,285.74918,1.5668264e-05
2000-09-20,0.0,291.41922,299.40396,283.61484,2.987274e-05
2000-09-21,8.679352e-06,289.53232,295.08487,287.64917,2.1291611e-05
2000-09-22,0.00015936396,287.088,290.98785,285.5288,1.4222361e-05
2000-09-23,0.0,286.1485,290.84482,283.56915,2.2473127e-05
2000-09-24,0.0,285.78622,290.7663,284.22617,1.8182767e-05
2000-09-25,0.0,286.78864,292.45135,282.6886,1.9320869e-05
2000-09-26,0.0,287.1958,293.96957,282.61444,1.9529134e-05
2000-09-27,0.0,286.7011,294.37192,281.75293,2.412284e-05
2000-09-28,0.0,286.50275,293.8577,279.8784,2.0564095e-05
2000-09-29,0.0,288.12363,296.30515,282.5806,2.8973307e-05
2000-09-30,0.0,289.35562,295.8401,281.61432,2.6513282e-05
2000-10-01,3.73852e-05,289.00815,291.44577,287.24033,1.0643296e-05
2000-10-02,0.00026701004,289.29236,293.0863,287.4741,1.6898968e-05
2000-10-03,0.00021519553,288.09644,289.64075,287.11105,1.0930611e-05
2000-10-04,1.0419306e-05,289.23917,294.00565,287.2663,1.6025237e-05
2000-10-05,9.244121e-08,288.14807,293.6195,284.815,1.8311544e-05
2000-10-06,0.0,287.83612,291.33408,284.21997,1.6916116e-05
2000-10-07,0.00015376986,283.39752,288.2961,283.22476,9.200872e-06
2000-10-08,3.601492e-05,284.31204,286.68124,282.16434,1.1344416e-05
2000-10-09,5.6912186e-06,282.79895,284.67325,282.18555,7.856574e-06
2000-10-10,0.00019564109,285.0638,288.96198,281.65814,1.5046296e-05
2000-10-11,5.42872e-05,288.26617,291.33508,284.54037,1.5386411e-05
2000-10-12,0.0,290.31012,296.33514,287.61005,2.4192112e-05
2000-10-13,0.0,290.04343,298.04236,283.96866,1.9722424e-05
2000-10-14,0.0,289.51337,297.0011,284.7723,1.6436508e-05
2000-10-15,0.0,287.40295,294.16763,284.07468,1.432621e-05
2000-10-16,0.0,288.60376,294.84674,283.82498,1.8626226e-05
2000-10-17,0.0,288.1625,294.5333,284.0347,1.3317023e-05
2000-10-18,0.00014561068,287.06552,291.25156,284.33777,1.2731482e-05
2000-10-19,1.1819071e-06,285.72775,287.08868,285.1075,8.100512e-06
2000-10-20,3.593063e-05,282.64423,288.38635,280.3006,1.1625109e-05
2000-10-21,1.3477672e-06,278.98596,286.1184,274.2729,8.093345e-06
2000-10-22,0.0,279.14545,287.2859,273.86346,8.5815645e-06
2000-10-23,0.0,279.5539,287.6715,273.75577,9.932814e-06
2000-10-24,0.0,281.5829,289.36606,273.1996,8.101852e-06
2000-10-25,0.0,282.69943,291.15665,277.4648,9.702568e-06
2000-10-26,0.0,284.45746,293.13986,276.9988,1.1071271e-05
2000-10-27,2.4451565e-06,281.37662,285.70584,278.8082,7.0266524e-06
2000-10-28,3.1795924e-05,282.2101,290.02493,276.32687,9.454419e-06
2000-10-29,0.0,282.26254,288.9699,276.70157,6.9613407e-06
2000-10-30,7.7372687e-07,286.17142,292.32126,276.51642,1.260259e-05
2000-10-31,0.0,288.96487,293.77707,285.57553,1.5339076e-05
2000-11-01,0.00010150834,281.17767,289.14557,277.85153,8.101852e-06
2000-11-02,0.00011410244,280.99652,286.35382,274.42297,5.831081e-06
2000-11-03,0.0,285.93698,288.74564,281.6712,9.393496e-06
2000-11-04,3.854519e-05,284.3854,288.8437,282.24136,8.793418e-06
2000-11-05,4.871356e-05,279.5139,282.88736,277.51495,5.787037e-06
2000-11-06,4.2580894e-05,283.36728,286.03754,276.7261,9.259259e-06
2000-11-07,0.00014830379,283.82352,286.36646,282.45853,7.865675e-06
2000-11-08,1.5141195e-05,282.91544,287.5319,280.3516,1.4565607e-05
2000-11-09,2.508425e-10,282.25278,287.9849,278.62436,1.229227e-05
2000-11-10,2.366089e-05,280.23474,287.2118,277.12845,6.078172e-06
2000-11-11,5.4936987e-08,278.38022,286.14072,275.0982,5.115888e-06
2000-11-12,0.0,280.53006,285.62915,272.71985,1.2177766e-05
2000-11-13,2.8982518e-08,287.25232,290.74106,282.45084,1.5137785e-05
2000-11-14,0.0,290.0163,294.41693,285.27917,1.605385e-05
2000-11-15,7.219963e-07,285.21487,291.2145,282.26593,6.865154e-06
2000-11-16,5.5873516e-05,281.33533,283.59464,280.22897,4.6296295e-06
2000-11-17,6.208971e-05,279.99875,281.4212,277.59656,4.6296295e-06
2000-11-18,0.00010682679,279.3982,282.1354,278.57544,5.744027e-06
2000-11-19,5.7733465e-05,277.18918,279.31152,273.2358,3.4722223e-06
2000-11-20,2.1069665e-05,280.4,282.3283,277.038,4.439697e-06
2000-11-21,0.0,283.6371,288.54205,278.7128,6.905783e-06
2000-11-22,1.9489247e-05,281.63098,286.5774,276.8399,4.3886107e-06
2000-11-23,0.0,282.31604,286.99466,276.99673,8.413687e-06
2000-11-24,0.0,283.56268,287.91922,281.1439,8.101852e-06
2000-11-25,9.338068e-06,281.2034,282.76944,280.86945,4.6296295e-06
2000-11-26,0.000112198526,279.9154,284.54248,277.40524,2.4866197e-06
2000-11-27,0.0,278.33734,284.12106,276.05804,4.7763297e-06
2000-11-28,0.0,277.9245,282.21844,272.33447,3.2406365e-06
2000-11-29,0.0,276.87335,284.43903,272.8395,4.6809087e-06
2000-11-30,0.0,273.79688,276.86948,271.84076,3.4553516e-06
2000-12-01,0.0,273.34482,274.53745,273.01407,3.4553516e-06
2000-12-02,0.0,274.74664,274.28674,274.06387,3.4722223e-06
2000-12-03,0.0,276.56656,278.4243,272.9189,3.4722223e-06
2000-12-04,3.96027e-06,277.31885,277.91525,275.54205,3.4722223e-06
2000-12-05,4.740328e-06,277.22076,278.43524,276.34738,3.4722223e-06
2000-12-06,4.42513e-06,276.4225,277.63858,275.85413,3.4722223e-06
2000-12-07,3.5035225e-06,276.42865,277.48572,275.77573,3.476164e-06
2000-12-08,1.2948981e-06,286.5501,288.8256,276.34183,1.7338098e-05
2000-12-09,0.0,281.42657,287.36462,279.07098,4.6419186e-06
2000-12-10,1.7067343e-05,279.7204,283.25803,277.7774,3.4710429e-06
2000-12-11,0.0,279.20813,283.9705,276.2365,3.7052553e-06
2000-12-12,0.0,278.6489,284.54163,273.2001,1.5176424e-06
2000-12-13,0.0,279.58685,284.17935,275.3906,3.4969955e-06
2000-12-14,0.0,276.4863,280.52667,273.2927,2.3567718e-06
2000-12-15,9.355259e-07,278.01294,279.47955,274.60687,5.365579e-06
2000-12-16,0.00020806726,276.28946,282.36142,273.2867,3.837217e-06
2000-12-17,0.0,275.34744,280.14948,269.95538,5.840947e-07
2000-12-18,0.0,274.5487,278.95352,271.5141,2.3148148e-06
2000-12-19,0.0,275.01163,276.15488,272.5391,3.4722223e-06
2000-12-20,9.297242e-08,271.20654,276.25522,269.06592,2.1208864e-06
2000-12-21,0.0,270.94196,272.3421,267.82205,4.487023e-06
2000-12-22,0.0,269.41187,271.43872,269.0439,4.622463e-06
2000-12-23,0.0,267.70972,272.5463,265.02942,1.2735883e-06
2000-12-24,0.0,271.38217,275.8722,263.3951,4.1499425e-06
2000-12-25,6.129606e-07,280.26193,282.24426,274.90543,4.863136e-06
2000-12-26,6.9181144e-05,275.44565,282.1589,274.39777,3.4722223e-06
2000-12-27,0.000102454025,275.3069,277.38852,272.80566,2.317373e-06
2000-12-28,0.00019506358,277.0459,279.1864,275.3877,2.3148148e-06
2000-12-29,1.2836906e-05,276.17902,277.44705,275.50854,4.6296295e-06
2000-12-30,0.00016981566,273.1686,278.16794,270.33923,1.8093207e-06
2000-12-31,2.1770848e-05,269.86734,274.2437,266.98447,1.1132297e-06
2001-01-01,0.0,269.06528,272.17465,264.15533,9.838124e-07
2001-01-02,0.0,270.62457,273.0917,268.76312,2.839627e-07
2001-01-03,6.0222023e-06,274.06085,276.51758,270.3242,3.4722223e-06
2001-01-04,6.260313e-06,277.75504,280.43365,270.37128,4.5891493e-06
2001-01-05,1.8124397e-06,278.68533,282.72232,272.95618,5.6528816e-06
2001-01-06,0.0,284.64664,287.75223,280.44336,1.5973454e-05
2001-01-07,0.0,281.46298,288.526,278.54843,7.894401e-06
2001-01-08,2.577624e-06,277.56262,279.5017,276.694,6.1163532e-06
2001-01-09,0.00014339469,276.4083,281.561,272.39075,7.4152676e-06
2001-01-10,0.0,275.2989,282.72522,270.55972,1.5240751e-06
2001-01-11,0.0,276.2377,282.31403,271.25543,6.909369e-06
2001-01-12,0.0,274.19385,277.9086,272.7463,5.4029438e-06
2001-01-13,0.0,270.77252,274.11502,269.19717,5.5247965e-06
2001-01-14,0.0,270.21844,273.28247,267.93924,5.3115004e-06
2001-01-15,0.0,268.83334,272.8103,266.34393,3.5427256e-06
2001-01-16,0.0,269.47134,270.80762,266.3106,3.361547e-06
2001-01-17,6.437028e-07,270.14722,273.59882,267.86206,2.448513e-06
2001-01-18,0.0,271.13162,273.57953,268.67194,3.4722223e-06
2001-01-19,0.0,272.04413,273.0884,269.45325,3.4722223e-06
2001-01-20,0.0,271.81473,273.029,271.81372,3.2817163e-06
2001-01-21,0.0,272.21558,273.55252,271.58682,4.3657324e-06
2001-01-22,2.205e-06,272.29883,273.2156,270.8466,4.401859e-06
2001-01-23,1.7113308e-06,273.6489,274.6771,272.50763,3.4722223e-06
2001-01-24,2.244151e-06,275.19055,276.7657,273.6803,4.2023876e-06
2001-01-25,1.1778229e-05,275.8248,276.9136,275.01892,3.4722223e-06
2001-01-26,9.624456e-05,276.8543,278.75052,274.8055,4.6296295e-06
2001-01-27,1.4226313e-05,277.78793,283.7003,274.76755,1.2767182e-05
2001-01-28,7.535753e-05,276.28915,278.04358,274.40323,4.4975477e-06
2001-01-29,5.1818943e-06,276.27475,277.30917,274.04532,6.714786e-06
2001-01-30,2.7594624e-06,275.5057,277.55814,274.06656,1.2160567e-05
2001-01-31,2.1149488e-05,275.83945,278.0513,274.96497,2.1595259e-05
2001-02-01,0.0,273.25922,275.33682,272.31927,1.4121086e-05
2001-02-02,0.0,271.11545,277.05035,267.9833,7.959697e-06
2001-02-03,0.0,273.115,277.0265,267.5968,6.730209e-06
2001-02-04,0.0,278.88684,283.76163,271.76065,1.3277622e-05
2001-02-05,0.0,281.81592,286.9602,278.21606,1.8518518e-05
2001-02-06,0.0,281.50452,287.4239,274.62057,1.7855575e-05
2001-02-07,0.0,285.2805,288.0371,279.98828,2.7319165e-05
2001-02-08,0.0,285.32468,289.1005,284.1969,2.4350726e-05
2001-02-09,0.0,281.26993,286.4657,277.78152,1.2745186e-05
2001-02-10,0.0,280.0605,284.24527,276.08255,1.2161084e-05
2001-02-11,0.0,275.3154,283.06528,270.0468,9.167504e-06
2001-02-12,0.0,276.55823,285.48544,269.94995,1.1156843e-05
2001-02-13,0.0,279.84164,284.9985,272.96277,1.063455e-05
2001-02-14,0.0,276.89105,283.59488,273.92303,1.2474966e-05
2001-02-15,0.0,274.72504,283.06708,269.25195,8.464864e-06
2001-02-16,0.0,275.8327,285.59518,270.26715,9.302002e-06
2001-02-17,0.0,278.47873,284.91528,270.48672,1.0454922e-05
2001-02-18,0.0,278.67398,285.11328,270.52792,1.714361e-05
2001-02-19,0.0,276.29062,281.16412,271.1793,1.245171e-05
2001-02-20,0.0,274.9701,281.53955,270.81668,8.407892e-06
2001-02-21,0.0,278.9244,284.28418,270.06866,1.3345268e-05
2001-02-22,0.0,277.0319,284.2459,269.98465,1.9883391e-05
2001-02-23,0.0,274.2093,279.19846,269.13232,9.139399e-06
2001-02-24,4.149367e-07,272.5528,275.37146,270.42978,8.167169e-06
2001-02-25,9.598699e-09,272.38135,276.56723,268.87,1.0490899e-05
2001-02-26,0.0,272.29465,276.4,270.78052,1.2624621e-05
2001-02-27,0.0,272.50882,279.4282,266.15558,1.3868591e-05
2001-02-28,0.0,272.61624,276.80072,269.4726,8.068517e-06
2001-03-01,9.650209e-05,274.80222,278.9633,272.0674,8.644e-06
2001-03-02,0.0,277.97495,282.42767,271.64603,1.3685944e-05
2001-03-03,3.668362e-05,282.9718,288.1193,276.28754,1.22539395e-05
2001-03-04,0.0,287.313,291.4699,283.8772,2.5631389e-05
2001-03-05,5.9184737e-07,280.76282,287.78964,278.92596,1.4299407e-05
2001-03-06,5.7880345e-05,276.40347,280.23462,273.561,1.0777686e-05
2001-03-07,0.0,277.64212,282.0765,272.73923,1.2772591e-05
2001-03-08,0.0,281.48746,286.1434,274.4386,2.425618e-05
2001-03-09,0.0,284.42722,290.61996,281.03497,2.4794499e-05
2001-03-10,0.0,283.8859,289.66156,278.05676,2.494451e-05
2001-03-11,0.0,285.16086,292.83908,276.1605,2.4201516e-05
2001-03-12,0.0,285.7263,292.80557,277.71512,3.0994255e-05
2001-03-13,0.0,281.92166,286.51492,280.44562,8.788812e-06
2001-03-14,0.00024441708,278.83377,286.44833,273.3487,1.678087e-05
2001-03-15,8.77286e-06,282.65805,289.37488,273.32556,2.4309185e-05
2001-03-16,0.0,284.88205,292.14215,275.80185,2.9387083e-05
2001-03-17,0.0,285.8909,290.93246,284.15277,2.8336231e-05
2001-03-18,0.0,285.5373,292.68878,280.02478,3.0021625e-05
2001-03-19,0.0,283.03287,289.52615,280.4274,1.7732662e-05
2001-03-20,7.4410906e-05,279.05673,282.69165,276.38477,1.619255e-05
2001-03-21,0.0,276.81458,279.3031,276.7037,7.540821e-06
2001-03-22,8.238628e-06,278.81213,278.15842,276.69876,6.388326e-06
2001-03-23,3.7733535e-05,282.55908,289.42166,276.35413,2.2196673e-05
2001-03-24,0.0,287.38168,293.90567,276.85257,2.902905e-05
2001-03-25,0.0,285.3877,294.84637,280.2959,2.6848427e-05
2001-03-26,0.00015660781,282.19516,291.06696,279.26843,2.7610125e-05
2001-03-27,0.00012480366,273.99954,279.13803,273.43146,7.679646e-06
2001-03-28,2.0038995e-05,276.7938,279.10077,273.8194,1.152016e-05
2001-03-29,1.5510902e-06,279.4795,283.4796,277.28952,1.3811492e-05
2001-03-30,0.0,280.8604,283.0228,278.79123,1.359586e-05
2001-03-31,0.0,283.6364,286.64117,281.46936,2.1032496e-05
2001-04-01,7.733628e-09,282.443,289.17432,279.82214,2.5621677e-05
2001-04-02,0.0,282.63144,290.7547,275.06113,3.125e-05
2001-04-03,0.0,283.6434,292.63147,274.31186,2.7878268e-05
2001-04-04,0.0,286.49814,294.03134,276.92657,3.8739654e-05
2001-04-05,3.869592e-05,282.33105,286.93073,281.16797,1.9940333e-05
2001-04-06,7.2646835e-05,283.52902,289.35498,274.74106,2.9162065e-05
2001-04-07,0.0,284.24377,289.27032,277.29523,2.1456628e-05
2001-04-08,0.00015082967,280.9118,284.02417,280.8346,8.75662e-06
2001-04-09,0.0001291771,280.9675,286.34393,277.57288,2.521725e-05
2001-04-10,0.0,281.0254,287.56555,273.36523,2.5993597e-05
2001-04-11,5.193243e-05,281.3552,282.79056,278.57303,1.0376831e-05
2001-04-12,8.932397e-05,282.6792,286.85855,281.42944,1.9505826e-05
2001-04-13,1.5983495e-06,277.2479,282.6455,274.56226,3.260797e-05
2001-04-14,0.0,274.8516,280.8414,270.236,2.3866629e-05
2001-04-15,0.0,278.6367,283.9707,269.5044,3.0802228e-05
2001-04-16,0.0,279.4483,286.9316,272.25925,1.8440915e-05
2001-04-17,5.9665963e-05,281.18356,285.9479,278.78558,2.1977738e-05
2001-04-18,6.2490412e-06,281.58112,287.76154,272.00845,3.0643536e-05
2001-04-19,2.8708635e-09,280.63013,288.17365,278.4276,2.1647125e-05
2001-04-20,0.00010990799,280.21817,282.4305,277.0457,1.1002913e-05
2001-04-21,8.076434e-06,281.169,282.6018,280.08142,1.0690397e-05
2001-04-22,5.659039e-06,281.20676,285.1663,279.20004,1.9370698e-05
2001-04-23,3.3672736e-06,283.3263,290.58923,276.409,3.722868e-05
2001-04-24,0.0,285.6606,293.2173,276.42847,4.320439e-05
2001-04-25,0.0,288.53296,296.19156,276.48788,4.8791313e-05
2001-04-26,3.9827423e-06,282.4593,289.11572,281.90265,1.4219592e-05
2001-04-27,5.3801563e-05,284.70718,291.97446,275.7506,3.885223e-05
2001-04-28,0.0,286.9047,294.5332,277.412,4.1807463e-05
2001-04-29,0.0,288.87125,296.7844,279.24582,4.5968438e-05
2001-04-30,0.0,291.34628,298.28235,281.22906,4.62446e-05
2001-05-01,0.0,292.74588,299.99698,284.412,5.4611224e-05
2001-05-02,0.0,291.71198,299.59177,284.28033,5.1583516e-05
2001-05-03,1.8542205e-06,291.30338,299.06622,282.07532,5.0977804e-05
2001-05-04,0.0,292.48843,299.47733,282.86707,4.6634777e-05
2001-05-05,6.130327e-05,290.8396,297.47455,282.75165,4.6893198e-05
2001-05-06,2.433517e-06,289.2746,293.274,286.57245,3.1648957e-05
2001-05-07,1.0772569e-05,287.8075,291.35776,284.49796,2.9268438e-05
2001-05-08,8.314677e-06,287.34567,291.7286,285.5292,2.1691694e-05
2001-05-09,9.6413496e-05,287.89377,294.2477,285.45532,3.248948e-05
2001-05-10,4.197033e-06,287.7972,294.79245,281.8141,4.622241e-05
2001-05-11,0.0,288.04776,294.75034,282.1958,4.1936415e-05
2001-05-12,1.5693671e-05,287.7196,292.07266,283.77774,5.994543e-05
2001-05-13,0.0,286.08597,291.5393,280.162,4.4442048e-05
2001-05-14,0.0,287.7183,293.38412,276.974,4.865273e-05
2001-05-15,0.0,289.98276,296.27527,280.18103,4.885401e-05
2001-05-16,0.0,292.2555,298.7961,283.53824,5.423478e-05
2001-05-17,0.0,293.60876,298.81888,288.5633,6.4683096e-05
2001-05-18,0.0,290.39853,299.92188,285.07812,4.9918042e-05
2001-05-19,8.928642e-05,287.58752,293.66638,283.27524,4.624143e-05
2001-05-20,0.0,287.9847,294.3239,279.20706,4.49275e-05
2001-05-21,0.0,288.53323,293.72623,281.98843,2.692553e-05
2001-05-22,0.0,290.34952,295.02072,284.06586,3.6746245e-05
2001-05-23,6.458988e-09,288.2877,294.50854,285.49664,4.566301e-05
2001-05-24,0.0,288.97226,296.85416,279.9741,5.3458894e-05
2001-05-25,0.0,290.79865,298.48804,281.0278,4.8344642e-05
2001-05-26,0.0,291.45496,298.10858,287.06458,6.343971e-05
2001-05-27,0.0,294.0759,301.23685,281.95193,5.5437587e-05
2001-05-28,0.0,296.60272,303.22632,288.14706,4.9692815e-05
2001-05-29,0.0,296.7545,303.61664,289.74948,6.009523e-05
2001-05-30,0.0,294.70984,299.81146,288.5067,5.784566e-05
2001-05-31,1.2728782e-06,290.98752,295.4503,286.6653,3.1140575e-05
2001-06-01,5.9864244e-05,288.2013,293.39642,285.64462,4.3909702e-05
2001-06-02,2.9010175e-06,288.65433,293.73334,279.55743,4.9428734e-05
2001-06-03,0.0,283.75577,293.59293,280.24893,3.1513413e-05
2001-06-04,0.00021585083,284.91992,290.1677,280.41367,4.6929188e-05
2001-06-05,0.0,288.2002,294.22104,280.29883,4.9897248e-05
2001-06-06,0.0,287.75052,297.07852,280.72668,4.570422e-05
2001-06-07,0.0003015079,290.54868,296.66916,285.0701,4.8600796e-05
2001-06-08,0.0,293.5317,299.32574,283.48184,5.6989855e-05
2001-06-09,0.0,293.19962,298.8281,286.79263,4.5156256e-05
2001-06-10,0.0,294.76862,299.79855,288.62842,5.6828187e-05
2001-06-11,0.0,285.50497,295.5571,284.1591,1.6349044e-05
2001-06-12,0.00025657425,288.04248,293.35532,278.84537,5.0860453e-05
2001-06-13,0.0,289.09262,295.48642,281.41837,5.2763502e-05
2001-06-14,0.0,289.20084,294.50504,283.8333,3.62228e-05
2001-06-15,1.7286036e-06,292.83075,299.31888,283.4371,6.2303334e-05
2001-06-16,0.0,294.90424,300.299,285.0874,5.6126875e-05
2001-06-17,3.2995496e-05,288.3118,294.8424,287.17184,1.9843572e-05
2001-06-18,0.00010101127,290.50067,294.7928,287.05908,3.6440575e-05
2001-06-19,2.3376555e-05,289.82013,292.86194,287.7247,5.3574517e-05
2001-06-20,0.0,290.10312,292.82584,288.84308,3.469299e-05
2001-06-21,0.0,293.24112,299.0659,285.06757,5.889058e-05
2001-06-22,0.0,292.33173,299.16168,287.5016,3.450566e-05
2001-06-23,9.197937e-05,290.5581,296.54654,286.5835,5.098683e-05
2001-06-24,3.087392e-06,292.38104,300.38824,282.97147,5.939981e-05
2001-06-25,0.0,293.2754,300.04752,285.592,5.654686e-05
2001-06-26,0.0,293.22995,300.43536,285.74637,5.8198642e-05
2001-06-27,0.0,296.11356,302.93478,286.2341,6.1319704e-05
2001-06-28,0.0,294.90106,302.6003,288.2336,4.3870037e-05
2001-06-29,1.83014e-05,293.34387,299.0595,291.25684,3.2115673e-05
2001-06-30,1.8040968e-05,294.8031,301.00217,287.80838,5.5562858e-05
2001-07-01,2.4102499e-05,292.1303,296.32175,288.3614,2.9074441e-05
2001-07-02,0.00013396255,293.0153,298.4175,285.73007,5.6920242e-05
2001-07-03,1.5036969e-06,290.36914,296.19055,287.5411,5.315089e-05
2001-07-04,4.686314e-06,289.95596,294.8891,286.12747,3.210606e-05
2001-07-05,3.9465802e-05,291.5661,297.0504,285.89258,3.8090933e-05
2001-07-06,0.0,295.45276,300.01184,289.15408,4.1760548e-05
2001-07-07,0.0,298.54626,304.95056,291.81448,6.66334e-05
2001-07-08,0.0,295.64777,301.52438,289.99924,6.0667848e-05
2001-07-09,2.4407836e-05,292.6801,297.41052,289.03162,3.369027e-05
2001-07-10,2.1731557e-05,293.39716,300.3312,286.343,4.743736e-05
2001-07-11,7.918016e-06,296.63486,302.95474,286.19534,6.24909e-05
2001-07-12,0.0,291.30295,296.5353,289.25052,3.3567125e-05
2001-07-13,0.0,293.76932,300.1772,283.96634,5.2533447e-05
2001-07-14,0.0,297.47534,303.36447,288.51562,5.8988328e-05
2001-07-15,0.0,299.47205,306.53397,289.73553,6.818613e-05
2001-07-16,0.0,298.0763,305.55148,291.3003,6.192558e-05
2001-07-17,3.237739e-05,289.50696,295.974,287.53784,2.63041e-05
2001-07-18,0.00010356101,293.18924,300.28577,284.05978,4.4023727e-05
2001-07-19,4.962108e-06,296.00742,302.29346,290.1532,6.173747e-05
2001-07-20,0.0,290.24432,298.117,289.15317,3.0253188e-05
2001-07-21,9.599167e-05,289.9895,292.1513,287.56424,1.9168212e-05
2001-07-22,1.7943103e-05,293.33893,297.37415,288.619,4.774944e-05
2001-07-23,0.0,292.39798,296.02234,288.5568,3.097833e-05
2001-07-24,1.2885556e-06,292.75586,296.32922,289.21237,2.5170408e-05
2001-07-25,9.169812e-06,294.1063,298.48264,289.85687,3.5465833e-05
2001-07-26,5.7376233e-06,296.14404,302.9765,290.58673,5.8499307e-05
2001-07-27,5.0412314e-06,296.33658,303.3679,288.3412,5.9398863e-05
2001-07-28,0.0,296.83472,304.2974,288.75482,5.6622932e-05
2001-07-29,0.0,297.6637,304.27213,288.9653,5.8712347e-05
2001-07-30,3.33972e-07,295.59402,301.49326,291.08456,5.5555098e-05
2001-07-31,1.4813559e-05,296.70587,304.24924,288.9778,6.45851e-05
2001-08-01,0.0,299.27078,306.56604,289.84424,6.0266528e-05
2001-08-02,0.0,297.85895,304.2674,290.96353,5.7112906e-05
2001-08-03,0.0,300.4035,307.10236,291.62988,6.348008e-05
2001-08-04,0.0,299.53696,308.1242,292.6171,6.1470026e-05
2001-08-05,0.0,293.62433,300.92365,289.68475,4.0907962e-05
2001-08-06,2.4369768e-07,293.50244,299.4558,289.07245,4.1973373e-05
2001-08-07,0.0,295.63126,303.4543,286.05884,5.9274615e-05
2001-08-08,0.0,297.4552,305.1466,286.25748,5.7837395e-05
2001-08-09,0.0,296.55527,303.83844,287.658,5.1698495e-05
2001-08-10,0.0,293.32782,304.23926,288.65994,5.5424585e-05
2001-08-11,0.00011741875,287.86392,291.7345,286.5251,1.7908644e-05
2001-08-12,5.7735433e-06,289.2293,296.41068,282.79156,4.876065e-05
2001-08-13,0.0,291.68674,300.27676,282.41064,4.948961e-05
2001-08-14,0.0,294.68036,303.23148,285.66916,4.6158733e-05
2001-08-15,0.0,296.1857,303.4527,287.3171,5.012492e-05
2001-08-16,0.0,296.43558,304.834,287.23993,5.3055992e-05
2001-08-17,0.0,295.81393,304.37488,288.56448,3.947724e-05
2001-08-18,0.0,296.3099,305.24057,287.54474,4.981432e-05
2001-08-19,0.0,297.47876,305.5843,288.11948,4.9615126e-05
2001-08-20,4.893762e-06,297.73856,306.36227,289.55353,6.197732e-05
2001-08-21,9.119326e-06,295.3817,301.6214,290.5411,4.086521e-05
2001-08-22,1.202462e-06,294.27734,299.99356,289.03223,3.1829117e-05
2001-08-23,2.3669913e-06,293.97247,300.59717,288.8898,3.3423505e-05
2001-08-24,3.970478e-05,293.80545,300.50308,288.89905,3.7151316e-05
2001-08-25,3.201832e-06,295.67566,302.6771,289.09213,4.4353852e-05
2001-08-26,0.0,296.72803,305.33426,288.97977,5.050382e-05
2001-08-27,0.0,297.63693,305.86115,287.91483,4.7642592e-05
2001-08-28,1.8872147e-06,290.72574,296.36688,288.54633,3.426468e-05
2001-08-29,0.0,291.4094,299.72238,284.02246,4.8289556e-05
2001-08-30,0.0,289.5993,297.065,280.1717,3.76208e-05
2001-08-31,1.0021205e-07,288.17795,291.03287,284.6096,1.4874498e-05
2001-09-01,4.6364727e-05,289.66055,295.1788,285.14862,2.5333447e-05
2001-09-02,2.8998522e-06,288.38275,294.83603,285.6374,2.343742e-05
2001-09-03,2.4103816e-05,290.34836,297.90567,282.5355,4.1036437e-05
2001-09-04,0.0,290.88773,299.74313,282.19196,3.8349688e-05
2001-09-05,0.0003310127,285.8497,290.0234,284.9361,1.0469414e-05
2001-09-06,0.00015225155,286.1852,287.94812,284.99255,1.24088865e-05
2001-09-07,2.5968573e-05,287.01752,293.77866,282.6985,2.6500913e-05
2001-09-08,2.703989e-06,289.28973,294.0005,283.01276,1.831873e-05
2001-09-09,0.00030620277,282.95953,289.52075,281.2295,1.7497241e-05
2001-09-10,8.6705615e-05,284.8428,291.3738,276.6078,2.34967e-05
2001-09-11,0.0,286.16428,291.55206,282.49207,2.0995618e-05
2001-09-12,0.0,286.28888,293.0411,279.29767,2.5685767e-05
2001-09-13,2.2314803e-06,289.65018,295.517,281.1881,3.3015494e-05
2001-09-14,2.0887123e-06,288.0442,293.36328,285.02783,1.8866896e-05
2001-09-15,0.00038487662,284.64767,286.72852,283.1179,9.84195e-06
2001-09-16,3.2721644e-05,284.52475,289.95084,280.2457,1.4080738e-05
2001-09-17,0.0001911095,283.01886,284.59048,282.32843,9.24291e-06
2001-09-18,0.00012267783,284.6743,290.7505,281.5164,2.3009261e-05
2001-09-19,4.774426e-06,285.02228,291.3358,278.25406,2.3090162e-05
2001-09-20,0.0,287.84164,294.88013,280.97,3.313211e-05
2001-09-21,0.0,286.09686,293.54462,280.8093,2.5986845e-05
2001-09-22,0.0,287.69995,292.74716,280.73068,1.9209614e-05
2001-09-23,2.7746733e-05,287.32022,288.68,285.7888,9.701448e-06
2001-09-24,0.00018571528,290.8067,296.37042,286.64706,2.407163e-05
2001-09-25,7.569487e-05,287.97888,290.61963,287.68622,1.0778942e-05
2001-09-26,3.1719213e-05,286.0216,289.24786,284.61404,1.2731482e-05
2001-09-27,8.703725e-06,285.03156,293.1919,277.91147,2.3625416e-05
2001-09-28,0.0,286.6662,296.753,278.84964,2.2226153e-05
2001-09-29,0.0,287.0294,294.89798,280.18817,2.2384596e-05
2001-09-30,7.244785e-06,288.09833,291.37234,283.12405,1.1664324e-05
2001-10-01,3.0337582e-05,289.55908,295.16827,286.96063,1.9943274e-05
2001-10-02,0.0,290.49777,297.3257,283.25162,2.4667746e-05
2001-10-03,0.0,290.51443,298.3529,282.85208,2.618494e-05
2001-10-04,0.0,289.32944,298.33823,282.34958,2.5431862e-05
2001-10-05,9.5050236e-05,287.3769,291.85117,285.49817,1.4073966e-05
2001-10-06,1.4346964e-06,287.373,295.4756,281.49933,2.0821433e-05
2001-10-07,0.0,290.27325,297.38123,282.3896,2.1129434e-05
2001-10-08,0.0,293.21768,298.8014,288.52753,2.8131106e-05
2001-10-09,0.0,291.16864,298.42126,286.06235,2.1830512e-05
2001-10-10,0.0,288.86493,293.10986,286.6927,1.4783686e-05
2001-10-11,0.0,288.49527,297.09637,283.47333,1.8933024e-05
2001-10-12,0.0,286.40393,294.83862,281.72293,1.9675927e-05
2001-10-13,0.0,285.92365,294.5999,278.98502,1.648146e-05
2001-10-14,0.0,285.79407,294.09656,279.48358,1.5162525e-05
2001-10-15,0.0,285.09363,292.7423,279.46457,1.4787975e-05
2001-10-16,0.0,285.51843,293.3779,279.26013,1.4649504e-05
2001-10-17,0.0,285.13626,289.60675,280.50137,1.0416667e-05
2001-10-18,0.0,284.91818,289.3006,282.98114,9.397533e-06
2001-10-19,0.0,285.1655,286.46524,283.49493,6.9729226e-06
2001-10-20,0.0,285.9475,288.34616,284.62402,8.23175e-06
2001-10-21,1.1727915e-06,290.02246,295.30502,281.81683,2.099661e-05
2001-10-22,8.1865575e-05,286.13,293.20746,282.96054,1.2830176e-05
2001-10-23,0.0,286.271,292.23373,280.97485,1.2731482e-05
2001-10-24,3.0426696e-07,283.49173,285.7849,283.0618,6.9444445e-06
2001-10-25,8.854426e-06,282.7971,285.03015,281.87814,6.9444445e-06
2001-10-26,4.7300596e-06,281.39597,285.2816,279.7491,8.677942e-06
2001-10-27,0.0,279.2812,284.47595,274.68964,7.041563e-06
2001-10-28,0.0,282.32547,287.6921,277.1416,8.175856e-06
2001-10-29,0.0,283.9347,289.3201,280.36356,8.118203e-06
2001-10-30,0.0,285.07376,289.55463,281.00516,8.090418e-06
2001-10-31,0.0,287.46222,297.38007,277.88855,2.4971023e-05
2001-11-01,0.0,282.6447,289.39865,278.09653,1.0800758e-05
2001-11-02,0.0,278.39853,285.74142,275.23257,1.2105785e-05
2001-11-03,0.0,277.30792,284.26517,271.65454,5.089159e-06
2001-11-04,0.0,277.26077,285.1368,271.62747,6.544769e-06
2001-11-05,0.0,279.61804,285.3013,271.14423,6.8149216e-06
2001-11-06,0.0,279.24258,284.47592,276.99475,5.787037e-06
2001-11-07,0.0,279.51886,285.86612,274.16956,6.0906814e-06
2001-11-08,0.0,284.0931,287.68872,277.60547,1.0695791e-05
2001-11-09,0.00014901451,276.94342,285.01807,275.41394,7.0049477e-06
2001-11-10,0.00010668884,276.9696,279.1779,275.42618,1.0666109e-05
2001-11-11,0.0,277.09323,277.90213,275.8209,5.9938625e-06
2001-11-12,3.320268e-05,277.28943,278.2086,276.88135,4.6296295e-06
2001-11-13,2.4292935e-05,277.19528,278.58456,276.2419,5.041497e-06
2001-11-14,7.5988835e-05,276.26892,279.39127,274.2527,1.7754748e-05
2001-11-15,0.0,273.34503,279.74817,270.1316,3.824035e-06
2001-11-16,0.0,273.6559,282.1283,267.73242,6.0831553e-06
2001-11-17,0.0,273.81845,281.27408,269.5962,3.9253086e-06
2001-11-18,0.0,271.80344,274.03986,268.61063,2.316236e-06
2001-11-19,0.0,273.26376,274.14178,272.2589,4.3454e-06
2001-11-20,0.0,277.57245,282.6839,273.087,6.577864e-06
2001-11-21,0.0,275.45892,282.99567,272.01147,4.675139e-06
2001-11-22,0.0,277.64325,283.44055,269.5443,9.474526e-06
2001-11-23,3.1208633e-06,275.0064,280.5603,270.96884,1.1023701e-05
2001-11-24,1.412688e-07,273.10156,278.79553,269.23584,4.7983376e-06
2001-11-25,0.0,272.5547,278.37015,268.93958,4.6296295e-06
2001-11-26,0.0,271.18597,274.67844,266.35553,2.3238272e-06
2001-11-27,0.0,274.3831,276.00928,270.64096,3.4722223e-06
2001-11-28,2.2151036e-05,274.71884,276.09448,272.6916,3.4722223e-06
2001-11-29,0.0,274.87415,278.50568,272.44214,4.308586e-06
2001-11-30,1.661953e-06,274.6493,276.54675,272.40573,3.4742957e-06
2001-12-01,3.7666057e-06,272.3573,278.08984,269.9272,2.3148148e-06
2001-12-02,0.0,270.07507,272.33585,267.9349,2.3522189e-06
2001-12-03,0.0,271.741,272.56607,268.34372,2.3148148e-06
2001-12-04,0.0,273.11746,274.2472,272.19354,3.4722223e-06
2001-12-05,0.0,273.27518,277.78647,271.76553,2.317373e-06
2001-12-06,1.7225813e-06,274.74057,275.73425,271.98068,2.317373e-06
2001-12-07,1.1223347e-05,274.96735,278.3697,273.32434,7.246741e-06
2001-12-08,1.8309808e-06,269.48743,274.4888,268.0923,3.9395786e-06
2001-12-09,0.0,268.13516,272.9575,264.86224,2.2990127e-06
2001-12-10,0.0,269.3003,273.95227,263.1148,1.4508969e-06
2001-12-11,0.0,271.96628,272.9781,269.78387,3.4159307e-06
2001-12-12,1.433152e-05,272.60095,274.25293,271.15402,2.3148148e-06
2001-12-13,4.629499e-05,264.6131,273.08386,261.4765,5.330319e-06
2001-12-14,6.2088554e-07,260.71268,266.72794,257.509,6.2973186e-07
2001-12-15,0.0,264.5698,268.87582,255.24034,1.1407659e-06
2001-12-16,0.0,268.69617,271.6739,261.7252,4.845962e-06
2001-12-17,0.0,268.19244,270.86172,263.85245,1.681214e-06
2001-12-18,3.21238e-05,269.22577,273.6102,266.46902,2.3216398e-06
2001-12-19,0.0,264.86115,271.2199,260.76257,7.60599e-08
2001-12-20,0.0,267.999,274.22473,257.65924,2.1521303e-06
2001-12-21,0.0,265.9024,272.56894,257.04187,1.5258081e-06
2001-12-22,0.0,271.97482,277.49173,264.7207,2.685443e-06
2001-12-23,5.0930594e-05,269.789,274.49945,266.5741,1.3489515e-06
2001-12-24,1.204201e-07,259.53745,270.7812,252.07556,3.4919088e-07
2001-12-25,0.0,265.3721,268.58667,254.80396,1.7359464e-06
2001-12-26,0.0,270.3018,273.37003,262.87018,2.622438e-06
2001-12-27,6.187566e-05,268.3146,275.11926,261.73215,3.9373613e-06
2001-12-28,0.0,267.74973,273.30856,255.3043,1.3513161e-06
2001-12-29,0.0,277.96765,281.61758,266.70865,8.080611e-06
2001-12-30,1.3527246e-08,276.0961,281.81204,273.07095,1.2981358e-05
2001-12-31,1.7373965e-05,270.5288,275.68195,267.85553,4.602867e-06
2002-01-01,4.091263e-06,268.89157,275.64218,264.17697,4.1878293e-06
2002-01-02,0.0,274.26953,280.00266,265.9387,7.840768e-06
2002-01-03,0.0,267.86346,275.2251,265.79956,1.2205905e-05
2002-01-04,0.0,264.70364,270.71564,260.25137,1.1574074e-06
2002-01-05,0.0,269.4094,273.81638,260.4934,3.1912007e-06
2002-01-06,0.0,270.14743,278.0571,264.57138,2.448317e-06
2002-01-07,0.0,272.60974,279.4619,265.74,3.3354638e-06
2002-01-08,0.0,271.35077,276.8205,266.93695,2.3596742e-06
2002-01-09,0.0,270.5652,276.69904,265.97537,1.7233125e-06
2002-01-10,0.0,269.1125,271.10944,265.6217,2.3153211e-06
2002-01-11,0.0,269.66214,270.50763,269.537,3.4722223e-06
2002-01-12,0.0,269.1071,270.09125,268.88455,2.3148148e-06
2002-01-13,0.0,269.88202,271.12012,268.67786,2.3148148e-06
2002-01-14,8.510774e-05,269.6629,270.9366,268.8401,2.3148148e-06
2002-01-15,2.1747235e-06,269.20114,270.33353,267.92273,2.3148148e-06
2002-01-16,1.2536937e-06,268.85608,270.15182,268.6045,2.3148148e-06
2002-01-17,8.0959296e-07,270.13947,271.18375,267.85123,2.3148148e-06
2002-01-18,0.0,270.748,272.45633,268.73737,2.3148148e-06
2002-01-19,0.0,267.8528,273.1614,260.9295,2.1733515e-06
2002-01-20,0.0,271.5342,278.0182,266.24042,2.978502e-06
2002-01-21,0.0,275.97916,278.51868,266.7275,5.010962e-06
2002-01-22,0.0,276.27625,283.97675,270.06235,5.9083054e-06
2002-01-23,0.0,277.95013,284.02176,269.37015,1.2224746e-05
2002-01-24,0.0,281.1543,283.65558,279.1459,1.2712787e-05
2002-01-25,3.5420305e-06,276.4428,284.29944,272.49863,5.7235184e-06
2002-01-26,0.0,276.20886,279.52664,272.8047,4.4985645e-06
2002-01-27,4.1106023e-06,280.2136,283.60516,273.40607,1.38750775e-05
2002-01-28,0.0,280.8221,291.27283,274.86923,9.432739e-06
2002-01-29,0.0,280.8043,291.04437,272.59967,9.4352645e-06
2002-01-30,0.0,277.5901,287.8587,271.69647,6.4920046e-06
2002-01-31,0.0,279.32074,285.6085,272.81448,1.3479154e-05
2002-02-01,0.0,277.17023,284.94794,272.82657,8.484486e-06
2002-02-02,0.0,277.90308,287.07605,271.28915,8.101852e-06
2002-02-03,0.0,277.4029,285.24005,271.31012,8.690836e-06
2002-02-04,0.0,273.80444,280.02942,272.4419,5.571099e-06
2002-02-05,0.0,276.90378,284.81424,269.91922,8.701274e-06
2002-02-06,0.0,280.5499,285.65103,274.4563,1.5910782e-05
2002-02-07,1.8307848e-05,277.83157,279.0844,275.49002,4.6296295e-06
2002-02-08,5.3710348e-05,276.99478,282.041,273.85867,5.787037e-06
2002-02-09,0.0,278.6234,284.32922,273.54495,7.0165106e-06
2002-02-10,4.2800802e-06,279.27368,284.77896,275.68564,1.1242904e-05
2002-02-11,1.4795931e-05,280.13242,287.20758,270.89725,1.5352654e-05
2002-02-12,0.0,282.06552,289.95282,276.51862,1.2961873e-05
2002-02-13,0.0,281.50153,290.683,272.86917,1.6235384e-05
2002-02-14,0.0,277.76187,280.91492,277.4298,8.101852e-06
2002-02-15,1.7746851e-06,274.58405,277.04636,273.67764,9.3977615e-06
2002-02-16,0.0,274.7193,277.87274,271.25452,8.6286855e-06
2002-02-17,3.5932473e-05,276.22742,277.7132,274.06033,5.193471e-06
2002-02-18,0.00016826291,277.18002,281.03622,275.55164,5.787037e-06
2002-02-19,1.372978e-05,278.9947,283.68555,275.75043,1.0476696e-05
2002-02-20,0.0,279.173,282.81332,271.51685,1.5901454e-05
2002-02-21,0.0,278.53247,281.7108,276.40955,1.2627653e-05
2002-02-22,2.2350021e-05,274.4601,278.03482,270.71124,1.430775e-05
2002-02-23,0.0,277.2182,283.94232,273.5335,1.3118143e-05
2002-02-24,5.813326e-07,277.00278,282.40363,271.70416,1.8609158e-05
2002-02-25,9.02207e-07,278.2731,285.7588,269.05563,2.5406098e-05
2002-02-26,0.0,281.70328,287.42337,272.8216,2.8889464e-05
2002-02-27,0.0,283.85544,288.11038,278.96863,2.264968e-05
2002-02-28,0.0,279.98203,284.79062,277.80127,8.133602e-06
2002-03-01,9.82054e-05,278.82428,280.64584,278.06836,8.122758e-06
2002-03-02,6.5915265e-06,278.91592,281.39706,277.59653,8.101852e-06
2002-03-03,0.0,276.9146,279.3194,276.9111,6.270282e-06
2002-03-04,1.4934733e-05,277.19113,284.4614,274.25043,1.47431265e-05
2002-03-05,0.0,279.70477,286.63867,270.48154,1.8475463e-05
2002-03-06,0.0,284.9591,292.46362,276.57135,2.4360523e-05
2002-03-07,2.525968e-06,286.00156,290.35272,282.48087,3.503904e-05
2002-03-08,0.0,281.0547,288.17688,275.052,1.9153667e-05
2002-03-09,0.0,277.9738,287.03043,269.94702,1.7889388e-05
2002-03-10,0.0,279.22372,287.84204,272.5355,1.8285718e-05
2002-03-11,0.0,278.00293,286.5371,269.26807,1.901572e-05
2002-03-12,0.0,279.5797,288.18198,268.68024,2.3455435e-05
2002-03-13,0.0,280.81982,290.5794,271.77808,1.9993386e-05
2002-03-14,0.0,285.06104,293.251,272.25528,3.9415285e-05
2002-03-15,0.0,286.68768,292.9894,284.75244,3.439853e-05
2002-03-16,0.0,282.6521,288.40225,279.0736,2.084584e-05
2002-03-17,0.0,282.6583,289.53412,274.20486,2.0871088e-05
2002-03-18,0.0,281.71558,289.46307,275.1384,2.2891876e-05
2002-03-19,0.0,283.58688,290.27762,273.9253,2.0899946e-05
2002-03-20,0.0,284.04297,290.68726,280.7031,2.075661e-05
2002-03-21,1.3450438e-06,284.37302,290.8298,281.2971,2.191053e-05
2002-03-22,8.201959e-05,282.6469,289.27954,279.7556,2.4616978e-05
2002-03-23,1.7606606e-05,276.6522,281.49545,272.74417,2.3715764e-05
2002-03-24,9.169623e-07,276.00235,279.9739,273.4574,2.0833333e-05
2002-03-25,8.0890214e-07,276.6187,279.36377,273.9339,2.5462963e-05
2002-03-26,0.0,277.10632,281.47363,274.38242,2.1619397e-05
2002-03-27,0.0,276.41516,281.3262,273.1199,2.6204603e-05
2002-03-28,0.0,276.51517,283.98645,268.27023,2.392713e-05
2002-03-29,0.0,279.18558,288.34558,269.3545,2.7327793e-05
2002-03-30,0.0,281.84973,291.85315,270.92944,2.9628296e-05
2002-03-31,0.0,282.71857,292.31137,272.0901,2.8332064e-05
2002-04-01,0.0,282.76096,292.21564,274.25287,2.8566987e-05
2002-04-02,0.0,285.41092,293.3901,274.66937,3.4942088e-05
2002-04-03,0.0,284.68967,290.18057,276.5641,3.0806743e-05
2002-04-04,0.0,281.76587,286.29523,272.9282,2.904511e-05
2002-04-05,2.1730937e-06,280.17593,286.0749,279.4706,3.0212941e-05
2002-04-06,6.6831564e-07,277.28894,282.4471,272.72018,2.7773873e-05
2002-04-07,0.0,276.49628,282.79352,269.94647,2.5392726e-05
2002-04-08,0.0,278.31964,284.83572,269.90125,2.1234739e-05
2002-04-09,0.0,280.98398,284.22006,277.31073,2.1562288e-05
2002-04-10,9.99809e-06,277.2124,281.46417,277.10394,8.223571e-06
2002-04-11,4.10637e-05,279.50787,281.00888,276.7507,8.525933e-06
2002-04-12,3.7073347e-05,280.9583,281.98926,280.27795,7.872855e-06
2002-04-13,0.0002312375,283.36026,286.26843,280.62906,1.1943489e-05
2002-04-14,5.9682658e-05,284.1803,289.6399,280.59628,2.1827364e-05
2002-04-15,2.0910062e-05,281.96884,284.23312,281.34497,1.518834e-05
2002-04-16,1.6247714e-06,282.85648,285.45612,279.64108,1.8182693e-05
2002-04-17,3.3248933e-05,283.02267,287.13794,280.5942,1.8209974e-05
2002-04-18,0.00013692207,283.19235,285.19147,280.97412,1.2606815e-05
2002-04-19,3.684633e-05,284.57773,287.9295,282.06708,1.987435e-05
2002-04-20,6.8206086e-06,283.53427,285.8612,282.43286,1.3623063e-05
2002-04-21,7.666162e-05,287.07263,291.5887,281.86023,3.4760025e-05
2002-04-22,3.7128668e-08,286.44086,292.69125,281.31964,3.539492e-05
2002-04-23,0.0,286.24326,292.1634,280.1259,3.3982433e-05
2002-04-24,4.4048065e-05,284.57916,289.8295,282.8046,2.7789873e-05
2002-04-25,2.0936468e-05,285.1444,291.20007,279.78302,3.1251868e-05
2002-04-26,0.0,288.30798,294.63956,279.06445,3.983343e-05
2002-04-27,3.8711074e-05,281.91504,288.9394,281.14862,1.2379262e-05
2002-04-28,0.0002119066,284.74234,290.58878,274.45294,4.1551368e-05
2002-04-29,0.0,288.2148,294.59476,281.11734,5.081802e-05
2002-04-30,3.2621917e-06,286.49823,292.20578,282.7263,3.632852e-05
2002-05-01,0.0,290.48047,297.02722,280.40253,5.2198677e-05
2002-05-02,0.0,292.50516,298.25916,286.1166,5.7339144e-05
2002-05-03,0.0,292.21863,299.20535,283.43304,4.5892204e-05
2002-05-04,0.0,291.04794,298.8498,282.94467,4.4472592e-05
2002-05-05,2.7305855e-06,288.72034,293.9575,286.59818,3.5165678e-05
2002-05-06,3.897712e-08,287.2482,294.1574,279.98322,4.378039e-05
2002-05-07,0.0,288.14075,295.374,280.3238,4.283257e-05
2002-05-08,0.0,290.11948,296.74997,282.06366,4.8165453e-05
2002-05-09,0.0,288.74106,292.45532,283.2293,2.318388e-05
2002-05-10,6.295973e-07,291.18875,297.17307,284.79205,5.3169584e-05
2002-05-11,0.0,290.82388,298.2804,284.14822,5.404714e-05
2002-05-12,0.0,290.31494,298.1526,283.03625,5.1620933e-05
2002-05-13,0.00017005621,289.5306,296.137,286.62518,3.8247883e-05
2002-05-14,1.8404813e-05,289.88495,298.25897,282.9355,4.6879963e-05
2002-05-15,5.2315885e-05,290.40207,296.6687,284.58453,5.1757226e-05
2002-05-16,0.0,291.35837,297.53552,282.18347,5.0079187e-05
2002-05-17,0.0,293.95612,301.7877,283.9378,5.9664773e-05
2002-05-18,0.0,293.54852,301.35538,284.82898,5.6161927e-05
2002-05-19,1.7027634e-05,290.2008,293.67618,287.81842,2.7983657e-05
2002-05-20,3.949112e-06,289.76224,293.30542,286.67892,3.8717026e-05
2002-05-21,7.752375e-07,290.35098,295.4251,285.88232,3.6908357e-05
2002-05-22,1.5877116e-05,292.05145,297.87445,285.55746,4.7263788e-05
2002-05-23,0.0,294.2047,299.11655,288.5161,6.400086e-05
2002-05-24,0.0,292.70984,299.2019,289.535,4.4336444e-05
2002-05-25,9.616372e-07,291.73288,296.20892,287.92578,3.570071e-05
2002-05-26,0.00026065664,288.3323,291.7587,287.5336,1.97021e-05
2002-05-27,1.9167224e-05,290.69284,296.026,287.00836,4.5548517e-05
2002-05-28,4.4312083e-06,288.87143,294.01776,286.20108,3.1225325e-05
2002-05-29,4.2241743e-05,291.00385,296.46155,285.6999,6.1623046e-05
2002-05-30,0.0,290.82672,296.2511,282.90787,6.169121e-05
2002-05-31,0.0,290.78302,297.16537,281.1522,5.2029693e-05
2002-06-01,0.0,291.0298,296.69147,283.31644,5.207654e-05
2002-06-02,3.511189e-07,288.7122,294.51736,285.2172,5.1945302e-05
2002-06-03,0.0,290.55933,296.9151,279.9397,5.526752e-05
2002-06-04,0.0,292.87912,299.35574,282.98514,5.4388387e-05
2002-06-05,0.0,292.7717,296.17334,286.56454,3.317308e-05
2002-06-06,2.5788014e-08,293.35364,297.69098,290.37897,3.944947e-05
2002-06-07,0.00013777649,289.5782,292.80026,286.5353,3.1797183e-05
2002-06-08,2.4206392e-05,292.18832,298.25317,287.15573,5.2699e-05
2002-06-09,0.0,290.2304,293.68054,286.47845,2.8914576e-05
2002-06-10,0.00010016488,289.09088,293.90216,287.5519,3.2741296e-05
2002-06-11,5.031756e-05,291.383,297.2947,286.15445,6.317184e-05
2002-06-12,0.0,292.48636,298.80484,283.4047,5.8875998e-05
2002-06-13,0.0,294.92487,301.60843,284.42572,6.231191e-05
2002-06-14,0.0,295.67194,303.59686,287.34665,6.21477e-05
2002-06-15,0.0,298.45834,305.18347,287.91638,6.44736e-05
2002-06-16,1.6770524e-05,295.39633,303.5378,289.15912,6.0386697e-05
2002-06-17,1.7121856e-05,296.8628,303.01193,288.35672,6.075465e-05
2002-06-18,0.0,297.59604,303.98395,290.19925,6.4192864e-05
2002-06-19,0.0,297.91882,304.8912,289.1143,6.931798e-05
2002-06-20,0.0,298.3475,305.02356,289.27237,7.278999e-05
2002-06-21,0.0,298.55295,306.08725,290.37674,6.218374e-05
2002-06-22,0.0,299.14688,306.40936,292.2555,6.8218535e-05
2002-06-23,0.0,299.94144,307.5,290.44296,7.219653e-05
2002-06-24,2.052825e-06,298.5597,306.31915,291.10202,6.6389766e-05
2002-06-25,9.720793e-05,290.98502,296.68613,289.2554,3.511109e-05
2002-06-26,4.5727396e-05,292.98325,298.95514,283.891,6.278715e-05
2002-06-27,0.0,294.28888,300.58246,283.38754,6.571983e-05
2002-06-28,0.0,290.0053,296.5068,288.49808,2.0029796e-05
2002-06-29,0.00030933265,289.51556,296.3928,285.00873,5.4459946e-05
2002-06-30,6.802737e-08,291.45264,297.16574,283.67374,5.5323984e-05
2002-07-01,0.0,293.90305,300.20276,283.136,6.0582155e-05
2002-07-02,0.0,297.1526,301.95746,288.60883,6.276802e-05
2002-07-03,0.0,298.042,303.56543,291.0376,6.269964e-05
2002-07-04,0.0,290.3384,298.25674,288.3462,2.9167802e-05
2002-07-05,0.00013479414,291.10434,297.04816,283.64816,5.544774e-05
2002-07-06,0.0,294.7168,301.51562,284.1186,6.0314364e-05
2002-07-07,7.958737e-05,292.3948,298.0301,289.9027,3.4120734e-05
2002-07-08,7.73709e-06,294.74197,302.3777,286.107,6.239056e-05
2002-07-09,0.0,296.92886,304.21207,286.30966,6.2204585e-05
2002-07-10,0.0,298.89435,305.3656,289.20563,6.442222e-05
2002-07-11,0.0,297.02438,303.47913,292.1411,7.2905925e-05
2002-07-12,0.0,296.04544,302.61182,287.368,5.4873675e-05
2002-07-13,1.9307427e-09,296.8461,303.80243,290.40295,5.2664276e-05
2002-07-14,0.0,295.4267,302.9307,290.35803,6.462979e-05
2002-07-15,0.0003920304,296.80228,302.03287,291.23248,4.6491186e-05
2002-07-16,4.5327204e-05,296.3791,302.2109,292.85474,5.3787586e-05
2002-07-17,2.3598293e-06,294.7213,300.77744,289.98108,5.215926e-05
2002-07-18,5.580881e-06,293.55554,297.63678,289.02737,3.1695276e-05
2002-07-19,7.8314086e-05,292.96317,298.91962,287.0696,4.6820973e-05
2002-07-20,1.1034442e-07,294.02332,301.15274,286.75418,5.4986565e-05
2002-07-21,0.0,297.6264,304.28317,286.6755,6.445389e-05
2002-07-22,3.88375e-05,289.86124,299.40067,288.04953,3.1796986e-05
2002-07-23,0.00023897094,292.511,299.3846,284.46918,5.27475e-05
2002-07-24,0.0,293.36493,301.2485,287.22147,4.5377074e-05
2002-07-25,0.000256471,291.16318,297.27658,289.22403,4.5457244e-05
2002-07-26,2.639014e-06,290.23477,295.92163,284.98895,4.4056287e-05
2002-07-27,0.0,293.00983,299.01843,285.52295,6.229369e-05
2002-07-28,0.0,296.04977,301.59918,288.88373,5.187594e-05
2002-07-29,2.1538915e-06,296.29285,303.71063,290.28262,5.9441227e-05
2002-07-30,4.5166294e-06,296.30847,303.257,289.98016,5.4381322e-05
2002-07-31,0.0001936585,293.9929,298.2046,291.91772,3.1171396e-05
2002-08-01,7.383771e-05,294.28006,300.31827,289.5537,4.137316e-05
2002-08-02,5.5576144e-10,295.78546,302.17307,289.7734,5.416571e-05
2002-08-03,0.0,296.77805,302.66644,289.45288,5.4724103e-05
2002-08-04,2.1194144e-06,293.7251,298.95502,290.9015,3.603355e-05
2002-08-05,0.00017548935,294.2959,300.8373,290.64304,4.237128e-05
2002-08-06,6.0686e-07,291.05673,294.80527,290.16013,1.6377904e-05
2002-08-07,0.00018105879,292.1931,297.17148,289.36035,3.0873638e-05
2002-08-08,4.5693334e-05,292.40744,297.37656,289.5299,3.007197e-05
2002-08-09,3.1073453e-06,291.89844,298.86078,286.42242,4.3543823e-05
2002-08-10,1.4183977e-05,292.8974,298.77603,287.1242,4.6139616e-05
2002-08-11,3.8028178e-05,291.33353,293.2804,289.86102,1.48010795e-05
2002-08-12,0.00033980142,290.38745,293.8831,288.0518,2.2740795e-05
2002-08-13,6.193984e-05,291.589,297.17023,288.1331,3.4379296e-05
2002-08-14,1.2609503e-06,292.22043,296.99554,285.21152,3.8638813e-05
2002-08-15,0.0,292.9925,297.7753,288.8052,3.5692927e-05
2002-08-16,3.7768e-06,293.93146,298.98822,289.9279,3.8481478e-05
2002-08-17,2.4930008e-05,294.62268,300.51828,288.5189,4.8941198e-05
2002-08-18,0.0,294.40955,300.3991,288.61264,4.7410354e-05
2002-08-19,1.7742839e-06,294.16034,301.5773,288.5598,4.336354e-05
2002-08-20,8.944138e-06,293.02478,300.02414,286.85577,4.4053297e-05
2002-08-21,5.912079e-06,291.88037,297.9544,287.5402,3.1242675e-05
2002-08-22,5.9285678e-05,291.1938,294.04633,289.09494,1.8633094e-05
2002-08-23,1.8660374e-05,292.59128,298.85974,288.28568,3.9075003e-05
2002-08-24,0.0,293.3492,300.4735,286.44513,4.1034087e-05
2002-08-25,2.2834931e-06,293.86243,301.06744,287.29263,4.567248e-05
2002-08-26,5.930033e-07,294.38174,301.5919,287.3167,4.3922642e-05
2002-08-27,2.9964298e-07,291.22156,295.52893,288.14853,2.0833839e-05
2002-08-28,1.6375743e-05,292.2188,298.10718,287.74872,3.08599e-05
2002-08-29,1.9247955e-05,292.1597,296.12552,289.2373,2.7798007e-05
2002-08-30,1.2872813e-06,293.37943,300.3009,287.4665,4.233757e-05
2002-08-31,8.479802e-06,293.62704,300.80365,287.20294,4.276929e-05
2002-09-01,2.466377e-06,293.05536,299.01822,289.53613,4.32814e-05
2002-09-02,2.2563388e-06,291.57858,295.78903,288.50406,3.7873197e-05
2002-09-03,1.3651145e-06,290.98648,298.03796,285.0436,3.265409e-05
2002-09-04,0.0,292.2647,299.6227,284.83524,3.7238005e-05
2002-09-05,1.4783807e-06,291.62415,299.00137,284.9151,3.3502336e-05
2002-09-06,1.8653806e-06,290.37372,296.42294,287.96545,2.3974895e-05
2002-09-07,6.005242e-06,290.86133,297.55777,285.4402,2.8211189e-05
2002-09-08,1.5835994e-06,292.14844,299.57178,285.62836,3.4943656e-05
2002-09-09,2.971504e-06,292.3841,299.74933,285.494,3.5252742e-05
2002-09-10,3.1601753e-06,291.2421,298.2624,285.50363,2.9285831e-05
2002-09-11,1.1905252e-05,290.8442,295.5834,288.13617,2.3824496e-05
2002-09-12,5.672268e-06,287.31168,292.5612,284.60477,4.065087e-05
2002-09-13,0.0,283.70032,291.18402,277.264,2.6639666e-05
2002-09-14,0.0,285.4235,293.7382,277.82867,3.0025452e-05
2002-09-15,1.5142282e-06,286.9552,291.81525,278.65442,2.8420358e-05
2002-09-16,2.1179598e-05,284.57632,291.37643,280.14194,2.5158848e-05
2002-09-17,0.0,285.23676,293.71335,278.74457,2.6693137e-05
2002-09-18,0.0,287.89624,295.77176,280.0847,3.0503008e-05
2002-09-19,0.0,289.9052,296.27142,280.94095,2.4877709e-05
2002-09-20,7.2220996e-07,290.91098,296.5927,287.51205,2.1594955e-05
2002-09-21,0.00017757819,287.63202,290.2813,285.69537,1.6335935e-05
2002-09-22,8.112456e-05,285.1063,287.23068,284.60822,9.512706e-06
2002-09-23,5.320622e-05,284.59494,286.17703,283.67667,9.448919e-06
2002-09-24,0.00020028942,282.1163,284.51935,281.9024,7.819278e-06
2002-09-25,9.727406e-05,281.49487,282.8005,280.5453,8.676957e-06
2002-09-26,3.6104673e-05,282.4617,287.41675,277.8849,1.7756416e-05
2002-09-27,1.0642723e-06,285.108,291.15576,281.70477,2.3623452e-05
2002-09-28,0.0,282.25513,285.54843,276.63303,1.8243078e-05
2002-09-29,9.754596e-07,284.42395,289.17426,280.89795,3.119099e-05
2002-09-30,0.0,281.90353,290.27805,275.71838,2.228231e-05
2002-10-01,0.0,283.0903,291.062,275.91687,2.0833333e-05
2002-10-02,0.0,283.3823,291.6425,276.49298,1.9576828e-05
2002-10-03,0.0,284.15182,291.4478,277.29755,1.6203703e-05
2002-10-04,0.0,287.43878,293.04663,280.48755,1.4629608e-05
2002-10-05,5.344711e-05,284.638,292.09024,282.30188,2.1727792e-05
2002-10-06,0.0,282.818,287.79117,276.45908,1.3570618e-05
2002-10-07,2.8780748e-06,280.1462,286.78653,275.96942,1.9117315e-05
2002-10-08,0.0,281.51297,289.48618,272.7699,1.863072e-05
2002-10-09,0.0,280.833,282.50162,275.12878,8.101852e-06
2002-10-10,2.6926389e-06,282.1902,284.0379,278.86508,8.101852e-06
2002-10-11,0.00010115605,283.08438,284.36465,282.50565,5.9183244e-06
2002-10-12,0.00018394008,279.78226,282.7267,279.11414,5.8951982e-06
2002-10-13,0.00024026331,279.75995,281.29147,277.84506,7.926588e-06
2002-10-14,0.0,282.28265,288.19925,277.3076,1.3934187e-05
2002-10-15,0.0,284.23303,290.0482,280.51245,1.3027785e-05
2002-10-16,0.0,288.11075,295.26273,279.30844,2.2382257e-05
2002-10-17,0.0,291.33038,294.73935,286.6828,2.6642287e-05
2002-10-18,0.00015473622,282.32556,291.69452,280.87292,1.1850035e-05
2002-10-19,0.0001340678,280.12772,286.47647,278.39767,9.4823135e-06
2002-10-20,0.0,282.49597,287.66452,276.0857,1.5451202e-05
2002-10-21,0.0,286.07022,291.3201,277.86188,2.4995057e-05
2002-10-22,5.0926275e-07,287.82086,292.26602,284.9413,1.6047303e-05
2002-10-23,1.5426896e-05,289.38974,294.2073,282.43793,2.4967498e-05
2002-10-24,0.00018608035,281.7331,288.43048,278.99344,1.2319942e-05
2002-10-25,2.105319e-06,284.3059,289.42108,276.2917,1.7361112e-05
2002-10-26,3.888283e-06,288.30847,294.99716,284.53467,2.3289991e-05
2002-10-27,0.0,285.54987,290.24176,277.22388,1.6595211e-05
2002-10-28,0.0,284.8989,289.06696,279.4163,2.8079858e-05
2002-10-29,0.0,280.21036,287.7693,272.7433,1.1512017e-05
2002-10-30,0.0,283.5139,291.24466,276.3364,1.4343477e-05
2002-10-31,0.0,281.3526,283.49307,280.9651,6.9444445e-06
2002-11-01,8.439998e-06,283.11957,285.5518,281.26233,6.9444445e-06
2002-11-02,0.0,282.06778,284.53564,281.10477,5.958842e-06
2002-11-03,1.0132071e-06,280.18912,281.9731,278.7055,6.976307e-06
2002-11-04,9.9390934e-05,279.40872,280.73483,279.10208,5.781363e-06
2002-11-05,3.616425e-05,276.6452,279.39316,274.45184,1.0133024e-05
2002-11-06,2.1572418e-05,273.88318,276.04837,273.0155,9.250753e-06
2002-11-07,0.0,273.1583,276.7903,271.77448,5.6550157e-06
2002-11-08,0.0,276.4992,280.13977,271.117,6.641325e-06
2002-11-09,0.0,277.08206,281.1363,270.7486,8.172798e-06
2002-11-10,1.2033586e-06,276.32733,284.2603,272.26324,9.532715e-06
2002-11-11,0.0,282.1193,287.45874,271.11673,1.638469e-05
2002-11-12,1.2310617e-06,282.23267,288.94275,273.56857,9.308524e-06
2002-11-13,0.0,283.8388,288.6112,279.00394,9.846055e-06
2002-11-14,0.0,287.271,291.80078,282.18155,1.773969e-05
2002-11-15,0.0,290.458,295.24127,285.18402,2.5302728e-05
2002-11-16,0.0,291.71356,295.2901,287.6654,2.306e-05
2002-11-17,1.0428659e-05,287.9103,292.3256,285.61337,1.32788355e-05
2002-11-18,2.7776703e-05,285.12204,288.36707,283.1071,6.568657e-06
2002-11-19,4.6478926e-06,284.45776,289.1921,281.4384,1.26508185e-05
2002-11-20,0.0,279.21738,286.11197,274.91138,4.80228e-06
2002-11-21,0.0,284.82983,289.8717,273.63507,1.0347836e-05
2002-11-22,0.0,282.95047,285.83942,281.0044,5.7895954e-06
2002-11-23,8.7046974e-05,280.23294,287.20724,277.8372,4.3950167e-06
2002-11-24,0.0,282.4027,287.9939,274.40353,6.7886112e-06
2002-11-25,0.0,283.18155,289.0553,278.49658,1.005494e-05
2002-11-26,0.0,282.28848,287.59485,278.99295,6.196814e-06
2002-11-27,0.0,279.957,281.7509,277.27905,3.4722223e-06
2002-11-28,0.0,280.40396,281.99136,278.86282,4.6296295e-06
2002-11-29,0.0,280.3137,282.48795,278.4928,3.4722223e-06
2002-11-30,5.566101e-05,278.61743,281.8166,276.49805,4.6296295e-06
2002-12-01,0.0,277.34067,279.53082,274.31924,3.4722223e-06
2002-12-02,2.3880004e-06,276.13724,278.43567,275.05185,4.6296295e-06
2002-12-03,0.00015336246,277.5322,278.34723,274.48007,4.464157e-06
2002-12-04,4.261646e-05,280.08475,280.98343,278.06738,4.5283673e-06
2002-12-05,0.00011572873,279.54468,280.24414,279.13297,4.444265e-06
2002-12-06,0.00021099577,275.97638,278.86432,276.4593,4.435919e-06
2002-12-07,0.000108005566,273.98236,276.26724,273.18164,3.2584599e-06
2002-12-08,7.883027e-05,271.82114,273.35635,271.70834,4.573395e-06
2002-12-09,1.342822e-06,269.20706,271.8962,268.56274,4.5571483e-06
2002-12-10,2.2055365e-06,267.9607,269.5864,266.49448,2.8199372e-06
2002-12-11,0.0,268.96945,269.6429,268.00424,2.4014746e-06
2002-12-12,0.0,269.7169,270.2007,269.69086,3.4722223e-06
2002-12-13,0.0,270.36826,271.27225,270.65076,2.438344e-06
2002-12-14,2.0396378e-06,270.69397,271.1329,270.2327,2.3148148e-06
2002-12-15,2.1491828e-06,271.96732,272.23758,271.20523,2.3148148e-06
2002-12-16,4.292476e-05,271.03015,271.97412,271.323,2.3148148e-06
2002-12-17,0.0,272.56335,273.45825,271.2624,2.3148148e-06
2002-12-18,0.0,273.39697,274.7095,272.28357,3.4603647e-06
2002-12-19,0.0,273.19476,276.0272,269.35056,3.0621661e-06
2002-12-20,0.0,270.0235,275.2031,268.34094,2.3148148e-06
2002-12-21,0.0,273.0491,276.79578,267.43307,1.972558e-06
2002-12-22,0.0,273.62454,276.78906,270.08557,1.1649821e-06
2002-12-23,4.496632e-06,274.34943,278.5309,272.4387,2.4036349e-06
2002-12-24,0.0,270.67828,273.78552,269.08426,5.7001103e-06
2002-12-25,2.1201937e-05,269.35312,271.18054,268.5314,3.4768711e-06
2002-12-26,0.0,271.45996,271.87146,269.52057,2.3752596e-06
2002-12-27,0.0,272.89114,274.81512,271.64005,2.1669412e-06
2002-12-28,0.0,279.23743,283.1157,273.55606,5.0038366e-06
2002-12-29,3.4852834e-05,277.6806,282.62402,275.2942,1.3030664e-06
2002-12-30,0.0,280.37717,283.64383,273.99298,8.578192e-06
2002-12-31,6.596752e-07,276.76166,282.67923,273.03574,6.0666293e-06
2003-01-01,3.84633e-05,272.04974,273.91965,270.1164,2.366413e-06
2003-01-02,0.0,277.7398,282.53427,270.58395,6.456085e-06
2003-01-03,6.5504855e-07,277.79822,287.69278,272.71402,3.5741555e-06
2003-01-04,0.0,277.73306,282.0641,272.17526,4.583866e-06
2003-01-05,1.981948e-05,271.9458,278.8458,270.87582,8.639982e-06
2003-01-06,9.929459e-06,269.9077,272.09427,267.328,4.628208e-06
2003-01-07,8.861325e-05,267.16992,270.07675,267.09213,2.3015334e-06
2003-01-08,7.775094e-05,261.861,268.31833,253.74414,1.1574074e-06
2003-01-09,2.792842e-05,264.31766,265.23993,259.75543,2.0787857e-06
2003-01-10,4.5633533e-05,266.08194,268.21542,260.71835,1.2792003e-06
2003-01-11,2.0301812e-05,264.37814,270.49875,261.17072,4.1748226e-06
2003-01-12,0.0,257.77432,268.0692,251.26825,1.3246599e-06
2003-01-13,0.0,264.37292,269.1062,253.24155,1.8254656e-06
2003-01-14,0.0,269.86908,275.09714,266.48026,2.8275053e-06
2003-01-15,0.0,269.3246,278.11908,262.892,1.6549574e-06
2003-01-16,0.0,269.30368,273.07587,261.16055,2.199986e-06
2003-01-17,0.0,268.10812,275.26093,260.9721,2.1745057e-06
2003-01-18,0.0,267.82193,269.7583,260.58826,1.3925461e-06
2003-01-19,0.0,265.8915,268.68393,262.91342,2.3148148e-06
2003-01-20,0.0,267.60257,269.2603,265.90695,2.3148148e-06
2003-01-21,0.0,270.93423,273.55237,267.52405,2.3148148e-06
2003-01-22,4.1157295e-05,273.95465,275.13516,270.67798,2.3148148e-06
2003-01-23,2.0684623e-05,273.16833,275.55658,271.72922,2.3148148e-06
2003-01-24,0.0,274.03754,277.89343,268.09653,3.1092313e-06
2003-01-25,0.0,275.15314,277.02478,274.4937,3.5397459e-06
2003-01-26,2.671883e-07,272.77133,276.37708,269.87228,3.4637162e-06
2003-01-27,0.0,273.40323,276.2925,267.65628,2.3629211e-06
2003-01-28,0.0,276.0001,279.9213,270.76407,6.496044e-06
2003-01-29,2.9839116e-06,272.7371,279.51855,268.03937,4.3737746e-06
2003-01-30,0.0,272.7014,278.58847,266.7013,3.6031422e-06
2003-01-31,0.0,271.84015,274.01117,269.74075,4.5603965e-06
2003-02-01,1.2862682e-05,270.26544,274.266,267.7141,8.063666e-06
2003-02-02,0.0,267.29675,271.91086,261.87082,2.4219355e-06
2003-02-03,0.0,271.19867,276.14642,262.2102,8.213645e-06
2003-02-04,5.3612084e-06,272.6092,275.73846,269.91782,3.6792692e-06
2003-02-05,0.00017650846,273.01843,277.61172,269.66473,1.0060375e-05
2003-02-06,0.0,270.271,276.3157,265.2922,9.998978e-06
2003-02-07,0.0,268.88635,276.51175,261.4081,5.7696025e-06
2003-02-08,0.0,269.4384,272.35306,261.65152,3.6025122e-06
2003-02-09,2.3358002e-06,269.7373,272.9486,262.05527,3.783206e-06
2003-02-10,0.0,271.63446,273.607,269.92517,3.6453598e-06
2003-02-11,0.0,270.8383,272.12802,270.36368,4.5806332e-06
2003-02-12,8.661346e-06,268.9941,272.5079,265.73517,5.828119e-06
2003-02-13,0.0,266.2102,271.72083,259.21695,4.3268365e-06
2003-02-14,6.3005395e-08,265.63284,272.35205,259.44574,4.837408e-06
2003-02-15,0.0,269.841,273.85992,259.65256,6.87697e-06
2003-02-16,0.0,270.89563,272.92355,270.31763,4.3048203e-06
2003-02-17,2.4217552e-06,268.21536,273.08435,264.83484,5.766402e-06
2003-02-18,0.0,267.40924,273.05508,258.04752,5.712233e-06
2003-02-19,0.0,268.4826,273.4029,266.67383,4.95045e-06
2003-02-20,0.0,268.06085,273.5463,260.6843,4.6296295e-06
2003-02-21,0.0,271.34503,274.90262,262.45245,4.98264e-06
2003-02-22,0.0,271.96475,276.88242,268.98917,6.4914802e-06
2003-02-23,0.0,268.66617,273.75586,262.49136,4.5583784e-06
2003-02-24,0.0,269.25677,277.64853,263.64655,7.2480666e-06
2003-02-25,0.0,270.4466,277.48682,261.1534,9.475947e-06
2003-02-26,0.0,269.77405,276.14374,263.17053,8.1320795e-06
2003-02-27,0.0,276.5203,283.11227,264.84024,1.5040405e-05
2003-02-28,0.0,274.57416,282.64023,268.28815,1.0241889e-05
2003-03-01,0.0,276.06595,285.01404,268.95203,1.1780038e-05
2003-03-02,0.0,275.7608,283.5357,269.30945,1.12382695e-05
2003-03-03,8.2616e-06,276.45645,279.47644,274.12958,6.0869024e-06
2003-03-04,4.622706e-06,277.2598,283.58215,273.53757,1.2644446e-05
2003-03-05,0.0,277.88287,281.65762,274.79776,1.1722295e-05
2003-03-06,0.0,275.76886,277.81958,274.62863,9.246599e-06
2003-03-07,1.7037836e-06,274.88486,276.30475,273.28192,6.7765363e-06
2003-03-08,0.0,276.56168,283.47568,272.06036,1.4150645e-05
2003-03-09,0.0,280.6911,286.42627,272.0034,1.9820256e-05
2003-03-10,0.0,281.2922,289.85638,276.94342,1.7853896e-05
2003-03-11,0.0,282.20712,291.56128,273.0936,1.985189e-05
2003-03-12,0.0,283.88242,290.31543,279.75717,1.7786551e-05
2003-03-13,1.3665456e-06,277.55536,282.659,275.1799,2.6472186e-05
2003-03-14,1.9713521e-10,275.02322,276.78705,273.38196,1.3585762e-05
2003-03-15,2.813145e-06,276.19122,279.11472,273.6729,1.7882949e-05
2003-03-16,0.0,276.94913,278.92102,275.55386,1.7178132e-05
2003-03-17,1.116588e-07,277.40756,285.0101,268.82355,1.964254e-05
2003-03-18,0.0,277.9092,282.9854,272.88272,2.4619876e-05
2003-03-19,0.0,278.54013,286.62564,273.79123,2.284376e-05
2003-03-20,0.0,278.41336,284.76328,272.34006,2.3132383e-05
2003-03-21,0.0,275.42337,281.1911,271.19437,2.280771e-05
2003-03-22,0.0,271.80832,278.35367,268.3151,1.8247216e-05
2003-03-23,0.0,274.26593,283.23798,265.10358,2.0693928e-05
2003-03-24,0.0,280.07663,290.50577,269.31345,2.7647911e-05
2003-03-25,0.0,282.86337,293.56232,271.7834,3.4979137e-05
2003-03-26,0.0,283.0942,293.16473,273.80246,2.6616926e-05
2003-03-27,0.0,283.47452,292.96024,273.55185,2.8547918e-05
2003-03-28,0.0,284.60126,293.74335,274.18765,2.6799162e-05
2003-03-29,0.0,285.70593,293.72604,274.31824,2.5370988e-05
2003-03-30,0.0,285.23804,293.8573,277.52655,2.5339928e-05
2003-03-31,2.9984124e-06,283.45,287.7128,278.8441,2.6411766e-05
2003-04-01,2.3594494e-05,280.42096,287.3027,271.48428,2.9408422e-05
2003-04-02,0.0,280.61047,289.71112,272.35516,2.823946e-05
2003-04-03,6.8142646e-05,280.06107,282.0414,277.74658,1.27978e-05
2003-04-04,8.204437e-06,278.7056,284.10464,276.03,2.615391e-05
2003-04-05,0.0,280.54254,286.663,271.58157,2.879805e-05
2003-04-06,2.8776751e-06,274.83133,282.67572,272.6244,3.5112e-05
2003-04-07,1.2325132e-08,273.48856,275.93283,269.25195,1.998697e-05
2003-04-08,0.0,274.6417,280.08002,271.5337,2.6755066e-05
2003-04-09,0.0,276.9293,283.34125,268.06866,2.4058376e-05
2003-04-10,0.0,280.46918,286.5401,275.5218,2.3115435e-05
2003-04-11,0.00012223287,276.68213,280.84683,274.8633,1.2722975e-05
2003-04-12,5.4476163e-07,278.68073,280.80798,273.4651,8.859543e-06
2003-04-13,6.0241924e-05,283.5397,289.02887,278.81396,3.3540142e-05
2003-04-14,0.0,282.56158,288.34314,275.34778,2.537354e-05
2003-04-15,0.0,284.77142,288.7744,280.49466,2.2281582e-05
2003-04-16,2.5387249e-07,285.37296,292.79538,276.01834,3.7028043e-05
2003-04-17,0.0,284.9448,290.44717,276.50055,3.0932486e-05
2003-04-18,0.0,284.09805,290.19205,278.86157,3.8670038e-05
2003-04-19,7.1881605e-06,283.70248,289.7367,277.14514,3.325282e-05
2003-04-20,0.0,284.97418,291.669,275.41537,3.729242e-05
2003-04-21,0.0,284.78607,292.0022,275.8903,3.7017686e-05
2003-04-22,0.0,285.0183,292.99994,277.43,4.5625045e-05
2003-04-23,0.0,285.00293,292.98404,276.98938,3.788573e-05
2003-04-24,4.0079435e-06,284.2956,290.46268,278.30917,2.9518156e-05
2003-04-25,0.0,285.70938,293.7035,276.69315,4.2820735e-05
2003-04-26,0.0,290.70807,297.55655,278.2879,5.965436e-05
2003-04-27,5.2880285e-05,285.68472,291.71628,284.3474,2.6073902e-05
2003-04-28,1.6268825e-05,288.4505,295.63144,278.02448,5.09456e-05
2003-04-29,0.0,290.94504,298.25485,283.83606,5.0114882e-05
2003-04-30,0.0,292.08548,295.50244,284.10037,4.1980682e-05
2003-05-01,0.0,290.3117,296.40225,287.2835,4.5087116e-05
2003-05-02,0.0,293.4778,298.31638,284.62115,4.0386658e-05
2003-05-03,0.0,285.9999,294.7732,281.416,2.4822366e-05
2003-05-04,1.2305369e-06,287.58057,295.94006,275.67365,4.7580772e-05
2003-05-05,0.0,290.22903,298.76315,278.51944,5.442775e-05
2003-05-06,0.0,293.11328,303.6151,281.03192,6.0672737e-05
2003-05-07,0.0,293.8986,303.54004,282.93698,5.8280315e-05
2003-05-08,0.0,296.17514,303.62225,282.56543,5.2669417e-05
2003-05-09,0.0,295.88504,303.53348,287.0216,5.025014e-05
2003-05-10,0.0,292.99692,298.46143,285.5848,4.3721375e-05
2003-05-11,0.00022409683,292.5067,298.01773,287.99423,4.6949364e-05
2003-05-12,0.0,293.77167,301.33545,286.49554,5.876639e-05
2003-05-13,2.603787e-05,292.8396,299.88895,287.02087,5.677242e-05
2003-05-14,2.3825191e-06,284.8541,291.8833,283.39514,2.4044204e-05
2003-05-15,8.7382634e-09,285.07144,290.47546,281.02234,4.176778e-05
2003-05-16,0.0,285.03757,291.9193,274.82425,4.570989e-05
2003-05-17,0.0,287.91727,294.7714,276.00742,4.7548936e-05
2003-05-18,0.0,290.61368,297.79376,278.98135,5.308287e-05
2003-05-19,0.0,294.6871,301.33768,283.52347,6.238852e-05
2003-05-20,9.963633e-07,286.35635,295.36542,284.30386,2.6631762e-05
2003-05-21,0.00011318855,285.23877,288.61612,283.2119,2.1584701e-05
2003-05-22,3.8367316e-06,287.27142,291.80463,282.41568,4.0937164e-05
2003-05-23,0.0,289.72812,296.22012,281.96536,5.481894e-05
2003-05-24,0.0,291.6163,298.74954,280.8244,5.4398144e-05
2003-05-25,0.0,293.96024,301.3075,283.51453,5.8080816e-05
2003-05-26,0.0,292.99115,301.7732,286.9792,4.951737e-05
2003-05-27,0.00012438801,293.02325,299.43555,288.04245,4.7933867e-05
2003-05-28,2.3616487e-06,294.03122,300.50424,287.30563,4.7913025e-05
2003-05-29,1.7250373e-05,294.11682,299.9509,289.0003,5.373521e-05
2003-05-30,5.6405515e-06,294.403,300.06186,286.77066,5.6947716e-05
2003-05-31,0.0,294.94144,301.68497,285.26025,5.551902e-05
2003-06-01,1.20245495e-05,291.70154,298.2039,288.14304,4.4035784e-05
2003-06-02,3.179779e-05,292.8973,299.54614,284.20242,5.2803844e-05
2003-06-03,6.1125966e-06,293.89328,300.50153,285.7795,4.77906e-05
2003-06-04,2.7115748e-06,295.9282,302.44318,286.8737,5.901879e-05
2003-06-05,0.0,297.83698,304.73206,286.98584,6.6357665e-05
2003-06-06,0.0,297.74173,304.9309,287.82092,6.7485315e-05
2003-06-07,3.5018168e-06,297.41388,303.34552,289.39374,5.7860725e-05
2003-06-08,1.755182e-06,299.03564,305.72543,290.99496,6.617063e-05
2003-06-09,0.0,298.35184,304.5373,289.30658,6.295003e-05
2003-06-10,8.7836455e-08,299.38947,305.39975,291.09863,6.761677e-05
2003-06-11,0.0,299.9518,308.2897,290.1794,7.286928e-05
2003-06-12,3.2107872e-07,300.09387,306.86716,290.69937,6.86653e-05
2003-06-13,0.0,299.34604,306.08624,291.54102,7.450475e-05
2003-06-14,3.175791e-05,297.9258,303.72314,292.62747,6.360789e-05
2003-06-15,8.809457e-05,294.6577,300.15088,289.80737,4.517487e-05
2003-06-16,2.3636392e-06,293.67383,300.1984,287.66953,5.1748742e-05
2003-06-17,3.588992e-06,296.04852,301.52435,288.6543,5.9900318e-05
2003-06-18,8.2225665e-07,290.99747,295.0566,288.82416,1.8688343e-05
2003-06-19,7.723766e-05,293.99945,299.7888,287.42178,4.989476e-05
2003-06-20,0.0,295.62268,303.92758,287.62103,5.679147e-05
2003-06-21,3.002012e-05,293.0929,299.0052,289.09308,6.326115e-05
2003-06-22,0.0,294.9883,302.3095,284.79758,6.4183136e-05
2003-06-23,0.0,299.64355,308.08612,287.64102,7.014209e-05
2003-06-24,8.135838e-08,296.69214,306.47226,291.07446,6.351913e-05
2003-06-25,0.00010617604,297.14902,306.15894,289.65665,6.82723e-05
2003-06-26,9.850339e-06,295.07413,300.28497,287.83234,6.010634e-05
2003-06-27,1.4319247e-08,293.75684,298.23825,289.3309,4.8996873e-05
2003-06-28,9.6508375e-06,295.3348,299.70935,290.13965,5.3971802e-05
2003-06-29,0.0,293.72467,297.56686,291.313,3.207734e-05
2003-06-30,9.2499285e-08,298.6061,306.4416,285.36243,6.8844296e-05
2003-07-01,0.0,300.0043,307.4145,289.49323,8.627164e-05
2003-07-02,3.7242935e-05,293.861,299.78085,288.3972,4.0486124e-05
2003-07-03,3.359879e-07,291.3893,298.60422,288.31592,3.7122718e-05
2003-07-04,0.00013363078,290.71597,295.57278,287.54907,3.4758992e-05
2003-07-05,6.756779e-06,291.9417,298.57745,286.18253,4.7499107e-05
2003-07-06,3.9216884e-06,292.56467,299.79932,287.30728,5.274651e-05
2003-07-07,5.992676e-06,293.93753,299.77005,284.74435,5.947722e-05
2003-07-08,1.7073111e-08,293.7517,299.6244,286.10208,4.9859314e-05
2003-07-09,0.0,293.49146,300.91708,284.1877,5.0710387e-05
2003-07-10,1.4874806e-05,293.40485,299.15662,286.92676,4.599278e-05
2003-07-11,1.7031643e-05,294.24173,300.5649,288.32217,5.7905465e-05
2003-07-12,0.0,294.82437,304.14175,286.20203,5.292422e-05
2003-07-13,2.964355e-05,292.5216,298.7636,290.49094,4.4221943e-05
2003-07-14,0.0,292.9633,299.2493,286.1018,5.781406e-05
2003-07-15,0.0,295.63846,302.3056,283.26593,5.93991e-05
2003-07-16,0.0,298.57358,305.57153,286.95367,6.2496765e-05
2003-07-17,1.099063e-06,298.47455,305.28842,292.5975,7.051154e-05
2003-07-18,2.7695314e-05,296.21237,302.1695,290.90637,7.29341e-05
2003-07-19,0.0,296.5765,302.44623,288.4587,7.07695e-05
2003-07-20,0.0,298.1442,304.65784,287.82355,6.3901825e-05
2003-07-21,0.0,300.3954,307.81494,288.00577,6.598214e-05
2003-07-22,0.0,301.24414,309.2773,292.64032,7.0284004e-05
2003-07-23,0.00010150775,293.18335,300.62622,290.97073,3.3557313e-05
2003-07-24,9.1915455e-05,296.00998,302.7869,287.34662,5.4372984e-05
2003-07-25,0.00022344933,293.74066,299.3913,289.7104,4.4983175e-05
2003-07-26,0.0,296.34705,303.2226,287.14618,5.6603363e-05
2003-07-27,0.0,299.56424,306.43433,289.478,6.6383676e-05
2003-07-28,0.0,296.0867,302.89734,291.64523,6.562041e-05
2003-07-29,6.653157e-05,293.9234,298.35217,291.07162,4.2613705e-05
2003-07-30,1.5424783e-06,292.25192,297.17636,286.4935,3.9097755e-05
2003-07-31,7.862983e-06,292.1121,295.956,289.7554,2.505163e-05
2003-08-01,2.0151061e-05,296.2299,301.59076,291.02063,5.04463e-05
2003-08-02,8.563332e-06,297.22977,304.09433,290.61716,5.5754954e-05
2003-08-03,0.0,298.91797,306.44235,289.85394,5.8981972e-05
2003-08-04,0.0,299.99954,307.48795,291.33038,5.64045e-05
2003-08-05,0.0,300.3571,307.2255,293.17108,6.586885e-05
2003-08-06,3.026033e-06,299.1555,304.69992,292.6896,5.3409614e-05
2003-08-07,0.0,296.70523,303.8942,290.274,5.703519e-05
2003-08-08,0.0,297.43658,305.98813,285.81436,6.0115774e-05
2003-08-09,0.0,297.67874,305.32886,288.9402,5.3826177e-05
2003-08-10,0.0,298.119,307.25577,287.1037,5.758401e-05
2003-08-11,0.0,296.74142,304.14648,290.0391,6.756511e-05
2003-08-12,0.0,296.799,305.63318,284.56415,5.676483e-05
2003-08-13,0.0,300.68793,310.94577,288.7163,6.3397405e-05
2003-08-14,0.0,298.88358,309.2644,291.3232,4.9422513e-05
2003-08-15,1.2660628e-05,296.96924,304.38934,291.83295,5.1119227e-05
2003-08-16,0.00026527743,295.48456,302.3956,290.22995,5.2216987e-05
2003-08-17,0.0,298.36932,305.32938,288.7849,5.2045554e-05
2003-08-18,0.0,301.43954,309.75967,290.86322,6.071917e-05
2003-08-19,0.0,297.85696,304.27692,290.01117,5.1547464e-05
2003-08-20,3.5837346e-07,296.20767,303.6605,290.4708,5.0986182e-05
2003-08-21,0.0,296.49292,304.9003,288.21127,4.7041478e-05
2003-08-22,1.9459114e-06,298.09695,306.51172,289.37106,5.2973035e-05
2003-08-23,0.0,299.4594,306.47,291.59955,5.1407565e-05
2003-08-24,1.9590805e-05,297.6572,304.758,289.741,5.146744e-05
2003-08-25,1.5668066e-07,292.2027,297.47803,289.02542,3.5260327e-05
2003-08-26,9.924638e-07,292.91193,301.5227,284.2979,4.836206e-05
2003-08-27,0.0,296.42743,305.5774,284.63638,5.1533705e-05
2003-08-28,0.0,296.93484,303.84613,289.82437,5.1231167e-05
2003-08-29,2.2365787e-06,299.51184,306.15125,293.3378,5.9445036e-05
2003-08-30,8.09802e-05,293.14737,300.2546,287.09747,3.967504e-05
2003-08-31,0.00012108916,286.94955,292.63297,286.14874,1.3941818e-05
2003-09-01,0.00029279356,288.09634,294.46167,280.49023,3.8923103e-05
2003-09-02,3.3184688e-06,287.59152,292.63754,285.11124,2.753659e-05
2003-09-03,4.3659725e-06,284.26138,291.49445,280.79572,3.6619513e-05
2003-09-04,0.0,286.5254,295.15982,278.202,3.7541296e-05
2003-09-05,0.0,287.89545,296.15182,280.17398,3.5481316e-05
2003-09-06,0.0,289.0255,296.882,280.5188,3.3230488e-05
2003-09-07,0.0,289.83026,297.21817,281.97208,3.2236625e-05
2003-09-08,0.0,290.50824,295.3428,283.80264,2.9719384e-05
2003-09-09,6.843061e-06,288.65515,291.7109,287.4615,1.8346538e-05
2003-09-10,0.00030715152,288.27896,289.48935,287.8039,1.1563107e-05
2003-09-11,0.00012413553,286.89957,296.00238,283.60126,3.1774875e-05
2003-09-12,4.6541005e-05,287.7632,292.60544,283.01044,3.2049025e-05
2003-09-13,1.747053e-05,286.8779,288.41995,285.17288,1.2265968e-05
2003-09-14,2.7209879e-05,288.27194,292.4109,285.08817,4.0438455e-05
2003-09-15,0.0,286.12064,293.50638,280.76535,3.1518808e-05
2003-09-16,0.0,287.4002,295.12442,279.14908,3.0024323e-05
2003-09-17,0.0,288.91776,298.0248,280.63852,3.100039e-05
2003-09-18,0.0,290.20297,299.05832,282.62854,3.155117e-05
2003-09-19,0.0,290.08212,299.47305,282.41953,3.2103057e-05
2003-09-20,0.0,290.77045,300.11887,282.4428,2.9422115e-05
2003-09-21,0.0,290.75052,300.9183,282.42026,3.11471e-05
2003-09-22,0.0,292.41595,301.43198,282.79108,3.5566565e-05
2003-09-23,0.0,294.72058,300.79428,286.6795,4.7368205e-05
2003-09-24,0.000111476904,286.04865,294.02737,285.23352,2.2276332e-05
2003-09-25,1.4516331e-05,283.9675,290.25064,278.96335,2.8746557e-05
2003-09-26,0.0,283.5457,292.47015,275.9388,2.3924538e-05
2003-09-27,0.0,285.34775,294.92694,276.16708,2.3499086e-05
2003-09-28,0.0,288.68143,295.8192,277.92236,2.9742167e-05
2003-09-29,3.205191e-06,286.37918,290.33542,285.60367,1.0416667e-05
2003-09-30,0.00027842424,285.1176,291.91708,280.52832,2.1366934e-05
2003-10-01,0.0,287.6606,292.76346,279.27927,2.1845783e-05
2003-10-02,0.0,290.61273,298.08368,282.24606,2.6616543e-05
2003-10-03,0.0,290.6657,297.57404,284.13873,2.1216494e-05
2003-10-04,0.00013773337,288.94235,293.44614,286.84073,1.8069475e-05
2003-10-05,0.00040545024,287.20828,293.6038,285.1099,2.416606e-05
2003-10-06,5.137097e-05,282.86465,288.72272,280.9045,1.7204373e-05
2003-10-07,0.0,284.45526,287.93427,277.8807,1.2595797e-05
2003-10-08,5.244793e-05,281.93396,287.58478,279.28058,2.087144e-05
2003-10-09,1.4603827e-06,281.43634,288.61035,278.4216,2.6432379e-05
2003-10-10,0.0,285.8717,293.35803,278.15295,1.839032e-05
2003-10-11,0.0,285.57443,294.50763,278.3785,1.8453762e-05
2003-10-12,0.0,284.0393,288.44046,279.28232,1.4954018e-05
2003-10-13,0.0,282.50043,286.8056,280.55878,1.4937733e-05
2003-10-14,0.0,280.41132,285.34338,276.4905,1.4494716e-05
2003-10-15,0.0,278.34467,285.12894,274.76096,1.3679818e-05
2003-10-16,0.0,279.0729,283.54623,274.87405,1.7004908e-05
2003-10-17,0.0,276.5552,282.75766,273.6695,1.2646425e-05
2003-10-18,0.0,277.89755,282.2742,273.29633,9.521141e-06
2003-10-19,0.0,277.7801,281.76382,274.61798,9.259259e-06
2003-10-20,0.0,285.38684,289.77234,275.59506,1.322768e-05
2003-10-21,1.6772308e-05,283.51648,291.229,281.11703,1.5299991e-05
2003-10-22,9.767194e-05,279.31628,281.80267,278.98898,7.4901486e-06
2003-10-23,0.0,275.9137,280.01266,274.07788,5.8318537e-06
2003-10-24,0.00021121996,273.54706,275.00626,272.6049,4.638886e-06
2003-10-25,1.9984716e-05,273.16766,278.14038,269.5377,8.101852e-06
2003-10-26,0.0,274.49512,282.40723,268.82077,8.22553e-06
2003-10-27,5.987069e-07,275.99188,281.92496,272.5912,9.155021e-06
2003-10-28,1.1434712e-06,275.45056,282.34354,269.64505,9.2150685e-06
2003-10-29,0.0,277.3809,281.33136,272.27832,8.101852e-06
2003-10-30,6.020319e-05,279.16806,282.0519,277.0067,5.787037e-06
2003-10-31,8.267705e-05,282.57376,286.85947,273.67407,1.3547004e-05
2003-11-01,5.5367955e-06,288.5735,293.59845,284.1453,1.9814179e-05
2003-11-02,0.00014560204,281.74307,287.84024,279.4222,7.475166e-06
2003-11-03,4.130324e-05,280.30997,287.3371,274.07486,7.316725e-06
2003-11-04,0.0,281.3512,289.31268,275.0526,8.153759e-06
2003-11-05,0.0,278.8726,285.47952,274.4827,9.82695e-06
2003-11-06,0.0,277.30313,280.41046,272.21118,5.652963e-06
2003-11-07,2.7911916e-05,279.28708,280.66156,277.47226,6.356188e-06
2003-11-08,1.0343691e-05,280.75424,282.61475,279.1348,5.456481e-06
2003-11-09,0.0,280.32416,281.78546,279.67813,5.787037e-06
2003-11-10,0.0,277.92194,281.07343,276.39563,6.687929e-06
2003-11-11,0.0,277.6286,280.32013,275.65146,5.7713514e-06
2003-11-12,0.0,276.74533,280.0399,275.29993,4.6625237e-06
2003-11-13,0.0,274.75723,280.58636,271.8319,3.9717415e-06
2003-11-14,0.0,273.76263,277.60315,271.8026,4.6296295e-06
2003-11-15,0.0,275.9074,281.3696,270.54993,4.8716474e-06
2003-11-16,0.0,277.14014,281.00058,272.57022,6.1657074e-06
2003-11-17,0.0,280.66672,287.1819,275.57867,1.0416667e-05
2003-11-18,3.9917326e-05,278.75626,283.4588,272.57706,3.4740683e-06
2003-11-19,0.0,281.22882,290.11462,274.43518,6.207811e-06
2003-11-20,0.0,280.6795,287.62228,275.02585,4.2488027e-06
2003-11-21,0.0,278.34576,282.5938,273.12192,3.273996e-06
2003-11-22,0.0,282.71317,289.14676,273.3076,9.869447e-06
2003-11-23,0.0,286.70953,290.03265,282.45224,2.129379e-05
2003-11-24,0.0,286.73605,290.9837,282.78372,1.6455986e-05
2003-11-25,0.0,286.3057,291.07034,281.8638,1.056848e-05
2003-11-26,0.0,283.12177,285.78098,279.92636,5.787037e-06
2003-11-27,4.260683e-05,284.0431,288.21863,280.65097,7.905693e-06
2003-11-28,4.264979e-06,282.01672,284.68658,279.8155,5.787037e-06
2003-11-29,1.698496e-05,279.85098,281.37665,277.1278,5.2386645e-06
2003-11-30,1.8493583e-05,279.72916,282.71567,276.038,4.6296295e-06
2003-12-01,0.0,277.81253,280.7012,273.69986,3.992688e-06
2003-12-02,0.0,277.6746,280.22693,276.17297,3.4722223e-06
2003-12-03,0.0,276.192,277.94034,275.8296,3.4722223e-06
2003-12-04,1.3826647e-07,275.6411,277.11755,276.04724,3.4722223e-06
2003-12-05,0.0,276.24774,277.01828,276.79596,3.515335e-06
2003-12-06,0.0,277.49402,281.3437,275.94827,1.0419488e-05
2003-12-07,0.0,273.031,277.34482,270.82993,7.216407e-06
2003-12-08,0.0,270.6948,275.35474,267.02545,1.8835195e-06
2003-12-09,0.0,270.9857,275.88815,266.05548,2.334775e-06
2003-12-10,0.0,271.56726,275.0058,267.1102,1.5500693e-06
2003-12-11,0.0,273.58658,275.58395,268.28937,3.4722223e-06
2003-12-12,0.0,273.7129,279.02536,269.81372,3.4059694e-06
2003-12-13,0.0,274.5944,278.34818,266.8843,2.5083768e-06
2003-12-14,0.0,275.09042,277.36975,272.67297,3.4343554e-06
2003-12-15,2.8553926e-05,273.77094,278.15497,271.40018,5.9915924e-06
2003-12-16,1.1182432e-05,273.202,276.97348,268.40668,6.982135e-06
2003-12-17,0.0,272.20074,274.66174,268.40698,4.6296295e-06
2003-12-18,0.0,273.29233,280.13577,270.15723,6.9804133e-07
2003-12-19,0.0,272.21768,277.90475,267.41754,3.9699833e-07
2003-12-20,0.0,272.55176,279.83118,267.5666,1.3316081e-06
2003-12-21,0.0,279.82236,282.98953,269.74994,9.322438e-06
2003-12-22,0.0001398108,274.7941,279.257,273.84973,3.4722223e-06
2003-12-23,4.8345332e-06,272.0286,274.60602,270.8999,1.2709277e-05
2003-12-24,0.0,268.27252,273.2766,266.7897,9.243878e-06
2003-12-25,0.0,267.42188,273.25186,263.77585,9.748445e-07
2003-12-26,0.0,267.62595,272.58594,263.60126,1.748367e-06
2003-12-27,0.0,271.1109,275.16547,264.2612,1.7096132e-06
2003-12-28,0.0,278.56918,282.3786,269.93735,6.8405434e-06
2003-12-29,0.0,277.05255,280.26514,276.71957,5.2506043e-06
2003-12-30,2.5974996e-05,276.13208,277.56238,274.7525,3.4722223e-06
2003-12-31,7.034566e-05,275.97073,278.05865,274.45947,4.503716e-06
2004-01-01,0.00023578346,274.1077,276.2412,273.25366,3.3948215e-06
2004-01-02,5.6287314e-07,272.04337,273.6731,271.00995,7.649531e-06
2004-01-03,0.0,269.32996,272.80072,267.1554,5.669177e-06
2004-01-04,0.0,268.0802,269.84134,267.3778,3.4722223e-06
2004-01-05,0.0,268.83093,276.68457,264.4007,2.3029154e-06
2004-01-06,0.0,266.8822,271.44113,263.35507,1.2967325e-06
2004-01-07,1.7225738e-06,270.66797,273.5058,267.28357,2.667131e-06
2004-01-08,0.0,271.9525,276.66425,267.67932,3.5690716e-06
2004-01-09,0.0,271.78772,272.27335,270.86334,3.4722223e-06
2004-01-10,2.0444e-05,271.85507,272.99356,270.7521,2.3269702e-06
2004-01-11,0.0,273.2522,277.39685,266.87268,3.8258054e-06
2004-01-12,1.1054316e-07,276.5029,279.83215,271.4781,5.3159624e-06
2004-01-13,1.3721248e-06,279.86575,283.2192,273.25336,9.053762e-06
2004-01-14,0.0,278.41016,284.89792,274.24127,7.5131475e-06
2004-01-15,5.039721e-06,276.06332,277.18448,273.9246,5.835359e-06
2004-01-16,0.0,276.57858,279.74103,268.82224,1.0680159e-05
2004-01-17,0.0,278.2451,283.08807,274.4528,7.831307e-06
2004-01-18,0.00014808455,273.80643,275.26248,270.8356,3.4722223e-06
2004-01-19,2.3256958e-05,272.61267,276.5207,270.84464,3.4722223e-06
2004-01-20,0.0,274.03287,277.07492,269.59415,4.696945e-06
2004-01-21,0.0,271.86987,275.51355,268.56366,7.945771e-06
2004-01-22,0.0,268.25586,271.55426,267.27652,6.9442e-06
2004-01-23,2.8316351e-06,266.69763,271.6092,263.69336,5.787037e-06
2004-01-24,0.0,266.9169,273.3085,262.68512,4.0398295e-06
2004-01-25,0.0,269.10376,272.28372,262.0234,2.901188e-06
2004-01-26,8.903155e-07,272.53033,276.84952,266.61993,5.903346e-06
2004-01-27,1.6490621e-06,271.09143,273.3529,270.38977,2.3608013e-06
2004-01-28,0.000107300766,268.19592,272.52924,263.78683,3.2933388e-06
2004-01-29,0.0,266.55496,272.83914,258.45847,2.38202e-06
2004-01-30,0.0,268.4972,277.32196,257.24762,3.673799e-06
2004-01-31,0.0,273.28943,279.39615,263.63104,6.5736613e-06
2004-02-01,0.0,274.7639,282.33118,268.34787,4.8845964e-06
2004-02-02,0.0,275.90607,281.04022,269.37668,4.6729947e-06
2004-02-03,0.0,277.50253,284.02542,272.6763,6.085312e-06
2004-02-04,0.0,278.03433,285.02554,273.4517,7.5174744e-06
2004-02-05,0.0,282.1496,291.68192,274.5427,1.7370327e-05
2004-02-06,0.0,279.08188,285.59067,274.96155,9.783872e-06
2004-02-07,0.0,282.23938,287.46927,273.69516,2.1788714e-05
2004-02-08,2.283409e-06,277.44977,284.13754,271.50146,1.1229899e-05
2004-02-09,3.3827052e-07,275.7911,281.13516,272.59265,2.1624446e-05
2004-02-10,1.3622112e-09,273.79565,277.6564,270.63513,7.866592e-06
2004-02-11,0.0,275.35596,282.6647,269.83475,1.4041881e-05
2004-02-12,2.8275114e-08,269.53683,273.5491,268.0242,1.3737134e-05
2004-02-13,3.8998314e-07,270.97113,272.3964,265.68488,6.9444445e-06
2004-02-14,0.0,273.2977,278.65887,270.9473,5.8644464e-06
2004-02-15,0.0,274.65286,277.90158,269.87073,6.655033e-06
2004-02-16,0.0,275.30646,278.3433,273.17932,1.0311719e-05
2004-02-17,1.2852507e-06,273.79257,281.19235,268.1133,8.505344e-06
2004-02-18,0.0,275.45105,280.15063,268.8623,9.506726e-06
2004-02-19,1.2068577e-07,275.11624,277.56964,273.12308,1.4280901e-05
2004-02-20,0.0,274.1799,277.4242,272.88797,1.0517502e-05
2004-02-21,0.0,272.27823,274.4624,270.26877,9.318873e-06
2004-02-22,9.361152e-07,273.91425,274.9873,274.19778,5.787037e-06
2004-02-23,2.1082746e-05,274.00455,274.7235,274.4489,3.7732896e-06
2004-02-24,0.000117601085,271.8881,274.19644,270.98163,5.650277e-06
2004-02-25,2.610369e-05,272.32727,276.55106,266.42535,8.139347e-06
2004-02-26,2.3123707e-06,273.15317,274.6007,270.68015,4.6296295e-06
2004-02-27,0.00016929588,273.5551,275.84488,272.24335,4.7592825e-06
2004-02-28,6.8071377e-06,272.93698,275.64233,272.0588,7.010763e-06
2004-02-29,4.0877294e-05,272.04688,277.70618,269.6188,8.414852e-06
2004-03-01,0.0,270.1613,274.69022,261.16077,9.996666e-06
2004-03-02,0.0,271.0364,277.20474,261.4601,8.101852e-06
2004-03-03,0.0,275.0872,281.16284,267.7891,1.349379e-05
2004-03-04,0.0,273.84128,277.61823,273.51587,1.0497681e-05
2004-03-05,0.0,270.88177,274.13965,269.5094,9.162754e-06
2004-03-06,0.0,270.99017,274.8115,263.21472,9.745754e-06
2004-03-07,0.0,271.68414,273.87912,269.76483,4.632188e-06
2004-03-08,0.00012623871,272.6365,273.42038,271.36343,4.6211235e-06
2004-03-09,5.904514e-05,273.7118,276.30655,272.5119,1.0416667e-05
2004-03-10,0.0,272.733,278.45978,265.7861,1.0915735e-05
2004-03-11,0.0,273.5464,277.80048,266.3609,1.0262931e-05
2004-03-12,0.0,276.3205,279.01953,273.74738,8.4639e-06
2004-03-13,0.0,278.44943,283.06247,274.08768,1.2920272e-05
2004-03-14,0.0,279.39703,284.12524,276.8313,1.2513608e-05
2004-03-15,0.0,280.34903,288.6109,271.85236,2.0700989e-05
2004-03-16,0.0,282.18246,291.7813,273.9001,2.4166116e-05
2004-03-17,0.0,284.74942,294.7594,276.4621,2.809309e-05
2004-03-18,0.0,286.89908,296.72253,275.6298,3.159521e-05
2004-03-19,0.0,287.6686,296.33307,277.379,3.172347e-05
2004-03-20,0.0,286.3694,292.7986,278.63943,2.8900788e-05
2004-03-21,0.0,286.9192,292.28128,284.42575,3.5775618e-05
2004-03-22,0.00011488756,279.6688,286.2992,279.12842,1.0390371e-05
2004-03-23,8.466748e-05,277.84082,279.50452,277.10507,7.368197e-06
2004-03-24,0.00034246405,277.74216,279.04333,277.2937,6.9444445e-06
2004-03-25,0.00021497,277.51993,279.77417,276.59058,1.1468737e-05
2004-03-26,2.1028747e-05,275.5243,278.79678,274.63513,1.2598384e-05
2004-03-27,7.172162e-06,275.67358,278.41348,272.82364,1.0846278e-05
2004-03-28,1.9848068e-08,276.21246,280.65063,273.66187,1.7325037e-05
2004-03-29,0.0,278.5644,284.3082,274.06992,2.214748e-05
2004-03-30,0.0,277.43735,283.05524,272.60272,1.882284e-05
2004-03-31,0.0,279.97525,286.79486,270.69336,2.4597184e-05
2004-04-01,0.0,283.2563,287.66653,277.02823,2.0287203e-05
2004-04-02,0.0,284.95175,288.609,281.3628,2.5674948e-05
2004-04-03,0.0,285.4206,292.82877,276.12424,2.822388e-05
2004-04-04,0.0,286.99805,294.22092,278.01852,2.9552008e-05
2004-04-05,5.0020462e-05,281.56512,288.21262,280.0192,1.082311e-05
2004-04-06,0.00014372818,279.6068,281.7213,278.49985,1.0416667e-05
2004-04-07,0.00015605977,278.1802,281.7977,276.97208,1.323261e-05
2004-04-08,1.4498311e-05,279.9677,286.92694,271.58664,3.2375654e-05
2004-04-09,6.094436e-11,280.25665,284.89612,272.91748,1.6215097e-05
2004-04-10,2.914644e-05,280.5316,282.30765,279.2159,1.02665645e-05
2004-04-11,1.0397284e-05,281.81406,288.29822,274.82977,2.7373744e-05
2004-04-12,8.080039e-07,281.4561,284.20572,276.26163,2.0514297e-05
2004-04-13,2.9154358e-05,280.9955,283.76407,279.7945,1.790671e-05
2004-04-14,8.260848e-05,281.74216,284.06702,280.15747,1.7894376e-05
2004-04-15,1.6787161e-06,281.97098,285.67584,275.86716,1.7503671e-05
2004-04-16,0.0,285.1457,290.38397,277.56558,3.197253e-05
2004-04-17,1.6762368e-05,284.41534,287.70663,281.39194,1.6936821e-05
2004-04-18,5.236412e-06,285.19418,291.35626,281.1978,2.974442e-05
2004-04-19,2.9944149e-05,285.85626,291.64438,282.32315,3.1021176e-05
2004-04-20,6.967586e-05,282.5972,284.81662,281.84064,1.0588056e-05
2004-04-21,9.550638e-05,286.4678,293.18124,281.58466,4.0006034e-05
2004-04-22,0.0,288.23813,295.30106,278.62115,4.2065138e-05
2004-04-23,0.0,289.66046,296.17706,281.4355,4.3936903e-05
2004-04-24,6.335498e-07,284.64758,289.10278,282.92447,1.924274e-05
2004-04-25,2.7107384e-05,283.3646,287.2302,277.6913,3.672937e-05
2004-04-26,0.0,283.53342,289.60718,280.5494,2.5571877e-05
2004-04-27,0.0,284.40967,290.90042,276.47223,3.3383556e-05
2004-04-28,0.0,287.31363,293.90402,277.01883,4.391949e-05
2004-04-29,0.0,289.6305,297.01813,280.20636,5.6517052e-05
2004-04-30,0.0,288.245,294.24704,279.73886,3.2167274e-05
2004-05-01,0.0,288.6804,294.4769,282.4729,3.4612694e-05
2004-05-02,6.984064e-07,288.37094,295.61624,281.17703,4.5676858e-05
2004-05-03,1.2990437e-05,288.35684,294.9438,280.10477,4.6034333e-05
2004-05-04,0.0,286.2573,291.6524,281.18875,1.9743227e-05
2004-05-05,6.9091955e-05,286.9644,293.1311,282.52765,3.4948094e-05
2004-05-06,7.845471e-05,285.65512,290.38367,283.91238,2.944586e-05
2004-05-07,7.361369e-05,282.6611,288.61832,276.83682,2.3169494e-05
2004-05-08,1.5377287e-05,281.8054,286.80426,277.90347,2.1184824e-05
2004-05-09,4.190934e-05,284.41013,290.534,274.45178,3.659972e-05
2004-05-10,3.1536863e-06,285.16992,290.73602,282.26166,3.701704e-05
2004-05-11,3.9190536e-06,286.30106,293.41965,277.68582,4.0512652e-05
2004-05-12,0.0,288.37503,295.2788,278.60028,4.8084483e-05
2004-05-13,7.509291e-05,286.21402,288.58588,284.4723,2.2322745e-05
2004-05-14,5.001677e-05,284.2376,289.7089,281.5232,4.668819e-05
2004-05-15,0.0,286.94583,292.70792,276.33,4.3387994e-05
2004-05-16,8.7306296e-05,284.24634,289.69186,283.2202,4.2932952e-05
2004-05-17,2.9974615e-06,283.7932,286.5252,278.9445,1.6929347e-05
2004-05-18,1.5534187e-06,287.89832,294.86996,278.19376,4.645478e-05
2004-05-19,0.0,289.3906,297.31714,281.1331,4.1864518e-05
2004-05-20,1.9438544e-06,292.97357,299.4744,282.70648,5.8770318e-05
2004-05-21,0.0,291.6964,300.20074,283.6957,6.049122e-05
2004-05-22,0.0,284.23935,288.62195,282.75763,1.7253587e-05
2004-05-23,5.7140307e-05,282.35837,288.14536,280.72183,3.304989e-05
2004-05-24,4.448614e-05,283.7847,289.5188,274.22232,4.3420754e-05
2004-05-25,0.0,285.97086,292.48468,276.9328,4.7096826e-05
2004-05-26,0.0,289.63354,296.12018,277.80017,5.1954325e-05
2004-05-27,0.0,288.01047,293.93723,282.33224,4.4240634e-05
2004-05-28,4.3025524e-05,283.99106,286.94775,283.0289,1.6412976e-05
2004-05-29,4.718423e-06,286.72104,289.50916,283.03128,2.3223194e-05
2004-05-30,2.9436083e-07,289.04123,295.282,282.75058,5.0267063e-05
2004-05-31,0.0,290.4668,297.51544,280.8824,5.354376e-05
2004-06-01,1.669668e-05,289.5756,294.26144,284.12662,3.2276104e-05
2004-06-02,3.5468856e-05,287.1313,290.39874,286.30783,2.3064425e-05
2004-06-03,3.2351185e-05,288.03247,292.90958,282.21915,3.6066253e-05
2004-06-04,1.5092084e-05,288.4708,290.3556,285.602,2.3035685e-05
2004-06-05,1.3097612e-05,287.19287,288.82388,286.19885,1.5853622e-05
2004-06-06,4.5577643e-05,288.80795,293.53308,284.8624,3.281341e-05
2004-06-07,0.0,291.30112,297.94293,282.41058,5.16388e-05
2004-06-08,0.0,294.01273,300.21387,284.74246,5.860742e-05
2004-06-09,0.0,296.42386,303.68805,286.20053,6.46587e-05
2004-06-10,7.352871e-08,294.97305,303.36,288.924,5.963725e-05
2004-06-11,2.689949e-05,295.1041,301.3766,290.63098,5.0756134e-05
2004-06-12,0.00018777036,290.9174,296.88235,287.97363,3.901813e-05
2004-06-13,0.0002474037,287.66275,290.1822,284.83817,2.05417e-05
2004-06-14,2.3747209e-05,290.8795,295.76822,287.21628,4.7580306e-05
2004-06-15,0.0,293.0116,298.5123,283.4823,6.008123e-05
2004-06-16,9.5245105e-07,288.95013,294.4041,285.65836,3.1512867e-05
2004-06-17,7.231857e-07,290.7073,295.87543,281.22296,5.4062763e-05
2004-06-18,0.0,291.04517,298.31543,283.20312,5.0641433e-05
2004-06-19,0.00015100153,292.5233,297.17432,286.96634,4.097433e-05
2004-06-20,3.972786e-05,288.72864,292.76877,287.38452,2.351712e-05
2004-06-21,0.00016603846,290.35724,294.1484,285.89914,3.9887673e-05
2004-06-22,0.0,292.6262,298.46512,285.59692,5.6656612e-05
2004-06-23,6.8767877e-06,293.5357,299.59482,285.2754,5.559028e-05
2004-06-24,0.0,294.31088,299.43402,288.74033,5.4218577e-05
2004-06-25,0.00017788465,286.94397,293.7229,285.60043,1.9759978e-05
2004-06-26,0.00028724773,290.80185,297.20874,281.96036,5.5358953e-05
2004-06-27,0.0,294.02225,299.63232,284.7264,5.0915158e-05
2004-06-28,2.4622059e-06,294.75397,302.32974,291.65155,4.681255e-05
2004-06-29,0.00010483,289.58224,294.06906,286.8358,3.4110297e-05
2004-06-30,4.7429505e-05,292.9395,298.47437,285.24994,5.7819037e-05
2004-07-01,0.0,294.42313,301.3941,286.8195,6.517717e-05
2004-07-02,9.230979e-05,288.23053,292.6373,287.70877,1.2924117e-05
2004-07-03,0.0001127553,291.26355,297.06943,283.42188,5.5806457e-05
2004-07-04,0.0,292.73672,298.13623,285.71466,5.1035902e-05
2004-07-05,0.0,295.46945,302.79846,285.582,6.767745e-05
2004-07-06,2.134954e-06,292.53946,300.42712,288.33875,5.1466075e-05
2004-07-07,0.000115507864,292.29385,296.37015,286.8714,4.2761607e-05
2004-07-08,0.0,296.14423,301.81824,287.59277,4.427172e-05
2004-07-09,2.534071e-07,294.69562,302.20065,290.04764,5.3899035e-05
2004-07-10,0.0,289.32172,296.80225,284.74493,4.904684e-05
2004-07-11,1.2272379e-06,286.1737,290.4836,284.45502,2.6613368e-05
2004-07-12,9.706452e-06,288.82828,294.55502,279.25793,4.4673045e-05
2004-07-13,0.0,289.85617,295.68518,282.0504,4.8678274e-05
2004-07-14,0.0,288.70862,293.66272,285.8612,3.2894015e-05
2004-07-15,2.4114615e-06,291.15225,296.9431,284.36337,3.0191844e-05
2004-07-16,3.379969e-06,294.54935,300.39377,287.81467,5.4228913e-05
2004-07-17,2.3321467e-09,296.16592,302.31506,286.97772,5.4349304e-05
2004-07-18,3.6666004e-06,298.0135,304.17007,288.12506,6.0369675e-05
2004-07-19,0.0,295.174,302.72305,287.65173,5.2174593e-05
2004-07-20,1.1130801e-05,297.51416,304.0983,288.73422,6.0181104e-05
2004-07-21,0.0,297.57703,304.14957,290.05945,5.946641e-05
2004-07-22,0.0,297.18484,304.9395,290.83078,5.973649e-05
2004-07-23,2.207487e-05,295.95105,302.66876,291.09576,4.7768208e-05
2004-07-24,1.5111955e-05,294.866,301.41547,289.63406,4.506767e-05
2004-07-25,4.7050794e-06,294.95935,300.12335,292.59097,5.4719912e-05
2004-07-26,3.3136093e-06,293.2139,298.4187,289.56445,4.158181e-05
2004-07-27,1.1714149e-05,291.13547,295.5589,288.6801,3.81382e-05
2004-07-28,4.686616e-06,289.59863,294.71765,283.5493,3.555481e-05
2004-07-29,6.9920434e-06,289.46347,291.44736,288.26974,2.0961143e-05
2004-07-30,0.0,292.47302,298.6465,284.97504,4.0368803e-05
2004-07-31,0.0,294.7184,302.57657,287.6073,5.809166e-05
2004-08-01,0.0,293.63846,301.75006,286.14645,4.0551375e-05
2004-08-02,0.000119937904,294.2838,300.93994,288.2878,5.0236722e-05
2004-08-03,4.7586497e-08,294.42053,301.68918,287.2647,4.6644847e-05
2004-08-04,8.296429e-05,294.54245,301.18597,287.98654,5.0536542e-05
2004-08-05,1.994321e-07,294.78186,302.38025,287.40515,4.824209e-05
2004-08-06,0.0,295.5001,301.83487,287.83362,4.393157e-05
2004-08-07,3.4997272e-05,292.6151,295.6129,290.3579,2.1930342e-05
2004-08-08,9.7979835e-05,293.5206,298.7778,287.68735,3.873297e-05
2004-08-09,3.8900656e-09,292.0691,300.60092,287.55087,4.60257e-05
2004-08-10,0.0001345428,293.18726,300.36862,284.90793,5.0041846e-05
2004-08-11,0.0,294.29132,300.90448,286.21225,4.5004766e-05
2004-08-12,0.0,297.70953,303.18787,289.216,5.0021037e-05
2004-08-13,0.0,293.382,298.44876,291.7078,3.08728e-05
2004-08-14,6.634664e-05,292.53195,298.09277,287.7407,4.4131506e-05
2004-08-15,9.376744e-06,292.15454,298.3144,287.50003,4.015148e-05
2004-08-16,1.5014746e-06,292.8311,299.36038,284.20224,5.2276002e-05
2004-08-17,0.0,294.8925,301.51172,285.41867,5.4285953e-05
2004-08-18,0.0,298.54218,303.83606,293.08716,7.738711e-05
2004-08-19,0.0,299.24734,306.74863,293.7906,6.695151e-05
2004-08-20,0.0,295.3133,305.04324,289.59027,5.050697e-05
2004-08-21,0.000111075264,290.56308,298.19415,287.16083,3.5031557e-05
2004-08-22,0.00016759608,289.78104,296.2524,286.11465,4.324768e-05
2004-08-23,0.0,291.35455,298.80615,282.0817,4.2801308e-05
2004-08-24,0.0,294.1359,299.80255,283.7297,4.088619e-05
2004-08-25,2.2896042e-10,292.2267,297.4234,288.25742,3.138844e-05
2004-08-26,3.999204e-05,287.54935,291.07123,287.62607,1.2988549e-05
2004-08-27,0.00024377566,288.97687,296.24606,282.7526,4.744749e-05
2004-08-28,0.0,291.26428,299.0585,281.749,4.2753974e-05
2004-08-29,0.0,292.7376,299.47983,284.27182,4.3360982e-05
2004-08-30,8.5761025e-07,293.0344,299.95526,285.08228,3.9431463e-05
2004-08-31,0.0,287.98248,292.03842,287.02676,1.5298841e-05
2004-09-01,3.7670816e-05,287.3479,292.96255,284.2689,2.0525693e-05
2004-09-02,2.3573098e-06,288.94107,292.82108,280.05978,2.2307227e-05
2004-09-03,0.0,289.87384,296.41846,283.638,3.045276e-05
2004-09-04,0.0,292.13937,299.1668,284.52756,3.3523585e-05
2004-09-05,5.1068685e-07,290.01007,296.4794,285.24222,3.4080116e-05
2004-09-06,0.0,290.38083,298.53854,284.3935,3.7631686e-05
2004-09-07,0.0,290.15674,298.28268,282.8374,3.262437e-05
2004-09-08,0.0,292.00848,299.1163,282.68054,4.2716823e-05
2004-09-09,0.0,286.18143,292.9844,281.058,4.018051e-05
2004-09-10,0.0,284.59354,292.39767,277.05502,3.055095e-05
2004-09-11,0.0,286.13498,294.7807,276.65,3.1885756e-05
2004-09-12,0.0,289.3811,299.12018,279.51785,3.7555194e-05
2004-09-13,9.8687204e-05,290.14566,296.77457,283.9413,3.0160152e-05
2004-09-14,0.0,292.59085,299.93707,282.17776,3.859959e-05
2004-09-15,0.0,289.58905,295.82986,287.96933,1.9902258e-05
2004-09-16,4.2820015e-05,288.45163,290.8193,285.76907,2.170436e-05
2004-09-17,0.0,285.98682,292.80157,282.75366,2.9574438e-05
2004-09-18,0.0,284.32428,293.1865,277.09555,2.7463258e-05
2004-09-19,0.0,285.98914,293.89407,277.73505,2.319687e-05
2004-09-20,0.0,288.38324,296.3392,280.37366,2.7909573e-05
2004-09-21,0.0,289.63214,296.32257,281.32623,2.4152698e-05
2004-09-22,4.618629e-05,285.624,290.90506,283.57922,2.1094631e-05
2004-09-23,1.0097832e-05,288.79654,295.32233,282.45984,2.4232624e-05
2004-09-24,0.000119806726,283.46652,289.22134,282.69412,8.137846e-06
2004-09-25,0.00023132956,284.66574,288.63443,282.0545,1.8315232e-05
2004-09-26,2.4277713e-06,284.99625,289.9807,282.8389,2.088473e-05
2004-09-27,0.0,284.9602,291.0183,279.4897,1.7937808e-05
2004-09-28,0.0,286.3664,292.3976,283.9314,1.8141256e-05
2004-09-29,0.0,287.71112,294.02582,282.44705,2.467865e-05
2004-09-30,0.0,287.39062,293.06436,285.37592,2.199074e-05
2004-10-01,5.5642668e-06,286.5586,290.6173,285.66345,1.4966365e-05
2004-10-02,2.8959861e-05,287.6311,292.39386,284.4145,1.6182972e-05
2004-10-03,0.0,287.83878,293.5802,284.42917,2.0084572e-05
2004-10-04,0.0,286.19778,293.93042,280.15338,2.0930645e-05
2004-10-05,0.0,287.43915,295.28357,281.76535,1.6720442e-05
2004-10-06,0.0,288.35144,295.02737,281.19586,1.9493258e-05
2004-10-07,0.0,288.04614,293.6164,282.24243,1.5580901e-05
2004-10-08,0.0,288.29202,295.4048,282.79163,1.7673756e-05
2004-10-09,0.0,285.5417,289.6763,282.685,1.0416667e-05
2004-10-10,7.635593e-05,281.76538,283.7051,282.2994,8.0980235e-06
2004-10-11,0.0002578921,281.21024,283.81836,279.7985,1.03874345e-05
2004-10-12,0.0,279.4191,282.66403,276.80487,1.1412143e-05
2004-10-13,1.4882533e-05,277.9573,279.90723,277.56647,5.811586e-06
2004-10-14,1.6249202e-05,279.27524,279.7274,276.94696,5.633301e-06
2004-10-15,2.087151e-05,281.27142,283.39728,279.6589,7.395048e-06
2004-10-16,4.8465856e-05,282.2617,286.53003,279.99704,8.101852e-06
2004-10-17,0.00028265844,280.0251,285.05267,278.112,1.0410992e-05
2004-10-18,7.816904e-05,281.747,290.37234,273.736,1.644664e-05
2004-10-19,0.0,283.4517,288.35678,276.60583,1.0446243e-05
2004-10-20,0.0,284.65906,289.05362,278.09464,1.1714903e-05
2004-10-21,0.0,286.5994,291.7049,281.7335,1.0416911e-05
2004-10-22,5.1995667e-05,286.7731,288.3275,285.7348,6.9444445e-06
2004-10-23,0.00019544906,286.6599,290.58597,284.6912,1.0366187e-05
2004-10-24,0.0,285.73563,293.9365,280.89755,1.0795284e-05
2004-10-25,0.0,284.942,292.9638,277.7768,1.1433725e-05
2004-10-26,0.0,288.43674,295.65182,279.4509,1.881496e-05
2004-10-27,0.0,287.03598,294.72327,279.79782,1.3902729e-05
2004-10-28,0.0,289.3594,293.95676,283.34973,1.5321457e-05
2004-10-29,0.0,289.91745,293.63776,284.87177,1.745227e-05
2004-10-30,9.84958e-09,288.96912,293.5288,286.9813,1.2410258e-05
2004-10-31,5.1272596e-05,285.50195,288.42194,284.6634,9.259259e-06
2004-11-01,1.2221688e-05,285.49072,287.9868,282.0731,5.9027525e-06
2004-11-02,3.225935e-10,286.40677,289.2648,284.15976,6.9444445e-06
2004-11-03,1.4179931e-09,286.38257,287.2045,285.65335,5.7872817e-06
2004-11-04,2.4876772e-06,284.53522,286.7895,282.1843,5.8088026e-06
2004-11-05,0.0,283.79346,285.40225,281.33566,5.787037e-06
2004-11-06,0.0,281.70453,284.5856,280.79318,8.169375e-06
2004-11-07,1.1076055e-06,278.20816,282.91812,275.4255,5.9025892e-06
2004-11-08,5.798595e-06,277.69122,280.5291,272.20334,1.40645325e-05
2004-11-09,6.762007e-05,275.42368,278.2221,274.77505,4.4221792e-06
2004-11-10,0.0001072399,276.42804,278.43152,272.73608,4.282407e-06
2004-11-11,7.0267e-05,280.7513,282.51807,276.39795,5.144639e-06
2004-11-12,8.212462e-07,281.6828,284.01938,279.65598,4.6840364e-06
2004-11-13,7.2291646e-06,279.46506,281.63626,277.19757,8.61814e-06
2004-11-14,0.0001670866,277.48312,279.30173,276.3144,2.4822355e-05
2004-11-15,3.563714e-06,276.17416,277.96387,275.27686,1.3886098e-05
2004-11-16,2.2330896e-06,276.65274,280.99628,269.98877,4.38883e-06
2004-11-17,0.0,278.88474,286.32507,272.59198,7.0700603e-06
2004-11-18,0.0,279.96014,287.0427,274.4912,9.2072105e-06
2004-11-19,0.0,277.24118,287.6866,273.8399,1.5046296e-05
2004-11-20,1.2081497e-05,273.8278,279.71597,269.71622,9.840652e-06
2004-11-21,0.0,273.35767,279.68048,269.25177,6.3242996e-06
2004-11-22,0.0,274.88635,277.703,267.3228,4.285553e-06
2004-11-23,0.0,278.82675,286.343,273.88364,7.2431494e-06
2004-11-24,9.682085e-09,274.27515,280.9307,269.59283,1.2817999e-05
2004-11-25,0.0,271.1593,278.12567,266.56287,3.1040113e-06
2004-11-26,0.0,272.826,282.16025,266.2648,1.9991217e-06
2004-11-27,0.0,272.45386,277.4545,268.28165,3.894676e-06
2004-11-28,0.0,275.1214,281.17902,268.81357,3.45701e-06
2004-11-29,0.0,278.89606,284.22406,273.54102,8.101852e-06
2004-11-30,2.1070093e-07,276.59222,276.9307,275.9564,4.4221792e-06
2004-12-01,3.0512478e-05,277.67752,278.50116,275.55917,3.4722223e-06
2004-12-02,1.827776e-06,282.2815,286.93222,275.78342,6.432721e-06
2004-12-03,0.0,276.70142,284.8897,273.0167,4.6296295e-06
2004-12-04,0.0,276.38452,279.34094,270.78604,2.2755107e-06
2004-12-05,0.0,276.09872,279.06277,271.76004,3.2009439e-06
2004-12-06,1.35357295e-05,275.87128,279.0312,274.57556,3.0767424e-06
2004-12-07,0.0,275.24152,276.47733,272.6833,2.776205e-06
2004-12-08,0.0,274.9003,275.99393,274.17072,4.6296295e-06
2004-12-09,0.0,273.87564,276.13614,273.26147,5.5353576e-06
2004-12-10,0.0,272.60498,274.77142,271.8082,4.6469404e-06
2004-12-11,0.0,271.56177,274.97906,270.15482,2.3148148e-06
2004-12-12,0.0,270.63556,271.06613,269.23898,3.4722223e-06
2004-12-13,0.0,270.69998,270.90768,270.90335,3.4722223e-06
2004-12-14,0.0,270.146,270.62122,270.43466,3.4722223e-06
2004-12-15,0.0,269.85175,270.27173,269.17947,3.4722223e-06
2004-12-16,0.0,269.32477,270.38092,269.3783,3.4722223e-06
2004-12-17,8.0852067e-07,272.2791,272.8997,270.6136,3.4722223e-06
2004-12-18,3.6975147e-05,274.0381,277.06885,271.9658,3.4258705e-06
2004-12-19,1.3904894e-06,272.78177,278.77884,265.34827,5.7872817e-06
2004-12-20,4.9846307e-07,271.48016,276.63678,267.96237,8.6291475e-06
2004-12-21,0.0,269.2772,275.4488,265.95764,2.3148148e-06
2004-12-22,0.0,268.09174,274.3384,264.34024,9.711432e-07
2004-12-23,0.0,272.87003,276.0751,264.59805,5.787037e-06
2004-12-24,0.0,275.34558,281.33066,268.95987,2.2884851e-06
2004-12-25,0.0,278.0848,285.12924,271.3461,9.528168e-06
2004-12-26,0.0,277.21628,280.93304,275.74713,5.787037e-06
2004-12-27,0.00012365905,276.8918,278.25092,273.9622,4.5964434e-06
2004-12-28,9.243431e-05,274.77515,277.21762,274.192,4.4433655e-06
2004-12-29,2.7048456e-05,275.6739,279.40714,273.4049,6.9019297e-06
2004-12-30,0.0,273.62277,278.52194,270.63428,4.1471308e-06
2004-12-31,0.0,273.3686,279.44077,269.25662,2.384444e-06
2005-01-01,0.0,274.50003,278.6481,270.2569,4.0659347e-06
2005-01-02,0.0,275.77615,282.67044,269.43655,6.753549e-06
2005-01-03,1.8734205e-05,275.43005,280.87506,270.29358,5.088976e-06
2005-01-04,0.0,275.5596,281.19864,271.78735,5.240299e-06
2005-01-05,0.0,276.50363,285.38345,271.26175,3.347373e-06
2005-01-06,0.0,277.08823,285.18237,271.49896,6.7754813e-06
2005-01-07,0.0,277.41208,283.6868,270.00162,4.0136147e-06
2005-01-08,0.0,277.2917,286.14902,271.28616,3.7446785e-06
2005-01-09,0.0,274.55515,280.91507,270.9368,2.9840166e-06
2005-01-10,0.0,274.4088,283.71332,269.2194,2.9521152e-06
2005-01-11,0.0,274.15594,281.73514,270.25687,4.6296295e-06
2005-01-12,0.0,274.34036,281.93848,269.23694,3.4722223e-06
2005-01-13,0.0,273.45108,276.5937,268.63437,2.4460717e-06
2005-01-14,8.750005e-07,274.33392,278.89706,269.97104,3.8721164e-06
2005-01-15,0.0,273.9308,279.24457,268.82056,9.221921e-06
2005-01-16,0.0,271.80157,277.46686,267.35458,2.4874234e-06
2005-01-17,0.0,270.60086,277.04883,265.23462,2.570159e-06
2005-01-18,0.0,269.33713,272.60132,266.3227,2.5135803e-06
2005-01-19,9.628437e-06,271.4954,274.3777,269.03693,2.9339578e-06
2005-01-20,0.0,272.81973,277.16428,264.87445,6.4510646e-06
2005-01-21,1.9543738e-06,276.98416,281.53293,273.20444,1.4361999e-05
2005-01-22,3.819715e-05,274.41653,280.7759,268.90555,1.4298392e-05
2005-01-23,0.0,273.1361,279.85876,268.40335,5.630872e-06
2005-01-24,1.12574604e-07,271.11472,273.6404,265.0275,3.8452804e-06
2005-01-25,2.457286e-05,271.41504,273.22668,270.6061,7.902594e-06
2005-01-26,1.9624663e-08,269.78754,271.2019,269.17932,1.0672108e-05
2005-01-27,2.932738e-07,268.75552,271.75354,267.01645,6.897123e-06
2005-01-28,0.0,266.61118,269.87634,261.9473,3.4559016e-06
2005-01-29,2.677363e-06,267.43863,271.06198,265.5344,4.763021e-06
2005-01-30,4.1788468e-07,265.46454,273.68927,259.2072,6.219722e-06
2005-01-31,0.0,271.72168,275.40195,260.80768,7.5020494e-06
2005-02-01,0.0,273.72415,279.26984,269.32874,7.949932e-06
2005-02-02,3.5219905e-06,272.65985,277.5188,266.08774,5.3643953e-06
2005-02-03,0.0001068185,272.795,274.37305,272.22614,3.3637793e-06
2005-02-04,6.422412e-05,269.91934,275.3236,263.07785,5.53754e-06
2005-02-05,0.0,263.567,271.94022,257.54684,2.920332e-06
2005-02-06,0.0,260.71414,270.77066,253.72913,2.8146792e-06
2005-02-07,0.0,260.92435,265.19473,253.2418,1.3598426e-06
2005-02-08,0.0,259.0495,267.88013,252.10013,2.6627833e-06
2005-02-09,0.0,258.2906,269.42776,250.52435,2.777084e-06
2005-02-10,0.0,265.0425,273.06903,250.40369,3.8697954e-06
2005-02-11,0.0,273.36093,277.2625,267.14255,4.076448e-06
2005-02-12,0.0,276.9742,279.67603,272.53702,7.766963e-06
2005-02-13,5.7806133e-06,276.27716,283.2261,272.5001,9.615606e-06
2005-02-14,2.4932738e-06,274.7799,280.64774,271.1299,9.0374115e-06
2005-02-15,0.0,273.47592,275.5515,271.59125,1.3762945e-05
2005-02-16,0.0,274.65112,277.39655,272.77777,1.1983004e-05
2005-02-17,4.457008e-06,275.16357,278.34854,273.26944,1.5091076e-05
2005-02-18,3.1620166e-06,272.92685,278.0867,271.1203,1.127578e-05
2005-02-19,0.0,272.63956,274.3212,269.96432,5.7751795e-06
2005-02-20,0.0,273.1965,276.96274,268.45255,7.868325e-06
2005-02-21,1.1380943e-05,271.39386,273.65378,270.5443,4.5462816e-06
2005-02-22,0.00016721326,272.69174,275.66763,268.04767,5.787037e-06
2005-02-23,9.644592e-07,273.5098,276.31583,269.9005,5.787037e-06
2005-02-24,0.000121876634,273.93045,278.76428,271.98294,9.152225e-06
2005-02-25,0.0,272.13968,273.71826,264.83133,3.4722223e-06
2005-02-26,6.529365e-05,272.18604,275.18817,269.73138,5.7639086e-06
2005-02-27,1.3523775e-06,269.84995,273.47638,268.1859,1.4211318e-05
2005-02-28,0.0,263.3325,270.34033,260.5099,7.7488785e-06
2005-03-01,0.0,262.74234,271.469,253.8556,6.8662207e-06
2005-03-02,0.0,262.2934,270.7087,254.09033,5.8610235e-06
2005-03-03,0.0,266.7269,272.75604,254.94151,6.9458147e-06
2005-03-04,6.579283e-05,270.40384,272.49475,268.2495,4.6296295e-06
2005-03-05,5.976456e-06,268.95782,273.6734,265.64407,6.9444445e-06
2005-03-06,3.59796e-06,267.87033,275.2403,259.0629,1.0996108e-05
2005-03-07,0.0,269.5289,276.84146,257.61374,9.972022e-06
2005-03-08,0.0,273.56216,278.71567,268.24454,9.594864e-06
2005-03-09,0.0,272.44995,279.27933,268.40518,8.192041e-06
2005-03-10,4.538361e-05,268.1858,272.85123,264.9691,1.253615e-05
2005-03-11,0.0,271.57913,277.0876,256.82767,1.0573605e-05
2005-03-12,0.0,276.281,282.35,265.73907,1.5730913e-05
2005-03-13,9.206003e-06,275.30536,282.73703,269.65256,1.481467e-05
2005-03-14,0.0,276.2704,285.045,268.6923,1.5273361e-05
2005-03-15,0.0,278.11115,285.53473,271.9942,1.603553e-05
2005-03-16,0.0,281.64148,292.76578,271.73172,2.30898e-05
2005-03-17,0.0,284.80838,294.81616,273.47552,2.9011257e-05
2005-03-18,0.0,286.25195,295.53726,279.75217,2.7558324e-05
2005-03-19,0.0,279.6588,289.6338,276.5835,1.5017966e-05
2005-03-20,1.876259e-05,274.7733,280.1372,272.35382,1.6326601e-05
2005-03-21,0.0,275.82404,282.53842,270.5696,1.5123162e-05
2005-03-22,0.0,279.29684,285.8533,272.64343,2.164587e-05
2005-03-23,0.0,280.2135,286.45667,273.34714,1.8514691e-05
2005-03-24,0.0,283.97836,291.5516,275.08243,2.5222384e-05
2005-03-25,0.0,282.8902,288.58487,276.31256,1.6196922e-05
2005-03-26,5.498168e-05,285.58563,292.17624,276.81635,2.4775449e-05
2005-03-27,0.0,285.99445,292.2576,278.6478,2.7541031e-05
2005-03-28,0.00014482214,286.23056,290.7822,284.42572,2.8366921e-05
2005-03-29,2.2694016e-06,285.25192,290.2219,280.49533,2.3002298e-05
2005-03-30,1.7412958e-05,282.78497,285.26376,281.58008,1.3017227e-05
2005-03-31,1.3057287e-05,281.67966,286.21472,278.60394,2.8462015e-05
2005-04-01,0.0,279.0126,284.7306,274.3061,2.9991936e-05
2005-04-02,0.0,278.71677,286.48206,270.80142,2.7582919e-05
2005-04-03,0.0,280.32455,288.7131,271.361,3.0024816e-05
2005-04-04,0.0,282.46777,290.48062,272.16556,3.1358493e-05
2005-04-05,0.0,283.7333,292.51196,271.73456,3.5273046e-05
2005-04-06,0.0,284.57437,292.68063,274.77728,3.5128964e-05
2005-04-07,0.0,286.06842,291.7547,274.32883,4.2007814e-05
2005-04-08,0.0,287.60873,292.20856,284.3025,4.7563783e-05
2005-04-09,2.5435904e-07,282.30527,287.62238,280.93695,1.2669043e-05
2005-04-10,0.0003397039,280.3882,281.8484,279.67783,1.8493407e-05
2005-04-11,5.029248e-05,280.11694,281.8555,278.02667,1.3052784e-05
2005-04-12,9.384777e-05,281.6227,282.9663,280.10245,9.113859e-06
2005-04-13,4.475703e-05,283.32373,286.45605,280.062,1.6297125e-05
2005-04-14,4.0793593e-06,285.80972,292.55905,279.84988,3.1546875e-05
2005-04-15,5.5235905e-06,287.94284,295.07556,277.62747,4.2030762e-05
2005-04-16,0.0,288.66528,293.97095,281.37323,4.5893685e-05
2005-04-17,0.0,284.5359,290.52258,282.83127,3.0293133e-05
2005-04-18,1.5521891e-06,284.5578,288.2817,277.61502,2.6985037e-05
2005-04-19,6.243085e-05,283.24734,285.32626,282.73914,9.77003e-06
2005-04-20,5.8604463e-05,282.06918,285.37787,279.86206,1.616174e-05
2005-04-21,9.174061e-05,278.65106,282.72964,276.93427,4.1867872e-05
2005-04-22,0.0,279.857,286.67743,270.4324,3.5163524e-05
2005-04-23,0.0,284.5676,291.85126,272.3324,4.1711213e-05
2005-04-24,0.0,286.5763,292.667,278.5809,4.7577672e-05
2005-04-25,1.718664e-07,287.0319,292.17206,284.16037,3.1202493e-05
2005-04-26,2.309806e-05,285.981,291.23627,282.7803,3.5060468e-05
2005-04-27,2.3458883e-06,289.51843,296.52393,279.11234,4.996371e-05
2005-04-28,2.9007897e-05,286.5746,292.9151,281.95453,3.595611e-05
2005-04-29,0.0,286.87915,293.51385,276.60156,4.006883e-05
2005-04-30,0.0,287.32672,293.80637,282.80756,3.691593e-05
2005-05-01,0.0,290.41425,297.96387,280.18082,4.426066e-05
2005-05-02,0.0,293.62433,301.44104,283.22415,4.9945207e-05
2005-05-03,0.0,294.59924,301.6871,283.76736,5.7775364e-05
2005-05-04,0.00014796072,288.90735,294.52707,287.19803,3.186627e-05
2005-05-05,9.1584225e-05,284.76465,289.25613,284.784,1.852514e-05
2005-05-06,9.5227195e-05,285.60806,290.9373,282.85297,4.063512e-05
2005-05-07,0.0,284.69736,290.71286,277.37006,4.164483e-05
2005-05-08,9.4788615e-05,282.27304,287.31894,280.56384,3.0151772e-05
2005-05-09,3.2101445e-05,280.82312,286.6574,276.89038,2.2283719e-05
2005-05-10,0.0,281.80383,286.49854,274.26862,2.199074e-05
2005-05-11,3.49908e-06,284.50787,289.6141,281.13248,3.689807e-05
2005-05-12,5.2266178e-06,283.59848,290.65903,274.6199,4.2480096e-05
2005-05-13,0.0,286.31512,292.85156,275.4212,4.5899487e-05
2005-05-14,0.0,290.02652,295.6939,278.18976,4.8226273e-05
2005-05-15,4.9743926e-06,288.91077,292.79288,286.37567,2.930872e-05
2005-05-16,5.7470365e-06,289.79648,294.90323,283.22675,3.7834652e-05
2005-05-17,0.0,289.78375,296.11432,284.8715,3.7971393e-05
2005-05-18,0.00013636198,285.06384,289.73328,283.8574,1.4134633e-05
2005-05-19,0.000117054944,284.07007,286.31512,282.4909,2.4830486e-05
2005-05-20,7.0319965e-07,285.72763,292.08832,277.76627,5.127963e-05
2005-05-21,0.0,289.2579,295.84088,277.69983,5.1730978e-05
2005-05-22,0.0,291.7562,297.8362,281.86285,5.5178214e-05
2005-05-23,0.0,293.13528,300.11353,283.64438,5.0416296e-05
2005-05-24,3.829375e-06,290.2462,295.65527,286.78564,4.4642053e-05
2005-05-25,0.0,291.003,296.73224,281.22134,6.7225716e-05
2005-05-26,0.0,292.3642,299.36856,282.02887,5.8958623e-05
2005-05-27,0.0,294.38794,301.48062,283.62027,6.15284e-05
2005-05-28,0.0,295.93497,303.25507,285.28885,5.9150465e-05
2005-05-29,0.0,296.1668,303.96878,286.8813,5.9251593e-05
2005-05-30,0.0,297.9781,304.41986,287.2923,6.7261826e-05
2005-05-31,5.543899e-06,291.2077,297.03296,289.91406,4.380626e-05
2005-06-01,1.1935559e-06,289.29196,294.9903,282.1293,4.827802e-05
2005-06-02,0.0,290.48184,296.20853,282.61032,5.166977e-05
2005-06-03,0.0,292.2036,298.37262,281.92752,6.222023e-05
2005-06-04,0.0,292.9718,301.06198,285.00308,5.7488483e-05
2005-06-05,4.0025156e-05,288.63843,292.48712,287.58167,3.0778614e-05
2005-06-06,1.5385038e-05,289.38235,295.13345,285.017,4.1151507e-05
2005-06-07,3.9106824e-05,284.62985,289.58133,281.92154,2.4245168e-05
2005-06-08,8.519284e-05,285.65308,289.14758,278.3379,4.696492e-05
2005-06-09,2.1984292e-06,284.70987,287.24335,283.16864,3.6159578e-05
2005-06-10,5.4787192e-06,287.05838,291.44235,282.59338,3.8555525e-05
2005-06-11,0.0,289.73486,295.3549,280.1954,4.6692436e-05
2005-06-12,3.6459728e-06,290.22363,296.48825,286.04898,4.6113848e-05
2005-06-13,2.678255e-06,293.76218,300.14175,282.10492,6.531329e-05
2005-06-14,0.0,294.53653,300.38724,285.41116,5.9584672e-05
2005-06-15,6.840786e-09,293.6015,299.55865,288.4984,4.5167824e-05
2005-06-16,0.00018335476,292.66504,297.5696,289.52103,3.4537486e-05
2005-06-17,3.0162713e-05,295.75702,301.5934,286.54657,5.5222346e-05
2005-06-18,0.0,294.54922,300.382,288.8743,4.580695e-05
2005-06-19,0.0,292.30817,297.5153,284.3481,6.448636e-05
2005-06-20,0.0,293.4201,299.43658,284.6252,5.8835114e-05
2005-06-21,0.0,294.41806,300.86456,285.41562,6.191953e-05
2005-06-22,0.0,294.0405,303.42722,284.8712,5.4640062e-05
2005-06-23,1.1997441e-06,294.62317,301.48154,288.36633,5.6289573e-05
2005-06-24,3.5295545e-06,295.56668,300.98773,286.4673,6.3043044e-05
2005-06-25,0.0,297.3078,304.03873,288.10278,6.342588e-05
2005-06-26,0.0,294.4959,300.7846,291.8431,3.3240605e-05
2005-06-27,0.00013583526,295.48837,301.58157,289.4567,5.19551e-05
2005-06-28,2.0182028e-05,294.8076,304.45087,288.56174,6.0418e-05
2005-06-29,1.2354665e-05,294.84076,303.66608,287.74463,4.863964e-05
2005-06-30,0.00033961356,293.57675,300.65393,290.61972,4.5647634e-05
2005-07-01,0.00013303763,289.87875,292.67554,288.27063,1.5389218e-05
2005-07-02,0.00035705746,291.3012,294.76135,286.05753,3.5567926e-05
2005-07-03,0.0,293.30463,299.01288,288.03214,5.9852082e-05
2005-07-04,0.0,293.77155,299.87106,285.5513,6.0109425e-05
2005-07-05,0.0,287.94327,295.1009,285.6264,1.8538009e-05
2005-07-06,0.00033463183,290.1023,296.1585,281.48242,5.7134737e-05
2005-07-07,0.0,292.07257,297.64536,285.13394,4.705314e-05
2005-07-08,7.6374854e-05,288.7937,292.37573,287.82187,2.3781928e-05
2005-07-09,0.00026574117,288.3295,290.84808,286.19943,1.9610003e-05
2005-07-10,4.0198367e-05,291.19727,296.1095,285.81268,3.7719856e-05
2005-07-11,4.4132386e-05,290.77307,295.0595,288.48334,3.152577e-05
2005-07-12,0.00018946608,289.576,290.68076,288.42935,1.4879974e-05
2005-07-13,0.00013053426,292.21344,299.28238,288.97916,5.457242e-05
2005-07-14,1.4727217e-05,293.29208,300.2166,287.32788,5.073976e-05
2005-07-15,1.3244215e-06,295.545,301.89172,285.4608,6.3061554e-05
2005-07-16,0.0,296.38306,302.47147,290.0946,6.089911e-05
2005-07-17,1.0347921e-05,296.07928,303.1202,289.5665,5.899447e-05
2005-07-18,2.4214842e-06,298.68082,304.48816,288.8638,6.3619125e-05
2005-07-19,0.0,295.06995,299.78885,291.79865,5.554267e-05
2005-07-20,2.7213584e-05,294.09378,299.03717,288.00827,5.514481e-05
2005-07-21,6.094327e-05,288.9287,293.78394,288.52426,3.0169003e-05
2005-07-22,5.0105304e-05,291.47366,298.25626,283.5374,4.4513927e-05
2005-07-23,1.9656876e-05,291.28088,294.94608,288.40973,3.5834975e-05
2005-07-24,2.187797e-05,292.7967,298.06723,287.6018,4.9397164e-05
2005-07-25,0.0,296.52396,302.00793,289.6863,5.754184e-05
2005-07-26,2.550403e-06,293.46335,301.14496,288.60675,4.149137e-05
2005-07-27,6.8773734e-05,297.28946,303.34067,290.51373,5.5349283e-05
2005-07-28,0.0,299.03558,305.90338,290.97226,6.199687e-05
2005-07-29,0.0,299.67892,306.22968,290.99902,6.4201675e-05
2005-07-30,0.0,299.51367,305.35037,294.15732,5.3929456e-05
2005-07-31,2.3330954e-06,296.4974,301.1539,294.01593,5.741236e-05
2005-08-01,1.1364824e-05,295.2461,301.61588,289.31415,5.4525506e-05
2005-08-02,0.0,295.6429,302.24033,286.9803,5.1258885e-05
2005-08-03,0.0,292.3045,295.91995,289.4187,1.5573898e-05
2005-08-04,0.00022525941,290.73636,292.93463,288.7948,2.537964e-05
2005-08-05,8.003133e-06,289.19165,294.2371,286.2803,4.22455e-05
2005-08-06,2.089556e-06,291.33994,297.83444,281.8805,4.0701383e-05
2005-08-07,8.5240594e-05,286.3126,290.28116,284.70087,1.9603189e-05
2005-08-08,1.5260259e-05,286.84567,293.03366,280.55066,4.5142733e-05
2005-08-09,1.2138262e-06,289.5716,296.11722,278.90976,4.6000707e-05
2005-08-10,0.0,292.1251,299.27203,281.75995,4.9876824e-05
2005-08-11,8.96599e-08,291.99268,296.4223,284.07144,3.781126e-05
2005-08-12,9.398674e-05,289.79865,294.41223,288.0258,2.439228e-05
2005-08-13,4.8462102e-06,291.25046,298.75488,281.28824,4.5841276e-05
2005-08-14,0.00028643748,292.23044,297.3595,288.4643,3.7313846e-05
2005-08-15,0.00042761458,287.8809,292.11972,285.88028,1.702823e-05
2005-08-16,5.2237056e-06,288.73193,290.8067,286.32605,1.6832038e-05
2005-08-17,0.00012699203,290.03192,291.30087,287.80472,1.4335489e-05
2005-08-18,0.00010313048,292.58688,298.29907,287.32532,4.3510674e-05
2005-08-19,0.0,293.50482,299.22867,285.87964,3.9399045e-05
2005-08-20,3.2774e-06,293.4102,298.83374,287.6832,3.0090006e-05
2005-08-21,0.00025287212,291.17776,294.07355,290.1358,1.6203703e-05
2005-08-22,0.00044860906,289.2701,294.43298,287.37372,2.0792944e-05
2005-08-23,0.00022447969,290.35938,296.4331,284.3489,3.440593e-05
2005-08-24,2.0336807e-05,291.3499,296.99664,288.37814,3.2496482e-05
2005-08-25,0.0,293.23932,299.23413,284.38437,4.3894914e-05
2005-08-26,1.830716e-06,290.9094,295.93222,288.53494,2.4242265e-05
2005-08-27,6.7406863e-06,289.72342,291.4869,288.1911,1.7826103e-05
2005-08-28,7.428688e-05,291.0626,294.06613,288.0972,2.0865882e-05
2005-08-29,4.920489e-07,292.16406,298.62073,287.58417,3.2549367e-05
2005-08-30,0.0,292.86295,299.00183,286.10208,3.3432287e-05
2005-08-31,0.0,293.5449,299.48288,288.607,3.7932885e-05
2005-09-01,0.0,294.3389,301.05927,287.28253,4.068777e-05
2005-09-02,0.0,294.0439,300.25668,288.69785,3.3052376e-05
2005-09-03,0.0,292.2889,297.83768,288.69287,3.5268222e-05
2005-09-04,6.021679e-07,289.5285,295.07584,286.59384,2.7252421e-05
2005-09-05,0.0,289.50598,296.72778,282.48853,3.5188845e-05
2005-09-06,0.0,289.1989,296.80313,281.41324,3.319083e-05
2005-09-07,0.0,291.0468,298.0132,281.49158,3.8716826e-05
2005-09-08,0.0,293.7239,300.28824,284.96344,4.137829e-05
2005-09-09,0.0,294.8449,299.62036,288.09015,3.4938166e-05
2005-09-10,3.4698496e-05,292.81573,298.131,289.9971,3.0306446e-05
2005-09-11,0.0,292.92358,298.84787,287.28052,2.8769875e-05
2005-09-12,0.0,292.42572,299.8438,287.58762,3.930993e-05
2005-09-13,0.0,291.49097,298.90128,285.11877,3.1980217e-05
2005-09-14,1.8042521e-05,290.25577,296.8229,285.0922,2.8844626e-05
2005-09-15,0.0,290.63,297.80035,282.93295,3.220099e-05
2005-09-16,0.0,292.1109,298.79117,284.1734,3.4561162e-05
2005-09-17,4.7988255e-05,286.5992,292.1272,285.82626,1.342446e-05
2005-09-18,7.056023e-05,283.71466,285.76105,282.9602,1.0427073e-05
2005-09-19,0.00013623822,282.89926,284.8812,282.0319,9.276598e-06
2005-09-20,0.00020732255,284.23608,285.5339,282.3014,1.0509234e-05
2005-09-21,1.1499713e-05,285.49854,287.42407,283.16473,1.3351223e-05
2005-09-22,8.167921e-06,287.02316,289.08014,284.72687,1.1400226e-05
2005-09-23,1.34484835e-05,286.2659,292.59198,280.65775,1.9729503e-05
2005-09-24,0.0,286.77054,294.3743,279.41263,2.2182046e-05
2005-09-25,0.0,287.52545,295.1209,279.68726,2.5454458e-05
2005-09-26,0.0,287.99234,295.2476,280.23447,2.3218729e-05
2005-09-27,0.0,287.8383,294.11642,281.92105,1.7361112e-05
2005-09-28,9.237696e-05,287.48468,292.96005,285.3839,1.7361112e-05
2005-09-29,0.0,285.59985,287.3985,283.71594,7.8206795e-06
2005-09-30,0.00033562898,284.0923,289.19327,281.2009,2.0600413e-05
2005-10-01,0.0,281.8652,289.46152,276.11038,2.0693928e-05
2005-10-02,0.0,285.00507,290.34705,278.0994,1.7235954e-05
2005-10-03,6.267845e-06,287.20294,288.45813,284.36145,8.101852e-06
2005-10-04,3.5294095e-05,289.13858,290.714,287.4433,9.204983e-06
2005-10-05,8.32959e-06,288.87527,292.30774,287.36142,1.9220659e-05
2005-10-06,2.8918112e-07,286.91364,292.57608,282.57846,1.7380398e-05
2005-10-07,0.0,286.68903,291.35904,280.08295,1.5418858e-05
2005-10-08,0.0,284.95657,288.23953,281.51837,1.7028235e-05
2005-10-09,0.0,284.20102,289.00998,279.8803,1.29937525e-05
2005-10-10,0.0,283.89124,292.21982,277.16174,1.654761e-05
2005-10-11,0.0,282.64017,288.00992,276.4123,1.021021e-05
2005-10-12,0.0,282.8759,289.57434,278.3681,1.2378794e-05
2005-10-13,0.0,282.16193,288.951,275.9973,1.3485165e-05
2005-10-14,0.0,283.79507,290.20346,277.91516,1.3453016e-05
2005-10-15,0.0,282.51434,289.14197,278.12698,1.3888889e-05
2005-10-16,0.0,281.34286,287.9582,276.57822,2.0872963e-05
2005-10-17,0.0,279.66464,285.2176,274.4415,1.5733227e-05
2005-10-18,0.0,278.9494,286.14816,272.5525,1.4273404e-05
2005-10-19,0.0,278.02325,284.9663,271.15112,1.04374785e-05
2005-10-20,0.0,281.0288,285.9145,272.51477,9.259259e-06
2005-10-21,0.0,286.97394,292.15933,280.0047,1.6346978e-05
2005-10-22,0.0,286.69925,293.36032,282.85382,1.715893e-05
2005-10-23,0.0,288.08606,295.57797,283.90735,2.1469656e-05
2005-10-24,6.619916e-06,285.78287,290.9142,283.33688,1.3888889e-05
2005-10-25,0.0,286.59396,292.8419,278.94147,1.5922787e-05
2005-10-26,0.0,285.32303,294.0198,277.13358,9.931292e-06
2005-10-27,0.0,285.104,293.4439,277.81372,1.0901075e-05
2005-10-28,0.0,284.1909,289.66232,278.59045,9.261105e-06
2005-10-29,0.0,283.28278,288.09396,279.86688,1.1635337e-05
2005-10-30,0.0,280.17493,283.05032,278.1113,7.943822e-06
2005-10-31,0.0,278.45453,281.64984,276.9817,6.447476e-06
2005-11-01,0.0,279.5814,282.52362,274.39825,5.78956e-06
2005-11-02,0.0,281.87973,287.2325,278.51205,8.101852e-06
2005-11-03,1.744401e-06,282.0864,285.41342,279.02292,6.9372095e-06
2005-11-04,0.0,281.93066,286.35806,278.76108,6.9158896e-06
2005-11-05,0.0,283.1343,286.39325,277.64334,6.004539e-06
2005-11-06,4.92911e-09,282.82077,284.7131,281.4868,6.515798e-06
2005-11-07,0.0,281.9407,284.03476,279.84332,5.787037e-06
2005-11-08,2.1026906e-05,280.3945,287.04962,276.93768,4.8598763e-06
2005-11-09,0.0,278.7714,283.8993,274.6352,4.6296295e-06
2005-11-10,0.0,278.60327,280.09653,275.64334,4.6296295e-06
2005-11-11,0.0,279.01007,280.0614,277.88544,4.4534404e-06
2005-11-12,0.0,278.82587,279.8264,278.69095,5.787037e-06
2005-11-13,9.351175e-06,277.80008,278.86594,277.9697,4.6296295e-06
2005-11-14,3.935856e-06,277.53525,279.10782,275.62692,5.7645575e-06
2005-11-15,5.691924e-07,281.6887,286.97137,275.38245,8.024693e-06
2005-11-16,0.0,280.13492,285.91528,274.91342,5.22235e-06
2005-11-17,4.418615e-05,276.8959,282.3625,272.15793,4.8045713e-06
2005-11-18,1.3376253e-06,274.63434,281.6056,268.41153,4.8838333e-06
2005-11-19,9.144121e-06,272.9289,277.67795,270.6464,4.6296295e-06
2005-11-20,0.0,272.5669,276.74692,268.18143,3.5248813e-06
2005-11-21,0.0,272.61462,276.4912,269.32266,3.4722223e-06
2005-11-22,6.072768e-06,271.93723,274.42874,269.79657,2.9945788e-06
2005-11-23,2.5607595e-05,272.0245,273.18332,270.85226,5.4866923e-06
2005-11-24,2.642883e-05,270.62057,272.2484,269.81293,2.3148148e-06
2005-11-25,1.7620043e-05,272.0153,275.23035,266.7353,3.4722223e-06
2005-11-26,0.00017343166,273.5509,274.13312,272.29324,2.3148148e-06
2005-11-27,0.000143274,273.98383,276.0669,273.12997,2.3148148e-06
2005-11-28,0.00017288374,272.56323,275.40817,269.5831,2.3148148e-06
2005-11-29,4.334467e-05,272.81915,273.9401,268.58777,2.3148148e-06
2005-11-30,2.4142006e-05,273.52625,275.39655,273.0407,2.3148148e-06
2005-12-01,0.0,273.27078,275.35657,271.1461,3.4722223e-06
2005-12-02,8.4214935e-06,270.7265,273.38727,267.0305,1.1574074e-06
2005-12-03,0.0,279.70547,282.77472,269.14172,4.268121e-06
2005-12-04,1.313037e-08,278.20023,282.5528,272.06607,4.632188e-06
2005-12-05,0.0,278.81824,282.45734,276.74664,5.599329e-06
2005-12-06,0.00018533018,275.769,278.13513,273.7096,3.4722223e-06
2005-12-07,0.00017220814,276.26505,281.7247,273.14996,3.4228653e-06
2005-12-08,1.3364995e-06,274.71536,280.59494,271.31512,3.0037083e-06
2005-12-09,0.0,275.8095,279.96844,271.36514,6.714786e-06
2005-12-10,0.0,273.4079,275.81134,272.28607,7.784303e-06
2005-12-11,0.0,269.61758,274.05066,266.6972,1.6754668e-06
2005-12-12,0.0,271.58606,274.59708,266.3072,2.4268531e-06
2005-12-13,3.0513302e-05,273.80707,274.67694,272.10693,2.3148148e-06
2005-12-14,0.0,273.85712,275.1426,273.0501,3.0042472e-06
2005-12-15,0.0,274.97482,278.91473,272.38464,4.828554e-06
2005-12-16,0.0,275.92975,279.11163,271.5299,8.101852e-06
2005-12-17,4.277511e-06,274.73923,278.96164,270.366,6.9850103e-06
2005-12-18,0.0,271.8517,276.45404,268.81,4.6393247e-06
2005-12-19,0.0,273.2066,278.69016,268.10495,9.776627e-06
2005-12-20,0.0,274.43835,279.6125,269.93878,2.5396416e-06
2005-12-21,0.0,272.33896,278.17245,269.91208,1.3542636e-06
2005-12-22,0.0,270.7553,274.41223,267.33725,3.4722223e-06
2005-12-23,0.0,272.38474,275.3044,267.33667,4.5975603e-06
2005-12-24,0.0,274.22668,280.32602,271.73373,2.416048e-06
2005-12-25,0.0,272.9579,278.38455,268.85733,3.4722223e-06
2005-12-26,0.0,272.3837,274.4909,271.75662,2.3148148e-06
2005-12-27,3.8986265e-05,270.75317,272.33255,270.50873,1.1574074e-06
2005-12-28,0.00016091685,272.07034,273.6936,270.5735,2.3148148e-06
2005-12-29,0.000111676396,270.4458,272.88522,267.76572,1.819054e-06
2005-12-30,0.00016147143,266.24097,272.2661,259.27808,1.3821096e-06
2005-12-31,0.0,265.45825,273.77066,253.47147,1.3697756e-06
2006-01-01,5.8052497e-06,274.23282,275.8476,264.32373,2.3148148e-06
2006-01-02,0.0002308101,273.6961,275.0346,273.07614,2.3148148e-06
2006-01-03,0.00012660856,274.04123,276.8635,273.31345,2.2889456e-06
2006-01-04,5.8984247e-06,274.76028,275.79144,273.58044,3.4722223e-06
2006-01-05,2.8880895e-05,274.0073,275.06274,273.30875,2.1073645e-06
2006-01-06,9.5116906e-05,274.1911,275.2534,273.17477,2.3148148e-06
2006-01-07,2.3331837e-05,273.16873,275.88254,271.39084,2.2944512e-06
2006-01-08,2.663485e-06,271.96994,274.6621,267.0219,2.180069e-06
2006-01-09,0.0,266.44003,272.97275,261.36563,1.1574074e-06
2006-01-10,0.0,265.82492,271.42303,259.6971,1.1574074e-06
2006-01-11,0.0,266.18628,272.14172,259.3158,0.0
2006-01-12,0.0,267.06613,273.5071,262.96292,1.1574074e-06
2006-01-13,0.0,268.75513,271.34564,262.41064,2.221189e-06
2006-01-14,0.0,269.21658,271.49194,267.6193,2.3148148e-06
2006-01-15,0.0,268.15424,272.98196,265.22125,1.1834317e-06
2006-01-16,0.0,267.86905,271.6921,262.80667,2.3148148e-06
2006-01-17,0.0,266.1606,268.19775,259.78174,1.1574074e-06
2006-01-18,0.0,271.9152,276.6632,266.16208,4.6296295e-06
2006-01-19,0.0,270.07397,275.7827,266.68686,2.3148148e-06
2006-01-20,0.0,267.40714,273.24973,261.7956,2.3148148e-06
2006-01-21,0.0,270.05795,277.40067,264.32486,2.3148148e-06
2006-01-22,0.0,268.58115,277.4556,265.06613,7.948902e-06
2006-01-23,0.0,261.63205,265.0202,258.55072,3.3523045e-06
2006-01-24,0.0,260.4361,267.30228,255.6429,1.4412424e-06
2006-01-25,0.0,262.17422,267.6532,252.21925,2.5208547e-06
2006-01-26,0.0,260.32547,266.2013,257.35623,1.1576523e-06
2006-01-27,0.0,262.62323,266.3603,254.56651,1.4693037e-06
2006-01-28,0.0,266.99655,272.96466,260.77286,2.3148148e-06
2006-01-29,0.0,268.30075,271.2996,260.14236,2.3148148e-06
2006-01-30,2.6346536e-08,271.4839,273.299,268.81696,2.3148148e-06
2006-01-31,0.0,270.19485,272.9267,267.53345,2.3148148e-06
2006-02-01,0.0,270.64035,271.87894,268.70596,2.309647e-06
2006-02-02,0.0,269.396,271.20056,268.92508,2.3148148e-06
2006-02-03,0.0,267.77472,269.74136,266.80438,2.3148148e-06
2006-02-04,0.0,269.40378,270.64215,267.19812,3.208325e-06
2006-02-05,0.0,265.08075,270.38055,261.9974,5.3544727e-06
2006-02-06,0.0,263.78638,270.85934,257.56454,3.5172966e-06
2006-02-07,0.0,267.90445,273.18753,255.05887,4.6296295e-06
2006-02-08,0.0,273.67838,277.7435,268.63028,5.7895954e-06
2006-02-09,0.0,273.9393,280.81342,268.58972,5.5963505e-06
2006-02-10,0.0,272.2608,277.94498,266.03052,4.7929097e-06
2006-02-11,0.0,272.51624,277.50882,267.21637,8.222836e-06
2006-02-12,0.0,270.8121,276.93765,266.61887,5.8843248e-06
2006-02-13,0.0,272.2356,276.0158,266.78412,4.9644063e-06
2006-02-14,0.0,271.66196,276.64096,265.24997,4.2191737e-06
2006-02-15,0.0,274.78525,278.389,266.95065,7.2255807e-06
2006-02-16,1.3146328e-07,278.5855,282.32242,275.78537,8.936538e-06
2006-02-17,1.2658968e-05,277.0451,281.13654,272.64322,7.811992e-06
2006-02-18,3.2327178e-05,278.9907,284.6006,271.40054,9.854665e-06
2006-02-19,1.0419377e-05,280.4649,286.1568,272.4943,1.7193343e-05
2006-02-20,0.0,280.288,286.29755,277.6705,1.3809892e-05
2006-02-21,5.652079e-05,279.21454,284.87485,272.74826,1.1594846e-05
2006-02-22,4.5761595e-09,276.5394,279.95142,275.372,8.101852e-06
2006-02-23,0.0,275.18152,277.01096,273.74594,7.914086e-06
2006-02-24,7.1651624e-07,274.38977,276.0221,274.1622,5.762164e-06
2006-02-25,8.262001e-05,272.7207,274.53522,272.19415,3.463961e-06
2006-02-26,8.044994e-05,272.03723,274.5578,271.25027,4.6296295e-06
2006-02-27,2.8145336e-05,270.5196,274.68115,268.4712,6.9364473e-06
2006-02-28,0.0,269.70615,273.72186,264.67078,6.7980895e-06
2006-03-01,0.0,271.2538,278.34195,264.23813,9.259259e-06
2006-03-02,0.0,271.58087,275.78702,268.91205,9.23829e-06
2006-03-03,3.918654e-09,275.47284,280.19092,265.3174,1.2708826e-05
2006-03-04,0.0,279.09952,283.07825,275.6561,1.2551576e-05
2006-03-05,6.025334e-05,271.9033,276.05862,271.4056,4.6306664e-06
2006-03-06,0.00011297825,269.2739,275.81464,263.37277,6.954383e-06
2006-03-07,0.0,271.23428,277.75162,261.7514,1.1494556e-05
2006-03-08,0.0,272.34912,277.34015,264.73886,1.0474806e-05
2006-03-09,0.0,277.9898,282.29016,272.88876,1.519197e-05
2006-03-10,0.0,277.2677,279.8362,275.9708,6.887125e-06
2006-03-11,0.00016725354,276.41498,283.31155,273.222,1.5863992e-05
2006-03-12,4.042992e-06,273.95447,277.0582,269.8441,1.361553e-05
2006-03-13,6.513363e-06,272.95227,274.5062,271.5113,2.2760387e-05
2006-03-14,0.0,272.26544,273.6964,271.46182,7.0431693e-06
2006-03-15,8.90902e-06,273.1646,275.1709,271.39752,7.166095e-06
2006-03-16,1.9632395e-07,274.191,276.7545,271.65613,8.989792e-06
2006-03-17,0.0,275.4891,277.59274,273.29138,1.019011e-05
2006-03-18,0.0,275.61606,278.54297,272.89825,1.037374e-05
2006-03-19,0.0,276.5326,283.47983,268.88507,1.9299778e-05
2006-03-20,0.0,279.9469,286.9099,269.8524,2.355426e-05
2006-03-21,0.0,281.74326,287.5657,272.74826,2.4447068e-05
2006-03-22,0.0,284.16434,290.16965,281.3344,2.8513157e-05
2006-03-23,0.0,278.17157,283.39676,276.49625,2.58329e-05
2006-03-24,0.0,276.8689,283.3682,268.33237,2.25886e-05
2006-03-25,0.0,281.11584,288.13956,272.47296,1.807515e-05
2006-03-26,0.0,283.4954,288.17368,274.2361,1.6175203e-05
2006-03-27,0.0,285.66678,294.11752,277.02884,2.9937471e-05
2006-03-28,0.0,286.72507,291.68787,278.7335,3.0524967e-05
2006-03-29,0.00012675567,282.62546,288.10007,279.78934,2.4900928e-05
2006-03-30,5.926377e-06,285.71985,291.4352,275.94894,3.262525e-05
2006-03-31,1.2777515e-06,284.735,290.99628,280.7073,1.9828582e-05
2006-04-01,3.8205203e-06,285.79224,293.2573,275.11237,2.7812797e-05
2006-04-02,0.0,284.52994,291.99527,278.46683,2.6611864e-05
2006-04-03,1.6480875e-05,281.92377,288.73926,278.9745,1.4214428e-05
2006-04-04,9.2857576e-05,281.83167,288.0686,276.3677,2.9452609e-05
2006-04-05,0.0,282.99985,287.0974,275.55646,1.8261293e-05
2006-04-06,1.8331433e-05,277.7083,284.38174,275.78052,2.2954808e-05
2006-04-07,3.1484326e-06,278.2653,285.1298,272.90094,2.950894e-05
2006-04-08,0.0,281.54834,289.1399,271.3042,3.160558e-05
2006-04-09,0.0,284.46722,291.78943,273.21988,3.7840648e-05
2006-04-10,0.0,287.278,292.38205,282.993,3.725793e-05
2006-04-11,9.033343e-05,279.64688,285.9205,277.36737,1.7665718e-05
2006-04-12,0.00013850897,280.84628,284.1919,277.45093,2.7494898e-05
2006-04-13,0.0,281.67606,286.93506,277.4378,2.6820164e-05
2006-04-14,0.0,284.7092,293.03238,275.92868,3.2664426e-05
2006-04-15,0.0,285.76056,290.58502,275.47726,3.3691824e-05
2006-04-16,0.0,284.43613,288.9452,281.6788,1.7071548e-05
2006-04-17,1.821864e-05,285.42935,290.92792,277.03287,2.6345937e-05
2006-04-18,1.1685631e-05,285.8633,289.58105,282.06647,2.0768906e-05
2006-04-19,5.0541315e-05,287.97964,292.15808,283.97812,4.0641924e-05
2006-04-20,9.623075e-07,286.87137,293.2951,280.8745,3.474764e-05
2006-04-21,0.0,286.3353,294.0558,278.12845,3.9156133e-05
2006-04-22,0.0,287.80136,295.2411,277.8514,3.8656173e-05
2006-04-23,0.0,287.46042,296.49792,278.34314,4.1797528e-05
2006-04-24,4.6151847e-05,288.61334,296.81375,279.29205,4.27752e-05
2006-04-25,0.0,289.97256,297.63516,280.47018,4.052119e-05
2006-04-26,0.0,290.0416,296.48425,281.23663,3.1774023e-05
2006-04-27,3.9884908e-05,286.6092,289.89764,285.62656,1.4745251e-05
2006-04-28,0.00010522179,286.3854,288.34564,285.10422,1.2807245e-05
2006-04-29,0.00021193098,282.07004,286.0605,281.34314,1.043986e-05
2006-04-30,0.00025016643,279.53036,281.3647,278.1796,9.426217e-06
2006-05-01,0.00012646998,282.94144,287.755,279.17053,3.103644e-05
2006-05-02,1.6368538e-06,284.23065,290.33127,277.4294,3.124319e-05
2006-05-03,4.518696e-07,286.1821,293.0285,277.63934,3.6967744e-05
2006-05-04,0.0,285.53726,291.91083,277.73123,3.6723926e-05
2006-05-05,0.0,286.18472,293.95013,276.78116,4.2127594e-05
2006-05-06,0.0,286.15982,293.62537,279.24908,4.8245165e-05
2006-05-07,1.9787092e-05,284.8799,290.06485,279.67026,3.062238e-05
2006-05-08,5.850758e-06,286.9106,292.55936,281.62082,4.1256033e-05
2006-05-09,0.0,287.03107,294.06485,277.91086,4.0139676e-05
2006-05-10,5.5147166e-07,288.82367,294.49908,282.26443,5.2635634e-05
2006-05-11,0.0,287.02817,292.529,280.38956,4.655382e-05
2006-05-12,0.0,289.34344,296.1288,279.4129,5.1967254e-05
2006-05-13,0.0,290.7981,298.43256,281.332,4.945028e-05
2006-05-14,2.1645033e-06,286.89404,295.38467,284.24765,2.6443153e-05
2006-05-15,0.00028747786,289.521,295.01138,282.39127,4.9534818e-05
2006-05-16,0.0,292.52225,298.88535,282.0839,5.050974e-05
2006-05-17,1.3866857e-06,291.11063,296.72952,286.73694,4.82146e-05
2006-05-18,8.740214e-05,292.87173,298.48715,281.70938,4.9401235e-05
2006-05-19,1.5772666e-05,288.90018,293.5618,286.92865,1.9008901e-05
2006-05-20,0.00018719852,288.01843,292.0452,285.01447,3.162463e-05
2006-05-21,1.2029772e-06,287.9514,291.80338,286.34283,2.0124568e-05
2006-05-22,4.379052e-05,293.36133,299.23984,285.3811,5.958061e-05
2006-05-23,0.0,292.2886,297.79532,286.7826,5.2846808e-05
2006-05-24,5.8921298e-05,284.22534,289.4741,283.8924,1.1309617e-05
2006-05-25,0.00018931123,288.19962,293.7039,280.26126,4.851492e-05
2006-05-26,0.0,290.82773,297.1215,282.6717,4.7573896e-05
2006-05-27,0.0,292.01794,297.1586,285.5338,4.19393e-05
2006-05-28,3.895022e-06,291.18356,299.4701,285.9633,3.879741e-05
2006-05-29,0.00015286927,284.44824,288.76736,283.41943,1.3357824e-05
2006-05-30,0.00028835077,282.77188,283.9015,282.17966,1.0902922e-05
2006-05-31,0.00024295071,284.54486,289.42157,277.8744,3.9117025e-05
2006-06-01,1.7658554e-05,284.14764,290.10526,277.16473,3.7039703e-05
2006-06-02,4.5466502e-05,282.32877,284.43713,280.18408,1.694616e-05
2006-06-03,0.00019698068,285.21402,286.42557,281.2892,2.2356631e-05
2006-06-04,1.9873212e-05,286.55872,290.73837,281.31766,3.4934288e-05
2006-06-05,3.9568798e-07,286.39023,291.4303,281.6778,3.9426366e-05
2006-06-06,9.320708e-06,284.48132,288.7499,282.76108,2.4615765e-05
2006-06-07,6.919291e-05,285.59845,291.23288,280.3267,4.5075256e-05
2006-06-08,9.039714e-06,286.98962,292.65012,279.62012,4.9407343e-05
2006-06-09,0.0,288.4542,293.73074,280.6522,5.1822557e-05
2006-06-10,1.9615667e-05,286.22836,291.76666,284.69385,3.0858115e-05
2006-06-11,7.611198e-05,287.8407,292.31357,283.4143,3.778044e-05
2006-06-12,0.0,291.48123,298.03104,282.3874,5.2897813e-05
2006-06-13,0.0,291.86737,298.46732,284.8949,6.1256644e-05
2006-06-14,1.2785167e-05,292.86282,298.43475,284.8839,5.3946584e-05
2006-06-15,3.263075e-06,294.22125,300.62766,285.5688,5.7369558e-05
2006-06-16,0.0,297.0158,302.1779,287.87167,5.500958e-05
2006-06-17,0.0,294.6822,301.97708,289.9701,5.160707e-05
2006-06-18,1.4357077e-05,296.71164,302.87903,288.36035,5.2748615e-05
2006-06-19,0.0,298.49075,304.57166,290.92484,6.4512715e-05
2006-06-20,1.7297515e-06,298.5811,304.54984,292.20682,6.800738e-05
2006-06-21,0.0,298.9344,304.2901,292.24936,5.4196127e-05
2006-06-22,0.0,296.1456,302.9261,291.11087,6.4656764e-05
2006-06-23,4.3337735e-05,295.2552,299.7776,291.65848,5.6210003e-05
2006-06-24,0.0,297.1217,302.91855,289.85352,6.063969e-05
2006-06-25,0.0,298.137,303.5437,289.95395,6.225237e-05
2006-06-26,2.3529421e-06,300.48486,306.38162,291.40863,6.834666e-05
2006-06-27,0.0,298.81534,304.6576,292.1627,6.804314e-05
2006-06-28,4.878186e-06,297.94055,304.4399,289.016,6.179326e-05
2006-06-29,9.2851415e-06,293.67212,298.28882,289.6895,3.562198e-05
2006-06-30,0.00045186287,293.65738,299.19907,289.84982,5.4500822e-05
2006-07-01,1.452922e-06,292.70792,296.97556,288.75842,5.5002383e-05
2006-07-02,1.5326987e-05,291.1114,293.51837,288.85507,2.340259e-05
2006-07-03,5.2000803e-05,290.58948,292.4921,289.59216,1.6358234e-05
2006-07-04,5.7167363e-05,292.09317,297.66306,288.55905,4.3782293e-05
2006-07-05,0.0,292.95627,299.19003,283.781,5.5860648e-05
2006-07-06,0.0,295.063,300.70007,284.92123,6.118267e-05
2006-07-07,0.0,295.75897,302.6972,289.33618,5.064244e-05
2006-07-08,7.821356e-05,295.61923,301.82568,290.6883,5.9796723e-05
2006-07-09,1.6893715e-06,296.4084,302.9211,289.7147,5.4296e-05
2006-07-10,2.2556316e-08,294.4585,302.54132,290.3491,5.2190924e-05
2006-07-11,0.00014065344,297.36163,304.15607,290.38354,5.8323665e-05
2006-07-12,1.5041887e-07,296.9934,303.60892,291.23923,5.620195e-05
2006-07-13,1.9052115e-05,296.45737,302.00986,289.82755,5.904824e-05
2006-07-14,0.0,295.81732,303.9955,289.54578,6.1261024e-05
2006-07-15,4.6864716e-05,293.43216,298.76978,290.5163,7.19442e-05
2006-07-16,0.0,291.49878,297.64023,285.04147,6.310034e-05
2006-07-17,0.0,292.3123,298.3424,282.7023,6.0932998e-05
2006-07-18,0.0,293.36148,301.274,284.59497,5.7189547e-05
2006-07-19,0.0,295.34473,303.74857,285.17303,6.011326e-05
2006-07-20,0.0,296.48428,304.7385,286.3308,6.295845e-05
2006-07-21,0.0,297.89087,306.14838,287.69952,6.121052e-05
2006-07-22,0.0,298.73978,306.02887,288.73276,6.217408e-05
2006-07-23,0.0,297.19278,305.27325,291.1808,4.8110283e-05
2006-07-24,0.000115032846,297.8149,304.26935,290.26007,5.5665998e-05
2006-07-25,0.0,298.04852,304.6573,291.79703,5.529293e-05
2006-07-26,1.2769874e-05,298.16727,305.22858,291.0632,6.0286984e-05
2006-07-27,3.0064787e-06,297.70026,305.73862,292.35736,5.8421814e-05
2006-07-28,2.7586324e-05,298.20618,305.84393,289.4699,6.415893e-05
2006-07-29,3.0387591e-05,296.41107,304.5271,290.50836,5.179704e-05
2006-07-30,7.87266e-05,297.1011,303.15314,291.71426,4.8767633e-05
2006-07-31,4.1150365e-06,297.48157,304.46936,289.66632,5.197876e-05
2006-08-01,0.0,293.99405,297.39233,291.9072,2.3505589e-05
2006-08-02,2.480486e-05,291.67517,295.06644,290.85873,2.2394483e-05
2006-08-03,9.944681e-07,289.48172,293.20822,285.81277,1.87799e-05
2006-08-04,0.00022210463,288.98923,291.87357,286.27548,2.3655946e-05
2006-08-05,4.573507e-05,290.11688,295.89105,286.88486,3.462433e-05
2006-08-06,8.8721004e-05,291.821,297.08762,286.28546,2.989097e-05
2006-08-07,5.4655506e-05,290.68042,293.6038,288.19983,1.885895e-05
2006-08-08,7.548751e-05,292.38635,298.79626,288.47467,4.4024877e-05
2006-08-09,4.0778679e-07,291.71167,297.6865,286.7343,4.1556228e-05
2006-08-10,2.8203908e-06,291.46405,296.45648,285.6033,3.270748e-05
2006-08-11,1.0696958e-06,289.64767,294.69006,286.24796,3.121799e-05
2006-08-12,3.505486e-05,285.79718,287.63104,284.2856,1.2731482e-05
2006-08-13,0.0004012245,288.20456,293.23004,284.7183,3.2887376e-05
2006-08-14,0.0,288.3903,295.1853,281.472,3.1350268e-05
2006-08-15,7.057757e-05,291.65314,297.68842,284.49774,4.8334736e-05
2006-08-16,0.0,292.20633,298.92773,283.7979,4.126542e-05
2006-08-17,0.0,296.11908,302.21716,285.76523,5.9679496e-05
2006-08-18,0.0,296.32782,302.62424,290.73444,5.6567438e-05
2006-08-19,0.0,294.42245,299.61896,287.33145,3.5170477e-05
2006-08-20,0.0,293.7823,301.65576,288.49963,4.492844e-05
2006-08-21,3.9921642e-06,290.18817,297.06747,287.06305,3.0404088e-05
2006-08-22,1.2268881e-05,290.63553,298.2409,283.0721,3.948772e-05
2006-08-23,6.8000634e-05,290.5359,296.19595,285.72937,3.3153854e-05
2006-08-24,1.903194e-06,290.66483,298.31073,283.10318,3.9047205e-05
2006-08-25,0.00056741515,287.57724,291.59186,286.10727,1.6317983e-05
2006-08-26,5.6740217e-05,289.23703,295.66745,283.4797,3.0095152e-05
2006-08-27,0.0,289.33688,296.10886,283.72906,3.4652177e-05
2006-08-28,0.00022004732,290.07922,295.69092,284.0643,3.5676465e-05
2006-08-29,7.220764e-05,289.43866,294.60248,286.7365,3.8689748e-05
2006-08-30,0.00012446592,285.75998,291.63644,283.97946,2.5599164e-05
2006-08-31,4.430412e-05,287.29727,293.60025,281.4362,4.0281666e-05
2006-09-01,0.0,287.967,295.43958,278.47318,3.710579e-05
2006-09-02,0.0,289.9016,297.93225,281.92523,3.6410987e-05
2006-09-03,0.0,292.68185,299.35086,284.81305,2.9963609e-05
2006-09-04,0.0,295.47992,303.8175,286.96356,3.666572e-05
2006-09-05,0.0,294.74414,301.14145,289.0945,4.1350675e-05
2006-09-06,0.0,292.20935,298.3397,288.21536,3.510696e-05
2006-09-07,0.0,293.66373,299.79797,286.11566,3.3417877e-05
2006-09-08,0.0,289.17654,294.5459,284.7966,2.384135e-05
2006-09-09,3.1757424e-06,286.46722,294.53354,279.95047,3.3085747e-05
2006-09-10,0.0,286.98175,295.3507,278.70004,3.244113e-05
2006-09-11,0.0,287.56052,295.62576,279.52777,2.8839006e-05
2006-09-12,0.0,287.6648,296.32132,280.2473,3.2370062e-05
2006-09-13,0.0,288.01932,296.4316,279.38303,3.0144889e-05
2006-09-14,0.0,290.028,298.06665,280.29474,3.1166393e-05
2006-09-15,0.0,290.8336,294.66025,286.16513,1.9433879e-05
2006-09-16,8.602524e-05,288.8203,290.6899,288.1163,1.2731482e-05
2006-09-17,9.344515e-05,290.26822,294.54898,286.36707,2.0603567e-05
2006-09-18,4.1063373e-05,289.6117,292.73264,288.52304,1.6203703e-05
2006-09-19,0.00017833557,290.2787,294.18695,287.8708,2.054827e-05
2006-09-20,1.7812103e-05,290.19656,296.5239,287.32217,2.922555e-05
2006-09-21,0.0,288.95743,296.41492,282.61877,2.662037e-05
2006-09-22,0.0,288.69162,295.51477,283.04666,2.3148148e-05
2006-09-23,0.0,287.30286,294.14905,280.98032,2.6006088e-05
2006-09-24,0.0,288.14523,295.87973,282.22867,2.671051e-05
2006-09-25,0.0,288.39252,295.9531,282.18985,2.5556177e-05
2006-09-26,0.0,290.16333,296.56366,282.63965,3.2233045e-05
2006-09-27,0.0,289.40936,295.393,284.99127,2.6277325e-05
2006-09-28,5.4477036e-06,288.9662,296.5141,284.65936,2.4282426e-05
2006-09-29,0.0,288.9031,296.55957,282.71555,2.4048379e-05
2006-09-30,0.0,289.16492,296.4487,283.56516,2.0741983e-05
2006-10-01,0.0,290.22702,298.04297,283.0285,2.1338736e-05
2006-10-02,0.0,291.24594,296.8179,284.81985,1.9549701e-05
2006-10-03,0.0,293.54712,298.6137,289.23087,3.790703e-05
2006-10-04,2.1680467e-05,286.59482,293.7072,285.56934,1.0077159e-05
2006-10-05,0.00016426935,285.10132,290.06848,282.6631,1.6040485e-05
2006-10-06,0.0,284.3959,292.2541,277.82892,1.8294453e-05
2006-10-07,0.0,285.98474,292.38626,278.27878,1.7556691e-05
2006-10-08,3.8150152e-05,284.74152,291.11984,281.1039,2.0833333e-05
2006-10-09,0.0,283.86563,292.3661,276.24738,1.6979906e-05
2006-10-10,0.0,284.26627,293.06705,277.16458,1.7036427e-05
2006-10-11,0.0,284.4872,292.58377,277.54514,1.4832436e-05
2006-10-12,0.0,284.48016,292.10098,277.3098,1.3482464e-05
2006-10-13,0.0,285.25208,292.0062,278.4303,1.3852815e-05
2006-10-14,0.0,284.51254,291.996,279.83316,1.3393848e-05
2006-10-15,0.0,283.9114,291.69305,276.95673,1.7109433e-05
2006-10-16,0.0,281.7574,287.8978,277.50192,1.9533703e-05
2006-10-17,0.0,278.93256,287.4293,272.52094,1.3014785e-05
2006-10-18,0.0,279.07272,287.77194,271.8465,1.2915914e-05
2006-10-19,0.0,283.30002,290.6656,273.76904,1.5908367e-05
2006-10-20,0.0,287.33417,290.66754,281.20844,1.6691205e-05
2006-10-21,3.1448096e-08,287.5481,295.0542,280.48425,1.7555089e-05
2006-10-22,0.0,286.4276,294.19357,279.9832,1.6017439e-05
2006-10-23,1.414144e-06,290.56104,294.73447,281.98282,3.0190828e-05
2006-10-24,0.0,290.07025,295.0259,286.51678,1.804129e-05
2006-10-25,9.5122996e-05,286.81952,292.8358,284.0713,1.1754868e-05
2006-10-26,0.0,287.09314,293.5763,282.54218,1.119689e-05
2006-10-27,0.0,286.39563,293.20447,280.39713,9.446623e-06
2006-10-28,0.0,286.8815,292.29834,282.53824,9.250247e-06
2006-10-29,2.322063e-06,288.59705,293.37054,284.38766,1.6422839e-05
2006-10-30,2.5439142e-06,278.51636,288.6798,274.78094,1.4784612e-05
2006-10-31,0.0,278.5163,285.58508,271.35953,9.957944e-06
2006-11-01,0.0,278.75443,281.26733,277.49307,5.787037e-06
2006-11-02,9.834337e-05,273.76245,279.58914,271.54022,1.1173775e-05
2006-11-03,0.0,272.8922,278.8671,269.35367,8.854367e-06
2006-11-04,3.3946538e-08,274.2154,280.85638,267.50412,7.0857577e-06
2006-11-05,0.0,280.41125,285.3645,272.34293,1.1392045e-05
2006-11-06,0.0,279.13217,284.40976,274.9662,7.494141e-06
2006-11-07,0.0,277.72156,286.88657,269.70636,5.907414e-06
2006-11-08,0.0,279.17786,289.94955,269.84418,6.747296e-06
2006-11-09,0.0,282.0344,290.96695,272.36282,7.44102e-06
2006-11-10,0.0,277.72992,285.05157,272.65317,1.4088294e-05
2006-11-11,0.0,277.1103,281.38074,269.84476,6.655179e-06
2006-11-12,0.0,279.1403,282.57193,274.18542,9.378185e-06
2006-11-13,2.398852e-05,278.9211,282.80252,273.08063,7.1536065e-06
2006-11-14,0.0,280.8506,286.29086,274.3752,5.90461e-06
2006-11-15,0.0,282.32736,291.99155,274.1722,7.4632594e-06
2006-11-16,0.0,285.6404,293.05045,274.17822,2.0744716e-05
2006-11-17,0.0,286.96863,293.13443,284.0186,1.8981964e-05
2006-11-18,0.0,283.62546,291.61798,277.6442,1.4972122e-05
2006-11-19,0.0,281.7551,286.36697,278.24683,5.8547107e-06
2006-11-20,0.0,281.164,282.5711,277.20465,4.6296295e-06
2006-11-21,6.239474e-05,280.43393,284.07333,276.66638,5.830381e-06
2006-11-22,3.587184e-05,279.731,280.8008,277.9401,5.6800036e-06
2006-11-23,0.0002573254,279.72403,285.25327,276.90527,7.9669535e-06
2006-11-24,0.0,281.2244,285.9316,273.9263,6.5577824e-06
2006-11-25,0.0,287.09613,290.60257,279.9058,1.883799e-05
2006-11-26,0.0,281.30917,285.5626,276.90527,4.608992e-06
2006-11-27,0.0,280.77515,282.7292,281.7955,4.6296295e-06
2006-11-28,2.0035614e-07,280.2549,281.94424,280.3516,4.530214e-06
2006-11-29,0.0,279.803,280.8022,278.97552,5.787037e-06
2006-11-30,0.0,280.6404,283.34125,278.10336,6.765561e-06
2006-12-01,0.0,279.5262,281.81897,277.8978,5.7645575e-06
2006-12-02,0.0,276.31577,279.99542,273.5686,4.6296295e-06
2006-12-03,0.0,274.07394,278.28033,270.99176,1.4461322e-06
2006-12-04,0.0,275.2482,277.91953,270.08505,3.5689693e-06
2006-12-05,4.9639507e-06,278.03278,283.06412,272.42944,2.670031e-06
2006-12-06,0.0,285.07578,289.11987,274.66824,1.263112e-05
2006-12-07,0.0,281.753,285.7337,278.96716,6.9444445e-06
2006-12-08,0.0,285.83136,289.08414,277.0043,1.6823147e-05
2006-12-09,4.2524335e-09,283.52084,286.9076,279.4686,9.566853e-06
2006-12-10,7.023527e-05,278.9353,283.43503,277.66974,4.572687e-06
2006-12-11,4.1263385e-05,275.74734,280.17667,273.13922,1.4884306e-06
2006-12-12,0.0,274.024,277.9136,269.15518,1.1599656e-06
2006-12-13,0.0,273.1619,276.47156,270.87256,1.6791128e-06
2006-12-14,0.0,273.79175,276.1235,271.14005,2.2349968e-06
2006-12-15,0.0,272.43225,273.75616,270.49405,2.3110572e-06
2006-12-16,0.0,272.74454,273.7698,272.21307,3.4516722e-06
2006-12-17,0.0,274.33115,275.47803,272.01428,3.4722223e-06
2006-12-18,4.9542854e-05,276.39655,277.6521,275.2177,7.2815246e-06
2006-12-19,1.1908366e-05,275.3559,277.00333,274.5432,1.3107744e-05
2006-12-20,0.0,274.04013,278.11597,268.92422,4.488002e-06
2006-12-21,0.0,277.0927,279.26108,272.6427,6.765977e-06
2006-12-22,9.647637e-07,275.56787,279.2652,272.66364,4.711065e-06
2006-12-23,0.0,273.50726,279.27982,270.02164,1.1370438e-06
2006-12-24,0.0,274.23242,274.8517,270.9584,3.4722223e-06
2006-12-25,0.0,274.3763,279.2102,272.39755,3.8095764e-06
2006-12-26,0.0,272.9441,277.46738,269.15457,3.1222958e-06
2006-12-27,0.0,270.8368,277.1758,266.13544,0.0
2006-12-28,0.0,270.11453,273.45642,266.71457,2.3145699e-06
2006-12-29,0.0,271.03778,274.30524,268.95923,2.3148148e-06
2006-12-30,0.0,271.67468,273.67703,267.87262,2.3148148e-06
2006-12-31,0.0,271.52698,274.9255,271.11957,2.3148148e-06
2007-01-01,0.0,279.3795,284.12003,270.33075,8.725404e-06
2007-01-02,3.8346145e-05,275.65097,281.34814,273.10165,5.7756424e-06
2007-01-03,0.0,275.0346,281.77252,269.81265,4.835486e-06
2007-01-04,0.0,277.62772,281.02887,270.87946,8.092143e-06
2007-01-05,4.0248437e-06,276.92847,282.81223,271.0788,5.0122408e-06
2007-01-06,0.0,279.22977,283.95496,274.6427,5.787037e-06
2007-01-07,0.0,278.54816,286.4931,274.16086,3.883771e-06
2007-01-08,0.0,277.25522,284.15518,270.56192,3.5542153e-06
2007-01-09,0.0,280.44516,285.1084,270.86478,3.891019e-06
2007-01-10,0.0,281.55292,287.07233,277.4539,8.964836e-06
2007-01-11,0.0,283.16483,288.81546,276.86673,1.2103014e-05
2007-01-12,0.0,278.96375,285.45203,274.1785,1.3112432e-05
2007-01-13,0.0,278.7438,288.54926,272.8336,6.083792e-06
2007-01-14,0.0,277.6683,286.08142,270.14578,4.8004113e-06
2007-01-15,0.0,277.4489,285.718,271.14102,4.0945624e-06
2007-01-16,0.0,275.0507,282.02948,269.14136,2.754864e-06
2007-01-17,0.0,276.81482,285.29044,271.36435,5.8656697e-06
2007-01-18,0.0,281.15408,285.79092,271.00177,1.8172592e-05
2007-01-19,0.0,280.4433,285.3936,276.5,9.269487e-06
2007-01-20,4.979423e-05,277.3411,281.30228,274.25,3.6368235e-06
2007-01-21,0.0,279.24237,284.86908,272.28815,5.9445915e-06
2007-01-22,1.0516956e-05,277.89236,281.09433,277.9601,4.6296295e-06
2007-01-23,3.94937e-05,275.52716,276.81644,275.4781,4.6296295e-06
2007-01-24,0.00015312029,274.39404,280.91864,272.2279,4.373114e-06
2007-01-25,6.315776e-05,271.0118,274.1019,267.63437,3.4261475e-06
2007-01-26,1.0230392e-08,269.72656,274.36768,267.92578,2.1391359e-06
2007-01-27,0.0,272.0936,277.29773,264.52396,4.6296295e-06
2007-01-28,8.447892e-08,274.1409,279.88425,269.10626,5.7900365e-06
2007-01-29,0.0,278.2509,283.94513,270.90112,1.5171439e-05
2007-01-30,0.0,277.11615,285.6714,271.0936,6.4672968e-06
2007-01-31,0.0,275.8336,283.3588,270.6394,8.879899e-06
2007-02-01,0.0,278.04407,285.9366,271.45544,1.6984097e-05
2007-02-02,0.0,276.73737,282.38354,269.82043,6.125255e-06
2007-02-03,0.0,277.2621,283.43277,271.57867,2.0081345e-05
2007-02-04,1.3713475e-08,274.89905,282.56897,270.36795,1.317067e-05
2007-02-05,0.0,277.58466,286.65292,267.82013,1.2663615e-05
2007-02-06,0.0,278.51276,284.38834,271.45605,9.228832e-06
2007-02-07,6.215183e-05,277.8756,280.1292,276.7264,4.6296295e-06
2007-02-08,5.6008236e-07,282.18854,285.66202,275.8803,1.7545251e-05
2007-02-09,2.6374238e-07,279.867,284.8056,276.3923,9.071437e-06
2007-02-10,6.089797e-06,277.82187,285.1636,272.3635,7.392404e-06
2007-02-11,0.0,277.14587,281.02664,272.27155,5.7944344e-06
2007-02-12,7.988425e-07,280.95184,286.0879,272.19562,1.3071312e-05
2007-02-13,0.00023188048,279.88474,284.96606,277.67618,1.2468534e-05
2007-02-14,0.0,279.68048,286.43436,272.53253,1.5126296e-05
2007-02-15,0.0,278.65836,283.05203,276.09186,8.845604e-06
2007-02-16,1.1230519e-05,278.3547,280.26004,273.99374,1.0416667e-05
2007-02-17,0.0,276.47638,280.5159,273.7307,8.096684e-06
2007-02-18,0.0,276.05405,278.65747,271.76318,7.776885e-06
2007-02-19,0.0,274.46573,281.97653,269.14542,8.35113e-06
2007-02-20,0.0,277.86136,285.455,272.0357,1.1337755e-05
2007-02-21,0.0,278.54523,284.29434,272.25034,9.689668e-06
2007-02-22,0.0,279.58865,284.73083,275.8178,9.333476e-06
2007-02-23,0.0,281.59277,286.89594,278.91,1.1593988e-05
2007-02-24,0.0,278.05795,281.6315,276.00842,1.2662771e-05
2007-02-25,0.0,276.35284,279.92038,273.05545,9.264146e-06
2007-02-26,0.00017888739,275.96124,280.64645,273.27368,8.073041e-06
2007-02-27,0.0,278.52847,284.73126,272.67316,1.2840475e-05
2007-02-28,1.7862959e-06,281.04718,285.1048,275.76007,1.4545684e-05
2007-03-01,5.3625636e-06,283.5981,288.7912,275.54047,1.8009845e-05
2007-03-02,1.4251968e-06,280.16452,285.45502,276.86328,1.0333167e-05
2007-03-03,1.943568e-05,278.0999,283.25204,272.72852,8.303518e-06
2007-03-04,4.380367e-06,279.49146,286.12558,273.71558,2.075118e-05
2007-03-05,0.0,281.24866,288.4998,271.31876,2.0122328e-05
2007-03-06,0.0,283.5901,290.1194,275.0791,2.3107787e-05
2007-03-07,0.0,283.4701,290.3002,276.7987,1.8734749e-05
2007-03-08,6.4405344e-06,281.916,284.20078,280.90762,8.569146e-06
2007-03-09,0.00017584054,281.4617,284.07498,279.04822,1.8990297e-05
2007-03-10,0.0,280.89777,286.58627,276.42355,2.4465973e-05
2007-03-11,0.0,279.31833,285.35345,275.9292,2.558534e-05
2007-03-12,0.0,280.3019,288.9355,272.05557,2.2194385e-05
2007-03-13,0.0,281.84558,291.57385,272.7729,2.152056e-05
2007-03-14,0.0,284.6647,292.4433,274.95718,2.8152255e-05
2007-03-15,0.0,281.65475,288.40067,278.13263,2.388045e-05
2007-03-16,0.0,281.0848,289.37283,272.33142,2.0684318e-05
2007-03-17,0.0,283.9862,291.86713,272.61267,2.3387202e-05
2007-03-18,0.0,285.05786,292.7853,273.82358,3.8619037e-05
2007-03-19,7.799414e-08,276.44293,287.01373,273.5936,1.087598e-05
2007-03-20,0.0005430376,274.72925,277.27194,273.03638,6.676633e-06
2007-03-21,2.3523497e-05,275.20825,279.87653,271.92947,1.0538823e-05
2007-03-22,0.0,276.9076,280.91156,270.06595,1.6439093e-05
2007-03-23,0.0,279.20462,283.45474,275.35965,2.447602e-05
2007-03-24,0.00017442061,277.19788,279.72113,274.50754,8.077081e-06
2007-03-25,4.9041715e-05,281.28824,287.23795,275.921,2.5100666e-05
2007-03-26,0.0,281.7086,286.6411,276.44815,2.744294e-05
2007-03-27,0.0,280.52982,286.32764,276.30258,2.6649168e-05
2007-03-28,0.0,279.94315,286.27957,272.25775,2.5438738e-05
2007-03-29,1.743915e-06,279.50116,284.543,277.97327,1.8919085e-05
2007-03-30,0.0,281.57275,285.86865,271.80597,1.7361112e-05
2007-03-31,0.0,283.4795,288.04816,279.59998,2.1214099e-05
2007-04-01,3.4872993e-08,284.98694,290.04825,278.93076,2.7163487e-05
2007-04-02,0.0,283.8742,290.44986,278.5138,2.994321e-05
2007-04-03,0.0,283.88974,292.1009,274.95514,3.1046457e-05
2007-04-04,1.1017655e-05,281.17764,285.11612,279.79166,1.9566749e-05
2007-04-05,7.1738407e-07,280.04572,287.8281,271.67664,3.11729e-05
2007-04-06,0.0,284.88992,292.92004,273.02206,3.4915483e-05
2007-04-07,0.0,286.32123,292.41486,278.53302,3.6910358e-05
2007-04-08,2.4380588e-06,282.9224,289.00195,279.4134,2.8537235e-05
2007-04-09,7.2823286e-07,284.84567,293.2594,274.05734,3.3631703e-05
2007-04-10,0.0,287.8189,295.5371,277.1877,4.0281815e-05
2007-04-11,0.0,285.53488,292.79672,276.71506,3.3130535e-05
2007-04-12,0.0,286.46664,295.04712,277.1426,3.595433e-05
2007-04-13,0.0,288.22202,296.3559,277.49506,3.8835886e-05
2007-04-14,0.0,287.95248,296.80704,278.79272,4.016464e-05
2007-04-15,0.0,287.6649,295.4925,278.408,4.237758e-05
2007-04-16,0.0,285.72186,292.29184,278.46277,4.0189534e-05
2007-04-17,0.0,286.59076,295.0899,275.19223,3.827964e-05
2007-04-18,0.0,285.48767,292.93884,277.0871,3.2677675e-05
2007-04-19,5.5955713e-08,283.3389,289.95956,276.11398,3.4490502e-05
2007-04-20,0.0,287.1657,295.06732,275.7512,4.272659e-05
2007-04-21,0.0,284.36096,290.5702,278.8969,4.159879e-05
2007-04-22,0.0,284.39758,292.72977,275.88916,3.883681e-05
2007-04-23,0.0,287.8346,296.31744,275.67255,4.3742057e-05
2007-04-24,0.0,287.39124,293.34583,282.4882,2.5595016e-05
2007-04-25,5.973386e-07,287.30185,294.16602,280.6814,4.4989716e-05
2007-04-26,2.3667694e-06,287.45602,295.07925,277.69104,4.025397e-05
2007-04-27,0.0,287.1066,295.96957,277.4174,4.2824075e-05
2007-04-28,0.0,288.3323,297.65164,277.0218,4.614754e-05
2007-04-29,0.0,289.5812,298.13116,278.26596,5.0394996e-05
2007-04-30,1.079519e-05,285.4587,290.78113,282.87833,3.9079427e-05
2007-05-01,0.0,285.26215,290.5583,276.91248,3.9524308e-05
2007-05-02,0.0,284.48752,290.2473,280.09222,4.0170744e-05
2007-05-03,0.0,288.43835,293.87866,278.58252,3.664845e-05
2007-05-04,0.0,287.62762,291.90436,285.47882,2.5838117e-05
2007-05-05,0.000262866,287.8227,292.9527,283.13925,3.0502726e-05
2007-05-06,4.611965e-05,288.00525,294.0172,283.65417,3.399009e-05
2007-05-07,7.3858614e-06,290.3153,297.0913,283.5245,4.6595615e-05
2007-05-08,0.0,289.03802,296.66974,283.9842,3.4623077e-05
2007-05-09,2.4652496e-05,287.75128,292.07285,284.9666,2.4862902e-05
2007-05-10,8.4999e-07,290.68454,296.86795,284.89975,4.0943698e-05
2007-05-11,0.0,293.76688,300.70868,283.7826,6.4493564e-05
2007-05-12,4.536102e-05,289.68503,295.2185,286.4564,2.9920944e-05
2007-05-13,2.2793365e-05,293.5691,298.97107,285.04422,5.069673e-05
2007-05-14,0.0,296.3337,302.39813,288.88577,7.256786e-05
2007-05-15,0.0,287.30667,295.5622,285.49893,2.3372406e-05
2007-05-16,0.00012255397,284.51712,289.42245,279.8724,2.4183346e-05
2007-05-17,7.699751e-06,285.40842,292.22403,278.74805,3.961077e-05
2007-05-18,9.686031e-05,286.07034,291.04282,279.73022,5.6155714e-05
2007-05-19,0.0,287.93628,293.47238,278.8611,4.5324832e-05
2007-05-20,0.0,291.3207,298.18265,283.80307,4.6450437e-05
2007-05-21,0.0,292.97864,300.0397,284.21063,5.3473017e-05
2007-05-22,0.0,294.88623,302.82043,286.39517,6.387249e-05
2007-05-23,1.1848567e-06,293.88068,301.7605,287.9393,5.875132e-05
2007-05-24,5.9748477e-06,295.2065,301.64703,287.65073,5.818592e-05
2007-05-25,3.0919653e-06,296.9374,303.26785,288.42007,6.134363e-05
2007-05-26,4.807574e-07,297.01553,302.64618,287.9979,6.364866e-05
2007-05-27,0.0,294.7429,300.7254,289.34296,6.048526e-05
2007-05-28,2.3098657e-05,290.8413,296.05328,287.434,3.335239e-05
2007-05-29,0.00011379785,287.773,292.72018,283.85556,3.899433e-05
2007-05-30,3.4628327e-05,284.80777,288.55527,283.0733,2.2817674e-05
2007-05-31,3.2494747e-06,288.5856,294.3052,279.95206,4.4659995e-05
2007-06-01,0.0,291.48764,297.439,281.0414,5.5038538e-05
2007-06-02,6.0948827e-07,290.27966,296.0609,285.19632,3.999507e-05
2007-06-03,1.9365849e-05,292.5675,298.91904,285.3597,4.8270194e-05
2007-06-04,2.7810744e-05,291.0697,297.10782,288.39453,3.5864563e-05
2007-06-05,0.00016548662,292.14124,297.5551,288.64807,3.754287e-05
2007-06-06,0.00014333928,292.29663,298.367,288.84695,3.9224342e-05
2007-06-07,2.066433e-05,291.8634,298.38077,286.62643,3.719798e-05
2007-06-08,6.1217455e-05,292.1028,300.0416,287.3679,4.5618122e-05
2007-06-09,6.189599e-05,294.26987,301.16998,285.68317,5.327474e-05
2007-06-10,3.7598932e-06,295.27475,302.05573,286.57867,5.8321486e-05
2007-06-11,0.0,295.40762,301.20322,288.97253,5.5268643e-05
2007-06-12,2.9732264e-05,292.7932,300.55325,289.4751,5.1043953e-05
2007-06-13,2.2402683e-05,295.13205,301.12662,287.4922,5.6349447e-05
2007-06-14,0.0,296.14978,301.86902,287.65692,6.252526e-05
2007-06-15,4.930949e-08,297.0911,302.92584,287.96912,6.70178e-05
2007-06-16,2.3167029e-06,294.9754,299.82132,290.4168,5.3917276e-05
2007-06-17,1.9491682e-07,295.63217,301.1316,288.37457,6.0662045e-05
2007-06-18,0.0,296.48785,302.82233,288.2916,5.62121e-05
2007-06-19,9.41932e-06,296.38077,302.7934,290.04657,5.920138e-05
2007-06-20,8.075577e-06,298.78186,305.27994,288.12686,6.311904e-05
2007-06-21,0.0,298.5377,306.9407,292.67276,6.639639e-05
2007-06-22,8.207533e-06,297.9174,304.5781,289.9335,7.0452006e-05
2007-06-23,1.9670742e-06,292.40265,298.38794,288.55893,3.8417453e-05
2007-06-24,7.676072e-06,296.32236,302.15555,290.54254,5.4909906e-05
2007-06-25,0.0,299.6214,305.83966,287.52924,6.667141e-05
2007-06-26,0.0,292.14325,299.58414,289.74017,4.79603e-05
2007-06-27,3.3267017e-06,288.85684,292.55862,284.6037,2.8442486e-05
2007-06-28,0.00011554815,290.1579,295.46695,286.0067,4.178057e-05
2007-06-29,9.228261e-06,292.35678,298.35046,285.69897,4.913542e-05
2007-06-30,2.2686109e-08,292.53467,298.50723,288.04462,4.2821823e-05
2007-07-01,6.145482e-06,295.7936,302.47736,284.36118,5.992e-05
2007-07-02,0.0,298.3521,304.6619,287.43002,7.581566e-05
2007-07-03,2.0427082e-05,295.62784,300.50607,287.53003,6.1136445e-05
2007-07-04,0.0,287.94315,296.19852,285.43723,1.8800887e-05
2007-07-05,0.00023148951,291.19354,297.6928,283.93307,5.583545e-05
2007-07-06,1.984686e-06,293.53262,299.76672,285.44327,5.0255323e-05
2007-07-07,0.0,294.83423,301.27676,286.83997,5.800901e-05
2007-07-08,1.6538967e-05,296.19885,301.68896,290.22208,5.6674522e-05
2007-07-09,5.148352e-06,296.7668,304.543,290.0489,6.19243e-05
2007-07-10,0.0002599357,286.3741,295.13345,286.2328,3.0806394e-05
2007-07-11,4.0017905e-05,287.99765,294.1505,281.81473,4.0445826e-05
2007-07-12,1.3551613e-05,290.66626,296.16602,282.5544,4.434324e-05
2007-07-13,1.1928885e-05,293.2892,299.90027,285.01938,5.526864e-05
2007-07-14,0.0,296.90927,303.54355,286.21677,6.362279e-05
2007-07-15,0.0,298.51218,306.10464,288.8518,6.6987166e-05
2007-07-16,0.0,300.0274,307.40665,289.27612,7.852829e-05
2007-07-17,0.0,300.86288,310.1563,289.62064,7.484709e-05
2007-07-18,0.0,301.1781,309.3871,289.94907,6.990408e-05
2007-07-19,0.0,300.9123,308.68613,293.49133,6.1945684e-05
2007-07-20,0.0,301.67838,311.56653,291.46063,7.217315e-05
2007-07-21,1.8160392e-06,300.37704,307.70358,289.74866,6.444533e-05
2007-07-22,0.0,299.24725,307.41125,291.92197,8.053278e-05
2007-07-23,0.0,298.95187,305.24203,286.8559,6.772353e-05
2007-07-24,0.0,294.3042,303.21344,288.93936,4.473228e-05
2007-07-25,8.6929176e-05,292.40088,300.17065,284.9293,5.701123e-05
2007-07-26,0.0,294.5103,302.33936,284.05713,6.0128652e-05
2007-07-27,0.0,296.27383,305.10208,284.6933,6.523404e-05
2007-07-28,2.444222e-06,295.4361,305.21558,290.54327,6.1531064e-05
2007-07-29,3.4015e-05,294.9402,301.20023,291.72394,4.1284275e-05
2007-07-30,0.00012765796,287.6728,293.96225,286.4,1.503913e-05
2007-07-31,0.00028605622,289.0247,295.0889,283.30612,4.467494e-05
2007-08-01,0.0,289.78802,296.93243,283.30402,5.0983002e-05
2007-08-02,0.0,292.7119,300.99417,281.56235,5.498464e-05
2007-08-03,0.0,291.30124,294.5005,287.15524,2.3590204e-05
2007-08-04,4.9829217e-05,291.3299,297.55136,286.36307,5.1529452e-05
2007-08-05,0.0,292.5239,298.48868,285.77228,6.119241e-05
2007-08-06,0.0,294.04565,301.98422,285.89578,5.2668678e-05
2007-08-07,0.0,295.9481,303.61075,286.25848,5.4019787e-05
2007-08-08,1.6405676e-05,295.77823,302.981,288.26392,4.680596e-05
2007-08-09,0.0,294.16193,302.79202,290.38077,4.5104436e-05
2007-08-10,0.00011371915,291.80527,295.3103,288.81754,2.5060124e-05
2007-08-11,0.00023152135,289.7806,292.26398,288.62936,1.739493e-05
2007-08-12,0.0001895526,292.41797,298.42062,287.57724,3.438423e-05
2007-08-13,7.159736e-05,293.74518,300.5732,285.95383,4.7173613e-05
2007-08-14,4.341776e-08,295.2994,301.5183,288.18646,5.0522707e-05
2007-08-15,3.995023e-06,296.28116,303.54782,288.70462,5.5555556e-05
2007-08-16,0.0,297.85297,305.38046,288.62122,6.124727e-05
2007-08-17,0.0,293.40054,300.9565,288.7946,5.0858518e-05
2007-08-18,2.2173712e-05,293.30075,299.03357,286.44904,4.26184e-05
2007-08-19,1.7878944e-09,293.23618,299.63242,289.24564,3.4902027e-05
2007-08-20,9.960154e-07,289.91727,295.01797,288.1528,2.094912e-05
2007-08-21,0.00016087102,293.34564,298.9859,287.14212,4.6621397e-05
2007-08-22,5.7445224e-05,294.5605,300.05344,289.75113,4.7312238e-05
2007-08-23,2.323577e-05,294.5058,302.00674,290.6572,4.8809103e-05
2007-08-24,3.4046094e-05,295.40067,301.1348,288.1446,4.1666422e-05
2007-08-25,0.0,295.14746,301.52368,291.34595,4.2032887e-05
2007-08-26,0.0,295.171,302.53323,288.76254,4.8459544e-05
2007-08-27,0.0,295.74988,303.2318,288.17154,4.956247e-05
2007-08-28,0.0,292.48935,297.3178,288.5598,3.7044312e-05
2007-08-29,2.391425e-05,289.23862,291.77475,287.79932,1.3888889e-05
2007-08-30,0.00022907411,286.2322,289.52536,285.49872,1.4430885e-05
2007-08-31,7.624286e-05,288.21628,290.67294,283.87857,1.7068205e-05
2007-09-01,0.0,288.788,295.9553,283.59183,3.5186153e-05
2007-09-02,6.5048457e-06,289.71066,295.19754,284.38925,3.1974552e-05
2007-09-03,0.0,291.26056,297.42438,286.85684,3.845871e-05
2007-09-04,0.00021914126,284.29388,290.27673,284.90692,1.4417281e-05
2007-09-05,2.694131e-05,283.11642,288.1857,278.19907,2.9929379e-05
2007-09-06,0.00011823522,282.59616,284.3448,281.41672,1.4121437e-05
2007-09-07,0.00020877182,284.39203,285.767,281.5945,9.158164e-06
2007-09-08,0.00025884455,287.98724,292.4479,284.74432,2.1762098e-05
2007-09-09,0.0,286.91367,295.2699,282.67255,2.7182243e-05
2007-09-10,0.0,288.0302,293.8188,278.51617,2.9934241e-05
2007-09-11,3.4721008e-05,287.0918,292.0271,285.45084,3.0727886e-05
2007-09-12,4.0776224e-05,286.87268,292.16986,281.5052,2.7366466e-05
2007-09-13,0.0,286.93906,293.65778,281.64526,2.7570659e-05
2007-09-14,0.0,287.8777,295.2072,279.9745,3.132912e-05
2007-09-15,1.417646e-06,289.5134,296.99863,284.2836,2.6384883e-05
2007-09-16,0.0,290.10846,296.596,282.84796,3.2491716e-05
2007-09-17,0.0,291.52295,298.73383,283.1894,3.0834755e-05
2007-09-18,0.0,287.74112,294.2307,284.44785,1.3964967e-05
2007-09-19,0.00058314606,283.80844,289.3483,280.1459,2.084428e-05
2007-09-20,0.0,282.68616,289.86047,276.54507,2.4565465e-05
2007-09-21,0.0,282.90616,291.35733,275.95123,2.4653988e-05
2007-09-22,0.0,284.03436,292.937,276.5236,2.5117648e-05
2007-09-23,0.0,285.3048,294.05945,277.2519,2.4425508e-05
2007-09-24,0.0,285.62985,294.39658,278.77917,2.6296042e-05
2007-09-25,0.0,287.64188,294.7677,280.01062,2.2049438e-05
2007-09-26,0.0,287.27863,290.8503,284.97845,1.7785791e-05
2007-09-27,0.00015614525,285.72867,289.41278,283.80432,1.2738182e-05
2007-09-28,0.00032063317,286.13705,290.64304,283.59793,2.314075e-05
2007-09-29,2.2588569e-05,286.4515,293.2866,280.7882,2.5765024e-05
2007-09-30,0.0,285.86325,295.27637,278.4747,2.3148148e-05
2007-10-01,0.0,286.26666,294.79977,278.81866,2.3082193e-05
2007-10-02,0.0,287.4541,295.51645,279.285,2.0837264e-05
2007-10-03,0.0,288.8185,295.77597,282.07938,2.0829391e-05
2007-10-04,1.861163e-09,287.75732,291.2758,284.25113,9.982987e-06
2007-10-05,0.0,288.60022,293.41983,284.1824,1.13561e-05
2007-10-06,3.7767535e-05,285.67603,289.018,284.97934,1.3881491e-05
2007-10-07,0.0,283.18723,289.4833,279.87402,1.8399684e-05
2007-10-08,0.0,283.42053,291.4904,275.53143,1.7068243e-05
2007-10-09,0.0,283.36945,290.54306,277.5028,1.6271862e-05
2007-10-10,0.0,283.97272,287.50952,278.9116,1.14675495e-05
2007-10-11,0.0,285.2315,288.72504,282.70657,1.8369632e-05
2007-10-12,0.0,284.42606,290.83414,278.4744,1.444748e-05
2007-10-13,0.0,281.88364,288.29797,279.50024,2.0476275e-05
2007-10-14,0.0,278.96448,286.26385,274.2694,1.5665286e-05
2007-10-15,0.0,278.4968,287.28348,271.75,1.4373055e-05
2007-10-16,0.0,280.7707,289.59406,271.81113,1.32643845e-05
2007-10-17,0.0,281.96457,290.9738,273.73953,1.3946648e-05
2007-10-18,0.0,280.95874,286.2345,275.9261,7.981617e-06
2007-10-19,8.1243015e-05,278.52264,284.37573,275.27005,1.4846249e-05
2007-10-20,1.634887e-06,275.9553,280.02704,271.07327,8.22645e-06
2007-10-21,5.67236e-06,278.3777,279.97122,275.27777,9.784434e-06
2007-10-22,1.8752626e-06,278.27972,279.48495,276.93646,1.0246545e-05
2007-10-23,0.00014868063,278.2065,280.00937,277.42484,6.4336587e-06
2007-10-24,0.00015867442,279.39532,280.18112,276.83472,5.229028e-06
2007-10-25,8.932776e-06,280.88724,283.42444,278.73126,6.7691817e-06
2007-10-26,2.0120006e-05,279.32617,281.3908,277.81717,6.1735295e-06
2007-10-27,4.528151e-05,280.79044,282.51865,279.20322,5.787037e-06
2007-10-28,2.5731011e-05,281.39197,281.92642,280.5848,5.787037e-06
2007-10-29,0.00015387309,282.00772,285.76706,280.28015,6.587683e-06
2007-10-30,0.0,281.9062,284.12222,279.03113,6.943023e-06
2007-10-31,2.6318394e-05,282.11438,286.44763,280.49182,1.5841735e-05
2007-11-01,0.0,278.6647,285.31622,274.04898,1.0758241e-05
2007-11-02,0.0,280.82666,286.58368,272.89987,7.2903395e-06
2007-11-03,0.0,281.74478,287.4544,278.81973,7.571313e-06
2007-11-04,0.0,280.83713,283.41693,278.06122,6.538879e-06
2007-11-05,3.719289e-06,277.238,283.44785,272.95636,8.9416935e-06
2007-11-06,0.0,273.57178,278.7188,270.99014,4.6296295e-06
2007-11-07,0.0,278.93253,283.71896,271.53647,1.0416667e-05
2007-11-08,0.0,279.2708,286.8704,272.2966,7.101163e-06
2007-11-09,1.7869947e-06,277.82175,280.7332,274.8706,8.701625e-06
2007-11-10,0.000116815994,277.95868,283.6764,270.8292,1.2028225e-05
2007-11-11,2.8277746e-06,280.0191,284.7547,273.73328,1.2731482e-05
2007-11-12,2.716869e-05,276.82745,282.5086,273.1471,1.228112e-05
2007-11-13,0.0,275.25482,281.56247,270.9592,6.8876734e-06
2007-11-14,1.3715814e-05,276.4149,278.89798,272.63046,5.7798707e-06
2007-11-15,6.458959e-06,275.54163,276.8298,275.46808,1.4525522e-05
2007-11-16,0.0,274.44156,277.21024,273.33835,9.065965e-06
2007-11-17,0.0,273.87332,276.41638,273.1317,7.907984e-06
2007-11-18,2.5436653e-05,273.72064,274.2769,272.98688,2.3148148e-06
2007-11-19,8.056176e-05,274.50073,276.0029,273.54138,3.4722223e-06
2007-11-20,0.0,273.47382,275.08948,271.95474,3.589474e-06
2007-11-21,0.0,278.32294,282.2289,272.93515,7.123691e-06
2007-11-22,0.0,283.12436,288.1775,275.01904,1.0979736e-05
2007-11-23,0.0,284.75626,289.40576,282.01175,1.0298317e-05
2007-11-24,0.0,281.24857,287.22787,279.45108,6.0735956e-06
2007-11-25,1.673298e-07,279.14822,281.42484,276.04077,4.6296295e-06
2007-11-26,0.00013360141,277.12988,281.44275,273.92487,9.9863155e-06
2007-11-27,0.0,273.93008,280.42554,271.38333,4.2096635e-06
2007-11-28,0.0,271.9016,277.36133,267.7809,1.9654053e-06
2007-11-29,0.0,271.37527,277.37653,268.4019,2.1204703e-06
2007-11-30,0.0,272.3469,276.6352,268.9185,1.552279e-06
2007-12-01,0.0,274.82324,281.21658,271.7171,2.5088586e-06
2007-12-02,0.0,277.126,281.327,272.04102,4.843215e-06
2007-12-03,3.6815036e-06,279.36972,284.367,274.40994,8.990615e-06
2007-12-04,5.3189393e-05,274.34814,280.11032,271.28726,4.7781564e-06
2007-12-05,0.0,276.7305,281.50446,269.92624,5.5647297e-06
2007-12-06,0.0,274.81064,282.35562,271.24582,2.3148148e-06
2007-12-07,0.0,276.53516,280.381,271.6891,4.6296295e-06
2007-12-08,0.00017152655,278.05573,281.36545,275.8352,5.670868e-06
2007-12-09,0.0,276.47446,280.2043,271.6948,4.506137e-06
2007-12-10,4.1399817e-05,277.04852,279.0385,274.82034,2.3148148e-06
2007-12-11,1.6429061e-06,277.27463,280.23703,273.26404,3.6976357e-06
2007-12-12,4.889125e-05,277.515,278.0349,276.42596,5.1208117e-06
2007-12-13,0.00011673913,276.83527,280.1038,274.5568,1.5150726e-05
2007-12-14,0.0,272.11118,275.78943,271.44858,9.988082e-06
2007-12-15,2.2087968e-05,272.03726,273.36063,270.1812,4.513521e-06
2007-12-16,3.719912e-05,272.10464,273.7986,271.73044,2.9401092e-06
2007-12-17,7.6274428e-06,271.26505,272.48395,271.01202,3.3414306e-06
2007-12-18,3.9897415e-07,269.23785,273.89908,266.66895,1.1574074e-06
2007-12-19,0.0,269.08798,270.87115,263.8472,2.1386256e-06
2007-12-20,0.0,268.502,270.6812,268.9102,2.3378325e-06
2007-12-21,0.0,267.84637,268.69672,267.9196,2.3148148e-06
2007-12-22,3.2998847e-07,268.08853,268.49423,267.84024,2.3148148e-06
2007-12-23,0.0,268.29028,268.70682,268.46478,2.3148148e-06
2007-12-24,0.0,268.9826,269.93323,267.80905,1.1574074e-06
2007-12-25,1.5908461e-05,269.5141,270.37094,265.6748,1.1977332e-06
2007-12-26,1.5902036e-05,270.9138,272.234,268.52475,2.3148148e-06
2007-12-27,0.0,271.18594,272.33588,270.29947,2.3148148e-06
2007-12-28,0.0,269.61096,270.67484,269.594,3.4722223e-06
2007-12-29,0.0,269.5497,270.05313,269.2428,2.3148148e-06
2007-12-30,0.0,268.41302,269.19742,268.22153,2.3148148e-06
2007-12-31,0.0,270.70215,272.7231,267.62698,1.1574074e-06
2008-01-01,2.8972281e-06,271.85144,274.20258,267.21286,2.4806154e-06
2008-01-02,7.1729437e-06,271.32486,273.24976,268.8784,2.3148148e-06
2008-01-03,0.0,270.9175,272.38214,269.60483,2.3148148e-06
2008-01-04,0.0,268.50714,270.73862,268.05692,2.3148148e-06
2008-01-05,0.0,269.14606,270.46445,267.1733,2.3148148e-06
2008-01-06,2.7347434e-07,272.66296,275.45074,269.17325,1.1608205e-06
2008-01-07,1.2984151e-06,273.49304,275.65958,268.114,1.5586952e-06
2008-01-08,3.9147617e-06,273.59216,279.57495,268.36642,2.3148148e-06
2008-01-09,0.0,271.23953,273.47308,268.337,2.3148148e-06
2008-01-10,0.0,271.6213,272.26456,270.55222,2.3148148e-06
2008-01-11,0.0,275.6118,280.00345,270.7833,4.325123e-06
2008-01-12,2.8710997e-07,280.7791,286.9201,275.29837,7.88526e-06
2008-01-13,2.6083399e-07,277.72833,280.45602,276.58908,5.2836863e-06
2008-01-14,1.5575313e-05,276.9132,281.60458,275.15173,5.787037e-06
2008-01-15,0.0,277.53186,282.5331,271.7503,4.4139765e-06
2008-01-16,0.0,279.9015,283.48288,276.23544,8.341388e-06
2008-01-17,5.261719e-06,278.91705,281.45694,277.55835,4.6296295e-06
2008-01-18,5.215635e-06,278.803,282.60587,275.7177,4.4091753e-06
2008-01-19,0.0,278.576,281.13358,275.71164,3.4727286e-06
2008-01-20,9.5553666e-08,279.64264,286.71848,275.22186,4.6296295e-06
2008-01-21,0.0,277.8008,283.99585,274.49588,4.081386e-06
2008-01-22,0.0,276.50406,281.03564,271.74573,8.069037e-06
2008-01-23,1.4360003e-05,273.32886,279.16052,270.22476,8.33964e-06
2008-01-24,0.0,274.19092,281.15207,267.99127,5.72409e-06
2008-01-25,0.0,274.41476,280.24484,269.74323,5.4391303e-06
2008-01-26,0.0,273.73685,282.24945,267.88004,4.2272436e-06
2008-01-27,0.0,280.64795,285.85757,271.50708,1.956508e-05
2008-01-28,0.0,278.4883,283.69608,277.256,1.016359e-05
2008-01-29,0.0,276.64792,283.4251,271.7558,5.2934843e-06
2008-01-30,0.0,274.64456,280.34564,269.937,8.101852e-06
2008-01-31,0.0,276.40955,279.82855,271.93713,5.795125e-06
2008-02-01,0.0,278.87915,283.10178,271.21747,1.4505702e-05
2008-02-02,0.0,279.41888,283.76523,275.63354,1.2738102e-05
2008-02-03,8.072219e-05,277.36816,279.8073,274.10797,6.7427036e-06
2008-02-04,6.220119e-06,279.66672,283.72913,274.9976,8.101852e-06
2008-02-05,2.278249e-05,277.70486,282.106,274.58173,6.827607e-06
2008-02-06,1.3892947e-05,277.3524,281.42035,271.03204,5.3247404e-06
2008-02-07,0.0,277.15768,282.39383,272.96948,1.5974767e-05
2008-02-08,0.0,276.47168,281.51608,273.0717,1.1256192e-05
2008-02-09,0.0,275.06982,280.76352,271.27496,8.093345e-06
2008-02-10,0.0,275.63626,280.69632,270.3222,9.073411e-06
2008-02-11,0.0,274.05054,279.13058,270.81262,6.652065e-06
2008-02-12,0.0,272.5468,278.19382,269.0955,6.9359385e-06
2008-02-13,0.0,271.48547,279.86768,266.15268,7.111697e-06
2008-02-14,0.0,271.56256,274.5361,266.83734,4.773177e-06
2008-02-15,0.0,273.61874,277.1152,271.71,1.1289829e-05
2008-02-16,0.0,270.26044,274.5022,268.6628,1.5970552e-05
2008-02-17,0.0,268.57025,274.4894,263.09277,8.282012e-06
2008-02-18,0.0,275.62234,285.77997,266.41965,1.2716537e-05
2008-02-19,0.0,275.97495,285.24435,268.7652,1.1574074e-05
2008-02-20,0.0,277.43646,285.71133,267.1994,1.585316e-05
2008-02-21,0.0,278.62134,286.5914,270.59323,1.3299822e-05
2008-02-22,0.0,279.69556,288.32205,271.90637,1.3184902e-05
2008-02-23,1.7954918e-09,282.92914,290.3815,275.99915,1.7065357e-05
2008-02-24,0.0,282.656,291.63055,272.1692,1.9545929e-05
2008-02-25,0.0,283.20142,292.66302,272.61523,1.8049943e-05
2008-02-26,0.0,283.45868,292.29266,273.42557,2.4613391e-05
2008-02-27,0.0,282.8871,290.24252,275.45715,1.802257e-05
2008-02-28,3.8815833e-06,279.9177,285.636,276.6758,1.4152544e-05
2008-02-29,0.0,282.10272,288.9934,272.11957,1.7974739e-05
2008-03-01,0.0,281.96484,288.47437,279.53842,2.0187967e-05
2008-03-02,3.8270082e-05,284.31122,292.73853,275.9316,2.662715e-05
2008-03-03,0.0,285.18628,292.03888,275.307,2.078566e-05
2008-03-04,5.837216e-05,277.8036,286.3224,276.92535,1.3866707e-05
2008-03-05,6.567346e-06,275.99963,278.86072,275.047,1.810445e-05
2008-03-06,0.0,274.40878,277.77826,269.73267,1.1523038e-05
2008-03-07,0.0,277.10516,279.18002,275.13092,9.881757e-06
2008-03-08,3.434207e-05,277.64972,279.65952,275.8988,7.4442864e-06
2008-03-09,2.5072783e-05,280.03842,285.8252,275.1927,1.4988773e-05
2008-03-10,0.0,282.44855,288.1106,273.37964,2.0773774e-05
2008-03-11,0.0,279.40057,283.6626,278.085,1.0683238e-05
2008-03-12,3.147703e-05,282.9738,290.60355,273.20758,2.218302e-05
2008-03-13,1.603519e-05,280.3146,287.21625,274.75723,2.7991118e-05
2008-03-14,0.0,281.43118,286.16357,271.5886,1.8513912e-05
2008-03-15,0.0,281.97018,287.89905,274.40607,1.8887675e-05
2008-03-16,0.0,284.2583,292.01962,280.75,3.029205e-05
2008-03-17,2.1763557e-05,281.21848,290.08002,274.85797,2.4343246e-05
2008-03-18,4.0638613e-05,275.687,280.2308,273.83264,1.1214642e-05
2008-03-19,9.058767e-07,275.86575,282.633,269.09882,1.9458486e-05
2008-03-20,0.0,274.3962,281.762,270.31866,1.4419388e-05
2008-03-21,3.3706158e-07,278.28412,283.0731,268.63495,1.9803989e-05
2008-03-22,8.5154476e-05,275.06668,280.4366,274.0899,8.101852e-06
2008-03-23,5.6355017e-05,276.92422,279.07294,273.6047,1.04128385e-05
2008-03-24,0.0002552483,275.73618,279.66757,273.57642,1.2237544e-05
2008-03-25,1.190565e-05,275.3183,281.23657,272.6402,1.8325232e-05
2008-03-26,6.9947924e-07,277.54193,283.72043,269.4337,2.0448137e-05
2008-03-27,0.0,280.19608,284.76324,272.80884,1.6567248e-05
2008-03-28,2.1787152e-06,281.8566,285.23782,279.67783,1.7273975e-05
2008-03-29,1.2231094e-06,282.06686,287.82187,279.1978,2.1373004e-05
2008-03-30,0.0,282.00555,289.92273,271.49292,2.9576324e-05
2008-03-31,0.0,283.1176,290.59253,275.8631,3.0861844e-05
2008-04-01,0.0,285.39618,292.17416,276.6617,3.5414796e-05
2008-04-02,0.0,282.16998,287.69,280.11743,1.6159169e-05
2008-04-03,5.6962133e-05,280.71735,285.2089,273.51663,2.3943387e-05
2008-04-04,1.9383021e-06,282.15906,286.83154,278.83612,3.2484953e-05
2008-04-05,0.0,280.052,287.18994,274.38745,2.5190975e-05
2008-04-06,0.0,281.9856,289.40915,271.6163,2.8785216e-05
2008-04-07,8.037963e-06,280.11398,289.0757,276.73578,2.5896768e-05
2008-04-08,1.3451635e-05,279.63156,282.44983,277.24783,1.5046296e-05
2008-04-09,0.0,285.83994,293.072,274.65015,3.6435205e-05
2008-04-10,2.8985673e-07,288.2451,293.7029,284.38196,4.3870503e-05
2008-04-11,0.0,288.65802,293.7289,285.50888,3.232175e-05
2008-04-12,2.2367283e-06,283.36288,288.85168,282.1035,1.4039579e-05
2008-04-13,4.7926773e-05,282.71112,289.19568,279.74863,2.924908e-05
2008-04-14,0.0,282.97534,290.6376,273.31903,3.2897955e-05
2008-04-15,2.234897e-06,282.8363,285.2915,277.91846,2.0865413e-05
2008-04-16,2.2658702e-05,281.6172,288.05905,275.42496,2.8013339e-05
2008-04-17,3.79836e-05,282.22952,288.0806,274.76822,2.1709215e-05
2008-04-18,0.0,284.98682,291.61768,277.0066,2.596207e-05
2008-04-19,3.74558e-05,284.8425,292.88632,283.14996,3.3605244e-05
2008-04-20,1.60685e-05,287.0207,295.10577,276.09207,4.2687963e-05
2008-04-21,0.0,285.77563,294.91953,278.58682,3.628477e-05
2008-04-22,0.00010512323,285.6289,290.99692,279.6727,2.7053464e-05
2008-04-23,5.450619e-05,283.91824,288.09634,282.51474,2.3617577e-05
2008-04-24,2.2014607e-05,283.52127,290.45175,276.09875,3.705331e-05
2008-04-25,0.0,282.54373,290.80362,277.39633,2.628552e-05
2008-04-26,2.962937e-05,284.8836,290.8366,280.923,4.027736e-05
2008-04-27,1.04266135e-07,285.21796,292.91428,277.94702,4.335461e-05
2008-04-28,0.0,287.99197,294.30136,276.44745,4.4209843e-05
2008-04-29,0.0,284.91696,290.60562,280.20596,2.5266747e-05
2008-04-30,4.10529e-07,287.24643,292.87125,280.51392,4.117069e-05
2008-05-01,0.0,286.0751,293.62872,282.49884,3.7161775e-05
2008-05-02,3.929736e-05,286.39676,293.36536,278.3349,4.0504056e-05
2008-05-03,4.0655505e-06,287.13788,292.85474,280.9797,3.972533e-05
2008-05-04,0.0,286.31586,291.95557,278.07043,4.2586325e-05
2008-05-05,4.167619e-09,286.17593,290.8279,281.8639,3.540278e-05
2008-05-06,8.712163e-06,286.9107,293.0676,283.88297,3.6227055e-05
2008-05-07,1.7037694e-06,286.66367,293.04465,281.39465,4.2714186e-05
2008-05-08,0.0,287.75153,294.5809,277.66663,4.8702812e-05
2008-05-09,0.0,288.3022,294.67465,279.6875,4.1695843e-05
2008-05-10,0.0,288.1693,294.5478,279.77585,4.0579307e-05
2008-05-11,0.0,286.79376,293.65698,277.7347,4.1993946e-05
2008-05-12,0.0,288.00162,295.8568,277.2026,4.86896e-05
2008-05-13,0.0,289.1556,296.69473,278.59058,5.0004444e-05
2008-05-14,0.0,290.22794,298.28,278.84906,5.1440737e-05
2008-05-15,0.0,292.30988,300.26212,280.59378,5.9323054e-05
2008-05-16,0.0,292.7637,298.69604,288.31238,5.778745e-05
2008-05-17,1.5434252e-05,292.4867,296.7433,288.9339,4.9787315e-05
2008-05-18,2.9200464e-06,290.88275,296.30377,288.31055,3.245489e-05
2008-05-19,2.9195524e-05,288.48352,296.65845,284.55084,4.2068405e-05
2008-05-20,0.0002233042,283.8698,286.051,282.6671,1.3782887e-05
2008-05-21,8.315878e-05,285.69476,288.78656,282.55963,1.7302886e-05
2008-05-22,7.8684534e-05,288.3048,292.3393,284.10678,3.1487445e-05
2008-05-23,5.043182e-06,288.797,293.2653,285.25836,3.3739376e-05
2008-05-24,2.7836752e-05,291.40305,298.0851,283.84146,5.2791594e-05
2008-05-25,0.0,292.02164,297.85703,284.396,4.9025977e-05
2008-05-26,1.5860078e-06,293.80243,300.3011,285.71283,5.4019663e-05
2008-05-27,0.0,297.43747,305.48492,287.5078,6.5913926e-05
2008-05-28,0.0,299.32187,305.33652,286.9476,6.8197405e-05
2008-05-29,0.0,292.48163,298.91342,290.03476,5.8406975e-05
2008-05-30,0.0,294.92792,300.89594,287.70026,5.8277874e-05
2008-05-31,3.743565e-05,294.31857,300.5431,287.73618,6.339558e-05
2008-06-01,0.0,295.58292,302.52087,285.06934,6.0666403e-05
2008-06-02,1.4043426e-08,294.32745,299.92996,289.29633,4.6757777e-05
2008-06-03,1.3764161e-05,292.78342,298.74158,287.4189,3.946107e-05
2008-06-04,9.35517e-05,291.7296,295.94135,289.65256,3.222462e-05
2008-06-05,4.8848902e-05,290.58923,294.18793,289.71545,2.3993663e-05
2008-06-06,0.00012720528,290.89572,296.57037,288.0088,3.871476e-05
2008-06-07,3.583048e-05,289.668,292.8811,286.5275,3.0043657e-05
2008-06-08,0.00013454226,290.65814,295.06366,288.1144,3.4714343e-05
2008-06-09,3.2547912e-05,291.68808,298.385,287.95706,4.6436355e-05
2008-06-10,9.550338e-07,293.7016,299.49756,285.4064,5.965866e-05
2008-06-11,0.0,291.81116,300.02145,286.83475,4.6737256e-05
2008-06-12,9.667502e-05,290.3074,293.07324,287.92603,2.4903322e-05
2008-06-13,8.782612e-06,287.2312,292.0443,285.42575,2.2570619e-05
2008-06-14,2.2723598e-05,286.3614,291.5791,283.53314,2.8622475e-05
2008-06-15,3.0003068e-05,289.22855,293.48068,283.94626,4.3887798e-05
2008-06-16,0.0,290.31863,295.18094,282.64728,4.8118047e-05
2008-06-17,0.0,291.04208,296.12695,287.47266,2.662037e-05
2008-06-18,0.00014076503,290.8129,296.04547,288.60147,3.213469e-05
2008-06-19,8.810538e-05,294.4625,300.2225,284.81848,5.927822e-05
2008-06-20,0.0,294.9916,302.36777,288.06873,5.0411345e-05
2008-06-21,7.406662e-05,296.4343,302.6836,288.02493,5.864527e-05
2008-06-22,0.0,298.46188,304.43234,289.1055,6.87161e-05
2008-06-23,0.0,298.7809,305.07602,288.09088,6.439843e-05
2008-06-24,6.045033e-06,295.96503,303.9968,290.83963,6.797552e-05
2008-06-25,0.00012411342,297.57184,303.2455,288.12036,6.350375e-05
2008-06-26,0.0,297.8664,303.4917,292.40274,6.117583e-05
2008-06-27,1.5568541e-05,294.3443,301.201,290.29364,4.705461e-05
2008-06-28,7.767966e-05,294.95053,299.76855,290.33978,5.830745e-05
2008-06-29,0.0,296.7163,302.09103,288.8854,6.0956372e-05
2008-06-30,0.0,294.36835,298.73456,290.2269,3.8498365e-05
2008-07-01,9.118838e-05,295.95258,301.5364,287.80264,5.787037e-05
2008-07-02,0.0,296.66376,303.18323,288.8201,6.2551546e-05
2008-07-03,7.97745e-07,298.84375,304.20734,289.21494,6.750429e-05
2008-07-04,2.3921014e-06,294.3777,302.0597,290.7341,4.92569e-05
2008-07-05,0.00012864759,293.73242,299.7,289.30737,6.0083694e-05
2008-07-06,0.0,296.1103,301.9994,286.02832,6.275837e-05
2008-07-07,3.9286002e-05,295.49988,303.5324,291.14618,6.849959e-05
2008-07-08,0.00011739285,288.21976,292.81778,287.11963,1.7354118e-05
2008-07-09,5.3510066e-05,292.02237,298.43057,283.61212,4.9366627e-05
2008-07-10,2.0086793e-06,294.3804,300.64874,289.60458,5.302651e-05
2008-07-11,0.0,297.64124,303.93423,287.8384,7.012889e-05
2008-07-12,0.0,298.07712,304.29068,287.77722,6.678432e-05
2008-07-13,0.0,294.93295,302.02383,290.28998,4.602244e-05
2008-07-14,0.00063738244,288.92728,293.6254,288.68716,2.1214457e-05
2008-07-15,0.00025008965,291.16794,296.44986,285.9556,5.0750445e-05
2008-07-16,0.0,293.9515,300.5505,285.75937,5.9837763e-05
2008-07-17,0.0,292.74124,300.9626,288.9233,5.180979e-05
2008-07-18,0.0001316973,289.8512,294.64478,288.3068,3.0003586e-05
2008-07-19,8.485445e-06,293.60828,299.22232,285.89804,5.900512e-05
2008-07-20,0.0,295.19324,301.1528,287.37457,5.5630313e-05
2008-07-21,0.00016877896,289.9485,295.00616,288.58014,2.3869929e-05
2008-07-22,5.3410757e-05,289.1074,293.74646,286.8888,4.238025e-05
2008-07-23,2.2405586e-06,287.11237,289.2476,284.86197,1.9293018e-05
2008-07-24,0.00020662088,291.59473,295.01205,286.95294,2.706122e-05
2008-07-25,1.6061871e-06,293.8903,297.17413,289.3971,3.0430212e-05
2008-07-26,2.6183484e-06,295.40836,300.5366,289.7507,5.648841e-05
2008-07-27,0.0,295.68387,301.95242,291.93158,5.735103e-05
2008-07-28,2.0106343e-07,295.42523,301.95322,290.14175,5.3745316e-05
2008-07-29,5.2198066e-06,296.0175,302.89532,288.8802,5.171778e-05
2008-07-30,3.2034663e-06,295.5183,301.68564,290.07883,4.1644893e-05
2008-07-31,2.0611562e-06,296.65295,302.5446,288.97675,4.8788257e-05
2008-08-01,0.0,296.5297,303.5176,289.9434,5.527004e-05
2008-08-02,2.4016283e-05,295.57944,302.80258,290.75504,4.8077654e-05
2008-08-03,2.6943717e-06,295.9003,302.7958,287.90665,5.7479272e-05
2008-08-04,0.0,295.95676,304.55896,288.75467,5.4388216e-05
2008-08-05,0.00011778061,293.62085,296.76605,291.44556,2.6047624e-05
2008-08-06,1.3296984e-05,294.6945,300.67087,288.67657,5.2128027e-05
2008-08-07,0.0,295.44855,301.3399,288.00653,5.544146e-05
2008-08-08,0.0,293.68994,299.917,288.40555,3.5318393e-05
2008-08-09,0.00014970807,291.26114,298.0897,288.09515,4.4954315e-05
2008-08-10,0.0,292.0812,298.54175,284.55478,5.0333918e-05
2008-08-11,0.0,293.22238,299.69684,285.02158,5.1364303e-05
2008-08-12,0.0,297.2035,302.97916,287.0112,6.190916e-05
2008-08-13,0.0,297.0555,302.20117,294.62106,6.754818e-05
2008-08-14,9.481918e-06,295.38928,301.88013,290.02255,5.1589755e-05
2008-08-15,0.0,296.81894,304.56326,290.33405,5.355477e-05
2008-08-16,0.00047745378,288.77148,294.95303,287.07532,2.5779698e-05
2008-08-17,3.3043107e-05,289.4068,296.26572,281.32877,3.798684e-05
2008-08-18,0.0,292.37488,299.47873,284.101,4.8832946e-05
2008-08-19,0.0,293.09103,300.80524,285.2267,4.947522e-05
2008-08-20,0.0,293.04636,299.48038,285.93192,4.5722827e-05
2008-08-21,0.0,293.33405,300.04022,288.59552,4.5127585e-05
2008-08-22,0.0,295.07825,301.937,286.8529,4.73405e-05
2008-08-23,0.0,290.62323,297.36093,287.7387,3.298401e-05
2008-08-24,0.00029122754,288.98325,295.88593,286.6396,3.569068e-05
2008-08-25,1.2516966e-05,289.29553,296.50546,281.55667,4.0336014e-05
2008-08-26,0.0,292.23706,299.17328,285.1076,4.0616356e-05
2008-08-27,0.0,292.5397,300.184,285.29877,4.044227e-05
2008-08-28,0.0,293.69885,301.4337,286.61853,4.6133602e-05
2008-08-29,0.0,293.64786,300.36093,288.4293,4.397502e-05
2008-08-30,0.0,290.8744,295.80597,286.51285,3.3728164e-05
2008-08-31,0.0,289.7325,296.91888,284.68097,3.88011e-05
2008-09-01,0.0,289.78546,297.12527,282.6382,3.5594632e-05
2008-09-02,0.0,292.05615,299.45642,283.63272,3.732198e-05
2008-09-03,0.0,294.67737,301.64508,285.89706,4.4984485e-05
2008-09-04,0.0,296.3573,301.7843,291.52032,5.0356197e-05
2008-09-05,0.0,296.634,302.0606,290.99643,5.0211573e-05
2008-09-06,0.0,298.536,303.52667,293.9657,5.660076e-05
2008-09-07,0.0,296.52585,302.63394,290.28018,4.260182e-05
2008-09-08,7.828532e-05,290.503,297.50525,287.94125,3.206343e-05
2008-09-09,5.0616195e-06,290.72455,298.86343,282.9933,3.7817776e-05
2008-09-10,0.0,292.28824,300.51205,283.37375,3.9351853e-05
2008-09-11,0.0,293.52966,301.7974,286.7996,3.669148e-05
2008-09-12,0.0,292.878,300.05408,288.15677,3.3086042e-05
2008-09-13,0.000475934,286.4169,291.27768,285.2933,2.6184289e-05
2008-09-14,1.4876023e-05,282.84903,285.29556,282.21417,1.1252711e-05
2008-09-15,0.00014446462,282.5677,285.13422,280.9184,1.5988162e-05
2008-09-16,8.413062e-06,282.49432,283.9949,281.57916,2.111884e-05
2008-09-17,0.0,282.96,287.97934,279.4877,2.8633749e-05
2008-09-18,0.0,282.86462,289.204,279.89297,2.5128162e-05
2008-09-19,0.0,282.7137,288.6013,275.58664,2.383919e-05
2008-09-20,0.0,284.73032,286.8327,282.1304,2.6487793e-05
2008-09-21,1.17915e-06,283.98114,287.73737,282.5679,2.1935457e-05
2008-09-22,3.5184507e-06,283.93765,286.0008,282.43845,1.2616826e-05
2008-09-23,1.228436e-05,284.6707,289.03525,282.13617,1.6102702e-05
2008-09-24,0.0,284.42105,289.6636,279.48914,1.9675927e-05
2008-09-25,1.9529243e-06,284.1315,288.55164,281.8968,1.7485885e-05
2008-09-26,7.73599e-05,284.70868,287.7362,282.3128,2.4298979e-05
2008-09-27,0.0,285.145,288.91177,283.27963,2.1971327e-05
2008-09-28,0.0,282.68512,289.06262,279.41208,1.5762947e-05
2008-09-29,0.0,282.0459,290.97583,275.63983,2.207353e-05
2008-09-30,0.0,285.44467,292.4092,276.2466,2.4127838e-05
2008-10-01,0.0,287.6904,293.84387,283.1587,2.6324698e-05
2008-10-02,0.0,287.45694,294.65607,279.56723,2.1366908e-05
2008-10-03,0.0,283.5951,287.25677,282.03964,1.0028315e-05
2008-10-04,0.00015567701,281.55658,285.66046,279.7475,1.2774661e-05
2008-10-05,1.129768e-06,280.8208,289.17,273.58456,2.2209682e-05
2008-10-06,0.0,284.38232,293.36594,275.80948,1.8605386e-05
2008-10-07,0.0,285.96765,293.17404,280.02737,1.7387792e-05
2008-10-08,0.0,286.13388,293.2124,278.46237,1.695983e-05
2008-10-09,0.0,287.62747,294.36276,279.91174,1.9636114e-05
2008-10-10,0.00011008736,287.1733,293.7546,284.4026,1.833267e-05
2008-10-11,0.0,285.7075,293.75446,279.3646,1.7123599e-05
2008-10-12,0.0,285.79248,294.1184,279.88257,1.466364e-05
2008-10-13,0.0,285.94678,294.82983,279.277,1.5788757e-05
2008-10-14,0.0,286.73688,294.98972,278.77316,1.4771226e-05
2008-10-15,5.8854084e-07,287.54355,294.4611,280.79425,1.4505033e-05
2008-10-16,0.0,289.65167,296.03583,282.2954,2.5037414e-05
2008-10-17,9.341062e-05,279.96664,290.5599,276.85544,9.112708e-06
2008-10-18,2.7428941e-06,279.351,287.3223,273.55386,1.5929985e-05
2008-10-19,0.0,279.58963,287.1457,273.51245,1.0417082e-05
2008-10-20,0.0,281.53693,290.77737,273.60184,1.2207563e-05
2008-10-21,0.0,282.40353,289.50037,277.25903,1.02887225e-05
2008-10-22,0.0,284.23187,291.5965,276.66504,1.1279136e-05
2008-10-23,0.0,282.64856,286.84058,280.66074,1.0954198e-05
2008-10-24,0.0,281.80905,284.65033,277.885,8.101852e-06
2008-10-25,0.0,280.8889,283.99313,275.5464,6.837502e-06
2008-10-26,0.0,280.91943,284.09598,278.1766,7.994819e-06
2008-10-27,0.0,280.2019,287.65512,274.82834,9.165241e-06
2008-10-28,3.2841422e-07,286.65988,293.9414,276.15906,1.4617077e-05
2008-10-29,2.088668e-05,288.46936,295.9065,284.1843,2.0075955e-05
2008-10-30,8.620459e-05,285.86945,291.95157,283.62653,2.0595882e-05
2008-10-31,6.9909035e-08,286.56836,291.1202,279.23093,1.5679061e-05
2008-11-01,3.3157178e-06,284.81067,289.36954,283.32394,9.0149615e-06
2008-11-02,0.00010592017,284.12177,286.4341,278.98395,6.7182773e-06
2008-11-03,0.0,285.6342,293.4367,281.9828,1.2278777e-05
2008-11-04,0.0,286.4917,291.0013,279.90073,9.259259e-06
2008-11-05,1.6087078e-08,286.7847,292.14597,282.72714,1.0395748e-05
2008-11-06,7.83347e-06,286.14542,288.9457,283.48544,6.9444445e-06
2008-11-07,6.688722e-05,285.7224,287.6346,284.75735,6.7849487e-06
2008-11-08,0.00016554426,283.78424,285.97778,283.3905,6.866798e-06
2008-11-09,5.659019e-06,283.03583,287.31506,280.7795,5.787037e-06
2008-11-10,0.0,281.8008,282.71555,280.20114,5.7065017e-06
2008-11-11,0.0,280.05484,283.37442,277.5236,6.866795e-06
2008-11-12,0.0,279.82755,280.50967,277.6819,5.78404e-06
2008-11-13,5.5660976e-06,281.00668,281.9849,280.4848,6.6631437e-06
2008-11-14,3.858168e-05,281.42874,282.60913,280.89822,6.6103894e-06
2008-11-15,2.0512314e-06,280.09537,284.85873,276.22833,5.550537e-06
2008-11-16,0.0,277.12772,280.1541,273.19925,3.4524548e-06
2008-11-17,3.077953e-05,277.43243,282.91248,273.21872,8.843479e-06
2008-11-18,3.478393e-06,273.79883,280.09424,269.08618,4.5961374e-06
2008-11-19,0.0,276.01572,281.80692,269.64252,2.8473048e-06
2008-11-20,0.0,280.05728,286.48666,273.18558,1.3291253e-05
2008-11-21,0.0,278.23895,282.86365,275.23526,5.663547e-06
2008-11-22,2.4326831e-05,273.80716,278.6664,271.33954,1.0947682e-05
2008-11-23,0.0,272.87283,278.5886,268.42545,9.259259e-06
2008-11-24,0.0,276.1173,278.8585,270.15356,9.259259e-06
2008-11-25,7.249809e-06,273.49527,276.38223,271.5596,3.4722223e-06
2008-11-26,0.0,273.70337,278.32315,269.15082,2.415778e-06
2008-11-27,0.0,273.0493,279.24323,268.43723,4.6296295e-06
2008-11-28,0.0,272.9485,275.45166,268.80627,3.3561457e-06
2008-11-29,4.44419e-05,274.75674,276.5177,273.48862,4.4730446e-06
2008-11-30,0.0,278.27545,282.25702,272.6895,5.787037e-06
2008-12-01,1.6308768e-05,279.57468,284.10748,274.82755,7.7876375e-06
2008-12-02,6.112267e-05,278.92993,282.64487,274.39145,5.4204756e-06
2008-12-03,3.3411197e-05,276.1565,278.7591,273.41797,4.5722877e-06
2008-12-04,7.1410154e-06,273.2214,275.78732,270.48022,3.4722223e-06
2008-12-05,1.0767794e-05,281.05045,283.82477,273.1391,8.558507e-06
2008-12-06,6.841241e-06,276.6015,282.38898,272.66266,4.6296295e-06
2008-12-07,2.9567458e-05,275.89612,281.02103,272.3775,4.6296295e-06
2008-12-08,0.0,273.7189,278.008,270.40332,2.453804e-06
2008-12-09,0.0,273.61298,278.3519,268.07095,1.5876685e-06
2008-12-10,0.0,278.4869,282.08252,271.90582,9.968045e-06
2008-12-11,5.1726647e-06,277.74396,279.10568,276.23093,4.6296295e-06
2008-12-12,3.9814127e-05,276.13123,278.35727,275.69244,5.5537926e-06
2008-12-13,0.00016031816,276.5847,277.8404,275.54318,4.616351e-06
2008-12-14,2.4674478e-05,277.62552,277.9382,276.7938,4.222876e-06
2008-12-15,2.457818e-06,277.2124,278.43057,276.4893,4.4225953e-06
2008-12-16,1.7078293e-05,278.1151,278.66318,277.04486,3.4722223e-06
2008-12-17,6.400063e-05,278.3608,279.0092,277.69864,4.6296295e-06
2008-12-18,0.00012196911,276.33173,278.38602,274.4793,4.677019e-06
2008-12-19,0.00016449187,277.16556,278.72635,275.71445,4.4242406e-06
2008-12-20,2.1652439e-05,275.5919,278.68036,271.39304,4.1130265e-06
2008-12-21,1.3053532e-05,276.50375,282.00726,272.97418,3.4722223e-06
2008-12-22,0.0,276.76785,281.78528,272.34824,2.773547e-06
2008-12-23,0.0,275.15454,280.50845,271.3972,1.1574074e-06
2008-12-24,0.0,276.00885,278.91293,273.91345,3.4722223e-06
2008-12-25,0.0,272.7374,276.64355,271.9383,5.2179485e-06
2008-12-26,5.5104306e-06,271.8364,273.44376,268.18256,3.3817832e-06
2008-12-27,8.1306084e-08,272.05444,272.8977,271.62067,4.5964434e-06
2008-12-28,2.2889618e-07,269.70032,272.28494,268.1779,3.0239096e-06
2008-12-29,0.0,267.99033,270.9107,265.8019,3.4683942e-06
2008-12-30,0.0,267.90973,270.7143,265.82126,3.2711312e-06
2008-12-31,0.0,268.0996,269.74982,266.5487,4.450746e-06
2009-01-01,0.0,268.32242,269.22223,265.57294,3.3360393e-06
2009-01-02,0.0,270.2108,271.31848,267.8496,4.450746e-06
2009-01-03,0.0,267.6901,273.13315,264.04916,2.100338e-06
2009-01-04,0.0,266.8971,272.84348,260.50684,1.1574074e-06
2009-01-05,0.0,267.31616,271.79352,264.2928,2.3148148e-06
2009-01-06,0.0,270.123,270.8133,264.6375,2.3109867e-06
2009-01-07,0.0,269.4168,270.1953,267.60132,3.4722223e-06
2009-01-08,0.0,268.07404,273.028,264.98413,3.6088702e-06
2009-01-09,0.0,265.8684,272.38202,259.83694,1.1574074e-06
2009-01-10,0.0,264.89017,267.31226,260.88867,2.292932e-06
2009-01-11,0.0,265.70016,265.94528,263.6597,2.3063087e-06
2009-01-12,0.0,266.0383,266.70413,266.19873,3.4722223e-06
2009-01-13,0.0,266.5739,266.91364,266.5027,3.3358538e-06
2009-01-14,1.2999603e-05,269.68372,270.96057,267.6866,2.3148148e-06
2009-01-15,0.000100923666,271.25525,274.41754,270.11206,2.3148148e-06
2009-01-16,2.8971263e-06,273.391,276.8912,269.58524,2.3148148e-06
2009-01-17,0.0,269.73648,274.37393,265.21832,2.3148148e-06
2009-01-18,0.0,274.23083,279.3927,265.85974,4.6296295e-06
2009-01-19,5.806109e-06,278.17883,282.28253,272.04593,5.610495e-06
2009-01-20,1.0633568e-06,282.29785,286.85483,277.65994,1.3157669e-05
2009-01-21,3.956889e-09,277.28955,282.23874,276.72733,5.787037e-06
2009-01-22,0.0002804392,274.42432,278.97,272.19156,3.4755853e-06
2009-01-23,3.3860324e-06,275.23303,277.83896,271.87393,4.671765e-06
2009-01-24,0.00015385936,273.83228,276.0945,272.55698,2.322903e-06
2009-01-25,1.599108e-06,275.2995,278.17175,273.33234,3.5373519e-06
2009-01-26,1.4898234e-07,275.2765,277.8945,271.97705,3.5835499e-06
2009-01-27,4.471017e-05,274.14062,275.58984,273.82526,4.530214e-06
2009-01-28,0.00043472127,274.15387,274.83728,273.47885,4.125284e-06
2009-01-29,6.9437934e-05,274.78085,276.01993,273.76358,5.787037e-06
2009-01-30,5.0039953e-06,273.8263,274.75412,273.14133,5.864947e-06
2009-01-31,2.6738531e-12,272.7523,274.89505,272.21875,4.606974e-06
2009-02-01,4.8391908e-06,272.34866,273.5419,270.82974,3.4722223e-06
2009-02-02,3.943379e-05,273.88348,274.9549,272.59418,3.4722223e-06
2009-02-03,0.00012769502,274.06046,275.33154,274.24417,3.4722223e-06
2009-02-04,5.514909e-05,274.3487,278.89667,272.74,3.4722223e-06
2009-02-05,0.0,279.16873,284.0864,270.75705,1.0320216e-05
2009-02-06,0.0,281.46326,287.934,277.66263,1.3283531e-05
2009-02-07,3.9093165e-06,281.63373,285.6029,277.4517,9.259259e-06
2009-02-08,9.125833e-05,277.93356,281.4893,276.97162,5.787037e-06
2009-02-09,0.00018782835,275.33575,280.47473,273.63757,1.1926249e-05
2009-02-10,0.0,278.7317,283.0845,269.9079,1.19280585e-05
2009-02-11,5.2657074e-06,277.07654,281.95782,275.20135,1.5617667e-05
2009-02-12,0.0,273.5142,278.821,268.25006,1.2520129e-05
2009-02-13,0.0,272.80835,277.1053,268.05124,1.2708826e-05
2009-02-14,0.0,273.75763,277.29327,270.80945,1.5037789e-05
2009-02-15,0.0,271.3879,276.48532,269.40213,1.06434045e-05
2009-02-16,0.0,272.518,276.64905,268.23398,9.259259e-06
2009-02-17,0.0,272.44022,277.4661,268.75778,8.643913e-06
2009-02-18,1.0411516e-05,270.6883,274.4373,267.1054,1.3037401e-05
2009-02-19,0.0,270.35843,274.95093,266.0424,1.4381396e-05
2009-02-20,0.0,272.09286,277.17792,265.11316,8.449347e-06
2009-02-21,0.0,273.03165,279.6813,268.89377,8.135557e-06
2009-02-22,2.8378388e-05,271.96155,273.8158,270.46667,4.5746087e-06
2009-02-23,1.1544828e-05,274.92065,278.45016,271.8376,5.783209e-06
2009-02-24,0.0,273.81696,276.573,271.62582,5.4465404e-06
2009-02-25,2.9478031e-05,273.6597,279.01373,271.9801,1.0411417e-05
2009-02-26,0.0,275.8238,282.11133,269.8732,1.1574074e-05
2009-02-27,0.0,277.2298,283.10413,271.58282,1.2523798e-05
2009-02-28,0.0,280.20334,287.41098,275.09998,1.6203703e-05
2009-03-01,0.0,279.2988,288.65292,271.8709,1.5691854e-05
2009-03-02,0.0,278.6775,281.27878,274.3643,8.035104e-06
2009-03-03,1.0952689e-05,279.6962,282.51382,277.35736,8.101852e-06
2009-03-04,3.9059264e-06,281.23642,284.14224,277.48138,9.259259e-06
2009-03-05,1.639732e-05,280.04834,281.75162,279.8298,8.6288155e-06
2009-03-06,0.0002079408,279.4421,283.46368,278.6426,1.0974542e-05
2009-03-07,2.9502414e-06,279.2791,282.80685,276.66525,1.9754883e-05
2009-03-08,0.0,279.73203,286.274,274.01282,2.3333692e-05
2009-03-09,0.0,278.41852,281.88718,273.62656,1.2731482e-05
2009-03-10,1.478465e-06,278.95917,285.39578,271.78012,1.802092e-05
2009-03-11,0.0,279.46436,285.89523,277.67462,2.7281096e-05
2009-03-12,0.0,277.80136,283.83322,271.8295,2.0267891e-05
2009-03-13,0.0,279.73587,285.55338,274.55066,2.15264e-05
2009-03-14,0.0,279.74988,286.66907,273.4961,2.052755e-05
2009-03-15,0.0,278.96878,284.2914,274.34436,1.0252559e-05
2009-03-16,0.0,280.7338,286.26428,273.79877,2.3023993e-05
2009-03-17,0.0,277.72046,283.70193,272.25696,1.5879239e-05
2009-03-18,0.0,278.94345,284.50754,272.56934,3.5127614e-05
2009-03-19,0.0,274.0049,279.37558,273.4564,7.971843e-06
2009-03-20,1.2991081e-05,275.08728,278.38965,269.41736,1.6673082e-05
2009-03-21,0.0,275.8229,280.10693,273.37283,2.5978825e-05
2009-03-22,0.0,278.6934,285.7865,268.0733,2.6542239e-05
2009-03-23,0.0,282.23334,288.9847,271.64258,2.7048665e-05
2009-03-24,0.0,278.13583,284.09906,274.85065,1.611051e-05
2009-03-25,0.0,276.97153,281.05408,269.84305,2.202238e-05
2009-03-26,0.0,277.02945,284.83188,270.56512,1.9832867e-05
2009-03-27,6.057163e-06,282.673,288.41238,272.8261,2.785151e-05
2009-03-28,0.0,285.13675,289.14307,280.3162,2.9468485e-05
2009-03-29,7.4559796e-07,282.66205,285.35373,282.03802,1.0416667e-05
2009-03-30,0.0004113397,281.29938,283.88013,279.8404,1.2731482e-05
2009-03-31,1.1701769e-05,282.09384,283.92642,279.91806,1.4651622e-05
2009-04-01,2.4053652e-05,284.25916,286.265,281.20016,1.0666973e-05
2009-04-02,1.5228301e-06,287.3456,291.73065,284.2239,3.1243926e-05
2009-04-03,0.0,285.86548,291.08365,282.7752,2.4098521e-05
2009-04-04,0.0,286.63727,294.80756,277.8468,3.422625e-05
2009-04-05,0.0,287.51672,295.6206,280.09964,3.4680703e-05
2009-04-06,0.0,286.7575,295.55402,279.03983,3.5650384e-05
2009-04-07,0.0,288.3944,296.64667,278.96866,3.827954e-05
2009-04-08,0.0,288.66278,297.07803,278.1789,4.0569124e-05
2009-04-09,0.0,287.51038,296.09933,278.03708,3.6886224e-05
2009-04-10,0.0,288.05328,296.73206,278.5181,3.999718e-05
2009-04-11,0.0,288.3651,296.46515,277.68695,4.0536204e-05
2009-04-12,0.0,287.4811,296.11395,277.56482,4.0352694e-05
2009-04-13,0.0,286.34875,293.85526,279.72092,4.2226722e-05
2009-04-14,1.453684e-06,285.9089,293.85013,277.12332,3.5417426e-05
2009-04-15,0.0,287.70715,295.50815,276.7876,4.034302e-05
2009-04-16,0.0,288.7651,296.36166,277.78333,4.2007472e-05
2009-04-17,0.0,285.88477,292.76376,281.20703,4.0297055e-05
2009-04-18,9.8437056e-08,287.0168,294.12097,279.07657,4.2377167e-05
2009-04-19,0.0,285.7948,289.88416,279.88553,2.0125955e-05
2009-04-20,4.2708212e-05,287.91544,293.3791,283.76596,3.1055515e-05
2009-04-21,5.389591e-05,288.13327,292.24115,283.77817,3.4407334e-05
2009-04-22,0.0,286.54318,294.1933,278.83167,4.5010707e-05
2009-04-23,7.895265e-05,282.80667,285.06802,281.2697,1.4922932e-05
2009-04-24,6.0014656e-05,285.3722,292.393,280.84653,3.8506976e-05
2009-04-25,0.0,286.288,293.42603,276.95877,3.9278628e-05
2009-04-26,0.0,287.35907,293.04803,280.022,4.3045595e-05
2009-04-27,0.0,289.01633,293.43607,282.83655,4.23368e-05
2009-04-28,0.0,286.54874,290.42044,284.34198,2.5759406e-05
2009-04-29,3.720976e-05,285.54388,290.60275,283.62384,2.6207228e-05
2009-04-30,0.00012342876,285.84818,292.4948,281.45108,3.8115544e-05
2009-05-01,2.2928461e-05,289.2774,296.33508,283.15646,5.1684674e-05
2009-05-02,5.765997e-08,286.45557,290.5044,282.04053,4.237882e-05
2009-05-03,3.4231405e-06,286.93692,293.52606,281.77097,3.832171e-05
2009-05-04,0.0,286.44742,293.94873,279.98486,4.1078547e-05
2009-05-05,1.4056754e-05,285.43356,291.07693,281.31357,3.9519367e-05
2009-05-06,0.0,287.71213,292.70172,281.77164,3.2389158e-05
2009-05-07,0.0,289.15976,295.35464,284.5285,4.3412805e-05
2009-05-08,0.0,291.54797,298.6466,281.5932,5.2611435e-05
2009-05-09,0.0,291.48734,298.114,283.17953,5.08489e-05
2009-05-10,0.0,292.7703,300.17874,284.28326,5.0580238e-05
2009-05-11,0.0,293.54898,300.91727,284.17407,5.4786287e-05
2009-05-12,5.461934e-06,288.70532,296.17908,285.63858,3.9369283e-05
2009-05-13,0.00030576563,285.3848,288.3639,282.72018,1.9191204e-05
2009-05-14,7.636892e-05,286.24234,289.9858,283.76776,1.9284347e-05
2009-05-15,0.0,289.45993,294.04404,284.45346,2.84847e-05
2009-05-16,0.0,289.78467,297.2175,285.57617,4.6572022e-05
2009-05-17,1.3767568e-05,292.73395,298.34628,283.1837,5.2570984e-05
2009-05-18,0.0,294.5948,300.55255,286.0854,5.4392232e-05
2009-05-19,6.084423e-06,293.21902,298.02557,287.80145,5.191091e-05
2009-05-20,8.568274e-05,292.49146,298.34802,288.1005,5.698195e-05
2009-05-21,2.830198e-06,294.22046,300.49875,283.5213,5.8350637e-05
2009-05-22,0.0,292.54092,300.21402,286.45404,4.8269165e-05
2009-05-23,7.136053e-05,291.8508,296.72394,285.95447,4.5051675e-05
2009-05-24,0.0,292.56412,296.4704,289.82513,3.2148004e-05
2009-05-25,7.751082e-06,295.57867,301.5337,288.24194,5.2739277e-05
2009-05-26,4.9333103e-06,294.1808,302.191,288.48627,6.0411396e-05
2009-05-27,0.00019340022,288.05716,292.44763,286.78152,1.695596e-05
2009-05-28,0.000111422116,289.13464,294.5357,282.9582,4.868216e-05
2009-05-29,1.8184192e-05,285.67206,291.7858,282.42615,4.7837097e-05
2009-05-30,2.8811705e-06,281.2552,282.12296,281.32565,1.4642485e-05
2009-05-31,8.880185e-05,286.39932,292.51328,278.74506,4.953953e-05
2009-06-01,0.0,287.28177,292.99805,281.1118,3.3184064e-05
2009-06-02,4.7459685e-06,288.15753,293.1133,280.85794,3.796629e-05
2009-06-03,4.4659846e-06,291.6964,298.26614,284.56558,5.1830943e-05
2009-06-04,0.0,286.29932,290.4346,283.61078,3.3868564e-05
2009-06-05,7.220011e-07,287.04755,289.9919,280.93033,2.0201245e-05
2009-06-06,1.1236911e-05,294.2043,300.1922,286.12592,5.2688825e-05
2009-06-07,1.2354154e-05,289.62006,295.9343,287.22458,2.8942857e-05
2009-06-08,5.959862e-05,292.646,297.67798,282.12775,5.4115833e-05
2009-06-09,0.0,295.3895,300.80292,286.87836,6.854031e-05
2009-06-10,0.0,293.7325,300.56683,286.54703,5.6685123e-05
2009-06-11,0.0,290.97095,299.38223,283.9623,4.8412305e-05
2009-06-12,9.1901355e-05,290.32144,296.7125,283.27298,5.5904078e-05
2009-06-13,1.0353318e-05,290.2622,297.3645,284.3575,5.5151173e-05
2009-06-14,0.0,294.71295,300.52716,284.28094,6.286101e-05
2009-06-15,0.0,296.1915,301.89243,288.91354,4.966533e-05
2009-06-16,0.0,293.91415,301.9054,289.14282,4.7124067e-05
2009-06-17,0.00042256212,291.73392,296.79898,286.8193,5.1564828e-05
2009-06-18,0.0,294.65738,300.8151,283.8386,6.159709e-05
2009-06-19,0.0,296.97205,304.19833,286.56104,7.396182e-05
2009-06-20,6.093572e-07,286.41885,295.51837,285.1539,1.7173548e-05
2009-06-21,0.00017883991,289.75922,294.25082,284.2782,6.078908e-05
2009-06-22,1.1624483e-06,286.1192,288.8873,284.098,2.0438745e-05
2009-06-23,0.00027727228,286.2705,287.3881,284.4708,1.1572122e-05
2009-06-24,0.00036236554,288.89966,292.2279,286.1225,1.9850482e-05
2009-06-25,3.802001e-05,292.26678,297.8263,287.79706,5.029597e-05
2009-06-26,4.358596e-05,291.06277,298.05722,287.03876,2.9822395e-05
2009-06-27,0.00012910976,292.27225,297.93588,287.0295,3.806545e-05
2009-06-28,0.00013853314,291.24866,294.36847,289.33826,1.8666358e-05
2009-06-29,0.00010360574,292.2654,296.90924,289.41922,3.205113e-05
2009-06-30,0.00012499861,295.063,300.85495,287.71826,5.747857e-05
2009-07-01,9.3698094e-07,294.14404,300.36832,290.7873,4.9640865e-05
2009-07-02,3.0889107e-05,295.0542,301.01566,288.95755,5.3159016e-05
2009-07-03,2.0069085e-05,295.22433,300.9524,288.91446,5.049435e-05
2009-07-04,6.586084e-05,293.22504,300.14102,290.74335,4.0042414e-05
2009-07-05,0.00011624884,293.64764,301.0161,289.44656,4.612479e-05
2009-07-06,7.346614e-05,294.45316,300.83154,288.41608,4.536852e-05
2009-07-07,1.2019367e-05,292.7512,299.43533,288.0606,4.2768523e-05
2009-07-08,0.000119903045,288.07986,292.3103,287.2911,2.5626268e-05
2009-07-09,7.195085e-05,290.69077,296.13675,284.4503,3.7437003e-05
2009-07-10,0.00014290493,287.69614,290.55927,286.62503,1.8626706e-05
2009-07-11,5.0717754e-05,289.94943,296.68924,282.30774,5.147735e-05
2009-07-12,2.1817982e-08,292.7708,298.40274,283.853,5.4233293e-05
2009-07-13,0.0,295.43018,302.04675,286.8131,5.532125e-05
2009-07-14,0.0,297.7856,303.89587,289.1778,6.506202e-05
2009-07-15,0.0,298.5246,304.71927,290.90265,6.429651e-05
2009-07-16,1.973328e-05,297.38193,303.67386,290.6228,6.562189e-05
2009-07-17,0.0,298.3952,303.94736,289.743,6.372417e-05
2009-07-18,7.773708e-07,290.35233,298.53305,287.759,2.9735407e-05
2009-07-19,0.00021686553,290.92606,297.6128,283.31717,5.4623142e-05
2009-07-20,0.0,292.75555,299.4645,284.50198,5.591658e-05
2009-07-21,0.0,295.58365,302.80225,286.2186,6.306635e-05
2009-07-22,0.0,298.03104,304.5237,288.22763,6.604418e-05
2009-07-23,0.0,300.8423,306.5195,290.34174,7.778491e-05
2009-07-24,0.0,298.00226,303.2757,289.04852,6.179435e-05
2009-07-25,0.0002216711,291.32233,297.5548,288.4051,4.0099858e-05
2009-07-26,0.0,291.32053,298.10864,283.5951,5.311406e-05
2009-07-27,0.0,293.3121,299.7376,283.30038,5.7578378e-05
2009-07-28,0.0,293.67798,300.01938,285.44748,4.8255486e-05
2009-07-29,4.446985e-06,294.9554,301.99982,286.72604,5.7778852e-05
2009-07-30,0.0,297.18332,304.15338,287.97104,5.48565e-05
2009-07-31,1.9998382e-05,294.70743,299.871,289.30383,5.0700266e-05
2009-08-01,0.0,295.66818,302.53534,288.0899,5.5414097e-05
2009-08-02,0.0,299.413,306.20926,289.34332,6.56741e-05
2009-08-03,0.0,294.85193,301.35114,288.71823,4.770555e-05
2009-08-04,0.0003127531,290.26892,293.1117,289.4689,1.211846e-05
2009-08-05,0.0006566335,292.97433,297.19577,289.8071,3.760304e-05
2009-08-06,0.0,294.0126,299.0102,288.741,5.1132327e-05
2009-08-07,0.0,294.01797,299.53848,288.16135,4.4213764e-05
2009-08-08,0.0,294.799,301.0002,287.49164,5.1369094e-05
2009-08-09,2.7232863e-07,293.36636,297.8483,290.8287,3.3092663e-05
2009-08-10,0.0,293.6542,301.3863,287.6825,5.4193733e-05
2009-08-11,0.0002109262,293.8443,300.0094,290.03152,4.194212e-05
2009-08-12,3.2762007e-06,294.2151,300.77243,287.1354,4.515203e-05
2009-08-13,1.4196719e-06,294.4163,301.1159,288.45193,4.1266492e-05
2009-08-14,0.00035894904,291.7354,296.39374,289.64053,3.4057946e-05
2009-08-15,4.5841032e-05,293.451,300.01266,285.2576,4.843702e-05
2009-08-16,0.0,295.6542,301.80463,288.43692,4.9321625e-05
2009-08-17,0.0,296.5982,304.25168,289.2739,5.1474264e-05
2009-08-18,2.125831e-06,296.555,302.90866,288.81528,4.732304e-05
2009-08-19,0.0,294.75128,300.77106,288.6212,4.493219e-05
2009-08-20,0.0,295.44437,301.55103,290.0555,4.4047087e-05
2009-08-21,0.0,295.38208,302.78036,287.94128,5.1460996e-05
2009-08-22,8.5273484e-07,293.90234,299.09497,290.78085,2.944218e-05
2009-08-23,0.0002119331,291.75198,297.61487,288.82306,4.707982e-05
2009-08-24,0.0,290.9383,297.70062,285.0859,4.0291667e-05
2009-08-25,0.0,292.4457,299.50208,284.4297,4.3123127e-05
2009-08-26,0.0,293.7936,301.4846,285.25266,4.3603777e-05
2009-08-27,0.0,295.99463,301.94864,287.59564,4.5953428e-05
2009-08-28,0.0,296.8686,303.83255,290.48666,4.6180186e-05
2009-08-29,2.318916e-06,289.903,295.79825,288.85916,1.6956521e-05
2009-08-30,0.000100449855,289.23328,295.86896,285.68784,3.913242e-05
2009-08-31,0.0,289.49777,297.80304,281.32614,4.0183466e-05
2009-09-01,0.0,291.73358,300.42374,283.07657,4.152178e-05
2009-09-02,0.0,293.8036,301.1432,285.60388,3.808112e-05
2009-09-03,0.0,296.2434,302.96765,287.52463,4.600218e-05
2009-09-04,1.38101595e-05,288.56546,296.27127,287.54977,1.3185987e-05
2009-09-05,0.00040033634,287.05746,293.03467,285.6796,3.0772455e-05
2009-09-06,3.2114835e-07,287.06332,294.10806,280.9285,3.5363846e-05
2009-09-07,0.0,287.46457,294.78903,281.247,3.5859266e-05
2009-09-08,0.0,288.53842,295.5283,281.46542,3.5399924e-05
2009-09-09,0.0,290.62524,295.66977,284.61734,3.5839374e-05
2009-09-10,0.0,290.88666,298.4074,287.8138,3.6524845e-05
2009-09-11,1.0338799e-06,290.53262,294.9486,287.28976,1.7974578e-05
2009-09-12,6.003082e-06,290.91553,297.09976,288.1733,3.436818e-05
2009-09-13,4.625108e-06,289.22217,295.89862,283.83383,3.2844917e-05
2009-09-14,1.6705346e-05,287.53003,290.67883,285.0957,1.3883343e-05
2009-09-15,1.667875e-05,289.81876,295.52966,286.2073,2.290752e-05
2009-09-16,9.2183126e-07,292.69113,298.809,285.73105,2.9681993e-05
2009-09-17,1.1828319e-05,292.04358,297.34296,289.3019,3.0632185e-05
2009-09-18,1.7260645e-05,290.2576,294.24677,288.1079,1.722165e-05
2009-09-19,1.0429702e-06,290.42258,296.1409,286.7328,2.2786193e-05
2009-09-20,0.0,290.8168,297.75754,285.92813,3.0898485e-05
2009-09-21,0.0,290.27762,298.10657,283.78433,3.3022858e-05
2009-09-22,0.0,290.21994,298.52658,283.7319,3.352526e-05
2009-09-23,0.0,290.21988,298.71,282.40094,3.60386e-05
2009-09-24,0.0,290.36734,298.46542,283.07812,3.433697e-05
2009-09-25,3.3280992e-06,290.40924,295.78116,286.83865,3.174913e-05
2009-09-26,1.9500371e-06,287.84766,295.0517,283.3894,2.8751117e-05
2009-09-27,0.0,288.03824,296.26816,280.83127,2.7379316e-05
2009-09-28,0.0,289.05508,297.1475,281.44287,2.9514631e-05
2009-09-29,0.0,289.2147,297.1802,283.61835,2.2031869e-05
2009-09-30,0.0,289.47174,296.0177,282.0115,2.8040224e-05
2009-10-01,0.0,290.30893,297.10275,282.60513,2.684466e-05
2009-10-02,8.9339985e-05,284.91153,290.349,283.64545,1.0861503e-05
2009-10-03,8.698776e-06,283.29776,291.22113,279.16296,2.2026758e-05
2009-10-04,0.0,285.5747,295.1126,276.6378,2.7827215e-05
2009-10-05,0.0,287.67184,294.77615,279.7028,2.7444059e-05
2009-10-06,0.0,291.48773,299.36917,283.68018,3.2129356e-05
2009-10-07,0.0,290.8613,299.4973,286.52902,2.638387e-05
2009-10-08,0.0,290.59503,299.3698,282.02615,2.8025968e-05
2009-10-09,0.0,286.99402,292.028,285.49493,1.3676119e-05
2009-10-10,1.072119e-05,287.28714,290.7712,283.42227,1.3036472e-05
2009-10-11,0.00012159428,287.06256,292.86475,285.4285,1.8262002e-05
2009-10-12,5.4953805e-05,283.46774,285.7446,281.85712,1.1530821e-05
2009-10-13,0.00010852614,278.8753,284.26566,277.48462,2.016421e-05
2009-10-14,0.0,277.69553,282.7972,272.9634,2.067364e-05
2009-10-15,0.0,277.34833,283.5226,275.64023,1.9186586e-05
2009-10-16,0.0,278.4208,283.36942,271.8076,1.3511165e-05
2009-10-17,0.0,278.3792,283.49054,272.5456,1.1180441e-05
2009-10-18,3.5446226e-07,277.609,282.0854,274.32776,1.1182509e-05
2009-10-19,1.4775073e-06,277.82037,282.7833,271.28696,1.437761e-05
2009-10-20,0.0,277.7114,284.61234,275.29608,1.3834835e-05
2009-10-21,0.0,282.576,288.6569,270.12207,2.1315082e-05
2009-10-22,0.0,288.45023,293.17584,283.96332,1.6455411e-05
2009-10-23,6.6881694e-06,284.0099,288.82642,279.67767,1.14086015e-05
2009-10-24,0.00014162213,282.80994,284.745,282.02994,7.581166e-06
2009-10-25,1.2154267e-05,283.41885,289.60184,278.31747,1.0883178e-05
2009-10-26,0.0,283.96652,287.27362,280.60107,8.141665e-06
2009-10-27,0.0,283.94806,290.73532,279.02124,1.5208146e-05
2009-10-28,0.0,283.01163,289.4814,276.49216,1.3518989e-05
2009-10-29,0.0,281.77158,286.57938,276.8784,9.211765e-06
2009-10-30,3.206556e-06,278.32098,283.56146,275.56744,1.242532e-05
2009-10-31,0.0,274.9802,282.71735,271.0123,8.769558e-06
2009-11-01,0.0,273.51678,277.65042,269.6489,3.479771e-06
2009-11-02,0.0,275.39233,276.66263,273.41434,4.6296295e-06
2009-11-03,0.00015665927,274.8657,276.77585,274.4817,4.5431907e-06
2009-11-04,1.6393895e-05,275.8304,277.8216,272.53445,4.6296295e-06
2009-11-05,0.000186272,279.57016,284.53397,276.4244,7.684271e-06
2009-11-06,3.7794788e-08,278.098,279.45105,277.37476,4.6206173e-06
2009-11-07,0.00016968763,278.82413,282.8259,276.8505,6.599712e-06
2009-11-08,3.4782119e-07,278.85938,280.00848,274.76614,4.6296295e-06
2009-11-09,0.00013034715,280.55035,283.38834,278.507,5.787037e-06
2009-11-10,1.5875673e-06,279.7269,282.02667,278.2364,6.890316e-06
2009-11-11,1.9326611e-05,279.73618,282.82986,278.3299,8.026571e-06
2009-11-12,0.0,278.75348,285.42322,272.30252,9.252477e-06
2009-11-13,0.0,280.2769,287.1377,274.23813,7.595482e-06
2009-11-14,0.0,283.44092,289.21848,273.8694,1.2577499e-05
2009-11-15,0.0,282.25906,289.06506,277.569,8.101852e-06
2009-11-16,0.0,283.05246,290.4359,277.66016,6.8937366e-06
2009-11-17,0.0,283.088,291.65518,276.2677,1.0839633e-05
2009-11-18,0.0,280.9212,286.9616,276.71585,5.8655846e-06
2009-11-19,0.0,280.23416,288.53113,275.41428,6.39852e-06
2009-11-20,0.0,279.62253,287.98276,273.27142,6.9444445e-06
2009-11-21,0.0,277.20328,279.6912,273.61917,3.2798896e-06
2009-11-22,0.0,277.2585,279.49463,275.44183,3.4722223e-06
2009-11-23,0.0,277.04565,281.46536,274.15387,4.564703e-06
2009-11-24,4.6268774e-06,281.4456,286.17407,275.0116,6.591268e-06
2009-11-25,0.0,279.95074,286.9554,274.60934,6.425343e-06
2009-11-26,0.0,280.15558,285.87415,276.254,7.163663e-06
2009-11-27,0.0,282.34656,286.53082,275.74,7.97743e-06
2009-11-28,7.4079736e-07,278.01663,283.23206,274.19446,5.3343324e-06
2009-11-29,3.890972e-05,282.26462,285.80334,272.378,1.0439261e-05
2009-11-30,0.0,285.95114,289.8108,281.5547,1.5477824e-05
2009-12-01,6.793372e-05,281.64304,287.02945,279.32324,7.540447e-06
2009-12-02,5.5368484e-05,275.69418,279.4624,272.4801,2.3148148e-06
2009-12-03,0.0,275.91574,277.06702,274.18527,3.4722223e-06
2009-12-04,0.0,277.40973,278.7131,276.46182,4.5331813e-06
2009-12-05,3.4079994e-07,275.8468,281.65335,273.135,3.4722223e-06
2009-12-06,0.0,274.34708,277.29004,271.8267,3.4722223e-06
2009-12-07,0.0,275.01794,276.7462,271.81827,2.3091766e-06
2009-12-08,2.134224e-05,278.16663,279.6364,274.64255,3.7360612e-06
2009-12-09,0.00018465013,280.22687,282.77048,277.5322,1.3605086e-05
2009-12-10,0.0,278.2321,282.8445,274.9779,5.2839227e-06
2009-12-11,3.0954666e-07,277.7158,280.27643,273.7331,4.6277837e-06
2009-12-12,1.1075704e-05,274.8567,278.29297,274.10736,8.991709e-06
2009-12-13,4.1150506e-07,272.20966,274.51065,271.4105,6.8828185e-06
2009-12-14,0.0,270.30487,272.13416,269.5314,3.436148e-06
2009-12-15,4.272705e-05,271.18958,271.9055,269.60828,4.270197e-06
2009-12-16,0.0,269.44107,271.7216,268.48227,3.2355222e-06
2009-12-17,1.7551142e-06,267.60397,271.7784,264.5743,2.3148148e-06
2009-12-18,0.0,264.8097,269.96112,260.6662,1.1574074e-06
2009-12-19,1.5833876e-06,264.45245,265.74127,259.22256,2.3148148e-06
2009-12-20,0.000106881256,258.3455,265.26303,252.24454,1.1574074e-06
2009-12-21,0.0,268.52017,275.19598,252.68713,2.9506868e-06
2009-12-22,3.3536975e-07,278.6516,281.08255,274.29272,4.6228047e-06
2009-12-23,2.3164882e-06,281.5502,287.7034,277.07898,1.1980363e-05
2009-12-24,0.0,282.30338,286.21954,275.75476,4.6296295e-06
2009-12-25,2.2671281e-06,283.7466,289.9323,279.3608,9.755777e-06
2009-12-26,0.00018599506,276.45724,282.25098,273.00928,4.3039295e-06
2009-12-27,1.27077565e-05,274.94733,276.87363,272.84525,3.4683942e-06
2009-12-28,2.3657418e-05,273.74802,277.92682,269.0774,1.8536957e-06
2009-12-29,1.1900069e-06,273.93234,276.82297,269.6369,2.3148148e-06
2009-12-30,0.0,279.60535,284.64612,272.015,6.4486417e-06
2009-12-31,0.0,276.11786,283.61508,271.8673,3.307787e-06
2010-01-01,9.525078e-07,276.28564,277.7514,274.40305,2.825197e-06
2010-01-02,2.4424867e-06,276.09714,278.65646,274.79654,1.0887013e-05
2010-01-03,3.6224974e-06,271.31644,276.73273,268.62674,6.833044e-06
2010-01-04,0.0,270.56717,273.55362,265.94077,2.2578722e-06
2010-01-05,1.2698086e-05,271.33505,272.20294,270.4203,2.3148148e-06
2010-01-06,7.246739e-05,271.9379,273.2131,270.66037,2.3148148e-06
2010-01-07,2.9574181e-05,272.5973,273.45114,271.31302,2.3148148e-06
2010-01-08,3.832838e-05,273.50183,274.18646,272.17047,2.8438492e-06
2010-01-09,0.00020591059,274.14862,274.8428,273.22342,2.3148148e-06
2010-01-10,9.873112e-05,273.96655,275.10886,272.17227,2.3153211e-06
2010-01-11,6.5539433e-07,273.37466,275.38693,272.68524,3.4722223e-06
2010-01-12,0.0,272.2714,273.36566,271.7982,3.4722223e-06
2010-01-13,0.0,272.57037,272.80502,270.71738,3.4722223e-06
2010-01-14,0.0,272.49783,273.282,271.97702,3.4722223e-06
2010-01-15,0.0,273.0727,274.24417,272.25458,3.4722223e-06
2010-01-16,0.0,271.5568,276.14594,269.36404,3.4722223e-06
2010-01-17,0.0,271.65845,272.47424,268.7578,2.3148148e-06
2010-01-18,4.5154684e-05,272.21542,274.7862,270.05737,2.3148148e-06
2010-01-19,2.5088777e-06,274.80432,277.2981,271.9248,2.3148148e-06
2010-01-20,0.0,273.4759,276.81125,272.00095,2.3148148e-06
2010-01-21,0.0,269.6184,272.82858,269.8577,3.4722223e-06
2010-01-22,3.2419688e-05,268.92673,270.24966,268.46655,3.4722223e-06
2010-01-23,0.0,268.52042,270.906,267.38892,3.4722223e-06
2010-01-24,0.0,268.4805,270.52933,265.415,2.3148148e-06
2010-01-25,0.0,267.72678,270.946,265.49725,3.4722223e-06
2010-01-26,0.0,266.3798,269.0365,263.26733,3.4531763e-06
2010-01-27,3.3290897e-07,262.7337,269.851,257.84875,2.3148148e-06
2010-01-28,0.0,265.69876,269.70023,258.2388,3.4722223e-06
2010-01-29,0.0,270.00522,275.71204,261.19437,4.2223687e-06
2010-01-30,0.0,273.6853,275.19492,270.4684,3.4722223e-06
2010-01-31,2.3170298e-05,269.78653,274.72153,266.5903,3.9025103e-06
2010-02-01,0.0,267.79163,276.11774,260.4711,5.381008e-06
2010-02-02,0.0,269.46356,276.93634,263.75967,6.5512513e-06
2010-02-03,0.0,275.5237,280.69006,265.72342,8.10441e-06
2010-02-04,0.0,273.37683,278.59378,268.36407,4.6296295e-06
2010-02-05,0.0,274.67398,279.10916,267.86423,4.6296295e-06
2010-02-06,3.7129557e-05,272.4934,275.46323,272.59167,4.3413766e-06
2010-02-07,4.7796228e-05,268.81403,272.83734,267.51352,5.5084915e-06
2010-02-08,1.5180643e-06,268.91953,271.54102,262.61548,3.4722223e-06
2010-02-09,0.0,269.1104,270.4033,266.07242,3.4722223e-06
2010-02-10,7.675458e-06,271.3116,272.80475,269.49005,4.3476994e-06
2010-02-11,7.951573e-05,271.63425,272.99768,270.81668,3.4632099e-06
2010-02-12,6.167116e-05,271.93774,273.42923,269.63107,4.373114e-06
2010-02-13,0.0,270.2857,277.92252,267.23996,4.7594044e-06
2010-02-14,0.0,272.0677,274.26807,263.73904,5.787037e-06
2010-02-15,0.0,270.77585,274.81,266.71472,4.6296295e-06
2010-02-16,0.0,270.89127,275.42026,261.6494,4.89232e-06
2010-02-17,0.0,274.13104,277.74106,270.46286,6.462826e-06
2010-02-18,0.0,275.56567,281.80063,268.1466,6.9444445e-06
2010-02-19,0.0,275.5291,279.29416,268.69342,4.6296295e-06
2010-02-20,8.182043e-05,275.97644,278.57632,275.02185,4.632694e-06
2010-02-21,1.9150182e-05,276.18237,281.79214,269.91272,1.2673497e-05
2010-02-22,0.0,279.04358,283.81882,274.47437,1.6153184e-05
2010-02-23,0.0,280.9089,286.81985,276.9866,1.5024413e-05
2010-02-24,0.0,280.53714,286.67633,274.13208,1.4692744e-05
2010-02-25,0.0,280.2289,287.4937,272.3744,1.49574735e-05
2010-02-26,0.0,281.01505,284.97418,276.74374,1.0234507e-05
2010-02-27,0.00017387095,279.17242,286.14465,275.00934,2.0833333e-05
2010-02-28,0.0,283.90146,287.1177,275.10553,3.250477e-05
2010-03-01,9.921351e-07,282.6837,289.14288,278.16467,1.8456903e-05
2010-03-02,4.305776e-06,278.4325,282.3895,277.3689,1.3417358e-05
2010-03-03,1.085427e-06,277.45538,282.15778,273.24158,1.2661148e-05
2010-03-04,0.0,275.2684,277.1728,274.51642,8.115289e-06
2010-03-05,3.5809e-05,272.9709,277.04724,271.07733,1.8991685e-05
2010-03-06,2.0252323e-06,272.20682,276.71112,266.18155,1.2722975e-05
2010-03-07,0.0,271.23508,274.51483,269.0909,1.4424918e-05
2010-03-08,0.0,270.91776,273.79306,266.42862,1.5597914e-05
2010-03-09,0.0,272.34265,275.18686,270.01453,1.5765909e-05
2010-03-10,2.2818803e-08,271.63077,273.42938,269.96167,8.100512e-06
2010-03-11,0.00016362865,272.38818,274.4507,270.4404,5.778531e-06
2010-03-12,0.0,272.53812,279.6088,262.6801,1.02155755e-05
2010-03-13,0.0,276.67755,283.21252,270.21854,1.3888889e-05
2010-03-14,0.0,277.04205,284.40555,270.66428,2.0266623e-05
2010-03-15,0.0,273.92126,278.97223,269.91165,1.2165386e-05
2010-03-16,1.3255321e-06,276.76782,285.45114,270.23358,1.8056857e-05
2010-03-17,0.0,279.21478,284.62146,275.0037,1.9400733e-05
2010-03-18,0.0,280.50888,288.58237,272.36053,2.1734224e-05
2010-03-19,0.0,283.21768,291.44482,274.56067,2.8978313e-05
2010-03-20,0.0,284.50858,292.0188,277.1802,3.662639e-05
2010-03-21,0.0,285.70935,293.03732,280.30246,3.0954205e-05
2010-03-22,0.0,282.24615,285.4276,279.80933,9.259259e-06
2010-03-23,2.520911e-05,282.24002,288.9284,276.95746,2.2272387e-05
2010-03-24,0.0,284.45697,290.09088,274.54105,2.3499962e-05
2010-03-25,0.0,285.50406,290.19638,282.5698,2.1589476e-05
2010-03-26,0.0,287.55954,292.61728,282.59335,3.2290358e-05
2010-03-27,2.6448628e-09,281.8049,287.98862,278.6267,2.3822944e-05
2010-03-28,1.999307e-08,282.96786,290.67154,274.18323,3.4520363e-05
2010-03-29,0.0,286.8007,293.33218,277.32996,3.8119295e-05
2010-03-30,0.0,286.9833,291.8966,283.69775,3.6205543e-05
2010-03-31,1.0619247e-05,281.01013,286.58606,279.30826,1.5027751e-05
2010-04-01,3.3079046e-05,282.70462,290.0632,274.9296,3.0092591e-05
2010-04-02,2.321866e-05,279.4606,284.4146,276.31808,1.9149635e-05
2010-04-03,2.2561478e-06,282.97906,289.5067,271.5536,3.457758e-05
2010-04-04,0.0,284.95956,287.57852,281.40878,2.5901849e-05
2010-04-05,0.0001433169,281.7691,285.3328,279.8764,2.0095495e-05
2010-04-06,2.7503507e-05,281.7789,287.22928,276.11386,3.537703e-05
2010-04-07,0.0,280.85477,288.51767,272.30136,2.9884655e-05
2010-04-08,0.0,282.75317,290.85806,272.83777,3.3215973e-05
2010-04-09,0.0,285.6051,292.7262,276.70416,3.8251994e-05
2010-04-10,5.9207678e-06,282.40567,287.69257,280.01065,2.4902032e-05
2010-04-11,1.3490509e-05,279.6822,283.55588,275.40262,2.1117177e-05
2010-04-12,3.5988644e-05,278.65515,279.8532,277.0549,9.985802e-06
2010-04-13,3.3721895e-05,281.51987,283.74405,278.545,1.1574074e-05
2010-04-14,4.0350336e-05,281.81097,286.3794,280.1216,1.9365989e-05
2010-04-15,0.00012642883,283.04395,288.95453,279.45142,2.8891107e-05
2010-04-16,0.0,284.30667,290.15417,278.79202,3.1658474e-05
2010-04-17,3.0341246e-06,282.03058,288.399,277.8577,3.8921666e-05
2010-04-18,0.0,281.56866,287.16718,273.6926,1.9943924e-05
2010-04-19,4.4317408e-06,284.63892,292.23297,276.5234,3.4622568e-05
2010-04-20,0.0,287.76593,295.42303,278.62817,4.1328545e-05
2010-04-21,6.6393964e-06,286.03983,294.17807,279.0466,4.1868592e-05
2010-04-22,1.2361576e-05,281.3938,284.07245,279.86823,1.8496039e-05
2010-04-23,1.4725414e-06,284.3065,288.95468,279.75992,2.6105821e-05
2010-04-24,0.0,287.1171,292.78113,279.55487,3.6263456e-05
2010-04-25,0.0,288.02716,295.20148,280.90436,3.6649213e-05
2010-04-26,0.0,289.46628,296.9193,278.37915,4.794043e-05
2010-04-27,3.7794646e-06,288.86557,293.6986,285.6501,3.5906603e-05
2010-04-28,0.0,286.73074,293.47528,279.78534,3.8374914e-05
2010-04-29,0.0,288.4483,294.8178,276.28058,4.5682922e-05
2010-04-30,0.0,292.16425,299.99005,280.18488,5.0804058e-05
2010-05-01,0.0,292.85187,297.50336,286.33014,5.595736e-05
2010-05-02,4.664432e-06,290.12396,295.45505,287.53772,4.1956453e-05
2010-05-03,1.4427741e-06,289.03958,294.50107,286.3064,2.9627317e-05
2010-05-04,6.692863e-06,288.58234,293.34552,282.944,2.6260795e-05
2010-05-05,2.6958944e-05,286.3452,288.1963,285.26093,1.2646918e-05
2010-05-06,8.708423e-05,287.44235,293.04105,285.1379,4.628347e-05
2010-05-07,4.962629e-09,287.42786,293.8095,278.69925,5.0055805e-05
2010-05-08,0.0,285.94638,290.58716,279.37344,3.0157435e-05
2010-05-09,6.7560865e-07,288.59113,293.77725,282.4914,4.5155433e-05
2010-05-10,0.0,289.0566,295.18994,286.48273,5.1787578e-05
2010-05-11,0.0,289.92343,295.2569,279.59592,4.20851e-05
2010-05-12,0.0,288.41388,292.79062,284.57944,3.2734173e-05
2010-05-13,5.3401675e-07,286.928,289.0219,283.39932,1.7769386e-05
2010-05-14,6.30694e-05,287.00226,294.09015,282.02133,4.235766e-05
2010-05-15,5.6723084e-06,283.11746,286.21716,281.97018,1.3888889e-05
2010-05-16,0.00018614088,283.48773,284.96008,280.66846,2.0082514e-05
2010-05-17,2.1535949e-05,285.54202,289.955,281.94885,3.0827145e-05
2010-05-18,1.2288108e-06,286.31027,291.37885,282.99573,3.5749326e-05
2010-05-19,5.3012815e-07,285.70084,291.66394,277.3628,4.1054183e-05
2010-05-20,0.0,286.0853,289.10855,281.61252,2.442747e-05
2010-05-21,4.8501748e-05,288.05698,292.02783,283.82843,2.815582e-05
2010-05-22,1.688386e-05,289.84378,295.3745,286.38638,4.314542e-05
2010-05-23,2.3953875e-05,289.58157,295.54593,282.88458,4.3230415e-05
2010-05-24,1.770383e-05,293.1635,298.84787,283.7119,6.0583785e-05
2010-05-25,0.0,294.64908,302.01572,283.35736,6.434364e-05
2010-05-26,2.3645903e-06,292.70636,300.26346,286.0261,6.314122e-05
2010-05-27,0.0,292.82986,300.29126,283.93872,6.469076e-05
2010-05-28,2.6524674e-06,292.28625,297.53354,285.86774,4.857005e-05
2010-05-29,1.267195e-07,291.53918,296.4964,287.8571,4.557224e-05
2010-05-30,2.2798064e-05,290.17908,296.17468,287.01288,3.4710134e-05
2010-05-31,1.5649752e-05,285.7102,288.46872,284.3798,1.8518518e-05
2010-06-01,9.3981354e-05,286.69016,291.06323,281.35504,3.3357588e-05
2010-06-02,5.326661e-05,285.44266,287.0426,283.98602,1.4628114e-05
2010-06-03,0.00014881438,287.2832,290.65964,284.19626,2.282354e-05
2010-06-04,0.00010357986,288.27576,292.90417,286.21857,1.9394138e-05
2010-06-05,1.2385544e-05,290.8757,297.16714,282.70682,5.6820547e-05
2010-06-06,0.0,293.02823,298.90497,282.3288,5.9959493e-05
2010-06-07,0.0,293.96637,299.70886,285.92145,5.8023274e-05
2010-06-08,1.3002145e-05,296.09467,301.85864,288.21765,6.0953615e-05
2010-06-09,2.0008722e-06,297.85016,303.28192,289.38306,7.322619e-05
2010-06-10,0.0,298.71967,303.31137,291.78564,7.6396056e-05
2010-06-11,0.0,300.29083,305.6278,292.24698,9.4460775e-05
2010-06-12,0.0,300.3402,306.25903,289.42996,8.508687e-05
2010-06-13,0.0,297.30298,302.0346,293.34753,6.522284e-05
2010-06-14,2.4760207e-06,294.40457,302.42188,290.3991,6.340257e-05
2010-06-15,3.612907e-06,293.84183,299.75946,287.88245,5.5335444e-05
2010-06-16,0.0004034251,289.48645,293.21967,288.27734,1.6381782e-05
2010-06-17,0.00011987855,291.53238,295.59158,288.17194,2.6141848e-05
2010-06-18,1.6272028e-05,292.20065,299.33142,288.61203,5.365869e-05
2010-06-19,5.4234333e-06,290.65704,294.6552,287.28973,3.7814294e-05
2010-06-20,8.246463e-06,287.1972,290.52823,286.12244,1.9700128e-05
2010-06-21,4.486989e-05,286.88208,288.70053,285.13632,2.3383798e-05
2010-06-22,3.345733e-05,290.25406,293.41907,287.80594,5.3792748e-05
2010-06-23,0.0,290.77063,296.34528,287.10864,6.714316e-05
2010-06-24,0.0,291.1285,297.34628,282.41486,5.3241172e-05
2010-06-25,0.0,291.98584,298.14868,285.4338,4.36518e-05
2010-06-26,2.9710557e-06,291.89078,295.95773,285.96344,3.104417e-05
2010-06-27,0.0,293.7525,299.6956,286.6624,6.98385e-05
2010-06-28,0.0,294.3122,300.03348,284.8561,6.4517546e-05
2010-06-29,0.0,295.4942,302.66486,288.94128,6.539941e-05
2010-06-30,0.0,296.3399,303.71747,287.54672,6.9598165e-05
2010-07-01,0.0,296.68784,303.8469,289.1885,6.5008586e-05
2010-07-02,1.6117365e-06,296.55862,303.75485,288.1967,5.3333646e-05
2010-07-03,5.7273646e-06,297.80945,304.417,289.36804,6.362037e-05
2010-07-04,2.922965e-07,296.48358,302.10117,290.14642,5.5205135e-05
2010-07-05,3.3810882e-06,295.89264,301.4704,291.01065,5.2918065e-05
2010-07-06,3.2385915e-06,294.85266,301.3518,290.44742,4.7770238e-05
2010-07-07,0.0,292.3935,298.87872,285.55338,6.0252445e-05
2010-07-08,0.0,292.9157,300.60938,283.08267,6.332734e-05
2010-07-09,0.0,294.97574,303.19714,284.20648,6.235059e-05
2010-07-10,0.0,296.09796,304.56537,285.48227,6.594791e-05
2010-07-11,0.0,297.89978,305.1747,287.13736,6.639834e-05
2010-07-12,0.0,299.27252,305.73853,289.6555,6.746803e-05
2010-07-13,2.2393442e-06,297.0051,305.1087,290.74533,4.8804504e-05
2010-07-14,0.0002936213,299.4011,305.88776,290.8472,6.693857e-05
2010-07-15,0.0,300.33728,306.4976,292.06323,6.462017e-05
2010-07-16,4.9539434e-05,299.8294,305.6854,293.9022,6.527172e-05
2010-07-17,0.0,300.63034,306.5471,293.15933,6.59749e-05
2010-07-18,0.00023840221,294.49142,298.77362,292.58337,4.2587908e-05
2010-07-19,5.7931065e-06,294.1863,298.96158,287.27866,5.235782e-05
2010-07-20,0.0,295.05417,300.89407,287.86624,4.8795537e-05
2010-07-21,0.0,297.98694,304.1611,289.98486,6.1757106e-05
2010-07-22,0.0,299.5429,306.59753,290.68634,6.7739515e-05
2010-07-23,0.0,297.91116,304.9026,291.15848,6.153648e-05
2010-07-24,2.0234862e-05,290.29187,295.78467,288.8339,2.426952e-05
2010-07-25,0.00020516214,289.47458,293.87857,287.46973,3.388425e-05
2010-07-26,1.4048392e-06,290.618,295.4201,284.87692,4.1510084e-05
2010-07-27,1.3623396e-06,291.92703,298.3731,287.8972,4.6920908e-05
2010-07-28,5.830807e-06,293.63348,299.83258,288.6752,4.9325758e-05
2010-07-29,0.0,291.60107,299.54193,287.24103,3.734637e-05
2010-07-30,0.00028275364,289.18878,291.47025,286.70255,1.7565577e-05
2010-07-31,5.4720378e-05,291.86682,297.10196,288.0945,4.209384e-05
2010-08-01,9.23466e-07,294.8198,301.14255,285.93176,5.73943e-05
2010-08-02,0.0,296.3321,302.55396,287.19028,5.8022757e-05
2010-08-03,0.0,292.33408,299.6272,289.68588,3.391447e-05
2010-08-04,0.00015439917,292.06357,297.51013,288.36057,4.560304e-05
2010-08-05,0.0,292.6945,297.6877,285.4776,3.875185e-05
2010-08-06,0.00027163187,291.2357,295.9303,288.86423,2.7427775e-05
2010-08-07,6.4060296e-05,290.60443,294.64108,288.05716,2.6009173e-05
2010-08-08,8.3394625e-06,293.04037,299.6009,286.76566,5.0066585e-05
2010-08-09,4.3035714e-05,290.92194,296.76358,287.16608,3.0482512e-05
2010-08-10,1.9806464e-05,293.91202,300.23468,285.0727,4.6704037e-05
2010-08-11,3.9947918e-06,294.5093,301.13412,286.98877,5.274247e-05
2010-08-12,2.550605e-06,294.621,301.0589,285.87958,4.997532e-05
2010-08-13,0.0,294.44708,300.91415,289.34708,4.184944e-05
2010-08-14,0.00013760566,294.4806,300.2255,288.1488,4.1041563e-05
2010-08-15,0.00023081097,294.72852,300.88177,291.25757,4.4443423e-05
2010-08-16,2.5537427e-05,293.29553,299.0876,287.14822,3.850246e-05
2010-08-17,2.1197872e-07,292.92526,298.82364,287.19757,5.0111907e-05
2010-08-18,0.0,292.5458,297.24707,287.72284,3.5021345e-05
2010-08-19,3.1302927e-06,293.66818,299.2525,289.61508,3.799647e-05
2010-08-20,1.5567889e-06,294.01886,299.41437,290.59955,4.2207546e-05
2010-08-21,0.0,294.67032,301.07504,289.1061,4.7134898e-05
2010-08-22,0.0,294.43802,301.05685,287.62927,4.6084228e-05
2010-08-23,0.0,295.6304,301.87283,286.16992,5.370099e-05
2010-08-24,0.0,293.25064,298.8085,289.4705,2.4453348e-05
2010-08-25,0.0001234123,290.0416,292.5511,287.97183,1.792872e-05
2010-08-26,1.0931857e-06,294.20258,300.57806,286.28403,4.3570173e-05
2010-08-27,0.0,293.88605,303.20984,289.11542,4.307975e-05
2010-08-28,0.00036431686,290.1222,293.7161,288.2151,1.4896797e-05
2010-08-29,0.0001383384,287.29565,293.72427,282.217,3.5389603e-05
2010-08-30,1.3308345e-06,284.13574,288.3135,283.05508,1.2191107e-05
2010-08-31,4.5238838e-05,286.00992,290.33917,279.22803,2.7234615e-05
2010-09-01,8.591748e-06,287.0547,292.9042,283.07318,4.768625e-05
2010-09-02,0.0,286.78836,294.14664,279.42252,3.4285495e-05
2010-09-03,7.6875517e-07,287.53577,291.6048,282.57996,1.9037445e-05
2010-09-04,1.6811407e-06,287.021,291.29538,283.8587,1.6301874e-05
2010-09-05,0.00011357212,286.5659,291.9967,280.09402,2.6800712e-05
2010-09-06,1.4814162e-06,284.25006,289.00632,281.3562,1.9783532e-05
2010-09-07,4.365232e-06,284.79605,286.15848,278.71777,1.0450159e-05
2010-09-08,1.791059e-05,288.0159,289.77466,285.61032,1.1574074e-05
2010-09-09,5.832017e-05,289.3011,292.81885,286.33984,1.8735596e-05
2010-09-10,1.1790809e-05,290.12817,293.216,286.50314,2.5558667e-05
2010-09-11,0.0,289.65472,294.17538,288.37888,3.3796085e-05
2010-09-12,0.0,288.19824,293.76627,284.57553,1.9769666e-05
2010-09-13,0.0,289.06503,294.8781,281.72717,2.7542626e-05
2010-09-14,1.0444007e-05,289.05286,295.32547,285.04626,3.4431578e-05
2010-09-15,0.0,291.30536,297.0124,285.26743,3.3560988e-05
2010-09-16,0.0,288.7579,292.73782,286.9302,1.3629829e-05
2010-09-17,0.0002769461,287.02728,288.51828,286.6693,9.717123e-06
2010-09-18,0.0004924516,285.1653,286.7874,284.42307,1.1583086e-05
2010-09-19,0.00034892766,285.1892,290.12656,283.114,1.6171443e-05
2010-09-20,1.1770622e-05,284.59323,292.1147,277.46783,2.5201372e-05
2010-09-21,0.0,285.63794,293.85733,278.08545,2.6607706e-05
2010-09-22,0.0,286.44073,294.54343,277.96326,2.6948139e-05
2010-09-23,0.0,286.75485,294.2639,278.36713,2.6547286e-05
2010-09-24,0.0,288.7016,295.94806,280.56335,2.4915722e-05
2010-09-25,0.0,287.9521,289.7258,285.35553,1.1629285e-05
2010-09-26,0.00032454822,285.22363,288.5416,284.199,9.255431e-06
2010-09-27,8.7997425e-05,285.25824,288.4271,282.18326,1.2383913e-05
2010-09-28,5.594049e-07,286.73355,292.03757,281.83875,2.0316009e-05
2010-09-29,3.3971146e-06,284.7466,291.58954,281.85513,1.9678344e-05
2010-09-30,7.4122954e-07,284.07858,287.4833,280.4718,1.572062e-05
2010-10-01,0.0,283.60315,286.3324,281.75183,1.2132478e-05
2010-10-02,0.0,285.60928,288.6999,282.64902,1.3745492e-05
2010-10-03,0.0,285.51358,287.68466,283.10803,1.4206368e-05
2010-10-04,0.0,286.847,292.31976,283.72754,2.0895955e-05
2010-10-05,0.0,286.21634,289.9746,284.87344,1.0416667e-05
2010-10-06,0.00010695832,284.0436,286.08972,283.56738,7.0535802e-06
2010-10-07,1.6839795e-05,283.6523,290.26675,280.31387,1.598927e-05
2010-10-08,0.0,280.9877,287.72464,277.07556,1.300912e-05
2010-10-09,0.0,279.60083,287.31454,274.89474,1.41779e-05
2010-10-10,0.0,279.82547,288.16,273.7735,1.4629844e-05
2010-10-11,0.0,280.3298,288.74744,273.5182,1.5450225e-05
2010-10-12,0.0,280.6694,288.66095,273.87186,1.3893538e-05
2010-10-13,0.0,282.18018,286.2701,273.9481,8.485264e-06
2010-10-14,0.0,280.26895,287.68613,275.9225,1.239078e-05
2010-10-15,0.0,281.11328,286.7966,274.39432,1.1785239e-05
2010-10-16,0.0,281.50217,286.603,277.28824,1.0545392e-05
2010-10-17,1.7949056e-08,280.82968,282.8031,278.97968,8.093345e-06
2010-10-18,0.00015171642,281.0254,282.73633,279.30527,7.208541e-06
2010-10-19,4.7488622e-05,280.8848,282.27005,279.6956,7.2098223e-06
2010-10-20,5.19402e-06,277.53223,281.40482,275.00497,5.787037e-06
2010-10-21,8.06898e-05,277.6098,285.64853,272.8758,1.1061063e-05
2010-10-22,0.0,277.8749,286.72906,271.67722,1.0416667e-05
2010-10-23,0.0,282.0883,287.35043,273.32773,1.0179746e-05
2010-10-24,0.0,284.62076,290.62,281.26895,1.8762736e-05
2010-10-25,7.307602e-05,279.48773,282.46585,278.46213,6.9444445e-06
2010-10-26,5.338544e-05,277.93008,281.73764,274.83707,1.4049141e-05
2010-10-27,1.7600776e-06,275.79324,282.07626,272.6888,1.138078e-05
2010-10-28,0.0,276.1273,283.89508,269.6708,8.101852e-06
2010-10-29,0.0,278.03357,287.0028,270.1525,1.1629675e-05
2010-10-30,0.0,283.62253,289.83203,273.25952,2.2230635e-05
2010-10-31,0.0,284.24524,290.43845,280.11523,1.4681895e-05
2010-11-01,0.0,286.12885,292.049,281.32614,1.3468526e-05
2010-11-02,0.0,282.9679,287.56763,279.9165,6.9444445e-06
2010-11-03,1.2657281e-08,283.15323,286.2243,278.90973,8.0675145e-06
2010-11-04,2.8247564e-06,283.65625,290.69165,276.25488,8.640181e-06
2010-11-05,0.0,284.47623,294.0062,276.3548,1.32134155e-05
2010-11-06,0.0,281.85327,290.82037,275.07745,7.199014e-06
2010-11-07,0.0,283.59637,288.88382,275.69363,7.738152e-06
2010-11-08,7.869583e-06,284.12943,286.51996,282.5596,9.35399e-06
2010-11-09,5.8024372e-05,282.73874,286.5408,279.62546,9.239063e-06
2010-11-10,7.726725e-05,282.72232,284.8772,279.64963,8.951302e-06
2010-11-11,4.8931415e-05,280.55066,286.55826,277.6725,9.746127e-06
2010-11-12,0.0,284.2504,288.04413,276.45627,1.556317e-05
2010-11-13,0.0,284.63095,290.94485,279.23633,1.3754347e-05
2010-11-14,0.0,286.14072,292.4809,278.2264,1.939092e-05
2010-11-15,0.0,288.35153,293.41763,285.38968,2.3243332e-05
2010-11-16,0.0,284.9611,289.84406,279.91464,9.771623e-06
2010-11-17,3.4658517e-06,282.82532,284.85376,281.39398,5.787037e-06
2010-11-18,5.8574624e-05,282.1121,286.24808,279.50586,6.9444445e-06
2010-11-19,6.835061e-05,279.3939,282.35385,277.27936,4.6296295e-06
2010-11-20,9.1140006e-05,278.83752,279.56464,276.80652,3.4722223e-06
2010-11-21,5.305611e-07,280.08545,280.53598,278.19135,3.6639215e-06
2010-11-22,0.00016932451,281.03763,283.25565,279.9321,4.6296295e-06
2010-11-23,2.0213347e-05,277.74988,282.33533,275.26056,4.6296295e-06
2010-11-24,5.7086936e-07,275.687,282.01004,272.1901,5.787037e-06
2010-11-25,0.0,274.48965,281.34674,270.03644,3.4815735e-06
2010-11-26,0.0,273.0206,275.31195,268.90857,2.3148148e-06
2010-11-27,0.00011095402,273.66934,278.0258,271.2813,3.4722223e-06
2010-11-28,0.0,273.3864,274.24942,271.60922,2.3148148e-06
2010-11-29,0.00022263221,274.07526,277.453,272.18347,2.3148148e-06
2010-11-30,0.0,272.80353,275.2032,269.0753,2.3148148e-06
2010-12-01,2.0493473e-05,271.49313,273.3184,271.16788,2.3148148e-06
2010-12-02,0.000121161545,271.85275,273.0936,266.41733,2.3148148e-06
2010-12-03,0.00013139714,272.36996,274.18793,271.11395,2.3148148e-06
2010-12-04,6.9399335e-05,269.74414,272.79797,267.46704,1.1574074e-06
2010-12-05,0.0,271.97723,274.52945,266.5992,2.3148148e-06
2010-12-06,0.0,279.09766,280.5576,270.72473,4.585194e-06
2010-12-07,0.0,283.8978,286.44492,279.36258,5.787037e-06
2010-12-08,0.0,286.20618,288.14597,282.5137,9.507216e-06
2010-12-09,3.9256197e-06,275.78287,287.10916,272.29028,6.00043e-06
2010-12-10,8.514742e-05,272.19678,275.3804,269.1756,4.640255e-06
2010-12-11,6.3659786e-06,272.4249,277.37265,266.824,4.5601637e-06
2010-12-12,0.0,273.5186,279.97025,269.41583,4.494141e-06
2010-12-13,0.0,271.24384,274.76422,269.36154,1.0723589e-05
2010-12-14,0.0,270.0397,273.82498,264.60233,4.6296295e-06
2010-12-15,0.0,270.44824,273.54807,267.14886,4.6296295e-06
2010-12-16,0.0,267.71704,270.93085,264.39352,4.619653e-06
2010-12-17,0.0,267.58304,270.17657,262.61475,3.3805868e-06
2010-12-18,0.00014207826,264.16824,268.9403,259.28012,1.1876199e-06
2010-12-19,8.966472e-06,268.62122,275.2276,253.53587,2.3150596e-06
2010-12-20,0.0,275.7568,282.38617,269.1423,4.3380655e-06
2010-12-21,0.0,275.61838,280.64612,264.92847,5.194549e-06
2010-12-22,0.0,277.7628,283.57812,275.32556,4.7565277e-06
2010-12-23,0.0,279.09232,283.81848,275.43588,4.039848e-06
2010-12-24,5.222006e-06,279.5427,284.44492,276.2309,2.3325554e-06
2010-12-25,6.0663075e-05,275.15466,279.86166,274.51593,3.550891e-06
2010-12-26,2.111849e-05,271.15964,274.9435,270.37384,6.344314e-06
2010-12-27,0.0,269.91556,274.58044,267.98453,1.2150556e-06
2010-12-28,0.0,270.53052,274.94562,266.52194,3.4722223e-06
2010-12-29,0.0,268.67157,271.29034,265.71298,2.3148148e-06
2010-12-30,0.0,268.90338,271.84973,268.35556,1.9271035e-06
2010-12-31,0.0,268.5963,268.63275,268.81433,2.3148148e-06
