postaja;datum;etp
8;1.01.1993;0.4
8;1.02.1993;0.6
8;1.03.1993;0.7
8;1.04.1993;0.3
8;1.05.1993;0.2
8;1.06.1993;0.1
8;1.07.1993;0.2
8;1.08.1993;0.3
8;1.09.1993;0.2
8;1.10.1993;0.2
8;1.11.1993;0.3
8;1.12.1993;0.6
8;01.13.1993;0.3
8;01.14.1993;0.4
8;01.15.1993;0.3
8;01.16.1993;0.4
8;01.17.1993;0.4
8;01.18.1993;0.4
8;01.19.1993;0.3
8;01.20.1993;0.2
8;01.21.1993;0.3
8;01.22.1993;0.6
8;01.23.1993;0.7
8;01.24.1993;0.8
8;01.25.1993;1
8;01.26.1993;1.3
8;01.27.1993;1.1
8;01.28.1993;0.5
8;01.29.1993;1.1
8;01.30.1993;0.9
8;01.31.1993;0.5
8;2.01.1993;0.4
8;2.02.1993;0.5
8;2.03.1993;0.8
8;2.04.1993;0.8
8;2.05.1993;1.4
8;2.06.1993;1.1
8;2.07.1993;0.7
8;2.08.1993;0.6
8;2.09.1993;0.7
8;2.10.1993;0.6
8;2.11.1993;0.7
8;2.12.1993;0.5
8;02.13.1993;0.6
8;02.14.1993;0.4
8;02.15.1993;0.9
8;02.16.1993;1
8;02.17.1993;0.5
8;02.18.1993;0.6
8;02.19.1993;0.8
8;02.20.1993;1.7
8;02.21.1993;0.8
8;02.22.1993;3.1
8;02.23.1993;1.7
8;02.24.1993;1.8
8;02.25.1993;1.5
8;02.26.1993;0.8
8;02.27.1993;0.7
8;02.28.1993;1.4
8;3.01.1993;0.8
8;3.02.1993;0.7
8;3.03.1993;0.6
8;3.04.1993;0.5
8;3.05.1993;0.8
8;3.06.1993;1.1
8;3.07.1993;0.5
8;3.08.1993;1.4
8;3.09.1993;1.5
8;3.10.1993;1.3
8;3.11.1993;1.4
8;3.12.1993;1.5
8;03.13.1993;1.9
8;03.14.1993;1.6
8;03.15.1993;1.8
8;03.16.1993;2.3
8;03.17.1993;1.6
8;03.18.1993;2
8;03.19.1993;1.5
8;03.20.1993;2.9
8;03.21.1993;2.6
8;03.22.1993;2.1
8;03.23.1993;1.5
8;03.24.1993;0.9
8;03.25.1993;0.8
8;03.26.1993;1.5
8;03.27.1993;2
8;03.28.1993;3.4
8;03.29.1993;2.7
8;03.30.1993;1.8
8;03.31.1993;1.8
8;4.01.1993;2.5
8;4.02.1993;1.8
8;4.03.1993;0.9
8;4.04.1993;1.3
8;4.05.1993;2.1
8;4.06.1993;2.4
8;4.07.1993;2.9
8;4.08.1993;2
8;4.09.1993;3
8;4.10.1993;2.2
8;4.11.1993;1.1
8;4.12.1993;1
8;04.13.1993;1.4
8;04.14.1993;2.7
8;04.15.1993;1.4
8;04.16.1993;2.6
8;04.17.1993;2.3
8;04.18.1993;2.3
8;04.19.1993;2
8;04.20.1993;3.4
8;04.21.1993;3.6
8;04.22.1993;4.3
8;04.23.1993;3.5
8;04.24.1993;4.1
8;04.25.1993;2.6
8;04.26.1993;4.7
8;04.27.1993;3.4
8;04.28.1993;2.9
8;04.29.1993;5.1
8;04.30.1993;2.5
8;5.01.1993;2.9
8;5.02.1993;2.9
8;5.03.1993;3.7
8;5.04.1993;3.4
8;5.05.1993;1.7
8;5.06.1993;2.9
8;5.07.1993;2.6
8;5.08.1993;2.6
8;5.09.1993;3.7
8;5.10.1993;3.9
8;5.11.1993;4.5
8;5.12.1993;3.4
8;05.13.1993;3.9
8;05.14.1993;4.2
8;05.15.1993;2.9
8;05.16.1993;2.8
8;05.17.1993;3.8
8;05.18.1993;4.9
8;05.19.1993;5.5
8;05.20.1993;5.2
8;05.21.1993;5.1
8;05.22.1993;4.6
8;05.23.1993;4.8
8;05.24.1993;4.4
8;05.25.1993;5.2
8;05.26.1993;6.4
8;05.27.1993;5.4
8;05.28.1993;6.6
8;05.29.1993;3.4
8;05.30.1993;5.2
8;05.31.1993;3.3
8;6.01.1993;5
8;6.02.1993;5.8
8;6.03.1993;2.1
8;6.04.1993;2.9
8;6.05.1993;4.7
8;6.06.1993;4.5
8;6.07.1993;4.7
8;6.08.1993;5.6
8;6.09.1993;5
8;6.10.1993;4.9
8;6.11.1993;6
8;6.12.1993;4.3
8;06.13.1993;2.4
8;06.14.1993;3.3
8;06.15.1993;3.1
8;06.16.1993;4.2
8;06.17.1993;2.2
8;06.18.1993;4.5
8;06.19.1993;5.8
8;06.20.1993;6.3
8;06.21.1993;2.6
8;06.22.1993;4.3
8;06.23.1993;4.7
8;06.24.1993;2.5
8;06.25.1993;4
8;06.26.1993;2.8
8;06.27.1993;2.2
8;06.28.1993;3
8;06.29.1993;4.2
8;06.30.1993;4.8
8;7.01.1993;4.8
8;7.02.1993;5
8;7.03.1993;5.4
8;7.04.1993;5.4
8;7.05.1993;5.3
8;7.06.1993;2.9
8;7.07.1993;4.3
8;7.08.1993;4.7
8;7.09.1993;5
8;7.10.1993;4.1
8;7.11.1993;4.6
8;7.12.1993;2.7
8;07.13.1993;3.5
8;07.14.1993;3.2
8;07.15.1993;3.1
8;07.16.1993;4.9
8;07.17.1993;4.8
8;07.18.1993;4.7
8;07.19.1993;3.9
8;07.20.1993;4.5
8;07.21.1993;2.3
8;07.22.1993;2.7
8;07.23.1993;4
8;07.24.1993;5.3
8;07.25.1993;5.3
8;07.26.1993;1.6
8;07.27.1993;4
8;07.28.1993;3.7
8;07.29.1993;4.7
8;07.30.1993;4.9
8;07.31.1993;5.5
8;8.01.1993;4.5
8;8.02.1993;4.7
8;8.03.1993;4.9
8;8.04.1993;5.1
8;8.05.1993;5
8;8.06.1993;4.6
8;8.07.1993;3.9
8;8.08.1993;3.2
8;8.09.1993;2.1
8;8.10.1993;3.6
8;8.11.1993;4.6
8;8.12.1993;4.6
8;08.13.1993;4.6
8;08.14.1993;4.5
8;08.15.1993;4.4
8;08.16.1993;4.7
8;08.17.1993;4.7
8;08.18.1993;2.5
8;08.19.1993;3.4
8;08.20.1993;4
8;08.21.1993;4.7
8;08.22.1993;5.8
8;08.23.1993;6.3
8;08.24.1993;4.8
8;08.25.1993;1.6
8;08.26.1993;1.4
8;08.27.1993;1.4
8;08.28.1993;1.4
8;08.29.1993;2.5
8;08.30.1993;2.9
8;08.31.1993;2.7
8;9.01.1993;2.4
8;9.02.1993;3
8;9.03.1993;1.8
8;9.04.1993;1.2
8;9.05.1993;2.2
8;9.06.1993;2.4
8;9.07.1993;2.7
8;9.08.1993;1.5
8;9.09.1993;1.6
8;9.10.1993;1.6
8;9.11.1993;1.4
8;9.12.1993;2
8;09.13.1993;2
8;09.14.1993;2.7
8;09.15.1993;2.4
8;09.16.1993;2.4
8;09.17.1993;1.3
8;09.18.1993;1.1
8;09.19.1993;1.1
8;09.20.1993;1.2
8;09.21.1993;1.6
8;09.22.1993;1.5
8;09.23.1993;2.3
8;09.24.1993;1.8
8;09.25.1993;1.2
8;09.26.1993;1.1
8;09.27.1993;1
8;09.28.1993;1
8;09.29.1993;0.9
8;09.30.1993;1.2
8;10.01.1993;0.9
8;10.02.1993;1.2
8;10.03.1993;1.2
8;10.04.1993;1.7
8;10.05.1993;2.1
8;10.06.1993;1.4
8;10.07.1993;1.3
8;10.08.1993;1.3
8;10.09.1993;1.4
8;10.10.1993;1.7
8;10.11.1993;1.7
8;10.12.1993;2.1
8;10.13.1993;1.4
8;10.14.1993;1.2
8;10.15.1993;1.6
8;10.16.1993;1.3
8;10.17.1993;1.3
8;10.18.1993;0.9
8;10.19.1993;0.6
8;10.20.1993;0.6
8;10.21.1993;0.6
8;10.22.1993;0.5
8;10.23.1993;0.6
8;10.24.1993;0.7
8;10.25.1993;0.7
8;10.26.1993;0.7
8;10.27.1993;0.5
8;10.28.1993;0.6
8;10.29.1993;0.7
8;10.30.1993;0.5
8;10.31.1993;0.5
8;11.01.1993;0.5
8;11.02.1993;0.5
8;11.03.1993;0.5
8;11.04.1993;0.7
8;11.05.1993;0.5
8;11.06.1993;0.5
8;11.07.1993;0.5
8;11.08.1993;0.5
8;11.09.1993;0.5
8;11.10.1993;0.5
8;11.11.1993;0.5
8;11.12.1993;0.4
8;11.13.1993;0.3
8;11.14.1993;0.3
8;11.15.1993;0.2
8;11.16.1993;0.3
8;11.17.1993;0.5
8;11.18.1993;0.4
8;11.19.1993;0.6
8;11.20.1993;0.4
8;11.21.1993;0.2
8;11.22.1993;0.2
8;11.23.1993;0.2
8;11.24.1993;0.2
8;11.25.1993;0.2
8;11.26.1993;0.4
8;11.27.1993;0.2
8;11.28.1993;0.2
8;11.29.1993;0.2
8;11.30.1993;0.3
8;12.01.1993;0.2
8;12.02.1993;0.2
8;12.03.1993;0.1
8;12.04.1993;0
8;12.05.1993;0.2
8;12.06.1993;0.2
8;12.07.1993;0.2
8;12.08.1993;0.1
8;12.09.1993;0.2
8;12.10.1993;0.2
8;12.11.1993;0.3
8;12.12.1993;0.2
8;12.13.1993;0.3
8;12.14.1993;0.3
8;12.15.1993;0.2
8;12.16.1993;0.2
8;12.17.1993;0.2
8;12.18.1993;0.2
8;12.19.1993;0.1
8;12.20.1993;0.4
8;12.21.1993;0.5
8;12.22.1993;0.3
8;12.23.1993;0.3
8;12.24.1993;0.3
8;12.25.1993;0.2
8;12.26.1993;0.2
8;12.27.1993;0.2
8;12.28.1993;0.1
8;12.29.1993;0.1
8;12.30.1993;0.1
8;12.31.1993;0.2
8;1.01.1994;0.2
8;1.02.1994;0.3
8;1.03.1994;0.3
8;1.04.1994;0.2
8;1.05.1994;0.2
8;1.06.1994;0.8
8;1.07.1994;0.7
8;1.08.1994;0.4
8;1.09.1994;0.3
8;1.10.1994;0.3
8;1.11.1994;0.3
8;1.12.1994;0.3
8;01.13.1994;0.2
8;01.14.1994;0.3
8;01.15.1994;0.3
8;01.16.1994;0.3
8;01.17.1994;0.4
8;01.18.1994;0.2
8;01.19.1994;0.2
8;01.20.1994;0.2
8;01.21.1994;0.4
8;01.22.1994;0.3
8;01.23.1994;0.4
8;01.24.1994;0.5
8;01.25.1994;0.6
8;01.26.1994;0.7
8;01.27.1994;1.2
8;01.28.1994;0.9
8;01.29.1994;2.2
8;01.30.1994;0.6
8;01.31.1994;0.8
8;2.01.1994;0.6
8;2.02.1994;1
8;2.03.1994;0.6
8;2.04.1994;0.8
8;2.05.1994;0.6
8;2.06.1994;0.5
8;2.07.1994;0.4
8;2.08.1994;0.4
8;2.09.1994;0.5
8;2.10.1994;0.6
8;2.11.1994;0.9
8;2.12.1994;0.8
8;02.13.1994;1
8;02.14.1994;0.7
8;02.15.1994;0.6
8;02.16.1994;1.1
8;02.17.1994;0.5
8;02.18.1994;0.7
8;02.19.1994;0.8
8;02.20.1994;0.6
8;02.21.1994;1.2
8;02.22.1994;0.9
8;02.23.1994;0.8
8;02.24.1994;0.6
8;02.25.1994;0.6
8;02.26.1994;0.9
8;02.27.1994;1.7
8;02.28.1994;1.2
8;3.01.1994;1
8;3.02.1994;0.9
8;3.03.1994;1.5
8;3.04.1994;3
8;3.05.1994;1.6
8;3.06.1994;1.6
8;3.07.1994;1.4
8;3.08.1994;1.6
8;3.09.1994;1.5
8;3.10.1994;2.2
8;3.11.1994;1.6
8;3.12.1994;2.3
8;03.13.1994;1.8
8;03.14.1994;2.2
8;03.15.1994;2
8;03.16.1994;1.6
8;03.17.1994;1.4
8;03.18.1994;1.8
8;03.19.1994;1.8
8;03.20.1994;1.7
8;03.21.1994;1.3
8;03.22.1994;1.3
8;03.23.1994;1.5
8;03.24.1994;2.2
8;03.25.1994;1.9
8;03.26.1994;1.2
8;03.27.1994;2.3
8;03.28.1994;1.6
8;03.29.1994;1.9
8;03.30.1994;3.3
8;03.31.1994;3.1
8;4.01.1994;2.5
8;4.02.1994;1.1
8;4.03.1994;1.9
8;4.04.1994;2
8;4.05.1994;1
8;4.06.1994;2.1
8;4.07.1994;2.3
8;4.08.1994;2
8;4.09.1994;1.8
8;4.10.1994;1.3
8;4.11.1994;1
8;4.12.1994;1.3
8;04.13.1994;1.3
8;04.14.1994;2
8;04.15.1994;1.6
8;04.16.1994;1.3
8;04.17.1994;1.5
8;04.18.1994;1.2
8;04.19.1994;1.4
8;04.20.1994;1.4
8;04.21.1994;2.5
8;04.22.1994;2.9
8;04.23.1994;3.4
8;04.24.1994;3.9
8;04.25.1994;2.1
8;04.26.1994;2.2
8;04.27.1994;2.7
8;04.28.1994;3.4
8;04.29.1994;3.8
8;04.30.1994;3.7
8;5.01.1994;2.6
8;5.02.1994;2.3
8;5.03.1994;3.6
8;5.04.1994;3.5
8;5.05.1994;1.5
8;5.06.1994;3.3
8;5.07.1994;3.3
8;5.08.1994;3.1
8;5.09.1994;3.7
8;5.10.1994;2.7
8;5.11.1994;1.9
8;5.12.1994;3.2
8;05.13.1994;2.5
8;05.14.1994;2.3
8;05.15.1994;4
8;05.16.1994;4.3
8;05.17.1994;5.1
8;05.18.1994;2.5
8;05.19.1994;1.7
8;05.20.1994;1.8
8;05.21.1994;2.5
8;05.22.1994;3
8;05.23.1994;3.5
8;05.24.1994;3.1
8;05.25.1994;3.3
8;05.26.1994;4.2
8;05.27.1994;2.8
8;05.28.1994;3.2
8;05.29.1994;3.2
8;05.30.1994;1.9
8;05.31.1994;3.5
8;6.01.1994;4.9
8;6.02.1994;4.4
8;6.03.1994;5.6
8;6.04.1994;1.9
8;6.05.1994;2.9
8;6.06.1994;4.2
8;6.07.1994;3.6
8;6.08.1994;4.6
8;6.09.1994;4.3
8;6.10.1994;1.8
8;6.11.1994;1.9
8;6.12.1994;1.6
8;06.13.1994;2.1
8;06.14.1994;2.8
8;06.15.1994;3.8
8;06.16.1994;4.2
8;06.17.1994;3.8
8;06.18.1994;3.9
8;06.19.1994;5.6
8;06.20.1994;3.3
8;06.21.1994;2.9
8;06.22.1994;5
8;06.23.1994;4.9
8;06.24.1994;3.3
8;06.25.1994;5.3
8;06.26.1994;6.4
8;06.27.1994;5.5
8;06.28.1994;3
8;06.29.1994;4.4
8;06.30.1994;4.9
8;7.01.1994;3.9
8;7.02.1994;4.4
8;7.03.1994;4.7
8;7.04.1994;4.8
8;7.05.1994;4.2
8;7.06.1994;3.5
8;7.07.1994;3.1
8;7.08.1994;1.9
8;7.09.1994;3.3
8;7.10.1994;4.5
8;7.11.1994;3.9
8;7.12.1994;3.9
8;07.13.1994;3.2
8;07.14.1994;3.8
8;07.15.1994;3.3
8;07.16.1994;4.3
8;07.17.1994;4.6
8;07.18.1994;5.6
8;07.19.1994;3.3
8;07.20.1994;2.2
8;07.21.1994;3.8
8;07.22.1994;5.6
8;07.23.1994;5.5
8;07.24.1994;6.1
8;07.25.1994;5.4
8;07.26.1994;5.2
8;07.27.1994;4.8
8;07.28.1994;3.8
8;07.29.1994;5.9
8;07.30.1994;4.7
8;07.31.1994;5.3
8;8.01.1994;5.2
8;8.02.1994;5.1
8;8.03.1994;4.7
8;8.04.1994;4.5
8;8.05.1994;4.7
8;8.06.1994;4.3
8;8.07.1994;5
8;8.08.1994;4.4
8;8.09.1994;4.4
8;8.10.1994;5
8;8.11.1994;4.9
8;8.12.1994;2.7
8;08.13.1994;3
8;08.14.1994;2.4
8;08.15.1994;3
8;08.16.1994;3.9
8;08.17.1994;3.1
8;08.18.1994;3.1
8;08.19.1994;3.2
8;08.20.1994;4.2
8;08.21.1994;4.1
8;08.22.1994;3.9
8;08.23.1994;3.5
8;08.24.1994;2
8;08.25.1994;1.7
8;08.26.1994;4.1
8;08.27.1994;3.1
8;08.28.1994;3.8
8;08.29.1994;2.5
8;08.30.1994;1.6
8;08.31.1994;2.8
8;9.01.1994;3
8;9.02.1994;2.2
8;9.03.1994;1.7
8;9.04.1994;2.3
8;9.05.1994;3.1
8;9.06.1994;2.7
8;9.07.1994;3.5
8;9.08.1994;3.2
8;9.09.1994;2.9
8;9.10.1994;2.7
8;9.11.1994;2.3
8;9.12.1994;3.2
8;09.13.1994;2.1
8;09.14.1994;1.6
8;09.15.1994;1.7
8;09.16.1994;1.6
8;09.17.1994;1.3
8;09.18.1994;1
8;09.19.1994;1.4
8;09.20.1994;1.9
8;09.21.1994;1.8
8;09.22.1994;1.7
8;09.23.1994;2.5
8;09.24.1994;2.5
8;09.25.1994;2.9
8;09.26.1994;2
8;09.27.1994;2.2
8;09.28.1994;1.7
8;09.29.1994;1.9
8;09.30.1994;1.3
8;10.01.1994;1.6
8;10.02.1994;1.4
8;10.03.1994;1.5
8;10.04.1994;1.9
8;10.05.1994;1.4
8;10.06.1994;1.5
8;10.07.1994;1.4
8;10.08.1994;0.9
8;10.09.1994;1.2
8;10.10.1994;1.2
8;10.11.1994;1.3
8;10.12.1994;1.3
8;10.13.1994;1.2
8;10.14.1994;1.2
8;10.15.1994;1.2
8;10.16.1994;0.8
8;10.17.1994;1
8;10.18.1994;0.8
8;10.19.1994;0.8
8;10.20.1994;0.9
8;10.21.1994;0.6
8;10.22.1994;0.7
8;10.23.1994;0.6
8;10.24.1994;0.6
8;10.25.1994;0.7
8;10.26.1994;0.7
8;10.27.1994;0.8
8;10.28.1994;0.6
8;10.29.1994;0.6
8;10.30.1994;0.7
8;10.31.1994;1.3
8;11.01.1994;1.1
8;11.02.1994;0.5
8;11.03.1994;0.6
8;11.04.1994;0.7
8;11.05.1994;0.7
8;11.06.1994;0.6
8;11.07.1994;0.5
8;11.08.1994;0.5
8;11.09.1994;0.5
8;11.10.1994;0.4
8;11.11.1994;0.5
8;11.12.1994;0.5
8;11.13.1994;0.4
8;11.14.1994;0.4
8;11.15.1994;0.7
8;11.16.1994;0.8
8;11.17.1994;0.6
8;11.18.1994;0.3
8;11.19.1994;0.4
8;11.20.1994;0.4
8;11.21.1994;0.3
8;11.22.1994;0.4
8;11.23.1994;0.3
8;11.24.1994;0.4
8;11.25.1994;0.2
8;11.26.1994;0.3
8;11.27.1994;0.2
8;11.28.1994;0.3
8;11.29.1994;0.2
8;11.30.1994;0.2
8;12.01.1994;0.3
8;12.02.1994;0.1
8;12.03.1994;0.2
8;12.04.1994;0.3
8;12.05.1994;0.4
8;12.06.1994;0.3
8;12.07.1994;0.4
8;12.08.1994;0.2
8;12.09.1994;0.6
8;12.10.1994;0.4
8;12.11.1994;0.3
8;12.12.1994;0.3
8;12.13.1994;0.3
8;12.14.1994;0.2
8;12.15.1994;0.5
8;12.16.1994;0.2
8;12.17.1994;0.2
8;12.18.1994;0.2
8;12.19.1994;0.2
8;12.20.1994;0.2
8;12.21.1994;0.2
8;12.22.1994;0.2
8;12.23.1994;0.2
8;12.24.1994;0.2
8;12.25.1994;0.2
8;12.26.1994;0.2
8;12.27.1994;0.2
8;12.28.1994;0.2
8;12.29.1994;0.1
8;12.30.1994;0.2
8;12.31.1994;0.2
8;1.01.1995;0.1
8;1.02.1995;0.1
8;1.03.1995;0.2
8;1.04.1995;0.3
8;1.05.1995;0.5
8;1.06.1995;0.2
8;1.07.1995;0.2
8;1.08.1995;0.2
8;1.09.1995;0.1
8;1.10.1995;0.3
8;1.11.1995;0.2
8;1.12.1995;0.5
8;01.13.1995;1.1
8;01.14.1995;0.5
8;01.15.1995;0.2
8;01.16.1995;0.2
8;01.17.1995;0.1
8;01.18.1995;0.2
8;01.19.1995;0.2
8;01.20.1995;0.2
8;01.21.1995;0.2
8;01.22.1995;0.2
8;01.23.1995;0.3
8;01.24.1995;0.4
8;01.25.1995;0.5
8;01.26.1995;0.6
8;01.27.1995;2.1
8;01.28.1995;1
8;01.29.1995;0.7
8;01.30.1995;0.5
8;01.31.1995;3
8;2.01.1995;0.6
8;2.02.1995;0.8
8;2.03.1995;0.4
8;2.04.1995;0.5
8;2.05.1995;1.7
8;2.06.1995;0.8
8;2.07.1995;1.1
8;2.08.1995;0.5
8;2.09.1995;0.5
8;2.10.1995;0.5
8;2.11.1995;0.4
8;2.12.1995;0.7
8;02.13.1995;0.6
8;02.14.1995;0.5
8;02.15.1995;0.5
8;02.16.1995;0.5
8;02.17.1995;0.6
8;02.18.1995;0.5
8;02.19.1995;0.5
8;02.20.1995;1
8;02.21.1995;1.4
8;02.22.1995;0.7
8;02.23.1995;0.5
8;02.24.1995;0.5
8;02.25.1995;0.8
8;02.26.1995;0.4
8;02.27.1995;0.5
8;02.28.1995;0.9
8;3.01.1995;1.5
8;3.02.1995;0.7
8;3.03.1995;0.5
8;3.04.1995;0.6
8;3.05.1995;0.9
8;3.06.1995;0.6
8;3.07.1995;1
8;3.08.1995;1.3
8;3.09.1995;0.8
8;3.10.1995;1.1
8;3.11.1995;1.4
8;3.12.1995;1.6
8;03.13.1995;1.5
8;03.14.1995;1.6
8;03.15.1995;0.9
8;03.16.1995;0.6
8;03.17.1995;1.3
8;03.18.1995;1.2
8;03.19.1995;1.1
8;03.20.1995;0.7
8;03.21.1995;1.1
8;03.22.1995;1.9
8;03.23.1995;1.5
8;03.24.1995;2.2
8;03.25.1995;2.8
8;03.26.1995;1.5
8;03.27.1995;1.3
8;03.28.1995;1.7
8;03.29.1995;1
8;03.30.1995;3.5
8;03.31.1995;2.5
8;4.01.1995;1.9
8;4.02.1995;3.8
8;4.03.1995;4.4
8;4.04.1995;3
8;4.05.1995;2.7
8;4.06.1995;2.2
8;4.07.1995;2.6
8;4.08.1995;3.4
8;4.09.1995;3
8;4.10.1995;2.3
8;4.11.1995;1.6
8;4.12.1995;1.4
8;04.13.1995;2.2
8;04.14.1995;2.3
8;04.15.1995;2
8;04.16.1995;1.4
8;04.17.1995;2.7
8;04.18.1995;2.4
8;04.19.1995;1.6
8;04.20.1995;1.9
8;04.21.1995;3
8;04.22.1995;3.9
8;04.23.1995;3.2
8;04.24.1995;2.1
8;04.25.1995;1.5
8;04.26.1995;1.8
8;04.27.1995;3.1
8;04.28.1995;3.1
8;04.29.1995;3
8;04.30.1995;3.2
8;5.01.1995;3
8;5.02.1995;3.4
8;5.03.1995;3.7
8;5.04.1995;3.1
8;5.05.1995;3.9
8;5.06.1995;4.3
8;5.07.1995;5.8
8;5.08.1995;4.6
8;5.09.1995;3.2
8;5.10.1995;1.6
8;5.11.1995;2.3
8;5.12.1995;1.5
8;05.13.1995;1.6
8;05.14.1995;2.1
8;05.15.1995;2
8;05.16.1995;2.5
8;05.17.1995;1.8
8;05.18.1995;2.7
8;05.19.1995;1.6
8;05.20.1995;1.7
8;05.21.1995;2
8;05.22.1995;2.6
8;05.23.1995;4.2
8;05.24.1995;4.1
8;05.25.1995;5
8;05.26.1995;4.5
8;05.27.1995;5.1
8;05.28.1995;5.1
8;05.29.1995;4.5
8;05.30.1995;3.9
8;05.31.1995;2
8;6.01.1995;2.1
8;6.02.1995;2.5
8;6.03.1995;2.5
8;6.04.1995;2.9
8;6.05.1995;1.9
8;6.06.1995;3
8;6.07.1995;3.1
8;6.08.1995;3
8;6.09.1995;3.7
8;6.10.1995;2.2
8;6.11.1995;2.3
8;6.12.1995;1.8
8;06.13.1995;3
8;06.14.1995;2.4
8;06.15.1995;3
8;06.16.1995;2.8
8;06.17.1995;3.8
8;06.18.1995;2.7
8;06.19.1995;4
8;06.20.1995;5.4
8;06.21.1995;5.1
8;06.22.1995;2.2
8;06.23.1995;2.5
8;06.24.1995;1.6
8;06.25.1995;2.1
8;06.26.1995;4
8;06.27.1995;2.9
8;06.28.1995;5.1
8;06.29.1995;4.5
8;06.30.1995;5.4
8;7.01.1995;5.5
8;7.02.1995;4.6
8;7.03.1995;4.3
8;7.04.1995;3.5
8;7.05.1995;3.6
8;7.06.1995;2.3
8;7.07.1995;4.6
8;7.08.1995;4.2
8;7.09.1995;5.2
8;7.10.1995;5
8;7.11.1995;4.3
8;7.12.1995;4.2
8;07.13.1995;4.8
8;07.14.1995;5.9
8;07.15.1995;3.5
8;07.16.1995;4
8;07.17.1995;2.4
8;07.18.1995;3.8
8;07.19.1995;4.3
8;07.20.1995;5.3
8;07.21.1995;4.2
8;07.22.1995;5.1
8;07.23.1995;3.8
8;07.24.1995;3.8
8;07.25.1995;4.9
8;07.26.1995;5.1
8;07.27.1995;4.4
8;07.28.1995;2.2
8;07.29.1995;2.1
8;07.30.1995;4.9
8;07.31.1995;4.8
8;8.01.1995;4.8
8;8.02.1995;4.4
8;8.03.1995;3.3
8;8.04.1995;3.7
8;8.05.1995;4.7
8;8.06.1995;4.8
8;8.07.1995;3.3
8;8.08.1995;3.3
8;8.09.1995;3
8;8.10.1995;3.5
8;8.11.1995;4.2
8;8.12.1995;4.3
8;08.13.1995;4.4
8;08.14.1995;3.9
8;08.15.1995;2.7
8;08.16.1995;2.4
8;08.17.1995;2.4
8;08.18.1995;2.1
8;08.19.1995;2.4
8;08.20.1995;1.6
8;08.21.1995;2.1
8;08.22.1995;2.9
8;08.23.1995;3
8;08.24.1995;2.7
8;08.25.1995;1.9
8;08.26.1995;2.6
8;08.27.1995;2.1
8;08.28.1995;1.3
8;08.29.1995;2
8;08.30.1995;2.8
8;08.31.1995;2.3
8;9.01.1995;1.2
8;9.02.1995;2.3
8;9.03.1995;1.7
8;9.04.1995;2.4
8;9.05.1995;1.8
8;9.06.1995;2.9
8;9.07.1995;1.9
8;9.08.1995;1.2
8;9.09.1995;1.6
8;9.10.1995;2.7
8;9.11.1995;2.5
8;9.12.1995;2.3
8;09.13.1995;1.1
8;09.14.1995;1.2
8;09.15.1995;1.8
8;09.16.1995;1.8
8;09.17.1995;1.8
8;09.18.1995;2.1
8;09.19.1995;1.1
8;09.20.1995;1.8
8;09.21.1995;2.1
8;09.22.1995;1.5
8;09.23.1995;1.3
8;09.24.1995;1.5
8;09.25.1995;1.7
8;09.26.1995;1.8
8;09.27.1995;1.9
8;09.28.1995;0.9
8;09.29.1995;1.4
8;09.30.1995;1.2
8;10.01.1995;1.1
8;10.02.1995;1.5
8;10.03.1995;2.1
8;10.04.1995;1.3
8;10.05.1995;1.6
8;10.06.1995;1.9
8;10.07.1995;1.5
8;10.08.1995;1.6
8;10.09.1995;1.3
8;10.10.1995;1.7
8;10.11.1995;1.4
8;10.12.1995;1.5
8;10.13.1995;1.3
8;10.14.1995;1.3
8;10.15.1995;0.9
8;10.16.1995;1.2
8;10.17.1995;0.9
8;10.18.1995;1.4
8;10.19.1995;1.2
8;10.20.1995;1.3
8;10.21.1995;0.8
8;10.22.1995;0.9
8;10.23.1995;1.2
8;10.24.1995;0.9
8;10.25.1995;0.6
8;10.26.1995;1
8;10.27.1995;0.7
8;10.28.1995;0.8
8;10.29.1995;1.1
8;10.30.1995;0.6
8;10.31.1995;0.6
8;11.01.1995;0.6
8;11.02.1995;1
8;11.03.1995;0.6
8;11.04.1995;2.7
8;11.05.1995;2.2
8;11.06.1995;1.3
8;11.07.1995;1.3
8;11.08.1995;0.5
8;11.09.1995;0.6
8;11.10.1995;0.5
8;11.11.1995;0.6
8;11.12.1995;0.6
8;11.13.1995;0.4
8;11.14.1995;0.4
8;11.15.1995;0.4
8;11.16.1995;0.5
8;11.17.1995;0.5
8;11.18.1995;0.4
8;11.19.1995;0.2
8;11.20.1995;1.4
8;11.21.1995;0.4
8;11.22.1995;0.2
8;11.23.1995;0.2
8;11.24.1995;0.3
8;11.25.1995;0.4
8;11.26.1995;0.3
8;11.27.1995;0.3
8;11.28.1995;0.4
8;11.29.1995;0.3
8;11.30.1995;0.3
8;12.01.1995;0.4
8;12.02.1995;0.4
8;12.03.1995;0.4
8;12.04.1995;0.3
8;12.05.1995;0.2
8;12.06.1995;0.2
8;12.07.1995;0.2
8;12.08.1995;0.2
8;12.09.1995;0.2
8;12.10.1995;0.2
8;12.11.1995;0.2
8;12.12.1995;0.2
8;12.13.1995;0.1
8;12.14.1995;0.2
8;12.15.1995;0.2
8;12.16.1995;0.2
8;12.17.1995;0.2
8;12.18.1995;0.2
8;12.19.1995;0.2
8;12.20.1995;0.2
8;12.21.1995;0.4
8;12.22.1995;0.3
8;12.23.1995;0.3
8;12.24.1995;0.4
8;12.25.1995;0.4
8;12.26.1995;0.3
8;12.27.1995;0.1
8;12.28.1995;0.1
8;12.29.1995;0.1
8;12.30.1995;0.1
8;12.31.1995;0.2
8;1.01.1996;0.2
8;1.02.1996;0.1
8;1.03.1996;0.2
8;1.04.1996;0.2
8;1.05.1996;0.2
8;1.06.1996;0.2
8;1.07.1996;0.2
8;1.08.1996;0.2
8;1.09.1996;0.2
8;1.10.1996;0.2
8;1.11.1996;0.2
8;1.12.1996;0.2
8;01.13.1996;0.2
8;01.14.1996;0.2
8;01.15.1996;0.3
8;01.16.1996;0.2
8;01.17.1996;0.1
8;01.18.1996;0.2
8;01.19.1996;0.2
8;01.20.1996;0.2
8;01.21.1996;0.3
8;01.22.1996;0.2
8;01.23.1996;0.2
8;01.24.1996;0.2
8;01.25.1996;0.3
8;01.26.1996;0.2
8;01.27.1996;0.3
8;01.28.1996;0.3
8;01.29.1996;0.3
8;01.30.1996;0.5
8;01.31.1996;0.5
8;2.01.1996;0.2
8;2.02.1996;0.3
8;2.03.1996;0.3
8;2.04.1996;0.3
8;2.05.1996;0.3
8;2.06.1996;0.3
8;2.07.1996;0.4
8;2.08.1996;0.3
8;2.09.1996;0.4
8;2.10.1996;0.4
8;2.11.1996;0.3
8;2.12.1996;0.4
8;02.13.1996;0.4
8;02.14.1996;0.3
8;02.15.1996;0.5
8;02.16.1996;0.5
8;02.17.1996;0.5
8;02.18.1996;0.4
8;02.19.1996;0.4
8;02.20.1996;0.4
8;02.21.1996;0.5
8;02.22.1996;0.5
8;02.23.1996;0.5
8;02.24.1996;0.6
8;02.25.1996;0.7
8;02.26.1996;0.8
8;02.27.1996;0.8
8;02.28.1996;0.6
8;02.29.1996;0.7
8;3.01.1996;0.7
8;3.02.1996;1.3
8;3.03.1996;0.9
8;3.04.1996;0.8
8;3.05.1996;0.8
8;3.06.1996;0.9
8;3.07.1996;0.6
8;3.08.1996;1
8;3.09.1996;0.9
8;3.10.1996;1
8;3.11.1996;0.7
8;3.12.1996;0.5
8;03.13.1996;0.5
8;03.14.1996;0.7
8;03.15.1996;0.7
8;03.16.1996;0.6
8;03.17.1996;0.6
8;03.18.1996;0.6
8;03.19.1996;0.7
8;03.20.1996;1.3
8;03.21.1996;1.4
8;03.22.1996;0.9
8;03.23.1996;0.9
8;03.24.1996;1.8
8;03.25.1996;1
8;03.26.1996;1
8;03.27.1996;1.3
8;03.28.1996;2.4
8;03.29.1996;1.6
8;03.30.1996;1.2
8;03.31.1996;2
8;4.01.1996;0.9
8;4.02.1996;0.6
8;4.03.1996;0.7
8;4.04.1996;0.7
8;4.05.1996;0.8
8;4.06.1996;1.6
8;4.07.1996;2.4
8;4.08.1996;2.3
8;4.09.1996;2.1
8;4.10.1996;2
8;4.11.1996;1.8
8;4.12.1996;1.8
8;04.13.1996;1
8;04.14.1996;2.1
8;04.15.1996;3.7
8;04.16.1996;3.6
8;04.17.1996;3.2
8;04.18.1996;3.4
8;04.19.1996;3.3
8;04.20.1996;3.7
8;04.21.1996;4.8
8;04.22.1996;4.4
8;04.23.1996;3.4
8;04.24.1996;2.2
8;04.25.1996;1.4
8;04.26.1996;1.6
8;04.27.1996;1.5
8;04.28.1996;2.3
8;04.29.1996;2.1
8;04.30.1996;1.6
8;5.01.1996;1.9
8;5.02.1996;2.7
8;5.03.1996;1.8
8;5.04.1996;3
8;5.05.1996;2.3
8;5.06.1996;1.8
8;5.07.1996;2.9
8;5.08.1996;3.7
8;5.09.1996;2.6
8;5.10.1996;2
8;5.11.1996;2.1
8;5.12.1996;1.7
8;05.13.1996;2.7
8;05.14.1996;2
8;05.15.1996;3.2
8;05.16.1996;3.2
8;05.17.1996;4.2
8;05.18.1996;3.8
8;05.19.1996;3.8
8;05.20.1996;1.8
8;05.21.1996;3.6
8;05.22.1996;3.2
8;05.23.1996;2.5
8;05.24.1996;4.6
8;05.25.1996;4
8;05.26.1996;2.3
8;05.27.1996;1.7
8;05.28.1996;4.4
8;05.29.1996;5
8;05.30.1996;4.5
8;05.31.1996;4.7
8;6.01.1996;4.3
8;6.02.1996;5.3
8;6.03.1996;5.7
8;6.04.1996;4.3
8;6.05.1996;4.6
8;6.06.1996;4.7
8;6.07.1996;5.5
8;6.08.1996;6
8;6.09.1996;5.6
8;6.10.1996;5.3
8;6.11.1996;4.9
8;6.12.1996;4.5
8;06.13.1996;4.1
8;06.14.1996;4.6
8;06.15.1996;4.2
8;06.16.1996;4.3
8;06.17.1996;4.4
8;06.18.1996;5
8;06.19.1996;4.1
8;06.20.1996;3
8;06.21.1996;2.1
8;06.22.1996;2.4
8;06.23.1996;1.8
8;06.24.1996;2.7
8;06.25.1996;1.7
8;06.26.1996;1.9
8;06.27.1996;2.9
8;06.28.1996;3.9
8;06.29.1996;4.3
8;06.30.1996;2.8
8;7.01.1996;1.7
8;7.02.1996;1.8
8;7.03.1996;2.2
8;7.04.1996;4.6
8;7.05.1996;5.1
8;7.06.1996;4.1
8;7.07.1996;2.7
8;7.08.1996;2.1
8;7.09.1996;3.4
8;7.10.1996;2.7
8;7.11.1996;2.8
8;7.12.1996;3.6
8;07.13.1996;4.4
8;07.14.1996;4.6
8;07.15.1996;3.9
8;07.16.1996;3.1
8;07.17.1996;3.2
8;07.18.1996;4.6
8;07.19.1996;3.6
8;07.20.1996;3.7
8;07.21.1996;4
8;07.22.1996;4.3
8;07.23.1996;4.6
8;07.24.1996;3
8;07.25.1996;2.8
8;07.26.1996;4
8;07.27.1996;4.2
8;07.28.1996;4.1
8;07.29.1996;3.9
8;07.30.1996;2.7
8;07.31.1996;3.8
8;8.01.1996;4.8
8;8.02.1996;4
8;8.03.1996;2.9
8;8.04.1996;2.6
8;8.05.1996;2.5
8;8.06.1996;3.4
8;8.07.1996;2.9
8;8.08.1996;1.9
8;8.09.1996;3.5
8;8.10.1996;3.5
8;8.11.1996;2.8
8;8.12.1996;1.7
8;08.13.1996;2.5
8;08.14.1996;3
8;08.15.1996;2.4
8;08.16.1996;3.5
8;08.17.1996;3
8;08.18.1996;2.7
8;08.19.1996;3
8;08.20.1996;3.9
8;08.21.1996;4.1
8;08.22.1996;3.1
8;08.23.1996;3.6
8;08.24.1996;3.9
8;08.25.1996;2.2
8;08.26.1996;1.9
8;08.27.1996;2
8;08.28.1996;1.9
8;08.29.1996;2.1
8;08.30.1996;2.8
8;08.31.1996;1.9
8;9.01.1996;1.6
8;9.02.1996;1.5
8;9.03.1996;1.3
8;9.04.1996;1.7
8;9.05.1996;1.5
8;9.06.1996;2.5
8;9.07.1996;4.3
8;9.08.1996;4.3
8;9.09.1996;2.4
8;9.10.1996;1.8
8;9.11.1996;2
8;9.12.1996;1.2
8;09.13.1996;1.2
8;09.14.1996;1.9
8;09.15.1996;1.8
8;09.16.1996;1.8
8;09.17.1996;1.3
8;09.18.1996;1.4
8;09.19.1996;1.3
8;09.20.1996;1.1
8;09.21.1996;1.1
8;09.22.1996;1.6
8;09.23.1996;1.1
8;09.24.1996;1.2
8;09.25.1996;1.2
8;09.26.1996;1.6
8;09.27.1996;1.5
8;09.28.1996;1.6
8;09.29.1996;1.5
8;09.30.1996;2
8;10.01.1996;1.5
8;10.02.1996;1
8;10.03.1996;1.4
8;10.04.1996;1.1
8;10.05.1996;0.8
8;10.06.1996;0.8
8;10.07.1996;1
8;10.08.1996;0.9
8;10.09.1996;1.5
8;10.10.1996;1
8;10.11.1996;1.1
8;10.12.1996;1.1
8;10.13.1996;1.2
8;10.14.1996;0.7
8;10.15.1996;0.8
8;10.16.1996;0.7
8;10.17.1996;1
8;10.18.1996;0.7
8;10.19.1996;0.8
8;10.20.1996;1.1
8;10.21.1996;0.9
8;10.22.1996;0.8
8;10.23.1996;1
8;10.24.1996;0.6
8;10.25.1996;0.8
8;10.26.1996;0.8
8;10.27.1996;0.8
8;10.28.1996;0.8
8;10.29.1996;0.7
8;10.30.1996;0.9
8;10.31.1996;0.8
8;11.01.1996;0.6
8;11.02.1996;0.8
8;11.03.1996;0.8
8;11.04.1996;1.5
8;11.05.1996;0.9
8;11.06.1996;0.5
8;11.07.1996;0.8
8;11.08.1996;0.7
8;11.09.1996;0.8
8;11.10.1996;0.4
8;11.11.1996;0.5
8;11.12.1996;0.7
8;11.13.1996;0.7
8;11.14.1996;1
8;11.15.1996;0.6
8;11.16.1996;0.4
8;11.17.1996;0.5
8;11.18.1996;0.5
8;11.19.1996;0.5
8;11.20.1996;0.3
8;11.21.1996;0.4
8;11.22.1996;0.3
8;11.23.1996;0.2
8;11.24.1996;0.3
8;11.25.1996;0.3
8;11.26.1996;0.2
8;11.27.1996;0.2
8;11.28.1996;0.2
8;11.29.1996;0.2
8;11.30.1996;0.2
8;12.01.1996;0.1
8;12.02.1996;0.1
8;12.03.1996;0.2
8;12.04.1996;0.1
8;12.05.1996;0.1
8;12.06.1996;0.1
8;12.07.1996;0.1
8;12.08.1996;0.2
8;12.09.1996;0.1
8;12.10.1996;0.2
8;12.11.1996;0.2
8;12.12.1996;0.2
8;12.13.1996;0.2
8;12.14.1996;0.2
8;12.15.1996;0.3
8;12.16.1996;0.3
8;12.17.1996;0.2
8;12.18.1996;0.4
8;12.19.1996;0.3
8;12.20.1996;0.4
8;12.21.1996;0.3
8;12.22.1996;0.2
8;12.23.1996;0.2
8;12.24.1996;0.3
8;12.25.1996;0.2
8;12.26.1996;0.1
8;12.27.1996;0.2
8;12.28.1996;0.2
8;12.29.1996;0.1
8;12.30.1996;0.1
8;12.31.1996;0.1
8;1.01.1997;0.2
8;1.02.1997;0.2
8;1.03.1997;0.2
8;1.04.1997;0.2
8;1.05.1997;0.2
8;1.06.1997;0.2
8;1.07.1997;0.2
8;1.08.1997;0.2
8;1.09.1997;0.2
8;1.10.1997;0.2
8;1.11.1997;0.2
8;1.12.1997;0.3
8;01.13.1997;0.3
8;01.14.1997;0.2
8;01.15.1997;0.2
8;01.16.1997;0.2
8;01.17.1997;0.2
8;01.18.1997;0.2
8;01.19.1997;0.2
8;01.20.1997;0.2
8;01.21.1997;0.2
8;01.22.1997;0.2
8;01.23.1997;0.2
8;01.24.1997;0.4
8;01.25.1997;0.3
8;01.26.1997;0.4
8;01.27.1997;0.3
8;01.28.1997;0.3
8;01.29.1997;0.3
8;01.30.1997;0.3
8;01.31.1997;0.2
8;2.01.1997;0.2
8;2.02.1997;0.2
8;2.03.1997;0.3
8;2.04.1997;0.3
8;2.05.1997;0.5
8;2.06.1997;0.6
8;2.07.1997;0.4
8;2.08.1997;0.6
8;2.09.1997;0.6
8;2.10.1997;0.6
8;2.11.1997;0.6
8;2.12.1997;0.7
8;02.13.1997;0.4
8;02.14.1997;0.5
8;02.15.1997;0.8
8;02.16.1997;1.4
8;02.17.1997;0.5
8;02.18.1997;0.6
8;02.19.1997;1.5
8;02.20.1997;1.3
8;02.21.1997;1
8;02.22.1997;1.1
8;02.23.1997;1.2
8;02.24.1997;0.8
8;02.25.1997;0.8
8;02.26.1997;0.7
8;02.27.1997;1.8
8;02.28.1997;1.2
8;3.01.1997;1.3
8;3.02.1997;1.8
8;3.03.1997;2
8;3.04.1997;1.4
8;3.05.1997;1.1
8;3.06.1997;1
8;3.07.1997;1.3
8;3.08.1997;1.8
8;3.09.1997;1.9
8;3.10.1997;1.7
8;3.11.1997;2.3
8;3.12.1997;2.1
8;03.13.1997;1.9
8;03.14.1997;2
8;03.15.1997;1.6
8;03.16.1997;2
8;03.17.1997;4.6
8;03.18.1997;1.4
8;03.19.1997;0.8
8;03.20.1997;1.4
8;03.21.1997;1.2
8;03.22.1997;0.8
8;03.23.1997;1
8;03.24.1997;0.7
8;03.25.1997;1.2
8;03.26.1997;1.4
8;03.27.1997;1.3
8;03.28.1997;1.4
8;03.29.1997;2.6
8;03.30.1997;3
8;03.31.1997;2
8;4.01.1997;1.7
8;4.02.1997;2.2
8;4.03.1997;2.5
8;4.04.1997;1.7
8;4.05.1997;2.5
8;4.06.1997;3.7
8;4.07.1997;2.9
8;4.08.1997;2.6
8;4.09.1997;2.3
8;4.10.1997;2.9
8;4.11.1997;3.1
8;4.12.1997;2.9
8;04.13.1997;1.6
8;04.14.1997;2.1
8;04.15.1997;1.8
8;04.16.1997;2.2
8;04.17.1997;3
8;04.18.1997;3.2
8;04.19.1997;3.5
8;04.20.1997;1
8;04.21.1997;1.1
8;04.22.1997;1.4
8;04.23.1997;2.7
8;04.24.1997;2.9
8;04.25.1997;2.6
8;04.26.1997;2
8;04.27.1997;1.4
8;04.28.1997;1.6
8;04.29.1997;1.8
8;04.30.1997;2.5
8;5.01.1997;2.5
8;5.02.1997;3.7
8;5.03.1997;4.5
8;5.04.1997;4.5
8;5.05.1997;2.8
8;5.06.1997;2.3
8;5.07.1997;2
8;5.08.1997;1.4
8;5.09.1997;2.3
8;5.10.1997;2.1
8;5.11.1997;3.1
8;5.12.1997;3.5
8;05.13.1997;3.4
8;05.14.1997;3.6
8;05.15.1997;4.3
8;05.16.1997;4.6
8;05.17.1997;4.4
8;05.18.1997;5.4
8;05.19.1997;5
8;05.20.1997;4.3
8;05.21.1997;3.3
8;05.22.1997;3.1
8;05.23.1997;3.9
8;05.24.1997;2.4
8;05.25.1997;3.1
8;05.26.1997;2.8
8;05.27.1997;4.3
8;05.28.1997;3.1
8;05.29.1997;4
8;05.30.1997;3.7
8;05.31.1997;4.4
8;6.01.1997;2.2
8;6.02.1997;1.7
8;6.03.1997;3.2
8;6.04.1997;2.2
8;6.05.1997;2.5
8;6.06.1997;3.1
8;6.07.1997;3
8;6.08.1997;3
8;6.09.1997;4
8;6.10.1997;4.3
8;6.11.1997;3.5
8;6.12.1997;4.2
8;06.13.1997;2.8
8;06.14.1997;4.2
8;06.15.1997;5
8;06.16.1997;4.6
8;06.17.1997;4.1
8;06.18.1997;2.7
8;06.19.1997;2
8;06.20.1997;3.3
8;06.21.1997;2.9
8;06.22.1997;3.1
8;06.23.1997;3.7
8;06.24.1997;3
8;06.25.1997;3.5
8;06.26.1997;2.2
8;06.27.1997;3.3
8;06.28.1997;4.4
8;06.29.1997;4.9
8;06.30.1997;4.2
8;7.01.1997;4
8;7.02.1997;4.1
8;7.03.1997;4
8;7.04.1997;5.3
8;7.05.1997;3.4
8;7.06.1997;3.2
8;7.07.1997;3.5
8;7.08.1997;4.6
8;7.09.1997;4.9
8;7.10.1997;4.6
8;7.11.1997;2.6
8;7.12.1997;3.7
8;07.13.1997;4.5
8;07.14.1997;2.5
8;07.15.1997;3
8;07.16.1997;4
8;07.17.1997;3.4
8;07.18.1997;1.9
8;07.19.1997;3.4
8;07.20.1997;3.6
8;07.21.1997;4.2
8;07.22.1997;4.3
8;07.23.1997;3.6
8;07.24.1997;3.2
8;07.25.1997;2.8
8;07.26.1997;4.6
8;07.27.1997;5.2
8;07.28.1997;4.1
8;07.29.1997;3
8;07.30.1997;4.4
8;07.31.1997;4.2
8;8.01.1997;2.3
8;8.02.1997;3.4
8;8.03.1997;4.1
8;8.04.1997;3.9
8;8.05.1997;3.7
8;8.06.1997;1.9
8;8.07.1997;2.9
8;8.08.1997;3
8;8.09.1997;4.2
8;8.10.1997;3.8
8;8.11.1997;4.5
8;8.12.1997;4.3
8;08.13.1997;4.1
8;08.14.1997;3.9
8;08.15.1997;4.4
8;08.16.1997;3.1
8;08.17.1997;3.1
8;08.18.1997;2
8;08.19.1997;2.2
8;08.20.1997;2.5
8;08.21.1997;3.2
8;08.22.1997;4
8;08.23.1997;3.2
8;08.24.1997;3.2
8;08.25.1997;3.7
8;08.26.1997;3.7
8;08.27.1997;3.5
8;08.28.1997;2.1
8;08.29.1997;2
8;08.30.1997;3.3
8;08.31.1997;3.2
8;9.01.1997;3.8
8;9.02.1997;3.1
8;9.03.1997;2.9
8;9.04.1997;3.6
8;9.05.1997;3.3
8;9.06.1997;3.5
8;9.07.1997;2.6
8;9.08.1997;2.6
8;9.09.1997;3
8;9.10.1997;2.7
8;9.11.1997;2.4
8;9.12.1997;3
8;09.13.1997;2
8;09.14.1997;1.4
8;09.15.1997;2.8
8;09.16.1997;2.8
8;09.17.1997;2.2
8;09.18.1997;2
8;09.19.1997;2
8;09.20.1997;1.3
8;09.21.1997;2
8;09.22.1997;1.9
8;09.23.1997;1.8
8;09.24.1997;2.4
8;09.25.1997;2.3
8;09.26.1997;2.4
8;09.27.1997;2
8;09.28.1997;1.8
8;09.29.1997;1.9
8;09.30.1997;1.2
8;10.01.1997;1
8;10.02.1997;2.2
8;10.03.1997;1.5
8;10.04.1997;1.4
8;10.05.1997;2.1
8;10.06.1997;2.4
8;10.07.1997;1.2
8;10.08.1997;1.5
8;10.09.1997;1.9
8;10.10.1997;1.3
8;10.11.1997;1.3
8;10.12.1997;0.9
8;10.13.1997;1.5
8;10.14.1997;1.5
8;10.15.1997;1.2
8;10.16.1997;1.2
8;10.17.1997;0.8
8;10.18.1997;0.7
8;10.19.1997;0.9
8;10.20.1997;0.8
8;10.21.1997;0.7
8;10.22.1997;0.7
8;10.23.1997;0.6
8;10.24.1997;0.7
8;10.25.1997;0.9
8;10.26.1997;1
8;10.27.1997;0.7
8;10.28.1997;1.2
8;10.29.1997;1.4
8;10.30.1997;0.8
8;10.31.1997;1.1
8;11.01.1997;0.7
8;11.02.1997;0.5
8;11.03.1997;0.8
8;11.04.1997;1
8;11.05.1997;0.5
8;11.06.1997;0.5
8;11.07.1997;0.6
8;11.08.1997;0.7
8;11.09.1997;0.8
8;11.10.1997;0.5
8;11.11.1997;0.5
8;11.12.1997;0.5
8;11.13.1997;0.5
8;11.14.1997;0.5
8;11.15.1997;0.5
8;11.16.1997;0.4
8;11.17.1997;0.4
8;11.18.1997;0.4
8;11.19.1997;0.3
8;11.20.1997;0.3
8;11.21.1997;0.2
8;11.22.1997;0.2
8;11.23.1997;0.2
8;11.24.1997;0.2
8;11.25.1997;0.2
8;11.26.1997;0.2
8;11.27.1997;0.2
8;11.28.1997;0.2
8;11.29.1997;0.3
8;11.30.1997;0.3
8;12.01.1997;0.3
8;12.02.1997;0.3
8;12.03.1997;0.3
8;12.04.1997;0.5
8;12.05.1997;0.3
8;12.06.1997;0.5
8;12.07.1997;0.3
8;12.08.1997;0.3
8;12.09.1997;0.3
8;12.10.1997;0.2
8;12.11.1997;0.2
8;12.12.1997;0.2
8;12.13.1997;0.2
8;12.14.1997;0.1
8;12.15.1997;0.2
8;12.16.1997;0.3
8;12.17.1997;0.2
8;12.18.1997;0.2
8;12.19.1997;0.2
8;12.20.1997;0.2
8;12.21.1997;0.2
8;12.22.1997;0.2
8;12.23.1997;0.2
8;12.24.1997;0.2
8;12.25.1997;0.3
8;12.26.1997;0.2
8;12.27.1997;0.2
8;12.28.1997;0.2
8;12.29.1997;0.2
8;12.30.1997;0.2
8;12.31.1997;0.3
8;1.01.1998;0.4
8;1.02.1998;0.4
8;1.03.1998;0.3
8;1.04.1998;0.4
8;1.05.1998;0.6
8;1.06.1998;0.5
8;1.07.1998;0.2
8;1.08.1998;0.3
8;1.09.1998;0.2
8;1.10.1998;0.1
8;1.11.1998;0.1
8;1.12.1998;0.1
8;01.13.1998;0.4
8;01.14.1998;0.4
8;01.15.1998;0.4
8;01.16.1998;0.3
8;01.17.1998;0.3
8;01.18.1998;0.3
8;01.19.1998;0.3
8;01.20.1998;0.7
8;01.21.1998;2.9
8;01.22.1998;1.5
8;01.23.1998;0.6
8;01.24.1998;0.4
8;01.25.1998;0.4
8;01.26.1998;0.5
8;01.27.1998;0.3
8;01.28.1998;0.2
8;01.29.1998;0.4
8;01.30.1998;0.5
8;01.31.1998;0.5
8;2.01.1998;1.1
8;2.02.1998;0.5
8;2.03.1998;0.7
8;2.04.1998;0.7
8;2.05.1998;0.7
8;2.06.1998;0.7
8;2.07.1998;0.8
8;2.08.1998;0.9
8;2.09.1998;0.8
8;2.10.1998;0.8
8;2.11.1998;1.2
8;2.12.1998;1.5
8;02.13.1998;1
8;02.14.1998;1.2
8;02.15.1998;1.5
8;02.16.1998;2.5
8;02.17.1998;1.8
8;02.18.1998;1
8;02.19.1998;1.5
8;02.20.1998;1.4
8;02.21.1998;1.6
8;02.22.1998;1
8;02.23.1998;0.6
8;02.24.1998;1
8;02.25.1998;1
8;02.26.1998;1.3
8;02.27.1998;1.6
8;02.28.1998;1.6
8;3.01.1998;0.4
8;3.02.1998;0.4
8;3.03.1998;1
8;3.04.1998;1.3
8;3.05.1998;0.7
8;3.06.1998;1.4
8;3.07.1998;2.1
8;3.08.1998;1.5
8;3.09.1998;2.1
8;3.10.1998;2.4
8;3.11.1998;0.7
8;3.12.1998;1.3
8;03.13.1998;1.5
8;03.14.1998;1.8
8;03.15.1998;0.7
8;03.16.1998;0.7
8;03.17.1998;1.3
8;03.18.1998;1.6
8;03.19.1998;1.8
8;03.20.1998;1.7
8;03.21.1998;0.8
8;03.22.1998;1
8;03.23.1998;1.1
8;03.24.1998;2
8;03.25.1998;2.3
8;03.26.1998;2.1
8;03.27.1998;1.9
8;03.28.1998;2.3
8;03.29.1998;2.5
8;03.30.1998;2.5
8;03.31.1998;2.4
8;4.01.1998;2.7
8;4.02.1998;2
8;4.03.1998;1.6
8;4.04.1998;1.7
8;4.05.1998;1.4
8;4.06.1998;1.6
8;4.07.1998;2.3
8;4.08.1998;2.1
8;4.09.1998;1.1
8;4.10.1998;1.7
8;4.11.1998;1.9
8;4.12.1998;1.2
8;04.13.1998;1
8;04.14.1998;1.6
8;04.15.1998;1.8
8;04.16.1998;1.3
8;04.17.1998;1.1
8;04.18.1998;1.3
8;04.19.1998;2.2
8;04.20.1998;2.7
8;04.21.1998;3
8;04.22.1998;1.9
8;04.23.1998;2.3
8;04.24.1998;2.7
8;04.25.1998;2.9
8;04.26.1998;2.7
8;04.27.1998;3
8;04.28.1998;2.6
8;04.29.1998;2.1
8;04.30.1998;2.3
8;5.01.1998;1.8
8;5.02.1998;2.6
8;5.03.1998;3.7
8;5.04.1998;1.6
8;5.05.1998;2.8
8;5.06.1998;2.8
8;5.07.1998;2.8
8;5.08.1998;4.6
8;5.09.1998;4.2
8;5.10.1998;4.9
8;5.11.1998;4.7
8;5.12.1998;4.5
8;05.13.1998;3.9
8;05.14.1998;3.1
8;05.15.1998;3.8
8;05.16.1998;3.1
8;05.17.1998;2.4
8;05.18.1998;2.2
8;05.19.1998;2.5
8;05.20.1998;4.1
8;05.21.1998;3.3
8;05.22.1998;2.6
8;05.23.1998;3.2
8;05.24.1998;1.9
8;05.25.1998;2
8;05.26.1998;3.9
8;05.27.1998;4.6
8;05.28.1998;3.4
8;05.29.1998;2.3
8;05.30.1998;3.1
8;05.31.1998;4.4
8;6.01.1998;3.8
8;6.02.1998;4.7
8;6.03.1998;6
8;6.04.1998;4.4
8;6.05.1998;5.4
8;6.06.1998;6
8;6.07.1998;5
8;6.08.1998;2.5
8;6.09.1998;3.6
8;6.10.1998;3.7
8;6.11.1998;2
8;6.12.1998;2.5
8;06.13.1998;3.4
8;06.14.1998;3.9
8;06.15.1998;3.8
8;06.16.1998;2.2
8;06.17.1998;2.3
8;06.18.1998;3.1
8;06.19.1998;2.6
8;06.20.1998;4.4
8;06.21.1998;4.5
8;06.22.1998;4
8;06.23.1998;2.4
8;06.24.1998;3.2
8;06.25.1998;4.3
8;06.26.1998;4.3
8;06.27.1998;5.1
8;06.28.1998;3.4
8;06.29.1998;2.6
8;06.30.1998;3.4
8;7.01.1998;4.3
8;7.02.1998;3.1
8;7.03.1998;2.8
8;7.04.1998;4.2
8;7.05.1998;3.1
8;7.06.1998;4.2
8;7.07.1998;2.7
8;7.08.1998;3.9
8;7.09.1998;3.4
8;7.10.1998;3.6
8;7.11.1998;3.4
8;7.12.1998;2.7
8;07.13.1998;4.3
8;07.14.1998;1.7
8;07.15.1998;2.6
8;07.16.1998;4.3
8;07.17.1998;4.7
8;07.18.1998;5
8;07.19.1998;4.3
8;07.20.1998;5.4
8;07.21.1998;5.5
8;07.22.1998;4.9
8;07.23.1998;5.1
8;07.24.1998;5.6
8;07.25.1998;3.6
8;07.26.1998;3.2
8;07.27.1998;4.2
8;07.28.1998;2.5
8;07.29.1998;3.5
8;07.30.1998;4.9
8;07.31.1998;4.8
8;8.01.1998;3.8
8;8.02.1998;4.7
8;8.03.1998;5.1
8;8.04.1998;4.3
8;8.05.1998;3.4
8;8.06.1998;4.5
8;8.07.1998;4.7
8;8.08.1998;4.5
8;8.09.1998;5
8;8.10.1998;4.7
8;8.11.1998;4.4
8;8.12.1998;4
8;08.13.1998;4.7
8;08.14.1998;3.3
8;08.15.1998;4.2
8;08.16.1998;3.5
8;08.17.1998;4.5
8;08.18.1998;3.8
8;08.19.1998;2.2
8;08.20.1998;2.4
8;08.21.1998;3.9
8;08.22.1998;2
8;08.23.1998;2.2
8;08.24.1998;2.7
8;08.25.1998;3.2
8;08.26.1998;3.1
8;08.27.1998;2.6
8;08.28.1998;2.1
8;08.29.1998;2.5
8;08.30.1998;2.4
8;08.31.1998;2.6
8;9.01.1998;2.3
8;9.02.1998;2.2
8;9.03.1998;3
8;9.04.1998;2.3
8;9.05.1998;1.2
8;9.06.1998;2.1
8;9.07.1998;2
8;9.08.1998;1.4
8;9.09.1998;2.3
8;9.10.1998;2.5
8;9.11.1998;1.8
8;9.12.1998;1.2
8;09.13.1998;1.6
8;09.14.1998;1.5
8;09.15.1998;1.8
8;09.16.1998;1.8
8;09.17.1998;1.5
8;09.18.1998;1.6
8;09.19.1998;1.9
8;09.20.1998;1.4
8;09.21.1998;1.8
8;09.22.1998;1.6
8;09.23.1998;2.1
8;09.24.1998;1.9
8;09.25.1998;1.7
8;09.26.1998;1.3
8;09.27.1998;1.1
8;09.28.1998;1.1
8;09.29.1998;1.8
8;09.30.1998;1.6
8;10.01.1998;1
8;10.02.1998;1.7
8;10.03.1998;1.3
8;10.04.1998;1
8;10.05.1998;0.9
8;10.06.1998;0.9
8;10.07.1998;1
8;10.08.1998;0.9
8;10.09.1998;1.2
8;10.10.1998;1.2
8;10.11.1998;1.7
8;10.12.1998;1
8;10.13.1998;1.4
8;10.14.1998;1
8;10.15.1998;1.3
8;10.16.1998;1.2
8;10.17.1998;1
8;10.18.1998;0.8
8;10.19.1998;0.7
8;10.20.1998;0.7
8;10.21.1998;0.6
8;10.22.1998;1.1
8;10.23.1998;0.8
8;10.24.1998;0.7
8;10.25.1998;0.6
8;10.26.1998;0.8
8;10.27.1998;0.7
8;10.28.1998;1.4
8;10.29.1998;1.3
8;10.30.1998;0.7
8;10.31.1998;0.9
8;11.01.1998;0.5
8;11.02.1998;0.9
8;11.03.1998;0.6
8;11.04.1998;0.5
8;11.05.1998;0.3
8;11.06.1998;0.3
8;11.07.1998;0.4
8;11.08.1998;0.5
8;11.09.1998;0.5
8;11.10.1998;0.8
8;11.11.1998;1.3
8;11.12.1998;0.5
8;11.13.1998;0.4
8;11.14.1998;0.4
8;11.15.1998;0.4
8;11.16.1998;0.3
8;11.17.1998;0.5
8;11.18.1998;0.2
8;11.19.1998;0.3
8;11.20.1998;0.6
8;11.21.1998;1.2
8;11.22.1998;0.4
8;11.23.1998;0.3
8;11.24.1998;0.3
8;11.25.1998;0.3
8;11.26.1998;0.3
8;11.27.1998;0.3
8;11.28.1998;0.3
8;11.29.1998;0.3
8;11.30.1998;0.3
8;12.01.1998;0.4
8;12.02.1998;0.3
8;12.03.1998;0.2
8;12.04.1998;0.2
8;12.05.1998;0.2
8;12.06.1998;0
8;12.07.1998;0
8;12.08.1998;0.1
8;12.09.1998;0
8;12.10.1998;0.1
8;12.11.1998;0.2
8;12.12.1998;0.2
8;12.13.1998;0.1
8;12.14.1998;0.1
8;12.15.1998;0.1
8;12.16.1998;0.1
8;12.17.1998;0.1
8;12.18.1998;0.1
8;12.19.1998;0.1
8;12.20.1998;0.1
8;12.21.1998;0.2
8;12.22.1998;0.1
8;12.23.1998;0.1
8;12.24.1998;0.2
8;12.25.1998;0.1
8;12.26.1998;0.1
8;12.27.1998;0.1
8;12.28.1998;0.1
8;12.29.1998;0.1
8;12.30.1998;0.2
8;12.31.1998;0.2
8;1.01.1999;0.2
8;1.02.1999;0.2
8;1.03.1999;0.2
8;1.04.1999;0.2
8;1.05.1999;0.2
8;1.06.1999;0.2
8;1.07.1999;0.1
8;1.08.1999;0.2
8;1.09.1999;0.2
8;1.10.1999;0.2
8;1.11.1999;0.2
8;1.12.1999;0.2
8;01.13.1999;0.2
8;01.14.1999;0.2
8;01.15.1999;0.1
8;01.16.1999;0.2
8;01.17.1999;0.7
8;01.18.1999;0.2
8;01.19.1999;0.2
8;01.20.1999;0.2
8;01.21.1999;0.2
8;01.22.1999;0.2
8;01.23.1999;0.2
8;01.24.1999;0.2
8;01.25.1999;0.2
8;01.26.1999;0.2
8;01.27.1999;0.3
8;01.28.1999;0.2
8;01.29.1999;0.9
8;01.30.1999;1.5
8;01.31.1999;0.4
8;2.01.1999;0.4
8;2.02.1999;0.3
8;2.03.1999;0.4
8;2.04.1999;0.4
8;2.05.1999;0.5
8;2.06.1999;0.4
8;2.07.1999;0.7
8;2.08.1999;0.3
8;2.09.1999;0.3
8;2.10.1999;0.3
8;2.11.1999;0.4
8;2.12.1999;0.3
8;02.13.1999;0.3
8;02.14.1999;0.3
8;02.15.1999;0.4
8;02.16.1999;0.5
8;02.17.1999;0.8
8;02.18.1999;0.8
8;02.19.1999;0.8
8;02.20.1999;0.8
8;02.21.1999;0.5
8;02.22.1999;0.4
8;02.23.1999;0.7
8;02.24.1999;0.8
8;02.25.1999;0.8
8;02.26.1999;1
8;02.27.1999;1.1
8;02.28.1999;0.9
8;3.01.1999;0.9
8;3.02.1999;0.8
8;3.03.1999;0.6
8;3.04.1999;0.8
8;3.05.1999;0.7
8;3.06.1999;0.6
8;3.07.1999;0.6
8;3.08.1999;0.7
8;3.09.1999;1.2
8;3.10.1999;1.8
8;3.11.1999;1.5
8;3.12.1999;1.5
8;03.13.1999;1.7
8;03.14.1999;1.4
8;03.15.1999;1.9
8;03.16.1999;1.2
8;03.17.1999;2
8;03.18.1999;2.9
8;03.19.1999;2
8;03.20.1999;2.2
8;03.21.1999;2.1
8;03.22.1999;0.9
8;03.23.1999;1.1
8;03.24.1999;2
8;03.25.1999;3
8;03.26.1999;1.2
8;03.27.1999;1
8;03.28.1999;1.5
8;03.29.1999;1.1
8;03.30.1999;1.5
8;03.31.1999;2.2
8;4.01.1999;2.4
8;4.02.1999;2.3
8;4.03.1999;2.6
8;4.04.1999;2.1
8;4.05.1999;2.3
8;4.06.1999;3
8;4.07.1999;2.7
8;4.08.1999;1.1
8;4.09.1999;1.7
8;4.10.1999;2.4
8;4.11.1999;1.6
8;4.12.1999;1.2
8;04.13.1999;1.1
8;04.14.1999;1.8
8;04.15.1999;1.9
8;04.16.1999;1.2
8;04.17.1999;2.2
8;04.18.1999;1.6
8;04.19.1999;1.4
8;04.20.1999;2.2
8;04.21.1999;1.5
8;04.22.1999;1.6
8;04.23.1999;2.1
8;04.24.1999;2.3
8;04.25.1999;1.9
8;04.26.1999;2.5
8;04.27.1999;1.9
8;04.28.1999;2.5
8;04.29.1999;3.5
8;04.30.1999;3.2
8;5.01.1999;2.9
8;5.02.1999;3.2
8;5.03.1999;2.8
8;5.04.1999;2
8;5.05.1999;1.9
8;5.06.1999;2.4
8;5.07.1999;2
8;5.08.1999;3.2
8;5.09.1999;2
8;5.10.1999;3
8;5.11.1999;2.9
8;5.12.1999;2.5
8;05.13.1999;3.1
8;05.14.1999;2.2
8;05.15.1999;2.1
8;05.16.1999;2.2
8;05.17.1999;2.6
8;05.18.1999;3
8;05.19.1999;2.7
8;05.20.1999;1.8
8;05.21.1999;1.8
8;05.22.1999;2.7
8;05.23.1999;2.4
8;05.24.1999;4.1
8;05.25.1999;3.8
8;05.26.1999;4.1
8;05.27.1999;4.6
8;05.28.1999;4.5
8;05.29.1999;4.6
8;05.30.1999;4.7
8;05.31.1999;4.8
8;6.01.1999;4.7
8;6.02.1999;5
8;6.03.1999;4.7
8;6.04.1999;3.4
8;6.05.1999;4.4
8;6.06.1999;4.7
8;6.07.1999;4.2
8;6.08.1999;3.1
8;6.09.1999;4.2
8;6.10.1999;3.2
8;6.11.1999;2.4
8;6.12.1999;3
8;06.13.1999;2.8
8;06.14.1999;3.4
8;06.15.1999;2.2
8;06.16.1999;2.8
8;06.17.1999;3.2
8;06.18.1999;3.2
8;06.19.1999;2.4
8;06.20.1999;3.3
8;06.21.1999;1.9
8;06.22.1999;5
8;06.23.1999;4.8
8;06.24.1999;3.7
8;06.25.1999;4.3
8;06.26.1999;4.5
8;06.27.1999;3.1
8;06.28.1999;3.5
8;06.29.1999;3.5
8;06.30.1999;3.4
8;7.01.1999;4.1
8;7.02.1999;5.2
8;7.03.1999;5.4
8;7.04.1999;5.5
8;7.05.1999;5.3
8;7.06.1999;5.9
8;7.07.1999;2.2
8;7.08.1999;3.4
8;7.09.1999;2.3
8;7.10.1999;2.1
8;7.11.1999;2.6
8;7.12.1999;3
8;07.13.1999;5
8;07.14.1999;4.1
8;07.15.1999;3.4
8;07.16.1999;3.6
8;07.17.1999;3.9
8;07.18.1999;4.7
8;07.19.1999;4.6
8;07.20.1999;5.1
8;07.21.1999;4.8
8;07.22.1999;1.9
8;07.23.1999;3.3
8;07.24.1999;3.4
8;07.25.1999;2.9
8;07.26.1999;2.4
8;07.27.1999;4.5
8;07.28.1999;3.1
8;07.29.1999;4
8;07.30.1999;4.2
8;07.31.1999;4
8;8.01.1999;3.3
8;8.02.1999;3.5
8;8.03.1999;3.9
8;8.04.1999;3.7
8;8.05.1999;4.4
8;8.06.1999;4.4
8;8.07.1999;4.3
8;8.08.1999;3.3
8;8.09.1999;5.5
8;8.10.1999;4.5
8;8.11.1999;3.1
8;8.12.1999;2.5
8;08.13.1999;2.2
8;08.14.1999;3.7
8;08.15.1999;3.4
8;08.16.1999;2.6
8;08.17.1999;2.2
8;08.18.1999;2.8
8;08.19.1999;2.9
8;08.20.1999;2.2
8;08.21.1999;2.4
8;08.22.1999;3
8;08.23.1999;2.9
8;08.24.1999;2.4
8;08.25.1999;3.2
8;08.26.1999;3.2
8;08.27.1999;1.6
8;08.28.1999;2
8;08.29.1999;1.8
8;08.30.1999;1.5
8;08.31.1999;2.3
8;9.01.1999;2.2
8;9.02.1999;2.2
8;9.03.1999;1.6
8;9.04.1999;1.8
8;9.05.1999;1.7
8;9.06.1999;2.3
8;9.07.1999;2.2
8;9.08.1999;2.4
8;9.09.1999;3.1
8;9.10.1999;3.6
8;9.11.1999;3.4
8;9.12.1999;2.8
8;09.13.1999;3
8;09.14.1999;2.5
8;09.15.1999;3.6
8;09.16.1999;2.2
8;09.17.1999;2.1
8;09.18.1999;2.1
8;09.19.1999;1.7
8;09.20.1999;1.5
8;09.21.1999;2.7
8;09.22.1999;2.3
8;09.23.1999;2.6
8;09.24.1999;2.4
8;09.25.1999;1.9
8;09.26.1999;2
8;09.27.1999;1.5
8;09.28.1999;1.2
8;09.29.1999;2
8;09.30.1999;1.5
8;10.01.1999;2
8;10.02.1999;1.4
8;10.03.1999;1.9
8;10.04.1999;1.1
8;10.05.1999;1
8;10.06.1999;1.4
8;10.07.1999;1.5
8;10.08.1999;1.5
8;10.09.1999;1.4
8;10.10.1999;1.5
8;10.11.1999;1.7
8;10.12.1999;1
8;10.13.1999;1.1
8;10.14.1999;1.1
8;10.15.1999;1
8;10.16.1999;1.3
8;10.17.1999;0.9
8;10.18.1999;1.2
8;10.19.1999;0.7
8;10.20.1999;0.7
8;10.21.1999;0.6
8;10.22.1999;0.7
8;10.23.1999;0.6
8;10.24.1999;1
8;10.25.1999;1
8;10.26.1999;1.5
8;10.27.1999;1
8;10.28.1999;0.8
8;10.29.1999;1.2
8;10.30.1999;0.8
8;10.31.1999;1
8;11.01.1999;0.7
8;11.02.1999;1.1
8;11.03.1999;0.5
8;11.04.1999;0.5
8;11.05.1999;0.6
8;11.06.1999;0.8
8;11.07.1999;0.7
8;11.08.1999;0.5
8;11.09.1999;0.5
8;11.10.1999;0.4
8;11.11.1999;0.7
8;11.12.1999;0.5
8;11.13.1999;0.5
8;11.14.1999;0.4
8;11.15.1999;0.3
8;11.16.1999;0.3
8;11.17.1999;0.3
8;11.18.1999;0.3
8;11.19.1999;0.2
8;11.20.1999;0.1
8;11.21.1999;0.2
8;11.22.1999;0.2
8;11.23.1999;0.2
8;11.24.1999;0.2
8;11.25.1999;0.2
8;11.26.1999;0.1
8;11.27.1999;0.1
8;11.28.1999;0.1
8;11.29.1999;0.1
8;11.30.1999;0.1
8;12.01.1999;0.1
8;12.02.1999;0.2
8;12.03.1999;0.1
8;12.04.1999;0.2
8;12.05.1999;0.2
8;12.06.1999;0.3
8;12.07.1999;0.2
8;12.08.1999;0.7
8;12.09.1999;0.3
8;12.10.1999;0.2
8;12.11.1999;0.2
8;12.12.1999;0.2
8;12.13.1999;0.2
8;12.14.1999;0.2
8;12.15.1999;0.1
8;12.16.1999;0.2
8;12.17.1999;0.1
8;12.18.1999;0.1
8;12.19.1999;0.2
8;12.20.1999;0.1
8;12.21.1999;0.1
8;12.22.1999;0
8;12.23.1999;0.1
8;12.24.1999;0.2
8;12.25.1999;0.2
8;12.26.1999;0.1
8;12.27.1999;0.2
8;12.28.1999;0.1
8;12.29.1999;0.1
8;12.30.1999;0
8;12.31.1999;0.1
8;1.01.2000;0.1
8;1.02.2000;0.1
8;1.03.2000;0.3
8;1.04.2000;0.1
8;1.05.2000;0
8;1.06.2000;0.1
8;1.07.2000;0
8;1.08.2000;0.1
8;1.09.2000;0.2
8;1.10.2000;0.2
8;1.11.2000;0.2
8;1.12.2000;0.2
8;01.13.2000;0.2
8;01.14.2000;0.2
8;01.15.2000;0.2
8;01.16.2000;0.2
8;01.17.2000;0.1
8;01.18.2000;1.4
8;01.19.2000;1.5
8;01.20.2000;0.3
8;01.21.2000;0.6
8;01.22.2000;0.5
8;01.23.2000;0.2
8;01.24.2000;0.3
8;01.25.2000;0.3
8;01.26.2000;0.1
8;01.27.2000;0.4
8;01.28.2000;0.3
8;01.29.2000;0.4
8;01.30.2000;0.5
8;01.31.2000;0.6
8;2.01.2000;0.6
8;2.02.2000;0.7
8;2.03.2000;0.8
8;2.04.2000;0.6
8;2.05.2000;0.7
8;2.06.2000;0.9
8;2.07.2000;0.9
8;2.08.2000;0.5
8;2.09.2000;0.5
8;2.10.2000;1.2
8;2.11.2000;0.7
8;2.12.2000;0.7
8;02.13.2000;0.5
8;02.14.2000;0.9
8;02.15.2000;0.7
8;02.16.2000;0.3
8;02.17.2000;0.4
8;02.18.2000;0.7
8;02.19.2000;0.9
8;02.20.2000;0.9
8;02.21.2000;1.4
8;02.22.2000;0.8
8;02.23.2000;0.9
8;02.24.2000;0.9
8;02.25.2000;1.3
8;02.26.2000;0.7
8;02.27.2000;1.1
8;02.28.2000;1.2
8;02.29.2000;1
8;3.01.2000;0.6
8;3.02.2000;2.9
8;3.03.2000;1.4
8;3.04.2000;1
8;3.05.2000;1.3
8;3.06.2000;1.7
8;3.07.2000;1.6
8;3.08.2000;1.4
8;3.09.2000;2
8;3.10.2000;2.1
8;3.11.2000;1.7
8;3.12.2000;2.4
8;03.13.2000;1.8
8;03.14.2000;1.9
8;03.15.2000;2.2
8;03.16.2000;1.2
8;03.17.2000;1
8;03.18.2000;2.4
8;03.19.2000;1.3
8;03.20.2000;1.6
8;03.21.2000;1.9
8;03.22.2000;2.1
8;03.23.2000;1.8
8;03.24.2000;1.7
8;03.25.2000;1.5
8;03.26.2000;1.1
8;03.27.2000;0.9
8;03.28.2000;1.5
8;03.29.2000;1.3
8;03.30.2000;1
8;03.31.2000;1.5
8;4.01.2000;1.1
8;4.02.2000;1.6
8;4.03.2000;1.3
8;4.04.2000;1.7
8;4.05.2000;1.5
8;4.06.2000;1.5
8;4.07.2000;2.6
8;4.08.2000;2.7
8;4.09.2000;2
8;4.10.2000;1.7
8;4.11.2000;1.3
8;4.12.2000;1.3
8;04.13.2000;1.7
8;04.14.2000;2.6
8;04.15.2000;1.8
8;04.16.2000;3.5
8;04.17.2000;3
8;04.18.2000;2.2
8;04.19.2000;2.7
8;04.20.2000;3.7
8;04.21.2000;3.9
8;04.22.2000;3.7
8;04.23.2000;4.3
8;04.24.2000;2.6
8;04.25.2000;3.1
8;04.26.2000;3.8
8;04.27.2000;2.6
8;04.28.2000;2.1
8;04.29.2000;1.9
8;04.30.2000;2.2
8;5.01.2000;2.4
8;5.02.2000;2.7
8;5.03.2000;3.5
8;5.04.2000;3.5
8;5.05.2000;1.8
8;5.06.2000;3.3
8;5.07.2000;2.9
8;5.08.2000;2.1
8;5.09.2000;3.7
8;5.10.2000;4.7
8;5.11.2000;4.5
8;5.12.2000;3.9
8;05.13.2000;2.5
8;05.14.2000;4.6
8;05.15.2000;4.8
8;05.16.2000;4.2
8;05.17.2000;5.6
8;05.18.2000;4.5
8;05.19.2000;1.8
8;05.20.2000;1.7
8;05.21.2000;3.3
8;05.22.2000;2.5
8;05.23.2000;3.7
8;05.24.2000;4.2
8;05.25.2000;4.6
8;05.26.2000;4.7
8;05.27.2000;3.8
8;05.28.2000;3.2
8;05.29.2000;1.9
8;05.30.2000;2.6
8;05.31.2000;3
8;6.01.2000;3.4
8;6.02.2000;4.2
8;6.03.2000;5
8;6.04.2000;4.1
8;6.05.2000;5.2
8;6.06.2000;5.1
8;6.07.2000;2.5
8;6.08.2000;3.4
8;6.09.2000;4.8
8;6.10.2000;4.7
8;6.11.2000;4.3
8;6.12.2000;4.9
8;06.13.2000;3.5
8;06.14.2000;5.3
8;06.15.2000;3.8
8;06.16.2000;3.8
8;06.17.2000;4.5
8;06.18.2000;4.2
8;06.19.2000;5.3
8;06.20.2000;5.4
8;06.21.2000;5.6
8;06.22.2000;6.1
8;06.23.2000;5.3
8;06.24.2000;3
8;06.25.2000;2
8;06.26.2000;3.4
8;06.27.2000;3.4
8;06.28.2000;2.5
8;06.29.2000;2.5
8;06.30.2000;3.1
8;7.01.2000;4.2
8;7.02.2000;5.4
8;7.03.2000;5.6
8;7.04.2000;4.5
8;7.05.2000;4.6
8;7.06.2000;4.4
8;7.07.2000;6.1
8;7.08.2000;2.3
8;7.09.2000;3.2
8;7.10.2000;4
8;7.11.2000;2.6
8;7.12.2000;3.2
8;07.13.2000;3.2
8;07.14.2000;2.2
8;07.15.2000;2.6
8;07.16.2000;2.4
8;07.17.2000;3.8
8;07.18.2000;3.3
8;07.19.2000;2.9
8;07.20.2000;3.2
8;07.21.2000;3
8;07.22.2000;4
8;07.23.2000;3.9
8;07.24.2000;4
8;07.25.2000;4
8;07.26.2000;4.4
8;07.27.2000;4.2
8;07.28.2000;3.5
8;07.29.2000;3.1
8;07.30.2000;2.8
8;07.31.2000;3.5
8;8.01.2000;4.2
8;8.02.2000;4.5
8;8.03.2000;3.6
8;8.04.2000;2
8;8.05.2000;1.6
8;8.06.2000;2.8
8;8.07.2000;3.3
8;8.08.2000;3.7
8;8.09.2000;2.8
8;8.10.2000;4.3
8;8.11.2000;4.1
8;8.12.2000;4.3
8;08.13.2000;3.4
8;08.14.2000;4
8;08.15.2000;4.3
8;08.16.2000;4.3
8;08.17.2000;4.7
8;08.18.2000;4.3
8;08.19.2000;4.8
8;08.20.2000;5.8
8;08.21.2000;5
8;08.22.2000;5.2
8;08.23.2000;4.6
8;08.24.2000;3.7
8;08.25.2000;4
8;08.26.2000;3.8
8;08.27.2000;3.5
8;08.28.2000;1.6
8;08.29.2000;3
8;08.30.2000;3.2
8;08.31.2000;2.1
8;9.01.2000;2.5
8;9.02.2000;2.1
8;9.03.2000;2.2
8;9.04.2000;1.6
8;9.05.2000;2.1
8;9.06.2000;2.3
8;9.07.2000;1.5
8;9.08.2000;2.1
8;9.09.2000;2.5
8;9.10.2000;2.5
8;9.11.2000;2.6
8;9.12.2000;2.7
8;09.13.2000;2.4
8;09.14.2000;2.2
8;09.15.2000;2.3
8;09.16.2000;2.9
8;09.17.2000;1.8
8;09.18.2000;1.5
8;09.19.2000;1.4
8;09.20.2000;2.3
8;09.21.2000;1.7
8;09.22.2000;1.9
8;09.23.2000;1.8
8;09.24.2000;1.7
8;09.25.2000;1.6
8;09.26.2000;1.5
8;09.27.2000;1.8
8;09.28.2000;1.4
8;09.29.2000;1.5
8;09.30.2000;1.1
8;10.01.2000;0.9
8;10.02.2000;1.2
8;10.03.2000;1.1
8;10.04.2000;1.3
8;10.05.2000;1.1
8;10.06.2000;1.4
8;10.07.2000;0.9
8;10.08.2000;0.8
8;10.09.2000;0.7
8;10.10.2000;0.8
8;10.11.2000;0.8
8;10.12.2000;1.4
8;10.13.2000;1.5
8;10.14.2000;1.3
8;10.15.2000;1.3
8;10.16.2000;1.3
8;10.17.2000;1
8;10.18.2000;0.8
8;10.19.2000;0.7
8;10.20.2000;0.9
8;10.21.2000;0.8
8;10.22.2000;0.8
8;10.23.2000;0.5
8;10.24.2000;0.9
8;10.25.2000;1.1
8;10.26.2000;1.1
8;10.27.2000;0.6
8;10.28.2000;0.7
8;10.29.2000;1.2
8;10.30.2000;0.7
8;10.31.2000;1.3
8;11.01.2000;0.6
8;11.02.2000;0.6
8;11.03.2000;0.5
8;11.04.2000;0.5
8;11.05.2000;0.5
8;11.06.2000;0.4
8;11.07.2000;0.8
8;11.08.2000;0.5
8;11.09.2000;0.5
8;11.10.2000;0.4
8;11.11.2000;0.3
8;11.12.2000;0.6
8;11.13.2000;0.4
8;11.14.2000;1.2
8;11.15.2000;0.7
8;11.16.2000;0.4
8;11.17.2000;0.4
8;11.18.2000;0.4
8;11.19.2000;0.4
8;11.20.2000;0.3
8;11.21.2000;0.4
8;11.22.2000;0.3
8;11.23.2000;0.3
8;11.24.2000;0.3
8;11.25.2000;0.3
8;11.26.2000;0.4
8;11.27.2000;0.5
8;11.28.2000;0.2
8;11.29.2000;0.2
8;11.30.2000;0.2
8;12.01.2000;0.5
8;12.02.2000;0.6
8;12.03.2000;0.5
8;12.04.2000;0.3
8;12.05.2000;0.3
8;12.06.2000;0.3
8;12.07.2000;0.3
8;12.08.2000;0.6
8;12.09.2000;0.4
8;12.10.2000;0.4
8;12.11.2000;0.2
8;12.12.2000;0.2
8;12.13.2000;0.3
8;12.14.2000;0.2
8;12.15.2000;0.2
8;12.16.2000;0.1
8;12.17.2000;0.2
8;12.18.2000;0.1
8;12.19.2000;0.2
8;12.20.2000;0.2
8;12.21.2000;0.2
8;12.22.2000;0.4
8;12.23.2000;0.1
8;12.24.2000;0.4
8;12.25.2000;0.2
8;12.26.2000;0.2
8;12.27.2000;0.2
8;12.28.2000;0.3
8;12.29.2000;0.3
8;12.30.2000;0.1
8;12.31.2000;0.1
8;1.01.2001;0.2
8;1.02.2001;0.2
8;1.03.2001;0.2
8;1.04.2001;0.2
8;1.05.2001;0.2
8;1.06.2001;0.4
8;1.07.2001;0.6
8;1.08.2001;0.4
8;1.09.2001;0.6
8;1.10.2001;0.5
8;1.11.2001;0.5
8;1.12.2001;0.4
8;01.13.2001;1
8;01.14.2001;1.4
8;01.15.2001;0.6
8;01.16.2001;0.5
8;01.17.2001;0.2
8;01.18.2001;0.2
8;01.19.2001;0.2
8;01.20.2001;0.3
8;01.21.2001;0.3
8;01.22.2001;0.3
8;01.23.2001;0.3
8;01.24.2001;0.3
8;01.25.2001;0.3
8;01.26.2001;0.5
8;01.27.2001;0.4
8;01.28.2001;0.4
8;01.29.2001;0.4
8;01.30.2001;0.3
8;01.31.2001;0.4
8;2.01.2001;0.9
8;2.02.2001;0.6
8;2.03.2001;0.5
8;2.04.2001;0.9
8;2.05.2001;0.5
8;2.06.2001;0.7
8;2.07.2001;1.2
8;2.08.2001;1.3
8;2.09.2001;0.6
8;2.10.2001;0.5
8;2.11.2001;0.5
8;2.12.2001;0.6
8;02.13.2001;0.6
8;02.14.2001;0.8
8;02.15.2001;0.9
8;02.16.2001;1.1
8;02.17.2001;1.2
8;02.18.2001;1.1
8;02.19.2001;1.2
8;02.20.2001;1.1
8;02.21.2001;1
8;02.22.2001;1.9
8;02.23.2001;0.8
8;02.24.2001;0.3
8;02.25.2001;0.5
8;02.26.2001;0.5
8;02.27.2001;0.8
8;02.28.2001;0.4
8;3.01.2001;0.5
8;3.02.2001;0.6
8;3.03.2001;0.5
8;3.04.2001;0.6
8;3.05.2001;0.7
8;3.06.2001;0.9
8;3.07.2001;0.8
8;3.08.2001;0.9
8;3.09.2001;0.9
8;3.10.2001;1
8;3.11.2001;1.6
8;3.12.2001;1.5
8;03.13.2001;0.7
8;03.14.2001;1.3
8;03.15.2001;1.3
8;03.16.2001;1.7
8;03.17.2001;1.1
8;03.18.2001;1.4
8;03.19.2001;1.6
8;03.20.2001;1
8;03.21.2001;1
8;03.22.2001;1.6
8;03.23.2001;1.8
8;03.24.2001;2.4
8;03.25.2001;3.2
8;03.26.2001;1.7
8;03.27.2001;0.9
8;03.28.2001;1
8;03.29.2001;0.9
8;03.30.2001;1
8;03.31.2001;1.7
8;4.01.2001;2
8;4.02.2001;2.4
8;4.03.2001;2.2
8;4.04.2001;2.9
8;4.05.2001;1.4
8;4.06.2001;1.9
8;4.07.2001;1.4
8;4.08.2001;1.4
8;4.09.2001;2.4
8;4.10.2001;2.6
8;4.11.2001;1.2
8;4.12.2001;2
8;04.13.2001;1.8
8;04.14.2001;2.4
8;04.15.2001;2.4
8;04.16.2001;1.1
8;04.17.2001;1.7
8;04.18.2001;1.5
8;04.19.2001;1.5
8;04.20.2001;1.5
8;04.21.2001;1.6
8;04.22.2001;1.5
8;04.23.2001;3.1
8;04.24.2001;3.6
8;04.25.2001;3.1
8;04.26.2001;1.6
8;04.27.2001;2.1
8;04.28.2001;3.2
8;04.29.2001;3.5
8;04.30.2001;3.6
8;5.01.2001;4
8;5.02.2001;3.8
8;5.03.2001;3.4
8;5.04.2001;2.7
8;5.05.2001;2.8
8;5.06.2001;1.8
8;5.07.2001;2.1
8;5.08.2001;2.3
8;5.09.2001;2.6
8;5.10.2001;3.2
8;5.11.2001;3.2
8;5.12.2001;3.4
8;05.13.2001;3.3
8;05.14.2001;3.7
8;05.15.2001;3
8;05.16.2001;3.3
8;05.17.2001;3.4
8;05.18.2001;3
8;05.19.2001;3.2
8;05.20.2001;3.1
8;05.21.2001;1.8
8;05.22.2001;2.3
8;05.23.2001;3.7
8;05.24.2001;4.2
8;05.25.2001;2.9
8;05.26.2001;4.6
8;05.27.2001;4.1
8;05.28.2001;4.3
8;05.29.2001;3.7
8;05.30.2001;3.8
8;05.31.2001;2.3
8;6.01.2001;3.1
8;6.02.2001;2.4
8;6.03.2001;3
8;6.04.2001;4
8;6.05.2001;4.2
8;6.06.2001;2.6
8;6.07.2001;4.1
8;6.08.2001;4.9
8;6.09.2001;4.1
8;6.10.2001;2.8
8;6.11.2001;2.1
8;6.12.2001;2.9
8;06.13.2001;3.7
8;06.14.2001;3.2
8;06.15.2001;3.9
8;06.16.2001;4.9
8;06.17.2001;2.4
8;06.18.2001;2.7
8;06.19.2001;4.2
8;06.20.2001;5.3
8;06.21.2001;4.9
8;06.22.2001;4.5
8;06.23.2001;3.4
8;06.24.2001;5
8;06.25.2001;4.6
8;06.26.2001;4.8
8;06.27.2001;4.6
8;06.28.2001;3.8
8;06.29.2001;3.1
8;06.30.2001;4.4
8;7.01.2001;3.5
8;7.02.2001;4.2
8;7.03.2001;3.4
8;7.04.2001;3.5
8;7.05.2001;3.7
8;7.06.2001;3.8
8;7.07.2001;5.1
8;7.08.2001;4.7
8;7.09.2001;3.1
8;7.10.2001;3.5
8;7.11.2001;4.8
8;7.12.2001;2.6
8;07.13.2001;4
8;07.14.2001;5.3
8;07.15.2001;5.4
8;07.16.2001;3.6
8;07.17.2001;2.7
8;07.18.2001;3.9
8;07.19.2001;3.8
8;07.20.2001;1.9
8;07.21.2001;4
8;07.22.2001;4.2
8;07.23.2001;4.7
8;07.24.2001;2.9
8;07.25.2001;2.8
8;07.26.2001;4.1
8;07.27.2001;3.5
8;07.28.2001;4.7
8;07.29.2001;4.9
8;07.30.2001;4.9
8;07.31.2001;5
8;8.01.2001;5
8;8.02.2001;4.9
8;8.03.2001;5.4
8;8.04.2001;5.9
8;8.05.2001;4.1
8;8.06.2001;3.6
8;8.07.2001;4.7
8;8.08.2001;5.5
8;8.09.2001;3.4
8;8.10.2001;3.5
8;8.11.2001;2.1
8;8.12.2001;2.9
8;08.13.2001;3.6
8;08.14.2001;4.5
8;08.15.2001;4.5
8;08.16.2001;4.4
8;08.17.2001;4.5
8;08.18.2001;4
8;08.19.2001;3.5
8;08.20.2001;4.4
8;08.21.2001;3.8
8;08.22.2001;3.4
8;08.23.2001;2.9
8;08.24.2001;3.1
8;08.25.2001;4
8;08.26.2001;4.1
8;08.27.2001;4.4
8;08.28.2001;2.1
8;08.29.2001;3.5
8;08.30.2001;2.6
8;08.31.2001;1.4
8;9.01.2001;2.1
8;9.02.2001;1.7
8;9.03.2001;2.7
8;9.04.2001;2
8;9.05.2001;1.7
8;9.06.2001;2.6
8;9.07.2001;1.9
8;9.08.2001;1.8
8;9.09.2001;1.6
8;9.10.2001;1.9
8;9.11.2001;1.7
8;9.12.2001;2
8;09.13.2001;2.1
8;09.14.2001;1
8;09.15.2001;1.4
8;09.16.2001;0.9
8;09.17.2001;1
8;09.18.2001;1.7
8;09.19.2001;1.4
8;09.20.2001;2.2
8;09.21.2001;1.9
8;09.22.2001;1.2
8;09.23.2001;0.9
8;09.24.2001;1.2
8;09.25.2001;0.9
8;09.26.2001;1.1
8;09.27.2001;1.5
8;09.28.2001;1.7
8;09.29.2001;2
8;09.30.2001;1
8;10.01.2001;1.7
8;10.02.2001;1.9
8;10.03.2001;2.4
8;10.04.2001;2
8;10.05.2001;1
8;10.06.2001;1.5
8;10.07.2001;0.9
8;10.08.2001;1.8
8;10.09.2001;1.7
8;10.10.2001;1.2
8;10.11.2001;1.4
8;10.12.2001;1.4
8;10.13.2001;1.2
8;10.14.2001;1.1
8;10.15.2001;1
8;10.16.2001;1
8;10.17.2001;0.8
8;10.18.2001;1.1
8;10.19.2001;1.3
8;10.20.2001;1
8;10.21.2001;1
8;10.22.2001;1
8;10.23.2001;0.8
8;10.24.2001;0.7
8;10.25.2001;0.7
8;10.26.2001;0.7
8;10.27.2001;0.7
8;10.28.2001;0.8
8;10.29.2001;0.6
8;10.30.2001;0.6
8;10.31.2001;0.8
8;11.01.2001;0.9
8;11.02.2001;0.8
8;11.03.2001;0.4
8;11.04.2001;0.6
8;11.05.2001;0.6
8;11.06.2001;0.5
8;11.07.2001;0.4
8;11.08.2001;0.6
8;11.09.2001;0.2
8;11.10.2001;0.3
8;11.11.2001;0.3
8;11.12.2001;0.3
8;11.13.2001;0.4
8;11.14.2001;0.4
8;11.15.2001;0.5
8;11.16.2001;0.2
8;11.17.2001;0.4
8;11.18.2001;0.3
8;11.19.2001;0.3
8;11.20.2001;0.2
8;11.21.2001;0.2
8;11.22.2001;0.2
8;11.23.2001;1.5
8;11.24.2001;0.7
8;11.25.2001;0.2
8;11.26.2001;0.4
8;11.27.2001;0.4
8;11.28.2001;0.3
8;11.29.2001;0.2
8;11.30.2001;0.3
8;12.01.2001;0.3
8;12.02.2001;0.3
8;12.03.2001;0.3
8;12.04.2001;0.2
8;12.05.2001;0.2
8;12.06.2001;0.2
8;12.07.2001;0.2
8;12.08.2001;0.4
8;12.09.2001;0.1
8;12.10.2001;0.1
8;12.11.2001;0.2
8;12.12.2001;0.2
8;12.13.2001;0.2
8;12.14.2001;0
8;12.15.2001;0
8;12.16.2001;0.1
8;12.17.2001;0.1
8;12.18.2001;0.1
8;12.19.2001;0
8;12.20.2001;0.1
8;12.21.2001;0.1
8;12.22.2001;0.4
8;12.23.2001;0.1
8;12.24.2001;0
8;12.25.2001;0.1
8;12.26.2001;0.2
8;12.27.2001;0.1
8;12.28.2001;0
8;12.29.2001;0.3
8;12.30.2001;0.2
8;12.31.2001;0.1
8;1.01.2002;0.5
8;1.02.2002;0.2
8;1.03.2002;0.2
8;1.04.2002;0.2
8;1.05.2002;0.1
8;1.06.2002;0.2
8;1.07.2002;0.1
8;1.08.2002;0.2
8;1.09.2002;0.1
8;1.10.2002;0.1
8;1.11.2002;0.2
8;1.12.2002;0.1
8;01.13.2002;0.1
8;01.14.2002;0.2
8;01.15.2002;0.2
8;01.16.2002;0.2
8;01.17.2002;0.2
8;01.18.2002;0.2
8;01.19.2002;0.2
8;01.20.2002;0.2
8;01.21.2002;0.2
8;01.22.2002;0.3
8;01.23.2002;0.3
8;01.24.2002;0.2
8;01.25.2002;0.2
8;01.26.2002;0.2
8;01.27.2002;0.3
8;01.28.2002;0.4
8;01.29.2002;0.2
8;01.30.2002;0.5
8;01.31.2002;0.6
8;2.01.2002;0.6
8;2.02.2002;0.5
8;2.03.2002;0.4
8;2.04.2002;0.6
8;2.05.2002;0.8
8;2.06.2002;0.4
8;2.07.2002;0.4
8;2.08.2002;0.4
8;2.09.2002;0.4
8;2.10.2002;0.7
8;2.11.2002;0.4
8;2.12.2002;0.8
8;02.13.2002;0.7
8;02.14.2002;0.5
8;02.15.2002;0.6
8;02.16.2002;0.3
8;02.17.2002;0.4
8;02.18.2002;0.4
8;02.19.2002;0.4
8;02.20.2002;0.4
8;02.21.2002;0.4
8;02.22.2002;0.8
8;02.23.2002;0.9
8;02.24.2002;2.3
8;02.25.2002;1.8
8;02.26.2002;1.1
8;02.27.2002;0.8
8;02.28.2002;0.7
8;3.01.2002;0.5
8;3.02.2002;0.7
8;3.03.2002;0.6
8;3.04.2002;1.1
8;3.05.2002;1
8;3.06.2002;1.3
8;3.07.2002;1.6
8;3.08.2002;1.3
8;3.09.2002;1.6
8;3.10.2002;1.8
8;3.11.2002;1.8
8;3.12.2002;1.8
8;03.13.2002;1.1
8;03.14.2002;2.2
8;03.15.2002;1.6
8;03.16.2002;1.7
8;03.17.2002;1.5
8;03.18.2002;2.4
8;03.19.2002;1.2
8;03.20.2002;1.5
8;03.21.2002;1.5
8;03.22.2002;2.2
8;03.23.2002;3.2
8;03.24.2002;2.8
8;03.25.2002;2.2
8;03.26.2002;2.2
8;03.27.2002;2.2
8;03.28.2002;2.1
8;03.29.2002;2.3
8;03.30.2002;2.8
8;03.31.2002;1.7
8;4.01.2002;2.4
8;4.02.2002;2.7
8;4.03.2002;2.5
8;4.04.2002;3.6
8;4.05.2002;1.4
8;4.06.2002;1.4
8;4.07.2002;1.9
8;4.08.2002;1.7
8;4.09.2002;1
8;4.10.2002;1
8;4.11.2002;1
8;4.12.2002;1
8;04.13.2002;1.4
8;04.14.2002;2.3
8;04.15.2002;1.3
8;04.16.2002;1.2
8;04.17.2002;1.4
8;04.18.2002;1.3
8;04.19.2002;1.3
8;04.20.2002;1.3
8;04.21.2002;2.7
8;04.22.2002;2.2
8;04.23.2002;2.7
8;04.24.2002;3
8;04.25.2002;2.5
8;04.26.2002;3.4
8;04.27.2002;1.4
8;04.28.2002;2.3
8;04.29.2002;2
8;04.30.2002;2.5
8;5.01.2002;3.7
8;5.02.2002;3.3
8;5.03.2002;2.9
8;5.04.2002;2
8;5.05.2002;2.4
8;5.06.2002;3.4
8;5.07.2002;3.7
8;5.08.2002;3.7
8;5.09.2002;1.7
8;5.10.2002;3.3
8;5.11.2002;3.3
8;5.12.2002;3
8;05.13.2002;2.6
8;05.14.2002;3.7
8;05.15.2002;4.1
8;05.16.2002;4.6
8;05.17.2002;5.4
8;05.18.2002;5.4
8;05.19.2002;2.6
8;05.20.2002;1.8
8;05.21.2002;2.9
8;05.22.2002;3.7
8;05.23.2002;2.5
8;05.24.2002;2.1
8;05.25.2002;2.4
8;05.26.2002;2.3
8;05.27.2002;2.3
8;05.28.2002;1.9
8;05.29.2002;4
8;05.30.2002;4.5
8;05.31.2002;3.8
8;6.01.2002;4
8;6.02.2002;3.6
8;6.03.2002;3.8
8;6.04.2002;3.5
8;6.05.2002;2.2
8;6.06.2002;2.2
8;6.07.2002;1.8
8;6.08.2002;2.4
8;6.09.2002;2
8;6.10.2002;3.1
8;6.11.2002;5.1
8;6.12.2002;4.9
8;06.13.2002;4.4
8;06.14.2002;5.2
8;06.15.2002;5.4
8;06.16.2002;3.9
8;06.17.2002;3.8
8;06.18.2002;4.8
8;06.19.2002;5.3
8;06.20.2002;5.9
8;06.21.2002;4.8
8;06.22.2002;5.6
8;06.23.2002;6
8;06.24.2002;4.7
8;06.25.2002;2
8;06.26.2002;4.7
8;06.27.2002;5
8;06.28.2002;2
8;06.29.2002;3.4
8;06.30.2002;3.7
8;7.01.2002;4.2
8;7.02.2002;3.6
8;7.03.2002;3.9
8;7.04.2002;3
8;7.05.2002;4.3
8;7.06.2002;4.5
8;7.07.2002;3.4
8;7.08.2002;5.1
8;7.09.2002;5.1
8;7.10.2002;5.2
8;7.11.2002;4.8
8;7.12.2002;2.8
8;07.13.2002;3.7
8;07.14.2002;3.2
8;07.15.2002;3.2
8;07.16.2002;3.1
8;07.17.2002;2.6
8;07.18.2002;2.9
8;07.19.2002;2.4
8;07.20.2002;4.2
8;07.21.2002;4.5
8;07.22.2002;2.5
8;07.23.2002;4.5
8;07.24.2002;3.6
8;07.25.2002;2.8
8;07.26.2002;3
8;07.27.2002;4.1
8;07.28.2002;4.4
8;07.29.2002;4.1
8;07.30.2002;2.7
8;07.31.2002;3.2
8;8.01.2002;3.3
8;8.02.2002;4.4
8;8.03.2002;4.7
8;8.04.2002;3.8
8;8.05.2002;3.3
8;8.06.2002;1.6
8;8.07.2002;2.5
8;8.08.2002;2.8
8;8.09.2002;2.2
8;8.10.2002;1.8
8;8.11.2002;1.7
8;8.12.2002;2.1
8;08.13.2002;3.7
8;08.14.2002;3.6
8;08.15.2002;3.4
8;08.16.2002;3.2
8;08.17.2002;3.1
8;08.18.2002;3.9
8;08.19.2002;3
8;08.20.2002;3.4
8;08.21.2002;1.9
8;08.22.2002;2.3
8;08.23.2002;3
8;08.24.2002;3.8
8;08.25.2002;3.4
8;08.26.2002;3
8;08.27.2002;2.3
8;08.28.2002;2.8
8;08.29.2002;2.4
8;08.30.2002;3.5
8;08.31.2002;3
8;9.01.2002;2.3
8;9.02.2002;2.7
8;9.03.2002;2.2
8;9.04.2002;2.1
8;9.05.2002;1.8
8;9.06.2002;1.8
8;9.07.2002;2.3
8;9.08.2002;2.5
8;9.09.2002;2.2
8;9.10.2002;2.3
8;9.11.2002;1.9
8;9.12.2002;2.7
8;09.13.2002;2.6
8;09.14.2002;2.5
8;09.15.2002;2.1
8;09.16.2002;1.6
8;09.17.2002;2.6
8;09.18.2002;2.5
8;09.19.2002;1.9
8;09.20.2002;1.7
8;09.21.2002;1.1
8;09.22.2002;1
8;09.23.2002;0.9
8;09.24.2002;0.9
8;09.25.2002;0.9
8;09.26.2002;1.4
8;09.27.2002;1.4
8;09.28.2002;1.3
8;09.29.2002;1.6
8;09.30.2002;1.7
8;10.01.2002;1.6
8;10.02.2002;1.2
8;10.03.2002;1.2
8;10.04.2002;0.9
8;10.05.2002;1.1
8;10.06.2002;1.2
8;10.07.2002;1.3
8;10.08.2002;1.1
8;10.09.2002;0.7
8;10.10.2002;0.7
8;10.11.2002;0.7
8;10.12.2002;0.7
8;10.13.2002;0.7
8;10.14.2002;1
8;10.15.2002;1
8;10.16.2002;1.1
8;10.17.2002;1.4
8;10.18.2002;1.2
8;10.19.2002;0.8
8;10.20.2002;0.8
8;10.21.2002;1.3
8;10.22.2002;0.8
8;10.23.2002;0.9
8;10.24.2002;0.7
8;10.25.2002;0.8
8;10.26.2002;1.3
8;10.27.2002;1
8;10.28.2002;1.5
8;10.29.2002;0.7
8;10.30.2002;1.4
8;10.31.2002;0.7
8;11.01.2002;1
8;11.02.2002;0.9
8;11.03.2002;0.5
8;11.04.2002;0.5
8;11.05.2002;0.7
8;11.06.2002;0.5
8;11.07.2002;0.6
8;11.08.2002;0.4
8;11.09.2002;0.5
8;11.10.2002;0.9
8;11.11.2002;0.6
8;11.12.2002;0.5
8;11.13.2002;0.4
8;11.14.2002;0.6
8;11.15.2002;1.2
8;11.16.2002;1.4
8;11.17.2002;0.9
8;11.18.2002;0.4
8;11.19.2002;0.5
8;11.20.2002;0.9
8;11.21.2002;0.6
8;11.22.2002;0.4
8;11.23.2002;0.5
8;11.24.2002;0.4
8;11.25.2002;0.4
8;11.26.2002;0.4
8;11.27.2002;0.3
8;11.28.2002;0.3
8;11.29.2002;0.3
8;11.30.2002;0.3
8;12.01.2002;0.3
8;12.02.2002;0.3
8;12.03.2002;0.2
8;12.04.2002;0.3
8;12.05.2002;0.3
8;12.06.2002;0.3
8;12.07.2002;0.4
8;12.08.2002;0.6
8;12.09.2002;0.7
8;12.10.2002;0.3
8;12.11.2002;0.2
8;12.12.2002;0.2
8;12.13.2002;0.2
8;12.14.2002;0.2
8;12.15.2002;0.2
8;12.16.2002;0.2
8;12.17.2002;0.2
8;12.18.2002;0.2
8;12.19.2002;0.2
8;12.20.2002;0.4
8;12.21.2002;0.2
8;12.22.2002;0.4
8;12.23.2002;0.4
8;12.24.2002;0.2
8;12.25.2002;0.3
8;12.26.2002;0.2
8;12.27.2002;0.3
8;12.28.2002;0.4
8;12.29.2002;0.3
8;12.30.2002;0.4
8;12.31.2002;0.3
8;1.01.2003;0.3
8;1.02.2003;0.4
8;1.03.2003;0.3
8;1.04.2003;0.4
8;1.05.2003;0.2
8;1.06.2003;0.2
8;1.07.2003;0.2
8;1.08.2003;0.1
8;1.09.2003;0.2
8;1.10.2003;0.2
8;1.11.2003;0.1
8;1.12.2003;0.1
8;01.13.2003;0.1
8;01.14.2003;0.1
8;01.15.2003;0.1
8;01.16.2003;0.1
8;01.17.2003;0.1
8;01.18.2003;0.1
8;01.19.2003;0.1
8;01.20.2003;0.1
8;01.21.2003;0.2
8;01.22.2003;0.2
8;01.23.2003;0.2
8;01.24.2003;0.3
8;01.25.2003;0.4
8;01.26.2003;0.6
8;01.27.2003;0.3
8;01.28.2003;0.3
8;01.29.2003;0.2
8;01.30.2003;0.6
8;01.31.2003;0.5
8;2.01.2003;0.9
8;2.02.2003;0.3
8;2.03.2003;0.4
8;2.04.2003;0.3
8;2.05.2003;1
8;2.06.2003;0.5
8;2.07.2003;0.3
8;2.08.2003;0.4
8;2.09.2003;0.3
8;2.10.2003;0.4
8;2.11.2003;0.4
8;2.12.2003;0.5
8;02.13.2003;0.5
8;02.14.2003;0.4
8;02.15.2003;0.5
8;02.16.2003;0.6
8;02.17.2003;0.7
8;02.18.2003;0.4
8;02.19.2003;0.5
8;02.20.2003;0.4
8;02.21.2003;0.5
8;02.22.2003;0.6
8;02.23.2003;0.8
8;02.24.2003;0.6
8;02.25.2003;0.9
8;02.26.2003;0.9
8;02.27.2003;1.1
8;02.28.2003;0.9
8;3.01.2003;1.1
8;3.02.2003;0.8
8;3.03.2003;0.9
8;3.04.2003;1.2
8;3.05.2003;1.3
8;3.06.2003;0.7
8;3.07.2003;0.7
8;3.08.2003;1.2
8;3.09.2003;1.2
8;3.10.2003;1.4
8;3.11.2003;1.5
8;3.12.2003;1.3
8;03.13.2003;1.5
8;03.14.2003;1.2
8;03.15.2003;1.4
8;03.16.2003;1.9
8;03.17.2003;1.6
8;03.18.2003;1.7
8;03.19.2003;1.8
8;03.20.2003;2.1
8;03.21.2003;1.5
8;03.22.2003;2.1
8;03.23.2003;1.7
8;03.24.2003;2.8
8;03.25.2003;2
8;03.26.2003;2.7
8;03.27.2003;2.2
8;03.28.2003;2.9
8;03.29.2003;2.2
8;03.30.2003;2.5
8;03.31.2003;2.3
8;4.01.2003;2.3
8;4.02.2003;1.2
8;4.03.2003;0.9
8;4.04.2003;1.6
8;4.05.2003;2.4
8;4.06.2003;1.2
8;4.07.2003;2.3
8;4.08.2003;3.1
8;4.09.2003;1.5
8;4.10.2003;1.1
8;4.11.2003;1.5
8;4.12.2003;1.1
8;04.13.2003;2.5
8;04.14.2003;2.7
8;04.15.2003;2.1
8;04.16.2003;3.7
8;04.17.2003;3.8
8;04.18.2003;3.4
8;04.19.2003;2
8;04.20.2003;2.1
8;04.21.2003;2.5
8;04.22.2003;3.1
8;04.23.2003;3.5
8;04.24.2003;3.2
8;04.25.2003;3.7
8;04.26.2003;3.5
8;04.27.2003;2.1
8;04.28.2003;2.8
8;04.29.2003;2.9
8;04.30.2003;2.7
8;5.01.2003;3.6
8;5.02.2003;4.1
8;5.03.2003;3.2
8;5.04.2003;4.1
8;5.05.2003;4.4
8;5.06.2003;4.1
8;5.07.2003;5.3
8;5.08.2003;4.8
8;5.09.2003;3.5
8;5.10.2003;2.9
8;5.11.2003;3.3
8;5.12.2003;4
8;05.13.2003;5.1
8;05.14.2003;1.7
8;05.15.2003;2.7
8;05.16.2003;3.6
8;05.17.2003;3.3
8;05.18.2003;3.8
8;05.19.2003;4.8
8;05.20.2003;1.7
8;05.21.2003;2.2
8;05.22.2003;4.8
8;05.23.2003;3.7
8;05.24.2003;4.7
8;05.25.2003;4.5
8;05.26.2003;4.5
8;05.27.2003;3.7
8;05.28.2003;4.8
8;05.29.2003;4.5
8;05.30.2003;3.7
8;05.31.2003;4
8;6.01.2003;2.9
8;6.02.2003;2.6
8;6.03.2003;4.8
8;6.04.2003;5
8;6.05.2003;4.8
8;6.06.2003;4
8;6.07.2003;4.7
8;6.08.2003;3.5
8;6.09.2003;5.3
8;6.10.2003;5.2
8;6.11.2003;6.4
8;6.12.2003;5.3
8;06.13.2003;5.3
8;06.14.2003;4.9
8;06.15.2003;4.5
8;06.16.2003;
8;06.17.2003;3.8
8;06.18.2003;2.7
8;06.19.2003;4.2
8;06.20.2003;5.8
8;06.21.2003;3.6
8;06.22.2003;4.8
8;06.23.2003;6.8
8;06.24.2003;6.2
8;06.25.2003;5
8;06.26.2003;4.8
8;06.27.2003;3.8
8;06.28.2003;
8;06.29.2003;2.4
8;06.30.2003;4.7
8;7.01.2003;5.2
8;7.02.2003;2.9
8;7.03.2003;3.4
8;7.04.2003;3
8;7.05.2003;3.6
8;7.06.2003;3.6
8;7.07.2003;4.2
8;7.08.2003;3.9
8;7.09.2003;3.9
8;7.10.2003;3.5
8;7.11.2003;4.5
8;7.12.2003;4.7
8;07.13.2003;3.2
8;07.14.2003;4.5
8;07.15.2003;4.7
8;07.16.2003;4.9
8;07.17.2003;6
8;07.18.2003;4.9
8;07.19.2003;5.5
8;07.20.2003;5.3
8;07.21.2003;5.2
8;07.22.2003;6.7
8;07.23.2003;3.8
8;07.24.2003;3.8
8;07.25.2003;4.3
8;07.26.2003;4.6
8;07.27.2003;5.8
8;07.28.2003;5.2
8;07.29.2003;3.3
8;07.30.2003;3.5
8;07.31.2003;2.1
8;8.01.2003;3.4
8;8.02.2003;4.7
8;8.03.2003;5.1
8;8.04.2003;5.2
8;8.05.2003;4.9
8;8.06.2003;3.5
8;8.07.2003;4.6
8;8.08.2003;4.8
8;8.09.2003;3.8
8;8.10.2003;4
8;8.11.2003;4.6
8;8.12.2003;4
8;08.13.2003;5.7
8;08.14.2003;7
8;08.15.2003;2.9
8;08.16.2003;3.7
8;08.17.2003;3.5
8;08.18.2003;5.8
8;08.19.2003;3.9
8;08.20.2003;4.1
8;08.21.2003;3.6
8;08.22.2003;4.3
8;08.23.2003;4.2
8;08.24.2003;4.1
8;08.25.2003;2.1
8;08.26.2003;3.4
8;08.27.2003;4.2
8;08.28.2003;3.4
8;08.29.2003;3.3
8;08.30.2003;3.5
8;08.31.2003;1.8
8;9.01.2003;1.9
8;9.02.2003;2.2
8;9.03.2003;2.9
8;9.04.2003;3.1
8;9.05.2003;2.8
8;9.06.2003;2.3
8;9.07.2003;2.3
8;9.08.2003;1.6
8;9.09.2003;1.3
8;9.10.2003;2
8;9.11.2003;2.3
8;9.12.2003;1.8
8;09.13.2003;1.8
8;09.14.2003;3
8;09.15.2003;2.6
8;09.16.2003;2.2
8;09.17.2003;2.4
8;09.18.2003;2.5
8;09.19.2003;2.7
8;09.20.2003;2.8
8;09.21.2003;2.9
8;09.22.2003;3.2
8;09.23.2003;2.7
8;09.24.2003;1.2
8;09.25.2003;2.3
8;09.26.2003;1.8
8;09.27.2003;1.8
8;09.28.2003;1.7
8;09.29.2003;0.9
8;09.30.2003;1.6
8;10.01.2003;1.2
8;10.02.2003;1.7
8;10.03.2003;1.3
8;10.04.2003;1
8;10.05.2003;1.7
8;10.06.2003;1.3
8;10.07.2003;1
8;10.08.2003;2.2
8;10.09.2003;2.9
8;10.10.2003;1.9
8;10.11.2003;1.3
8;10.12.2003;1.3
8;10.13.2003;0.9
8;10.14.2003;1.5
8;10.15.2003;1.3
8;10.16.2003;1.3
8;10.17.2003;1.4
8;10.18.2003;1.1
8;10.19.2003;0.8
8;10.20.2003;0.6
8;10.21.2003;0.6
8;10.22.2003;0.6
8;10.23.2003;0.4
8;10.24.2003;0.4
8;10.25.2003;0.5
8;10.26.2003;0.6
8;10.27.2003;0.9
8;10.28.2003;0.6
8;10.29.2003;0.5
8;10.30.2003;0.4
8;10.31.2003;0.5
8;11.01.2003;0.9
8;11.02.2003;0.6
8;11.03.2003;0.6
8;11.04.2003;0.5
8;11.05.2003;0.9
8;11.06.2003;0.6
8;11.07.2003;0.8
8;11.08.2003;0.4
8;11.09.2003;0.4
8;11.10.2003;0.5
8;11.11.2003;1.1
8;11.12.2003;0.7
8;11.13.2003;0.3
8;11.14.2003;0.3
8;11.15.2003;0.4
8;11.16.2003;0.5
8;11.17.2003;0.4
8;11.18.2003;0.3
8;11.19.2003;0.4
8;11.20.2003;0.5
8;11.21.2003;0.5
8;11.22.2003;0.6
8;11.23.2003;0.7
8;11.24.2003;0.8
8;11.25.2003;0.3
8;11.26.2003;0.3
8;11.27.2003;0.4
8;11.28.2003;0.3
8;11.29.2003;0.3
8;11.30.2003;0.3
8;12.01.2003;0.3
8;12.02.2003;0.2
8;12.03.2003;0.3
8;12.04.2003;0.2
8;12.05.2003;0.2
8;12.06.2003;0.5
8;12.07.2003;0.9
8;12.08.2003;0
8;12.09.2003;0.1
8;12.10.2003;0.2
8;12.11.2003;0.2
8;12.12.2003;0
8;12.13.2003;0.2
8;12.14.2003;0.1
8;12.15.2003;0.6
8;12.16.2003;1.7
8;12.17.2003;0.3
8;12.18.2003;0
8;12.19.2003;0.2
8;12.20.2003;0
8;12.21.2003;0.3
8;12.22.2003;0.2
8;12.23.2003;0.7
8;12.24.2003;0.4
8;12.25.2003;0.2
8;12.26.2003;0
8;12.27.2003;0.2
8;12.28.2003;0.3
8;12.29.2003;0.2
8;12.30.2003;0.2
8;12.31.2003;0.2
8;1.01.2004;0.2
8;1.02.2004;0.4
8;1.03.2004;0.6
8;1.04.2004;0.2
8;1.05.2004;0.2
8;1.06.2004;0.2
8;1.07.2004;0.3
8;1.08.2004;0.2
8;1.09.2004;0.2
8;1.10.2004;0.2
8;1.11.2004;0.2
8;1.12.2004;0.3
8;01.13.2004;0.2
8;01.14.2004;0.4
8;01.15.2004;0.3
8;01.16.2004;0.3
8;01.17.2004;0.3
8;01.18.2004;0.2
8;01.19.2004;0.2
8;01.20.2004;0.3
8;01.21.2004;0.2
8;01.22.2004;0.2
8;01.23.2004;0.2
8;01.24.2004;0.3
8;01.25.2004;0.2
8;01.26.2004;0.2
8;01.27.2004;0.2
8;01.28.2004;0.2
8;01.29.2004;0.2
8;01.30.2004;0.2
8;01.31.2004;0.3
8;2.01.2004;0.4
8;2.02.2004;0.4
8;2.03.2004;0.7
8;2.04.2004;0.5
8;2.05.2004;1
8;2.06.2004;0.5
8;2.07.2004;0.5
8;2.08.2004;0.5
8;2.09.2004;1.8
8;2.10.2004;0.8
8;2.11.2004;1.5
8;2.12.2004;0.4
8;02.13.2004;0.4
8;02.14.2004;0.6
8;02.15.2004;0.7
8;02.16.2004;0.8
8;02.17.2004;0.7
8;02.18.2004;0.9
8;02.19.2004;0.6
8;02.20.2004;0.9
8;02.21.2004;0.6
8;02.22.2004;0.5
8;02.23.2004;0.4
8;02.24.2004;0.4
8;02.25.2004;0.4
8;02.26.2004;0.4
8;02.27.2004;0.4
8;02.28.2004;0.4
8;02.29.2004;0.4
8;3.01.2004;0.7
8;3.02.2004;0.6
8;3.03.2004;0.6
8;3.04.2004;0.7
8;3.05.2004;0.7
8;3.06.2004;0.7
8;3.07.2004;0.5
8;3.08.2004;0.5
8;3.09.2004;0.6
8;3.10.2004;0.7
8;3.11.2004;0.6
8;3.12.2004;0.7
8;03.13.2004;0.8
8;03.14.2004;0.9
8;03.15.2004;1.2
8;03.16.2004;1.2
8;03.17.2004;1.4
8;03.18.2004;1.7
8;03.19.2004;1.9
8;03.20.2004;1.6
8;03.21.2004;1.4
8;03.22.2004;0.8
8;03.23.2004;0.8
8;03.24.2004;0.8
8;03.25.2004;1.3
8;03.26.2004;0.8
8;03.27.2004;1.1
8;03.28.2004;1.8
8;03.29.2004;1.7
8;03.30.2004;1.6
8;03.31.2004;1.9
8;4.01.2004;1.4
8;4.02.2004;1.8
8;4.03.2004;2.6
8;4.04.2004;2.8
8;4.05.2004;1.3
8;4.06.2004;0.8
8;4.07.2004;0.8
8;4.08.2004;1.3
8;4.09.2004;1
8;4.10.2004;1.1
8;4.11.2004;2.6
8;4.12.2004;1.7
8;04.13.2004;1.3
8;04.14.2004;1.4
8;04.15.2004;1.5
8;04.16.2004;1.5
8;04.17.2004;1.5
8;04.18.2004;1.7
8;04.19.2004;1.5
8;04.20.2004;2
8;04.21.2004;2.7
8;04.22.2004;3.4
8;04.23.2004;3.2
8;04.24.2004;1.5
8;04.25.2004;2.5
8;04.26.2004;2
8;04.27.2004;2.2
8;04.28.2004;3.1
8;04.29.2004;2.7
8;04.30.2004;1.9
8;5.01.2004;2.3
8;5.02.2004;3.2
8;5.03.2004;2.3
8;5.04.2004;1.4
8;5.05.2004;1.5
8;5.06.2004;2.8
8;5.07.2004;1.5
8;5.08.2004;2.1
8;5.09.2004;2
8;5.10.2004;2.9
8;5.11.2004;3.5
8;5.12.2004;2.5
8;05.13.2004;2
8;05.14.2004;3.8
8;05.15.2004;2.7
8;05.16.2004;3.6
8;05.17.2004;2.4
8;05.18.2004;3.8
8;05.19.2004;3.6
8;05.20.2004;4.8
8;05.21.2004;4.7
8;05.22.2004;2.2
8;05.23.2004;2.4
8;05.24.2004;3.2
8;05.25.2004;3.8
8;05.26.2004;4.2
8;05.27.2004;4.1
8;05.28.2004;1.7
8;05.29.2004;2.1
8;05.30.2004;4.2
8;05.31.2004;3.8
8;6.01.2004;2.2
8;6.02.2004;2.2
8;6.03.2004;2.9
8;6.04.2004;2.2
8;6.05.2004;1.9
8;6.06.2004;2.7
8;6.07.2004;4.5
8;6.08.2004;4.7
8;6.09.2004;4.3
8;6.10.2004;4.7
8;6.11.2004;4
8;6.12.2004;3.6
8;06.13.2004;1.7
8;06.14.2004;3.2
8;06.15.2004;3.5
8;06.16.2004;2.7
8;06.17.2004;3.8
8;06.18.2004;4
8;06.19.2004;2.7
8;06.20.2004;1.9
8;06.21.2004;2.3
8;06.22.2004;4.1
8;06.23.2004;4.5
8;06.24.2004;2.9
8;06.25.2004;2.1
8;06.26.2004;4.3
8;06.27.2004;4.3
8;06.28.2004;3.9
8;06.29.2004;3.2
8;06.30.2004;4.1
8;7.01.2004;4
8;7.02.2004;1.8
8;7.03.2004;4.4
8;7.04.2004;4.4
8;7.05.2004;4.9
8;7.06.2004;4.5
8;7.07.2004;3.6
8;7.08.2004;4.8
8;7.09.2004;5.2
8;7.10.2004;2.7
8;7.11.2004;2.1
8;7.12.2004;2.6
8;07.13.2004;3.4
8;07.14.2004;3
8;07.15.2004;3.5
8;07.16.2004;3.4
8;07.17.2004;5.1
8;07.18.2004;5.1
8;07.19.2004;4
8;07.20.2004;4.6
8;07.21.2004;4.6
8;07.22.2004;5.8
8;07.23.2004;4.1
8;07.24.2004;2.4
8;07.25.2004;2.6
8;07.26.2004;4.1
8;07.27.2004;2.8
8;07.28.2004;3.5
8;07.29.2004;3
8;07.30.2004;3.9
8;07.31.2004;4.1
8;8.01.2004;3
8;8.02.2004;3.3
8;8.03.2004;3.5
8;8.04.2004;2.9
8;8.05.2004;3.9
8;8.06.2004;3.8
8;8.07.2004;3.2
8;8.08.2004;2.5
8;8.09.2004;3.2
8;8.10.2004;2.7
8;8.11.2004;3.9
8;8.12.2004;4.2
8;08.13.2004;2.5
8;08.14.2004;3.4
8;08.15.2004;3.2
8;08.16.2004;2.9
8;08.17.2004;4.3
8;08.18.2004;4.7
8;08.19.2004;4.2
8;08.20.2004;3.4
8;08.21.2004;2.3
8;08.22.2004;3.4
8;08.23.2004;3.4
8;08.24.2004;3.4
8;08.25.2004;2.6
8;08.26.2004;1.5
8;08.27.2004;2.8
8;08.28.2004;3.3
8;08.29.2004;3.2
8;08.30.2004;2.5
8;08.31.2004;1.4
8;9.01.2004;1.6
8;9.02.2004;1.4
8;9.03.2004;2.4
8;9.04.2004;2.2
8;9.05.2004;3.2
8;9.06.2004;3.4
8;9.07.2004;3.5
8;9.08.2004;2.5
8;9.09.2004;2.8
8;9.10.2004;2.7
8;9.11.2004;2.2
8;9.12.2004;1.7
8;09.13.2004;1.9
8;09.14.2004;2.4
8;09.15.2004;1.6
8;09.16.2004;1.2
8;09.17.2004;2.3
8;09.18.2004;2.3
8;09.19.2004;2.3
8;09.20.2004;1.8
8;09.21.2004;1.9
8;09.22.2004;1.3
8;09.23.2004;1.3
8;09.24.2004;1
8;09.25.2004;1.1
8;09.26.2004;1.3
8;09.27.2004;1.7
8;09.28.2004;1.3
8;09.29.2004;1.7
8;09.30.2004;1.4
8;10.01.2004;1.2
8;10.02.2004;1.1
8;10.03.2004;1.3
8;10.04.2004;1.6
8;10.05.2004;1.6
8;10.06.2004;1.3
8;10.07.2004;1.5
8;10.08.2004;1.3
8;10.09.2004;1.1
8;10.10.2004;0.7
8;10.11.2004;0.8
8;10.12.2004;1.6
8;10.13.2004;0.8
8;10.14.2004;0.7
8;10.15.2004;0.7
8;10.16.2004;0.6
8;10.17.2004;0.7
8;10.18.2004;1.2
8;10.19.2004;0.8
8;10.20.2004;0.7
8;10.21.2004;1.1
8;10.22.2004;0.7
8;10.23.2004;1
8;10.24.2004;1.2
8;10.25.2004;1.2
8;10.26.2004;1.1
8;10.27.2004;0.9
8;10.28.2004;0.8
8;10.29.2004;0.6
8;10.30.2004;1
8;10.31.2004;0.6
8;11.01.2004;0.6
8;11.02.2004;0.6
8;11.03.2004;0.6
8;11.04.2004;0.6
8;11.05.2004;0.6
8;11.06.2004;0.5
8;11.07.2004;0.4
8;11.08.2004;0.8
8;11.09.2004;0.4
8;11.10.2004;0.3
8;11.11.2004;0.4
8;11.12.2004;0.4
8;11.13.2004;0.4
8;11.14.2004;1.1
8;11.15.2004;0.7
8;11.16.2004;0.4
8;11.17.2004;0.2
8;11.18.2004;0.5
8;11.19.2004;0.9
8;11.20.2004;1.1
8;11.21.2004;1.1
8;11.22.2004;0.7
8;11.23.2004;0.8
8;11.24.2004;0.2
8;11.25.2004;0.2
8;11.26.2004;0.6
8;11.27.2004;0.2
8;11.28.2004;0.1
8;11.29.2004;0.3
8;11.30.2004;0.3
8;12.01.2004;0.3
8;12.02.2004;0.3
8;12.03.2004;0.3
8;12.04.2004;0.3
8;12.05.2004;0.3
8;12.06.2004;0.3
8;12.07.2004;0.2
8;12.08.2004;0.2
8;12.09.2004;0.3
8;12.10.2004;0.3
8;12.11.2004;0
8;12.12.2004;0.2
8;12.13.2004;0.2
8;12.14.2004;0.2
8;12.15.2004;0.2
8;12.16.2004;0.2
8;12.17.2004;0.2
8;12.18.2004;0.2
8;12.19.2004;0.2
8;12.20.2004;0.1
8;12.21.2004;0.2
8;12.22.2004;0
8;12.23.2004;0.1
8;12.24.2004;0.2
8;12.25.2004;0.2
8;12.26.2004;0.2
8;12.27.2004;0.2
8;12.28.2004;0.2
8;12.29.2004;0.2
8;12.30.2004;0.2
8;12.31.2004;0
8;1.01.2005;0.2
8;1.02.2005;0.2
8;1.03.2005;0.2
8;1.04.2005;0.1
8;1.05.2005;0
8;1.06.2005;0.5
8;1.07.2005;0.4
8;1.08.2005;0.6
8;1.09.2005;0.4
8;1.10.2005;0.1
8;1.11.2005;0.1
8;1.12.2005;0.2
8;01.13.2005;0.2
8;01.14.2005;0.2
8;01.15.2005;0.1
8;01.16.2005;0.1
8;01.17.2005;0.1
8;01.18.2005;0.3
8;01.19.2005;0.3
8;01.20.2005;0.2
8;01.21.2005;0.6
8;01.22.2005;0.9
8;01.23.2005;0.4
8;01.24.2005;0.4
8;01.25.2005;0.5
8;01.26.2005;1.2
8;01.27.2005;0.5
8;01.28.2005;0.5
8;01.29.2005;0.3
8;01.30.2005;0.3
8;01.31.2005;0.3
8;2.01.2005;1
8;2.02.2005;0.5
8;2.03.2005;0.3
8;2.04.2005;0.3
8;2.05.2005;0.3
8;2.06.2005;0.2
8;2.07.2005;0.3
8;2.08.2005;0.3
8;2.09.2005;0.3
8;2.10.2005;0.4
8;2.11.2005;0.5
8;2.12.2005;0.5
8;02.13.2005;0.6
8;02.14.2005;0.8
8;02.15.2005;0.9
8;02.16.2005;0.8
8;02.17.2005;0.6
8;02.18.2005;0.6
8;02.19.2005;0.7
8;02.20.2005;0.8
8;02.21.2005;0.4
8;02.22.2005;0.4
8;02.23.2005;0.4
8;02.24.2005;0.5
8;02.25.2005;0.4
8;02.26.2005;0.5
8;02.27.2005;0.6
8;02.28.2005;0.6
8;3.01.2005;0.5
8;3.02.2005;0.5
8;3.03.2005;0.4
8;3.04.2005;0.5
8;3.05.2005;0.5
8;3.06.2005;0.7
8;3.07.2005;1
8;3.08.2005;0.9
8;3.09.2005;0.8
8;3.10.2005;0.7
8;3.11.2005;1
8;3.12.2005;0.7
8;03.13.2005;0.9
8;03.14.2005;1
8;03.15.2005;1.4
8;03.16.2005;2.1
8;03.17.2005;1.9
8;03.18.2005;2.3
8;03.19.2005;1.5
8;03.20.2005;1.2
8;03.21.2005;1.6
8;03.22.2005;1.4
8;03.23.2005;1.5
8;03.24.2005;2.2
8;03.25.2005;1
8;03.26.2005;1.2
8;03.27.2005;1.6
8;03.28.2005;2.3
8;03.29.2005;1.8
8;03.30.2005;1.5
8;03.31.2005;1.8
8;4.01.2005;3.1
8;4.02.2005;2.3
8;4.03.2005;2.3
8;4.04.2005;2.4
8;4.05.2005;2.5
8;4.06.2005;3.1
8;4.07.2005;2.6
8;4.08.2005;2.9
8;4.09.2005;1
8;4.10.2005;1.1
8;4.11.2005;1
8;4.12.2005;1.1
8;04.13.2005;1.4
8;04.14.2005;2.3
8;04.15.2005;3.2
8;04.16.2005;1.7
8;04.17.2005;2.2
8;04.18.2005;2
8;04.19.2005;1.8
8;04.20.2005;1.3
8;04.21.2005;2.3
8;04.22.2005;2.9
8;04.23.2005;2.9
8;04.24.2005;1.7
8;04.25.2005;1.5
8;04.26.2005;2.4
8;04.27.2005;3.7
8;04.28.2005;2.7
8;04.29.2005;2.1
8;04.30.2005;3
8;5.01.2005;3.9
8;5.02.2005;4.2
8;5.03.2005;4.7
8;5.04.2005;2.6
8;5.05.2005;1.6
8;5.06.2005;2.6
8;5.07.2005;2.7
8;5.08.2005;2.7
8;5.09.2005;1.7
8;5.10.2005;1.5
8;5.11.2005;2.3
8;5.12.2005;2.8
8;05.13.2005;3.2
8;05.14.2005;2.7
8;05.15.2005;2.7
8;05.16.2005;2.5
8;05.17.2005;2.7
8;05.18.2005;2.5
8;05.19.2005;3.3
8;05.20.2005;4
8;05.21.2005;4.1
8;05.22.2005;3.9
8;05.23.2005;3
8;05.24.2005;3.7
8;05.25.2005;4.7
8;05.26.2005;4.8
8;05.27.2005;5.3
8;05.28.2005;5.2
8;05.29.2005;5.1
8;05.30.2005;5.1
8;05.31.2005;2
8;6.01.2005;3.5
8;6.02.2005;4
8;6.03.2005;4.4
8;6.04.2005;4.3
8;6.05.2005;2.3
8;6.06.2005;3.1
8;6.07.2005;2.5
8;6.08.2005;4.4
8;6.09.2005;4.1
8;6.10.2005;5.1
8;6.11.2005;3.2
8;6.12.2005;2.7
8;06.13.2005;3.3
8;06.14.2005;3.9
8;06.15.2005;3.3
8;06.16.2005;2.9
8;06.17.2005;3.7
8;06.18.2005;4
8;06.19.2005;5.1
8;06.20.2005;4.5
8;06.21.2005;4.9
8;06.22.2005;4.9
8;06.23.2005;3.4
8;06.24.2005;4
8;06.25.2005;5.7
8;06.26.2005;4.6
8;06.27.2005;3.8
8;06.28.2005;4.2
8;06.29.2005;3.9
8;06.30.2005;3.4
8;7.01.2005;2.1
8;7.02.2005;4.3
8;7.03.2005;4.6
8;7.04.2005;3.4
8;7.05.2005;1.8
8;7.06.2005;4.2
8;7.07.2005;2.9
8;7.08.2005;2.3
8;7.09.2005;2.2
8;7.10.2005;2.6
8;7.11.2005;2.4
8;7.12.2005;2.2
8;07.13.2005;3.5
8;07.14.2005;4.5
8;07.15.2005;4.4
8;07.16.2005;4.1
8;07.17.2005;4.6
8;07.18.2005;4
8;07.19.2005;3.8
8;07.20.2005;3.6
8;07.21.2005;2.5
8;07.22.2005;3.6
8;07.23.2005;2.3
8;07.24.2005;4
8;07.25.2005;4.2
8;07.26.2005;3.6
8;07.27.2005;5.3
8;07.28.2005;5.2
8;07.29.2005;5.5
8;07.30.2005;5.2
8;07.31.2005;3.5
8;8.01.2005;4.2
8;8.02.2005;3.5
8;8.03.2005;2
8;8.04.2005;2.3
8;8.05.2005;4.4
8;8.06.2005;3.1
8;8.07.2005;1.9
8;8.08.2005;3.1
8;8.09.2005;3.4
8;8.10.2005;3.2
8;8.11.2005;2.5
8;8.12.2005;2.1
8;08.13.2005;2.9
8;08.14.2005;3
8;08.15.2005;2
8;08.16.2005;2.1
8;08.17.2005;2.5
8;08.18.2005;3.3
8;08.19.2005;3.3
8;08.20.2005;2.5
8;08.21.2005;1.7
8;08.22.2005;1.9
8;08.23.2005;2
8;08.24.2005;3.1
8;08.25.2005;3.3
8;08.26.2005;1.5
8;08.27.2005;1.5
8;08.28.2005;1.6
8;08.29.2005;2.5
8;08.30.2005;2.7
8;08.31.2005;2.5
8;9.01.2005;3.3
8;9.02.2005;2.9
8;9.03.2005;1.9
8;9.04.2005;2.1
8;9.05.2005;2.4
8;9.06.2005;2.3
8;9.07.2005;3
8;9.08.2005;3
8;9.09.2005;1.9
8;9.10.2005;2.3
8;9.11.2005;2.2
8;9.12.2005;3.2
8;09.13.2005;2.5
8;09.14.2005;2.4
8;09.15.2005;2.3
8;09.16.2005;2.4
8;09.17.2005;1.1
8;09.18.2005;1
8;09.19.2005;1
8;09.20.2005;1.1
8;09.21.2005;1
8;09.22.2005;1.1
8;09.23.2005;1.5
8;09.24.2005;1.7
8;09.25.2005;1.7
8;09.26.2005;1.6
8;09.27.2005;1.3
8;09.28.2005;1.3
8;09.29.2005;0.9
8;09.30.2005;1.6
8;10.01.2005;1.5
8;10.02.2005;1.1
8;10.03.2005;0.9
8;10.04.2005;0.9
8;10.05.2005;0.9
8;10.06.2005;0.9
8;10.07.2005;0.8
8;10.08.2005;1.1
8;10.09.2005;1.3
8;10.10.2005;1.8
8;10.11.2005;1.7
8;10.12.2005;1.5
8;10.13.2005;1.2
8;10.14.2005;1
8;10.15.2005;1
8;10.16.2005;1.1
8;10.17.2005;1.2
8;10.18.2005;1.3
8;10.19.2005;0.9
8;10.20.2005;0.6
8;10.21.2005;1
8;10.22.2005;1.7
8;10.23.2005;1.2
8;10.24.2005;0.9
8;10.25.2005;1.3
8;10.26.2005;1.6
8;10.27.2005;0.9
8;10.28.2005;0.8
8;10.29.2005;0.8
8;10.30.2005;0.6
8;10.31.2005;0.6
8;11.01.2005;0.5
8;11.02.2005;0.6
8;11.03.2005;0.5
8;11.04.2005;0.7
8;11.05.2005;0.7
8;11.06.2005;0.5
8;11.07.2005;0.5
8;11.08.2005;0.5
8;11.09.2005;0.4
8;11.10.2005;0.4
8;11.11.2005;0.3
8;11.12.2005;0.3
8;11.13.2005;0.3
8;11.14.2005;0.3
8;11.15.2005;0.5
8;11.16.2005;0.7
8;11.17.2005;0.6
8;11.18.2005;0.2
8;11.19.2005;0.5
8;11.20.2005;0.4
8;11.21.2005;0.3
8;11.22.2005;0.2
8;11.23.2005;1.2
8;11.24.2005;0.2
8;11.25.2005;0.3
8;11.26.2005;0.2
8;11.27.2005;0.2
8;11.28.2005;0.2
8;11.29.2005;0.2
8;11.30.2005;0.2
8;12.01.2005;0.2
8;12.02.2005;0.2
8;12.03.2005;0.2
8;12.04.2005;0.2
8;12.05.2005;0.2
8;12.06.2005;0.2
8;12.07.2005;0.2
8;12.08.2005;0.2
8;12.09.2005;0.1
8;12.10.2005;0.6
8;12.11.2005;0.2
8;12.12.2005;0.2
8;12.13.2005;0.2
8;12.14.2005;0.1
8;12.15.2005;0.1
8;12.16.2005;0.1
8;12.17.2005;0
8;12.18.2005;0.7
8;12.19.2005;0.3
8;12.20.2005;0.2
8;12.21.2005;0.2
8;12.22.2005;0
8;12.23.2005;0.1
8;12.24.2005;0.1
8;12.25.2005;0.2
8;12.26.2005;0.2
8;12.27.2005;0.2
8;12.28.2005;0.2
8;12.29.2005;0.1
8;12.30.2005;0.1
8;12.31.2005;0.1
8;1.01.2006;0.2
8;1.02.2006;0.2
8;1.03.2006;0.1
8;1.04.2006;0.1
8;1.05.2006;0.2
8;1.06.2006;0.2
8;1.07.2006;0.2
8;1.08.2006;0.3
8;1.09.2006;0
8;1.10.2006;0
8;1.11.2006;0
8;1.12.2006;0.1
8;01.13.2006;0.2
8;01.14.2006;0.3
8;01.15.2006;0.3
8;01.16.2006;0.3
8;01.17.2006;0.2
8;01.18.2006;0.2
8;01.19.2006;0.1
8;01.20.2006;0.1
8;01.21.2006;0.4
8;01.22.2006;0.6
8;01.23.2006;0.4
8;01.24.2006;0.2
8;01.25.2006;0.1
8;01.26.2006;0.2
8;01.27.2006;0.2
8;01.28.2006;0.3
8;01.29.2006;0.3
8;01.30.2006;0.3
8;01.31.2006;0.2
8;2.01.2006;0.2
8;2.02.2006;0.2
8;2.03.2006;0.2
8;2.04.2006;0.2
8;2.05.2006;0.5
8;2.06.2006;0.3
8;2.07.2006;0.2
8;2.08.2006;0.4
8;2.09.2006;0.3
8;2.10.2006;0.3
8;2.11.2006;0.5
8;2.12.2006;0.5
8;02.13.2006;0.4
8;02.14.2006;0.5
8;02.15.2006;0.5
8;02.16.2006;0.3
8;02.17.2006;0.5
8;02.18.2006;0.5
8;02.19.2006;0.7
8;02.20.2006;0.4
8;02.21.2006;0.5
8;02.22.2006;0.4
8;02.23.2006;0.4
8;02.24.2006;0.4
8;02.25.2006;0.4
8;02.26.2006;0.4
8;02.27.2006;0.3
8;02.28.2006;0.5
8;3.01.2006;0.6
8;3.02.2006;0.5
8;3.03.2006;0.4
8;3.04.2006;0.5
8;3.05.2006;0.4
8;3.06.2006;0.6
8;3.07.2006;0.9
8;3.08.2006;0.9
8;3.09.2006;0.7
8;3.10.2006;0.5
8;3.11.2006;0.6
8;3.12.2006;1.3
8;03.13.2006;1.3
8;03.14.2006;0.6
8;03.15.2006;0.6
8;03.16.2006;0.6
8;03.17.2006;0.8
8;03.18.2006;0.7
8;03.19.2006;1.2
8;03.20.2006;1.6
8;03.21.2006;1.3
8;03.22.2006;1.2
8;03.23.2006;0.8
8;03.24.2006;1.5
8;03.25.2006;1.7
8;03.26.2006;1.3
8;03.27.2006;1.6
8;03.28.2006;1.2
8;03.29.2006;2
8;03.30.2006;1.7
8;03.31.2006;1.7
8;4.01.2006;1.8
8;4.02.2006;2.4
8;4.03.2006;1.4
8;4.04.2006;1.9
8;4.05.2006;1.2
8;4.06.2006;0.6
8;4.07.2006;1.5
8;4.08.2006;2.3
8;4.09.2006;2.2
8;4.10.2006;1.5
8;4.11.2006;1.6
8;4.12.2006;1.8
8;04.13.2006;2.4
8;04.14.2006;3.7
8;04.15.2006;2.2
8;04.16.2006;1.4
8;04.17.2006;2.5
8;04.18.2006;1.6
8;04.19.2006;1.8
8;04.20.2006;3
8;04.21.2006;3.2
8;04.22.2006;3.3
8;04.23.2006;3
8;04.24.2006;3.3
8;04.25.2006;3.4
8;04.26.2006;2.4
8;04.27.2006;1.5
8;04.28.2006;1.5
8;04.29.2006;1.4
8;04.30.2006;1.2
8;5.01.2006;2.1
8;5.02.2006;2.5
8;5.03.2006;2.5
8;5.04.2006;3.5
8;5.05.2006;4
8;5.06.2006;3.6
8;5.07.2006;3.1
8;5.08.2006;3
8;5.09.2006;1.7
8;5.10.2006;3.2
8;5.11.2006;3.4
8;5.12.2006;4.3
8;05.13.2006;3.5
8;05.14.2006;2.2
8;05.15.2006;3.4
8;05.16.2006;3.9
8;05.17.2006;4.7
8;05.18.2006;3
8;05.19.2006;3
8;05.20.2006;1.9
8;05.21.2006;2.1
8;05.22.2006;5.1
8;05.23.2006;3.3
8;05.24.2006;1.5
8;05.25.2006;2.7
8;05.26.2006;3.2
8;05.27.2006;3.1
8;05.28.2006;3.7
8;05.29.2006;1.6
8;05.30.2006;1.5
8;05.31.2006;2.9
8;6.01.2006;3.1
8;6.02.2006;2.4
8;6.03.2006;3.4
8;6.04.2006;3
8;6.05.2006;2.2
8;6.06.2006;2.1
8;6.07.2006;3.1
8;6.08.2006;3
8;6.09.2006;3.5
8;6.10.2006;2.1
8;6.11.2006;3.4
8;6.12.2006;4.5
8;06.13.2006;4.9
8;06.14.2006;5.2
8;06.15.2006;5.1
8;06.16.2006;4.6
8;06.17.2006;5.3
8;06.18.2006;5.8
8;06.19.2006;5.8
8;06.20.2006;5.4
8;06.21.2006;4.2
8;06.22.2006;4.9
8;06.23.2006;3.4
8;06.24.2006;4.4
8;06.25.2006;5.6
8;06.26.2006;6
8;06.27.2006;5.4
8;06.28.2006;5.5
8;06.29.2006;4.3
8;06.30.2006;4.7
8;7.01.2006;4.3
8;7.02.2006;3.6
8;7.03.2006;3.1
8;7.04.2006;3.8
8;7.05.2006;4.5
8;7.06.2006;5.2
8;7.07.2006;3
8;7.08.2006;3.7
8;7.09.2006;4.8
8;7.10.2006;4.2
8;7.11.2006;4.7
8;7.12.2006;5.2
8;07.13.2006;3.9
8;07.14.2006;4.2
8;07.15.2006;4.9
8;07.16.2006;5.2
8;07.17.2006;5.4
8;07.18.2006;4.5
8;07.19.2006;5.2
8;07.20.2006;5.3
8;07.21.2006;6.2
8;07.22.2006;4.5
8;07.23.2006;4.4
8;07.24.2006;3.8
8;07.25.2006;4.7
8;07.26.2006;4.4
8;07.27.2006;4.5
8;07.28.2006;4.7
8;07.29.2006;4.4
8;07.30.2006;3.5
8;07.31.2006;3.5
8;8.01.2006;2.2
8;8.02.2006;2
8;8.03.2006;2
8;8.04.2006;1.6
8;8.05.2006;2.9
8;8.06.2006;2.6
8;8.07.2006;3.4
8;8.08.2006;3.8
8;8.09.2006;2.8
8;8.10.2006;2.4
8;8.11.2006;1.7
8;8.12.2006;1.4
8;08.13.2006;2.3
8;08.14.2006;1.8
8;08.15.2006;3.3
8;08.16.2006;2.9
8;08.17.2006;3.8
8;08.18.2006;3.6
8;08.19.2006;3.3
8;08.20.2006;3.9
8;08.21.2006;3.4
8;08.22.2006;3.2
8;08.23.2006;2.9
8;08.24.2006;2.7
8;08.25.2006;2.2
8;08.26.2006;2.8
8;08.27.2006;2.6
8;08.28.2006;1.7
8;08.29.2006;2.1
8;08.30.2006;2.2
8;08.31.2006;3.5
8;9.01.2006;3.1
8;9.02.2006;3.2
8;9.03.2006;2.3
8;9.04.2006;3.5
8;9.05.2006;3.5
8;9.06.2006;2.9
8;9.07.2006;2.6
8;9.08.2006;1.9
8;9.09.2006;2.6
8;9.10.2006;2.7
8;9.11.2006;2.7
8;9.12.2006;2.6
8;09.13.2006;2.7
8;09.14.2006;1.5
8;09.15.2006;1.2
8;09.16.2006;1.2
8;09.17.2006;1.3
8;09.18.2006;1.3
8;09.19.2006;1.8
8;09.20.2006;2.3
8;09.21.2006;1.9
8;09.22.2006;1.5
8;09.23.2006;2.8
8;09.24.2006;2.2
8;09.25.2006;1.9
8;09.26.2006;2.7
8;09.27.2006;2
8;09.28.2006;2
8;09.29.2006;1.7
8;09.30.2006;2
8;10.01.2006;2
8;10.02.2006;1.3
8;10.03.2006;1.5
8;10.04.2006;1.5
8;10.05.2006;1.4
8;10.06.2006;1.5
8;10.07.2006;0.9
8;10.08.2006;1.4
8;10.09.2006;1.2
8;10.10.2006;1.1
8;10.11.2006;1.2
8;10.12.2006;1.3
8;10.13.2006;1
8;10.14.2006;1.6
8;10.15.2006;1.3
8;10.16.2006;1.4
8;10.17.2006;1
8;10.18.2006;0.9
8;10.19.2006;1.4
8;10.20.2006;0.7
8;10.21.2006;0.9
8;10.22.2006;1
8;10.23.2006;1.2
8;10.24.2006;0.8
8;10.25.2006;1.2
8;10.26.2006;1.5
8;10.27.2006;0.8
8;10.28.2006;1.1
8;10.29.2006;0.7
8;10.30.2006;2.6
8;10.31.2006;0.6
8;11.01.2006;0.6
8;11.02.2006;1
8;11.03.2006;0.9
8;11.04.2006;0.5
8;11.05.2006;0.6
8;11.06.2006;0.5
8;11.07.2006;0.8
8;11.08.2006;1.1
8;11.09.2006;0.6
8;11.10.2006;1.1
8;11.11.2006;0.5
8;11.12.2006;1.1
8;11.13.2006;0.5
8;11.14.2006;1.2
8;11.15.2006;1.3
8;11.16.2006;1
8;11.17.2006;1.6
8;11.18.2006;0.5
8;11.19.2006;0.4
8;11.20.2006;0.3
8;11.21.2006;0.3
8;11.22.2006;0.3
8;11.23.2006;0.4
8;11.24.2006;0.6
8;11.25.2006;0.6
8;11.26.2006;0.6
8;11.27.2006;0.8
8;11.28.2006;0.4
8;11.29.2006;0.5
8;11.30.2006;0.5
8;12.01.2006;0.5
8;12.02.2006;0.4
8;12.03.2006;0.4
8;12.04.2006;0.4
8;12.05.2006;0.5
8;12.06.2006;0.5
8;12.07.2006;0.5
8;12.08.2006;0.4
8;12.09.2006;0.3
8;12.10.2006;0.2
8;12.11.2006;0.2
8;12.12.2006;0.1
8;12.13.2006;0.2
8;12.14.2006;0.2
8;12.15.2006;0
8;12.16.2006;0.1
8;12.17.2006;0.2
8;12.18.2006;0.2
8;12.19.2006;0.2
8;12.20.2006;0
8;12.21.2006;0.2
8;12.22.2006;0.4
8;12.23.2006;0.1
8;12.24.2006;0.2
8;12.25.2006;0.2
8;12.26.2006;0.3
8;12.27.2006;0
8;12.28.2006;0.1
8;12.29.2006;0.3
8;12.30.2006;0.3
8;12.31.2006;0.4
8;1.01.2007;0.3
8;1.02.2007;0.3
8;1.03.2007;0.3
8;1.04.2007;0.3
8;1.05.2007;0.3
8;1.06.2007;0.6
8;1.07.2007;0.5
8;1.08.2007;0.2
8;1.09.2007;0.3
8;1.10.2007;0.6
8;1.11.2007;0.4
8;1.12.2007;1.3
8;01.13.2007;0.3
8;01.14.2007;0.4
8;01.15.2007;0.2
8;01.16.2007;0.3
8;01.17.2007;0.5
8;01.18.2007;0.4
8;01.19.2007;0.7
8;01.20.2007;0.3
8;01.21.2007;0.6
8;01.22.2007;0.3
8;01.23.2007;0.3
8;01.24.2007;0.2
8;01.25.2007;0.2
8;01.26.2007;0.3
8;01.27.2007;0.2
8;01.28.2007;0.3
8;01.29.2007;0.3
8;01.30.2007;0.3
8;01.31.2007;0.3
8;2.01.2007;0.3
8;2.02.2007;0.3
8;2.03.2007;0.8
8;2.04.2007;0.8
8;2.05.2007;0.8
8;2.06.2007;0.5
8;2.07.2007;0.4
8;2.08.2007;0.5
8;2.09.2007;0.5
8;2.10.2007;0.5
8;2.11.2007;0.5
8;2.12.2007;0.5
8;02.13.2007;0.6
8;02.14.2007;0.8
8;02.15.2007;0.7
8;02.16.2007;0.8
8;02.17.2007;0.8
8;02.18.2007;0.6
8;02.19.2007;0.7
8;02.20.2007;0.8
8;02.21.2007;0.8
8;02.22.2007;1
8;02.23.2007;0.9
8;02.24.2007;0.7
8;02.25.2007;0.9
8;02.26.2007;0.9
8;02.27.2007;0.8
8;02.28.2007;1
8;3.01.2007;1.1
8;3.02.2007;0.9
8;3.03.2007;0.7
8;3.04.2007;1.8
8;3.05.2007;1.8
8;3.06.2007;1
8;3.07.2007;0.8
8;3.08.2007;0.8
8;3.09.2007;0.9
8;3.10.2007;1.9
8;3.11.2007;2.7
8;3.12.2007;2
8;03.13.2007;2
8;03.14.2007;1.9
8;03.15.2007;1.5
8;03.16.2007;1.9
8;03.17.2007;2
8;03.18.2007;2
8;03.19.2007;0.6
8;03.20.2007;0.6
8;03.21.2007;0.9
8;03.22.2007;1.1
8;03.23.2007;1.6
8;03.24.2007;0.8
8;03.25.2007;1.5
8;03.26.2007;2.3
8;03.27.2007;2
8;03.28.2007;1.7
8;03.29.2007;1.7
8;03.30.2007;0.9
8;03.31.2007;1.2
8;4.01.2007;1.6
8;4.02.2007;1.9
8;4.03.2007;2.1
8;4.04.2007;2
8;4.05.2007;2.3
8;4.06.2007;2.7
8;4.07.2007;2.7
8;4.08.2007;1.8
8;4.09.2007;2.7
8;4.10.2007;2.8
8;4.11.2007;3.3
8;4.12.2007;3.2
8;04.13.2007;3.4
8;04.14.2007;4.1
8;04.15.2007;4.2
8;04.16.2007;4
8;04.17.2007;2.9
8;04.18.2007;2.9
8;04.19.2007;3.2
8;04.20.2007;3.3
8;04.21.2007;3.2
8;04.22.2007;3.1
8;04.23.2007;3.6
8;04.24.2007;1.7
8;04.25.2007;3.6
8;04.26.2007;3.5
8;04.27.2007;3.8
8;04.28.2007;4
8;04.29.2007;3.7
8;04.30.2007;2.7
8;5.01.2007;3.3
8;5.02.2007;2.4
8;5.03.2007;2.4
8;5.04.2007;1.4
8;5.05.2007;2.2
8;5.06.2007;3
8;5.07.2007;3.2
8;5.08.2007;3.6
8;5.09.2007;2.6
8;5.10.2007;3.4
8;5.11.2007;4.4
8;5.12.2007;2.7
8;05.13.2007;3.7
8;05.14.2007;5.5
8;05.15.2007;2.2
8;05.16.2007;1.9
8;05.17.2007;3.5
8;05.18.2007;4.3
8;05.19.2007;4.3
8;05.20.2007;3.9
8;05.21.2007;4
8;05.22.2007;4.2
8;05.23.2007;3.5
8;05.24.2007;4
8;05.25.2007;4.5
8;05.26.2007;5
8;05.27.2007;2.8
8;05.28.2007;2.8
8;05.29.2007;2.2
8;05.30.2007;2.2
8;05.31.2007;4.1
8;6.01.2007;2.5
8;6.02.2007;2.5
8;6.03.2007;4
8;6.04.2007;2.2
8;6.05.2007;2.4
8;6.06.2007;2.3
8;6.07.2007;2.3
8;6.08.2007;2.8
8;6.09.2007;4
8;6.10.2007;5.3
8;6.11.2007;4.1
8;6.12.2007;2.4
8;06.13.2007;3.3
8;06.14.2007;5.1
8;06.15.2007;3.2
8;06.16.2007;3.6
8;06.17.2007;5
8;06.18.2007;4.8
8;06.19.2007;4.3
8;06.20.2007;5.5
8;06.21.2007;5.8
8;06.22.2007;5.5
8;06.23.2007;3.5
8;06.24.2007;5.4
8;06.25.2007;5.5
8;06.26.2007;4.8
8;06.27.2007;3.2
8;06.28.2007;3.3
8;06.29.2007;3.2
8;06.30.2007;3.9
8;7.01.2007;4.1
8;7.02.2007;3.4
8;7.03.2007;3.1
8;7.04.2007;1.8
8;7.05.2007;3.1
8;7.06.2007;4
8;7.07.2007;5.2
8;7.08.2007;4.5
8;7.09.2007;4.8
8;7.10.2007;2.6
8;7.11.2007;2.8
8;7.12.2007;3.3
8;07.13.2007;4.5
8;07.14.2007;5
8;07.15.2007;5.7
8;07.16.2007;6.3
8;07.17.2007;6.8
8;07.18.2007;6.8
8;07.19.2007;5.8
8;07.20.2007;6.4
8;07.21.2007;5.5
8;07.22.2007;5.5
8;07.23.2007;6.1
8;07.24.2007;4.3
8;07.25.2007;4
8;07.26.2007;4.9
8;07.27.2007;6
8;07.28.2007;5
8;07.29.2007;3.3
8;07.30.2007;1.7
8;07.31.2007;3.9
8;8.01.2007;4.1
8;8.02.2007;4.6
8;8.03.2007;2.2
8;8.04.2007;3.3
8;8.05.2007;4.4
8;8.06.2007;4.4
8;8.07.2007;4.4
8;8.08.2007;2.8
8;8.09.2007;2.3
8;8.10.2007;2.5
8;8.11.2007;1.9
8;8.12.2007;3
8;08.13.2007;3.5
8;08.14.2007;3
8;08.15.2007;4.6
8;08.16.2007;5
8;08.17.2007;2.9
8;08.18.2007;2.2
8;08.19.2007;3
8;08.20.2007;2.1
8;08.21.2007;2
8;08.22.2007;2.5
8;08.23.2007;2.2
8;08.24.2007;2.9
8;08.25.2007;2.5
8;08.26.2007;4.3
8;08.27.2007;2.9
8;08.28.2007;3.6
8;08.29.2007;1.6
8;08.30.2007;1.6
8;08.31.2007;1.9
8;9.01.2007;2.7
8;9.02.2007;2.4
8;9.03.2007;2.1
8;9.04.2007;1.5
8;9.05.2007;2.6
8;9.06.2007;2.3
8;9.07.2007;1.8
8;9.08.2007;2.6
8;9.09.2007;2.9
8;9.10.2007;2.1
8;9.11.2007;2.5
8;9.12.2007;2.6
8;09.13.2007;2.5
8;09.14.2007;2.6
8;09.15.2007;2.3
8;09.16.2007;2.5
8;09.17.2007;1.4
8;09.18.2007;1
8;09.19.2007;1.6
8;09.20.2007;2
8;09.21.2007;2.1
8;09.22.2007;1.9
8;09.23.2007;1.7
8;09.24.2007;1.8
8;09.25.2007;1.6
8;09.26.2007;1
8;09.27.2007;1.4
8;09.28.2007;1
8;09.29.2007;1.3
8;09.30.2007;2
8;10.01.2007;1.6
8;10.02.2007;1.4
8;10.03.2007;1.7
8;10.04.2007;1.1
8;10.05.2007;1.4
8;10.06.2007;0.9
8;10.07.2007;1.3
8;10.08.2007;1.4
8;10.09.2007;1.4
8;10.10.2007;0.8
8;10.11.2007;1.1
8;10.12.2007;1.4
8;10.13.2007;1.4
8;10.14.2007;1.2
8;10.15.2007;1.2
8;10.16.2007;1.1
8;10.17.2007;0.9
8;10.18.2007;0.7
8;10.19.2007;1.1
8;10.20.2007;0.8
8;10.21.2007;1.2
8;10.22.2007;0.8
8;10.23.2007;0.7
8;10.24.2007;0.5
8;10.25.2007;0.7
8;10.26.2007;0.5
8;10.27.2007;0.6
8;10.28.2007;0.5
8;10.29.2007;0.6
8;10.30.2007;0.5
8;10.31.2007;1
8;11.01.2007;1.4
8;11.02.2007;0.8
8;11.03.2007;0.6
8;11.04.2007;0.6
8;11.05.2007;0.6
8;11.06.2007;0.4
8;11.07.2007;0.6
8;11.08.2007;0.7
8;11.09.2007;0.9
8;11.10.2007;1.8
8;11.11.2007;0.7
8;11.12.2007;1.6
8;11.13.2007;0.7
8;11.14.2007;0.4
8;11.15.2007;0.6
8;11.16.2007;0.7
8;11.17.2007;0.6
8;11.18.2007;0.2
8;11.19.2007;0.2
8;11.20.2007;0.3
8;11.21.2007;0.3
8;11.22.2007;0.4
8;11.23.2007;0.7
8;11.24.2007;0.4
8;11.25.2007;0.3
8;11.26.2007;0.5
8;11.27.2007;0.1
8;11.28.2007;0.2
8;11.29.2007;0.1
8;11.30.2007;0.1
8;12.01.2007;0.5
8;12.02.2007;0.3
8;12.03.2007;0.3
8;12.04.2007;0.2
8;12.05.2007;0.1
8;12.06.2007;0.1
8;12.07.2007;0.2
8;12.08.2007;0.2
8;12.09.2007;0.2
8;12.10.2007;0.2
8;12.11.2007;0.2
8;12.12.2007;0.2
8;12.13.2007;0.1
8;12.14.2007;0.6
8;12.15.2007;0.2
8;12.16.2007;0.3
8;12.17.2007;0.4
8;12.18.2007;0.2
8;12.19.2007;0
8;12.20.2007;0.2
8;12.21.2007;0.2
8;12.22.2007;0.1
8;12.23.2007;0.1
8;12.24.2007;0.2
8;12.25.2007;0.2
8;12.26.2007;0.2
8;12.27.2007;0.2
8;12.28.2007;0.2
8;12.29.2007;0.2
8;12.30.2007;0.2
8;12.31.2007;0.2
8;1.01.2008;0.2
8;1.02.2008;0.1
8;1.03.2008;0.2
8;1.04.2008;0.2
8;1.05.2008;0.2
8;1.06.2008;0.2
8;1.07.2008;0.2
8;1.08.2008;0.2
8;1.09.2008;0.2
8;1.10.2008;0.1
8;1.11.2008;0.2
8;1.12.2008;0.3
8;01.13.2008;0.3
8;01.14.2008;0.3
8;01.15.2008;0.4
8;01.16.2008;0.3
8;01.17.2008;0.3
8;01.18.2008;0.4
8;01.19.2008;0.3
8;01.20.2008;0.3
8;01.21.2008;0.5
8;01.22.2008;0.7
8;01.23.2008;0.8
8;01.24.2008;0.4
8;01.25.2008;0.3
8;01.26.2008;0.4
8;01.27.2008;0.5
8;01.28.2008;0.4
8;01.29.2008;0.3
8;01.30.2008;0.3
8;01.31.2008;0.5
8;2.01.2008;0.4
8;2.02.2008;0.5
8;2.03.2008;0.4
8;2.04.2008;0.4
8;2.05.2008;0.5
8;2.06.2008;0.5
8;2.07.2008;1.2
8;2.08.2008;1
8;2.09.2008;0.8
8;2.10.2008;1
8;2.11.2008;0.6
8;2.12.2008;0.7
8;02.13.2008;0.7
8;02.14.2008;0.8
8;02.15.2008;0.6
8;02.16.2008;1.1
8;02.17.2008;0.7
8;02.18.2008;1.4
8;02.19.2008;1.2
8;02.20.2008;1.2
8;02.21.2008;1.3
8;02.22.2008;1
8;02.23.2008;1
8;02.24.2008;1.3
8;02.25.2008;2.4
8;02.26.2008;1.2
8;02.27.2008;0.7
8;02.28.2008;0.8
8;02.29.2008;1.4
8;3.01.2008;0.8
8;3.02.2008;2.3
8;3.03.2008;1.4
8;3.04.2008;0.5
8;3.05.2008;0.6
8;3.06.2008;0.9
8;3.07.2008;0.8
8;3.08.2008;0.7
8;3.09.2008;1
8;3.10.2008;1
8;3.11.2008;1
8;3.12.2008;1.5
8;03.13.2008;1.6
8;03.14.2008;1.3
8;03.15.2008;1.1
8;03.16.2008;1
8;03.17.2008;1.4
8;03.18.2008;0.8
8;03.19.2008;1.5
8;03.20.2008;1.4
8;03.21.2008;1.1
8;03.22.2008;0.6
8;03.23.2008;0.7
8;03.24.2008;0.5
8;03.25.2008;0.9
8;03.26.2008;2
8;03.27.2008;0.8
8;03.28.2008;1.2
8;03.29.2008;2
8;03.30.2008;1.8
8;03.31.2008;2.6
8;4.01.2008;2.5
8;4.02.2008;1.2
8;4.03.2008;1.7
8;4.04.2008;2
8;4.05.2008;2.4
8;4.06.2008;2
8;4.07.2008;2.8
8;4.08.2008;1.1
8;4.09.2008;1.4
8;4.10.2008;1.4
8;4.11.2008;1.5
8;4.12.2008;1.3
8;04.13.2008;1.3
8;04.14.2008;1.9
8;04.15.2008;1.9
8;04.16.2008;1.8
8;04.17.2008;1.8
8;04.18.2008;1.5
8;04.19.2008;1.8
8;04.20.2008;3
8;04.21.2008;1.7
8;04.22.2008;1.4
8;04.23.2008;1.9
8;04.24.2008;2.6
8;04.25.2008;2.1
8;04.26.2008;2.5
8;04.27.2008;3.4
8;04.28.2008;3.8
8;04.29.2008;1.5
8;04.30.2008;2
8;5.01.2008;2.2
8;5.02.2008;3.5
8;5.03.2008;3.2
8;5.04.2008;3.1
8;5.05.2008;1.9
8;5.06.2008;3.1
8;5.07.2008;3.2
8;5.08.2008;3.5
8;5.09.2008;3.8
8;5.10.2008;4.1
8;5.11.2008;4.4
8;5.12.2008;4.5
8;05.13.2008;3.6
8;05.14.2008;4.3
8;05.15.2008;4.7
8;05.16.2008;3
8;05.17.2008;2.5
8;05.18.2008;1.8
8;05.19.2008;2.2
8;05.20.2008;1.6
8;05.21.2008;1.9
8;05.22.2008;2.2
8;05.23.2008;2.1
8;05.24.2008;3.2
8;05.25.2008;4
8;05.26.2008;4.5
8;05.27.2008;6.8
8;05.28.2008;5
8;05.29.2008;5.5
8;05.30.2008;4.2
8;05.31.2008;4.9
8;6.01.2008;4.1
8;6.02.2008;4.4
8;6.03.2008;2.6
8;6.04.2008;2.3
8;6.05.2008;2
8;6.06.2008;2.5
8;6.07.2008;2.7
8;6.08.2008;2.8
8;6.09.2008;3.4
8;6.10.2008;4.6
8;6.11.2008;4.7
8;6.12.2008;2
8;06.13.2008;1.9
8;06.14.2008;1.8
8;06.15.2008;2.7
8;06.16.2008;2.1
8;06.17.2008;2
8;06.18.2008;3.1
8;06.19.2008;4.5
8;06.20.2008;4.9
8;06.21.2008;4.9
8;06.22.2008;5.4
8;06.23.2008;5.7
8;06.24.2008;5.2
8;06.25.2008;5.6
8;06.26.2008;4.5
8;06.27.2008;4.3
8;06.28.2008;5
8;06.29.2008;4.9
8;06.30.2008;4.4
8;7.01.2008;4.6
8;7.02.2008;5
8;7.03.2008;5.3
8;7.04.2008;4.7
8;7.05.2008;3.8
8;7.06.2008;4.3
8;7.07.2008;4
8;7.08.2008;2.6
8;7.09.2008;3.8
8;7.10.2008;4.8
8;7.11.2008;4.9
8;7.12.2008;4.4
8;07.13.2008;2.6
8;07.14.2008;2.2
8;07.15.2008;3.5
8;07.16.2008;5.1
8;07.17.2008;3.9
8;07.18.2008;2.3
8;07.19.2008;4.4
8;07.20.2008;4
8;07.21.2008;2
8;07.22.2008;3.4
8;07.23.2008;3.1
8;07.24.2008;5.7
8;07.25.2008;3.4
8;07.26.2008;3.3
8;07.27.2008;3.4
8;07.28.2008;4.4
8;07.29.2008;4.2
8;07.30.2008;3.3
8;07.31.2008;3.7
8;8.01.2008;5.2
8;8.02.2008;3.1
8;8.03.2008;4.6
8;8.04.2008;4.3
8;8.05.2008;3.1
8;8.06.2008;3.3
8;8.07.2008;4.5
8;8.08.2008;2.6
8;8.09.2008;3.5
8;8.10.2008;3.5
8;8.11.2008;4.2
8;8.12.2008;4.5
8;08.13.2008;3.5
8;08.14.2008;2.9
8;08.15.2008;2.8
8;08.16.2008;2.3
8;08.17.2008;2.8
8;08.18.2008;3.5
8;08.19.2008;4.1
8;08.20.2008;3.4
8;08.21.2008;2.9
8;08.22.2008;3.6
8;08.23.2008;1.5
8;08.24.2008;2.7
8;08.25.2008;2.8
8;08.26.2008;3.3
8;08.27.2008;3.5
8;08.28.2008;3.4
8;08.29.2008;3.3
8;08.30.2008;3.7
8;08.31.2008;2.2
8;9.01.2008;2.7
8;9.02.2008;2.3
8;9.03.2008;2.8
8;9.04.2008;3.3
8;9.05.2008;3
8;9.06.2008;3.5
8;9.07.2008;2.4
8;9.08.2008;2.5
8;9.09.2008;3.1
8;9.10.2008;2.8
8;9.11.2008;2.7
8;9.12.2008;2.4
8;09.13.2008;1.4
8;09.14.2008;1.4
8;09.15.2008;1.2
8;09.16.2008;1.4
8;09.17.2008;1.7
8;09.18.2008;1.3
8;09.19.2008;1.8
8;09.20.2008;1.6
8;09.21.2008;1.3
8;09.22.2008;1.3
8;09.23.2008;1
8;09.24.2008;1.2
8;09.25.2008;1.2
8;09.26.2008;1.1
8;09.27.2008;1.8
8;09.28.2008;1.9
8;09.29.2008;1.5
8;09.30.2008;2
8;10.01.2008;1.1
8;10.02.2008;1.1
8;10.03.2008;1
8;10.04.2008;1.2
8;10.05.2008;1.5
8;10.06.2008;1.7
8;10.07.2008;1.3
8;10.08.2008;1.6
8;10.09.2008;1.3
8;10.10.2008;1.3
8;10.11.2008;1.6
8;10.12.2008;1.1
8;10.13.2008;0.9
8;10.14.2008;1.1
8;10.15.2008;1.2
8;10.16.2008;0.9
8;10.17.2008;0.7
8;10.18.2008;0.9
8;10.19.2008;1
8;10.20.2008;1.1
8;10.21.2008;1.2
8;10.22.2008;1.5
8;10.23.2008;0.7
8;10.24.2008;0.7
8;10.25.2008;0.7
8;10.26.2008;0.6
8;10.27.2008;0.6
8;10.28.2008;0.6
8;10.29.2008;1.6
8;10.30.2008;2.3
8;10.31.2008;0.6
8;11.01.2008;0.6
8;11.02.2008;1.3
8;11.03.2008;0.8
8;11.04.2008;0.5
8;11.05.2008;0.7
8;11.06.2008;0.6
8;11.07.2008;0.5
8;11.08.2008;0.5
8;11.09.2008;0.5
8;11.10.2008;0.4
8;11.11.2008;0.4
8;11.12.2008;0.4
8;11.13.2008;0.4
8;11.14.2008;0.4
8;11.15.2008;0.4
8;11.16.2008;0.3
8;11.17.2008;0.3
8;11.18.2008;0.3
8;11.19.2008;0.2
8;11.20.2008;0.7
8;11.21.2008;0.6
8;11.22.2008;0.4
8;11.23.2008;1
8;11.24.2008;0.2
8;11.25.2008;0.2
8;11.26.2008;0.1
8;11.27.2008;0.1
8;11.28.2008;0.2
8;11.29.2008;0.2
8;11.30.2008;0.2
8;12.01.2008;0.2
8;12.02.2008;0.2
8;12.03.2008;0.2
8;12.04.2008;0.2
8;12.05.2008;0.2
8;12.06.2008;0.2
8;12.07.2008;0.1
8;12.08.2008;0.2
8;12.09.2008;0.1
8;12.10.2008;0.2
8;12.11.2008;0.2
8;12.12.2008;0.3
8;12.13.2008;0.3
8;12.14.2008;0.2
8;12.15.2008;0.2
8;12.16.2008;0.2
8;12.17.2008;0.2
8;12.18.2008;0.2
8;12.19.2008;0.2
8;12.20.2008;0.2
8;12.21.2008;0.2
8;12.22.2008;0.2
8;12.23.2008;0.2
8;12.24.2008;0.2
8;12.25.2008;0.1
8;12.26.2008;0.3
8;12.27.2008;0.4
8;12.28.2008;0.5
8;12.29.2008;0.3
8;12.30.2008;0.3
8;12.31.2008;0.1
8;1.01.2009;0.2
8;1.02.2009;0.2
8;1.03.2009;0.2
8;1.04.2009;0
8;1.05.2009;0.2
8;1.06.2009;0.2
8;1.07.2009;0.2
8;1.08.2009;0.1
8;1.09.2009;0
8;1.10.2009;0.1
8;1.11.2009;0.2
8;1.12.2009;0.1
8;01.13.2009;0.2
8;01.14.2009;0.2
8;01.15.2009;0.2
8;01.16.2009;0.2
8;01.17.2009;0.2
8;01.18.2009;0.2
8;01.19.2009;0.2
8;01.20.2009;0.2
8;01.21.2009;0.2
8;01.22.2009;0.3
8;01.23.2009;0.3
8;01.24.2009;0.3
8;01.25.2009;0.3
8;01.26.2009;0.5
8;01.27.2009;0.2
8;01.28.2009;0.3
8;01.29.2009;0.3
8;01.30.2009;0.3
8;01.31.2009;0.4
8;2.01.2009;0.3
8;2.02.2009;0.3
8;2.03.2009;0.3
8;2.04.2009;0.3
8;2.05.2009;0.4
8;2.06.2009;0.3
8;2.07.2009;0.3
8;2.08.2009;0.3
8;2.09.2009;0.5
8;2.10.2009;0.3
8;2.11.2009;0.5
8;2.12.2009;1.2
8;02.13.2009;1.1
8;02.14.2009;1.4
8;02.15.2009;0.8
8;02.16.2009;0.6
8;02.17.2009;0.8
8;02.18.2009;0.9
8;02.19.2009;0.8
8;02.20.2009;0.7
8;02.21.2009;1.1
8;02.22.2009;0.6
8;02.23.2009;0.7
8;02.24.2009;0.9
8;02.25.2009;1.1
8;02.26.2009;0.6
8;02.27.2009;1.5
8;02.28.2009;1.4
8;3.01.2009;1.4
8;3.02.2009;0.9
8;3.03.2009;0.8
8;3.04.2009;0.7
8;3.05.2009;0.7
8;3.06.2009;1.4
8;3.07.2009;2.4
8;3.08.2009;1.8
8;3.09.2009;0.8
8;3.10.2009;1.4
8;3.11.2009;2.5
8;3.12.2009;1.5
8;03.13.2009;1.6
8;03.14.2009;1.4
8;03.15.2009;1.2
8;03.16.2009;1.8
8;03.17.2009;1.4
8;03.18.2009;4
8;03.19.2009;1.7
8;03.20.2009;1.2
8;03.21.2009;2.3
8;03.22.2009;1.9
8;03.23.2009;2.5
8;03.24.2009;1.2
8;03.25.2009;1
8;03.26.2009;2.1
8;03.27.2009;1.7
8;03.28.2009;1
8;03.29.2009;0.9
8;03.30.2009;1
8;03.31.2009;1.1
8;4.01.2009;1.2
8;4.02.2009;1.1
8;4.03.2009;1.5
8;4.04.2009;2.7
8;4.05.2009;3.3
8;4.06.2009;2.8
8;4.07.2009;3.3
8;4.08.2009;3.1
8;4.09.2009;2.6
8;4.10.2009;3.1
8;4.11.2009;3.9
8;4.12.2009;3.2
8;04.13.2009;3.8
8;04.14.2009;2.8
8;04.15.2009;3.4
8;04.16.2009;2.8
8;04.17.2009;2.8
8;04.18.2009;2.3
8;04.19.2009;1.4
8;04.20.2009;1.5
8;04.21.2009;1.7
8;04.22.2009;3.6
8;04.23.2009;1.4
8;04.24.2009;1.4
8;04.25.2009;2.8
8;04.26.2009;2.2
8;04.27.2009;1.8
8;04.28.2009;1.6
8;04.29.2009;1.3
8;04.30.2009;2
8;5.01.2009;3.6
8;5.02.2009;3.1
8;5.03.2009;2.1
8;5.04.2009;1.9
8;5.05.2009;2.2
8;5.06.2009;2.5
8;5.07.2009;3.8
8;5.08.2009;4
8;5.09.2009;3
8;5.10.2009;4.2
8;5.11.2009;4.5
8;5.12.2009;3.9
8;05.13.2009;2.3
8;05.14.2009;2.2
8;05.15.2009;2.7
8;05.16.2009;3.5
8;05.17.2009;4.1
8;05.18.2009;4.4
8;05.19.2009;3.7
8;05.20.2009;3.9
8;05.21.2009;3.8
8;05.22.2009;4.9
8;05.23.2009;5.4
8;05.24.2009;3.5
8;05.25.2009;5.2
8;05.26.2009;5.1
8;05.27.2009;1.9
8;05.28.2009;3.6
8;05.29.2009;4.5
8;05.30.2009;2.6
8;05.31.2009;2.8
8;6.01.2009;3.6
8;6.02.2009;3.5
8;6.03.2009;3.6
8;6.04.2009;2.5
8;6.05.2009;1.8
8;6.06.2009;3.7
8;6.07.2009;2.3
8;6.08.2009;3.6
8;6.09.2009;5
8;6.10.2009;4
8;6.11.2009;3.1
8;6.12.2009;3.9
8;06.13.2009;4.4
8;06.14.2009;5.1
8;06.15.2009;3.8
8;06.16.2009;5.1
8;06.17.2009;3.4
8;06.18.2009;4.7
8;06.19.2009;5.6
8;06.20.2009;2.5
8;06.21.2009;3
8;06.22.2009;2.8
8;06.23.2009;1.7
8;06.24.2009;2.1
8;06.25.2009;2.8
8;06.26.2009;3.3
8;06.27.2009;2.7
8;06.28.2009;2.7
8;06.29.2009;2.9
8;06.30.2009;3.7
8;7.01.2009;3.6
8;7.02.2009;3.7
8;7.03.2009;3.4
8;7.04.2009;3.4
8;7.05.2009;3.9
8;7.06.2009;2.8
8;7.07.2009;2.2
8;7.08.2009;2.4
8;7.09.2009;3.2
8;7.10.2009;2.1
8;7.11.2009;3.2
8;7.12.2009;4.3
8;07.13.2009;4.4
8;07.14.2009;5.3
8;07.15.2009;5.4
8;07.16.2009;5.3
8;07.17.2009;5.3
8;07.18.2009;3.2
8;07.19.2009;3.6
8;07.20.2009;4.6
8;07.21.2009;4.8
8;07.22.2009;5.6
8;07.23.2009;6.1
8;07.24.2009;5.4
8;07.25.2009;3.3
8;07.26.2009;4.3
8;07.27.2009;4.7
8;07.28.2009;4
8;07.29.2009;4.6
8;07.30.2009;4.4
8;07.31.2009;3.4
8;8.01.2009;4.7
8;8.02.2009;5
8;8.03.2009;3
8;8.04.2009;2.1
8;8.05.2009;3.3
8;8.06.2009;3.9
8;8.07.2009;4.2
8;8.08.2009;4.3
8;8.09.2009;3.8
8;8.10.2009;3.3
8;8.11.2009;3.5
8;8.12.2009;3.2
8;08.13.2009;3.8
8;08.14.2009;3.1
8;08.15.2009;3.7
8;08.16.2009;4.2
8;08.17.2009;3.9
8;08.18.2009;4.1
8;08.19.2009;4.3
8;08.20.2009;3.8
8;08.21.2009;3.9
8;08.22.2009;3.7
8;08.23.2009;3.5
8;08.24.2009;2.8
8;08.25.2009;3.8
8;08.26.2009;3.6
8;08.27.2009;4.7
8;08.28.2009;4.1
8;08.29.2009;1.8
8;08.30.2009;3.1
8;08.31.2009;3.1
8;9.01.2009;3.5
8;9.02.2009;3.2
8;9.03.2009;2.5
8;9.04.2009;2
8;9.05.2009;1.9
8;9.06.2009;2.7
8;9.07.2009;3
8;9.08.2009;3.1
8;9.09.2009;2.1
8;9.10.2009;2.1
8;9.11.2009;2.2
8;9.12.2009;2.5
8;09.13.2009;2.7
8;09.14.2009;1.3
8;09.15.2009;1.7
8;09.16.2009;1.4
8;09.17.2009;1.9
8;09.18.2009;1.4
8;09.19.2009;2.1
8;09.20.2009;2.2
8;09.21.2009;2.2
8;09.22.2009;2.3
8;09.23.2009;2.3
8;09.24.2009;2.2
8;09.25.2009;2
8;09.26.2009;2.2
8;09.27.2009;1.6
8;09.28.2009;1.9
8;09.29.2009;1.6
8;09.30.2009;1.7
8;10.01.2009;1.4
8;10.02.2009;1
8;10.03.2009;1.2
8;10.04.2009;1.5
8;10.05.2009;1.8
8;10.06.2009;2.1
8;10.07.2009;1.6
8;10.08.2009;1.9
8;10.09.2009;1.3
8;10.10.2009;1
8;10.11.2009;1.1
8;10.12.2009;1.3
8;10.13.2009;2.9
8;10.14.2009;2.3
8;10.15.2009;1.3
8;10.16.2009;0.8
8;10.17.2009;0.8
8;10.18.2009;0.8
8;10.19.2009;0.9
8;10.20.2009;0.9
8;10.21.2009;1.5
8;10.22.2009;0.7
8;10.23.2009;0.7
8;10.24.2009;0.6
8;10.25.2009;0.8
8;10.26.2009;0.7
8;10.27.2009;0.9
8;10.28.2009;0.7
8;10.29.2009;0.8
8;10.30.2009;0.8
8;10.31.2009;0.6
8;11.01.2009;0.4
8;11.02.2009;0.4
8;11.03.2009;0.4
8;11.04.2009;0.4
8;11.05.2009;0.5
8;11.06.2009;0.4
8;11.07.2009;0.4
8;11.08.2009;0.4
8;11.09.2009;0.5
8;11.10.2009;0.4
8;11.11.2009;0.5
8;11.12.2009;0.3
8;11.13.2009;0.7
8;11.14.2009;0.6
8;11.15.2009;0.6
8;11.16.2009;0.4
8;11.17.2009;0.9
8;11.18.2009;0.8
8;11.19.2009;0.3
8;11.20.2009;0.4
8;11.21.2009;0.2
8;11.22.2009;0.5
8;11.23.2009;0.4
8;11.24.2009;0.8
8;11.25.2009;0.3
8;11.26.2009;0.5
8;11.27.2009;0.4
8;11.28.2009;0.3
8;11.29.2009;0.4
8;11.30.2009;0.5
8;12.01.2009;0.3
8;12.02.2009;0.4
8;12.03.2009;0.2
8;12.04.2009;0.2
8;12.05.2009;0.3
8;12.06.2009;0.2
8;12.07.2009;0.3
8;12.08.2009;0.3
8;12.09.2009;0.1
8;12.10.2009;0.2
8;12.11.2009;0.2
8;12.12.2009;0.4
8;12.13.2009;0.4
8;12.14.2009;0.2
8;12.15.2009;0.2
8;12.16.2009;0.2
8;12.17.2009;0.2
8;12.18.2009;0.1
8;12.19.2009;0.1
8;12.20.2009;0
8;12.21.2009;0.2
8;12.22.2009;0.2
8;12.23.2009;0.2
8;12.24.2009;0.3
8;12.25.2009;0.5
8;12.26.2009;0.4
8;12.27.2009;0.2
8;12.28.2009;0.2
8;12.29.2009;0.2
8;12.30.2009;0.3
8;12.31.2009;0.3
8;1.01.2010;0.3
8;1.02.2010;0.3
8;1.03.2010;0.6
8;1.04.2010;0.1
8;1.05.2010;0.2
8;1.06.2010;0.2
8;1.07.2010;0.2
8;1.08.2010;0.2
8;1.09.2010;0.2
8;1.10.2010;0.2
8;1.11.2010;0.2
8;1.12.2010;0.2
8;01.13.2010;0.2
8;01.14.2010;0.2
8;01.15.2010;0.2
8;01.16.2010;0.5
8;01.17.2010;0.2
8;01.18.2010;0.1
8;01.19.2010;0.2
8;01.20.2010;0.1
8;01.21.2010;0.2
8;01.22.2010;0.2
8;01.23.2010;0.2
8;01.24.2010;0.3
8;01.25.2010;0.3
8;01.26.2010;0.2
8;01.27.2010;0.2
8;01.28.2010;0.1
8;01.29.2010;0.2
8;01.30.2010;0.3
8;01.31.2010;0.2
8;2.01.2010;0.2
8;2.02.2010;0.2
8;2.03.2010;0.2
8;2.04.2010;0.4
8;2.05.2010;0.3
8;2.06.2010;0.3
8;2.07.2010;0.3
8;2.08.2010;0.3
8;2.09.2010;0.3
8;2.10.2010;0.3
8;2.11.2010;0.3
8;2.12.2010;0.3
8;02.13.2010;0.4
8;02.14.2010;0.3
8;02.15.2010;0.4
8;02.16.2010;0.6
8;02.17.2010;0.4
8;02.18.2010;0.4
8;02.19.2010;0.4
8;02.20.2010;0.4
8;02.21.2010;0.5
8;02.22.2010;0.4
8;02.23.2010;0.6
8;02.24.2010;0.5
8;02.25.2010;0.7
8;02.26.2010;0.4
8;02.27.2010;0.9
8;02.28.2010;1.3
8;3.01.2010;0.8
8;3.02.2010;0.7
8;3.03.2010;0.6
8;3.04.2010;0.6
8;3.05.2010;0.7
8;3.06.2010;0.7
8;3.07.2010;1.2
8;3.08.2010;1.4
8;3.09.2010;1.4
8;3.10.2010;0.6
8;3.11.2010;0.5
8;3.12.2010;0.8
8;03.13.2010;1.4
8;03.14.2010;1.4
8;03.15.2010;1.2
8;03.16.2010;1.6
8;03.17.2010;1
8;03.18.2010;1.5
8;03.19.2010;2.2
8;03.20.2010;1.9
8;03.21.2010;1.3
8;03.22.2010;1
8;03.23.2010;1.5
8;03.24.2010;1.9
8;03.25.2010;1.6
8;03.26.2010;1.2
8;03.27.2010;1.8
8;03.28.2010;2.2
8;03.29.2010;2.5
8;03.30.2010;1.3
8;03.31.2010;1.1
8;4.01.2010;1.4
8;4.02.2010;1.4
8;4.03.2010;1.9
8;4.04.2010;1.6
8;4.05.2010;2.2
8;4.06.2010;2.5
8;4.07.2010;2.5
8;4.08.2010;2.5
8;4.09.2010;2.2
8;4.10.2010;1.5
8;4.11.2010;1.7
8;4.12.2010;1.1
8;04.13.2010;1.1
8;04.14.2010;1.5
8;04.15.2010;2.6
8;04.16.2010;2.7
8;04.17.2010;2.8
8;04.18.2010;1.5
8;04.19.2010;2.5
8;04.20.2010;3
8;04.21.2010;2.9
8;04.22.2010;1.6
8;04.23.2010;1.6
8;04.24.2010;2.3
8;04.25.2010;3.3
8;04.26.2010;3.5
8;04.27.2010;2.5
8;04.28.2010;3.4
8;04.29.2010;4
8;04.30.2010;4.1
8;5.01.2010;3.8
8;5.02.2010;2.1
8;5.03.2010;1.5
8;5.04.2010;1.6
8;5.05.2010;1.5
8;5.06.2010;1.9
8;5.07.2010;1.9
8;5.08.2010;1.9
8;5.09.2010;2.5
8;5.10.2010;1.8
8;5.11.2010;2.2
8;5.12.2010;2.4
8;05.13.2010;2.1
8;05.14.2010;2.5
8;05.15.2010;1.7
8;05.16.2010;4.5
8;05.17.2010;4
8;05.18.2010;4.6
8;05.19.2010;3.1
8;05.20.2010;2.3
8;05.21.2010;2
8;05.22.2010;3.6
8;05.23.2010;3.1
8;05.24.2010;4.4
8;05.25.2010;5.8
8;05.26.2010;4.5
8;05.27.2010;5
8;05.28.2010;3.5
8;05.29.2010;3.1
8;05.30.2010;2
8;05.31.2010;2.5
8;6.01.2010;4.1
8;6.02.2010;1.9
8;6.03.2010;2.5
8;6.04.2010;3.1
8;6.05.2010;4.3
8;6.06.2010;5.1
8;6.07.2010;4.8
8;6.08.2010;5
8;6.09.2010;5.4
8;6.10.2010;4.6
8;6.11.2010;5.9
8;6.12.2010;7
8;06.13.2010;4.9
8;06.14.2010;5.4
8;06.15.2010;3.4
8;06.16.2010;2.4
8;06.17.2010;3.7
8;06.18.2010;3.7
8;06.19.2010;2.5
8;06.20.2010;1.6
8;06.21.2010;3
8;06.22.2010;3.7
8;06.23.2010;3.9
8;06.24.2010;4.5
8;06.25.2010;4.6
8;06.26.2010;4.1
8;06.27.2010;4.7
8;06.28.2010;5.2
8;06.29.2010;4.9
8;06.30.2010;4.5
8;7.01.2010;4.6
8;7.02.2010;4.4
8;7.03.2010;4.8
8;7.04.2010;3.5
8;7.05.2010;3
8;7.06.2010;2.9
8;7.07.2010;3.9
8;7.08.2010;5
8;7.09.2010;5.4
8;7.10.2010;5.2
8;7.11.2010;5.3
8;7.12.2010;5
8;07.13.2010;4.6
8;07.14.2010;5.2
8;07.15.2010;5.1
8;07.16.2010;6.4
8;07.17.2010;5.4
8;07.18.2010;2.8
8;07.19.2010;5
8;07.20.2010;4.2
8;07.21.2010;5.7
8;07.22.2010;6.2
8;07.23.2010;5.5
8;07.24.2010;2.5
8;07.25.2010;3.6
8;07.26.2010;3.6
8;07.27.2010;4.4
8;07.28.2010;4.3
8;07.29.2010;2.4
8;07.30.2010;1.9
8;07.31.2010;3.6
8;8.01.2010;4.1
8;8.02.2010;4.9
8;8.03.2010;3.4
8;8.04.2010;3.4
8;8.05.2010;2.4
8;8.06.2010;2
8;8.07.2010;2.7
8;8.08.2010;4.1
8;8.09.2010;3.4
8;8.10.2010;3.5
8;8.11.2010;4.5
8;8.12.2010;3.9
8;08.13.2010;2
8;08.14.2010;2.2
8;08.15.2010;4.1
8;08.16.2010;3.5
8;08.17.2010;3.3
8;08.18.2010;2.3
8;08.19.2010;3
8;08.20.2010;3.2
8;08.21.2010;3.8
8;08.22.2010;3.7
8;08.23.2010;3
8;08.24.2010;2.6
8;08.25.2010;1.6
8;08.26.2010;3.1
8;08.27.2010;3.3
8;08.28.2010;1.8
8;08.29.2010;2.9
8;08.30.2010;1.7
8;08.31.2010;1.8
8;9.01.2010;3.4
8;9.02.2010;2.4
8;9.03.2010;2.2
8;9.04.2010;2
8;9.05.2010;2
8;9.06.2010;1.3
8;9.07.2010;1.2
8;9.08.2010;1.2
8;9.09.2010;1.6
8;9.10.2010;1.8
8;9.11.2010;2.5
8;9.12.2010;2.2
8;09.13.2010;1.7
8;09.14.2010;2.1
8;09.15.2010;2.1
8;09.16.2010;1.4
8;09.17.2010;1.1
8;09.18.2010;1
8;09.19.2010;1.4
8;09.20.2010;1.9
8;09.21.2010;1.9
8;09.22.2010;1.8
8;09.23.2010;1.9
8;09.24.2010;1.2
8;09.25.2010;1
8;09.26.2010;1
8;09.27.2010;1
8;09.28.2010;1.2
8;09.29.2010;1.5
8;09.30.2010;1.1
8;10.01.2010;1
8;10.02.2010;1.2
8;10.03.2010;1
8;10.04.2010;1.1
8;10.05.2010;1
8;10.06.2010;0.9
8;10.07.2010;1.4
8;10.08.2010;1.6
8;10.09.2010;1.1
8;10.10.2010;1.2
8;10.11.2010;1.1
8;10.12.2010;0.9
8;10.13.2010;1
8;10.14.2010;1
8;10.15.2010;0.8
8;10.16.2010;1
8;10.17.2010;0.7
8;10.18.2010;0.6
8;10.19.2010;0.6
8;10.20.2010;0.8
8;10.21.2010;0.9
8;10.22.2010;0.8
8;10.23.2010;1.5
8;10.24.2010;1
8;10.25.2010;0.6
8;10.26.2010;0.6
8;10.27.2010;0.8
8;10.28.2010;0.7
8;10.29.2010;0.6
8;10.30.2010;1.3
8;10.31.2010;0.6
8;11.01.2010;0.6
8;11.02.2010;0.6
8;11.03.2010;0.5
8;11.04.2010;0.5
8;11.05.2010;0.8
8;11.06.2010;0.9
8;11.07.2010;0.5
8;11.08.2010;0.5
8;11.09.2010;0.4
8;11.10.2010;0.4
8;11.11.2010;0.5
8;11.12.2010;0.8
8;11.13.2010;1.1
8;11.14.2010;1.3
8;11.15.2010;0.8
8;11.16.2010;0.4
8;11.17.2010;0.5
8;11.18.2010;0.4
8;11.19.2010;0.4
8;11.20.2010;0.3
8;11.21.2010;0.3
8;11.22.2010;0.3
8;11.23.2010;0.2
8;11.24.2010;0.5
8;11.25.2010;0.3
8;11.26.2010;0.2
8;11.27.2010;0.2
8;11.28.2010;0.2
8;11.29.2010;0.2
8;11.30.2010;0.2
8;12.01.2010;0.2
8;12.02.2010;0.2
8;12.03.2010;0.2
8;12.04.2010;0.2
8;12.05.2010;0.2
8;12.06.2010;0.3
8;12.07.2010;0.2
8;12.08.2010;0.2
8;12.09.2010;0.4
8;12.10.2010;1
8;12.11.2010;0.3
8;12.12.2010;0.2
8;12.13.2010;0.1
8;12.14.2010;0.4
8;12.15.2010;0.3
8;12.16.2010;0.2
8;12.17.2010;0.1
8;12.18.2010;0.1
8;12.19.2010;0.2
8;12.20.2010;0.2
8;12.21.2010;0.2
8;12.22.2010;0.2
8;12.23.2010;0.2
8;12.24.2010;0.2
8;12.25.2010;0.2
8;12.26.2010;0.3
8;12.27.2010;0.1
8;12.28.2010;0.1
8;12.29.2010;0.1
8;12.30.2010;0
8;12.31.2010;0.1
8;1.01.2011;0
8;1.02.2011;0.1
8;1.03.2011;0.1
8;1.04.2011;0.1
8;1.05.2011;0.2
8;1.06.2011;0.1
8;1.07.2011;0.3
8;1.08.2011;0.4
8;1.09.2011;0.6
8;1.10.2011;0.3
8;1.11.2011;0.3
8;1.12.2011;0.2
8;01.13.2011;0.3
8;01.14.2011;0.5
8;01.15.2011;0.4
8;01.16.2011;0.2
8;01.17.2011;0.2
8;01.18.2011;0.4
8;01.19.2011;0.3
8;01.20.2011;0.3
8;01.21.2011;0.6
8;01.22.2011;0.7
8;01.23.2011;0.2
8;01.24.2011;0.4
8;01.25.2011;0.3
8;01.26.2011;0.4
8;01.27.2011;0.3
8;01.28.2011;0.5
8;01.29.2011;0.4
8;01.30.2011;0.4
8;01.31.2011;0.5
8;2.01.2011;0.4
8;2.02.2011;0.5
8;2.03.2011;0.4
8;2.04.2011;0.4
8;2.05.2011;0.8
8;2.06.2011;1.1
8;2.07.2011;1
8;2.08.2011;1.1
8;2.09.2011;0.6
8;2.10.2011;0.8
8;2.11.2011;1.1
8;2.12.2011;0.9
8;02.13.2011;0.4
8;02.14.2011;0.5
8;02.15.2011;0.4
8;02.16.2011;0.4
8;02.17.2011;0.4
8;02.18.2011;0.4
8;02.19.2011;0.5
8;02.20.2011;0.4
8;02.21.2011;0.5
8;02.22.2011;0.7
8;02.23.2011;0.7
8;02.24.2011;0.6
8;02.25.2011;1.3
8;02.26.2011;0.8
8;02.27.2011;0.6
8;02.28.2011;0.6
8;3.01.2011;0.7
8;3.02.2011;1
8;3.03.2011;0.6
8;3.04.2011;0.9
8;3.05.2011;1
8;3.06.2011;0.8
8;3.07.2011;1.7
8;3.08.2011;1.3
8;3.09.2011;1.6
8;3.10.2011;1.4
8;3.11.2011;2
8;3.12.2011;1.8
8;03.13.2011;1.1
8;03.14.2011;1.3
8;03.15.2011;1
8;03.16.2011;0.9
8;03.17.2011;1.1
8;03.18.2011;1.4
8;03.19.2011;1.2
8;03.20.2011;2.4
8;03.21.2011;2.2
8;03.22.2011;1.8
8;03.23.2011;2.2
8;03.24.2011;2.4
8;03.25.2011;3
8;03.26.2011;2.5
8;03.27.2011;1.2
8;03.28.2011;1.2
8;03.29.2011;1.8
8;03.30.2011;2.9
8;03.31.2011;1.9
8;4.01.2011;2.2
8;4.02.2011;2.7
8;4.03.2011;3.2
8;4.04.2011;2.9
8;4.05.2011;2.1
8;4.06.2011;2.6
8;4.07.2011;2.9
8;4.08.2011;3.1
8;4.09.2011;5.2
8;4.10.2011;3
8;4.11.2011;2.3
8;4.12.2011;3.3
8;04.13.2011;3
8;04.14.2011;2.2
8;04.15.2011;1.9
8;04.16.2011;2.1
8;04.17.2011;3.1
8;04.18.2011;3.4
8;04.19.2011;3.3
8;04.20.2011;3.7
8;04.21.2011;3.8
8;04.22.2011;3.4
8;04.23.2011;3.6
8;04.24.2011;3.4
8;04.25.2011;3
8;04.26.2011;2.8
8;04.27.2011;1.9
8;04.28.2011;1.6
8;04.29.2011;1.5
8;04.30.2011;2.1
8;5.01.2011;3.1
8;5.02.2011;2.3
8;5.03.2011;2.8
8;5.04.2011;2.7
8;5.05.2011;3.6
8;5.06.2011;3.6
8;5.07.2011;4.2
8;5.08.2011;4.8
8;5.09.2011;4.4
8;5.10.2011;4.2
8;5.11.2011;3.8
8;5.12.2011;3.9
8;05.13.2011;3.7
8;05.14.2011;3.4
8;05.15.2011;1.5
8;05.16.2011;2.8
8;05.17.2011;2.9
8;05.18.2011;4.3
8;05.19.2011;4.6
8;05.20.2011;4.6
8;05.21.2011;4.7
8;05.22.2011;4.5
8;05.23.2011;3.9
8;05.24.2011;3.9
8;05.25.2011;5.1
8;05.26.2011;4.9
8;05.27.2011;4
8;05.28.2011;2.5
8;05.29.2011;3.7
8;05.30.2011;4.7
8;05.31.2011;4.9
8;6.01.2011;3.4
8;6.02.2011;3.3
8;6.03.2011;2.9
8;6.04.2011;2.8
8;6.05.2011;2.6
8;6.06.2011;2.9
8;6.07.2011;2.3
8;6.08.2011;2.8
8;6.09.2011;2.1
8;6.10.2011;3.7
8;6.11.2011;3.6
8;6.12.2011;3.1
8;06.13.2011;3.4
8;06.14.2011;3
8;06.15.2011;4.5
8;06.16.2011;4.6
8;06.17.2011;2.9
8;06.18.2011;3.8
8;06.19.2011;2.5
8;06.20.2011;4.1
8;06.21.2011;5.1
8;06.22.2011;5.3
8;06.23.2011;4.8
8;06.24.2011;2
8;06.25.2011;2.9
8;06.26.2011;3.9
8;06.27.2011;4.8
8;06.28.2011;5
8;06.29.2011;5.4
8;06.30.2011;3.4
8;7.01.2011;3.7
8;7.02.2011;3.5
8;7.03.2011;4.1
8;7.04.2011;5
8;7.05.2011;3.2
8;7.06.2011;3.8
8;7.07.2011;4.2
8;7.08.2011;5.8
8;7.09.2011;6
8;7.10.2011;5.3
8;7.11.2011;4.7
8;7.12.2011;4.4
8;07.13.2011;4.8
8;07.14.2011;4.9
8;07.15.2011;2.7
8;07.16.2011;3.4
8;07.17.2011;4.4
8;07.18.2011;3.5
8;07.19.2011;3.3
8;07.20.2011;3
8;07.21.2011;4.3
8;07.22.2011;3.7
8;07.23.2011;2.2
8;07.24.2011;1.6
8;07.25.2011;2.1
8;07.26.2011;2.9
8;07.27.2011;3.6
8;07.28.2011;2.2
8;07.29.2011;3
8;07.30.2011;2.5
8;07.31.2011;3.2
8;8.01.2011;2.7
8;8.02.2011;3.9
8;8.03.2011;4.1
8;8.04.2011;3.4
8;8.05.2011;2.9
8;8.06.2011;3.1
8;8.07.2011;3.6
8;8.08.2011;3.4
8;8.09.2011;2.3
8;8.10.2011;3.7
8;8.11.2011;3.9
8;8.12.2011;3.1
8;08.13.2011;3.8
8;08.14.2011;4.3
8;08.15.2011;3.9
8;08.16.2011;3.6
8;08.17.2011;4.4
8;08.18.2011;4.6
8;08.19.2011;4.5
8;08.20.2011;4.5
8;08.21.2011;4.4
8;08.22.2011;4.6
8;08.23.2011;4.3
8;08.24.2011;5.2
8;08.25.2011;4.3
8;08.26.2011;4.1
8;08.27.2011;4.7
8;08.28.2011;2.7
8;08.29.2011;2.9
8;08.30.2011;3
8;08.31.2011;2.8
8;9.01.2011;3.1
8;9.02.2011;2.7
8;9.03.2011;3.5
8;9.04.2011;3.3
8;9.05.2011;1.8
8;9.06.2011;2.8
8;9.07.2011;2.8
8;9.08.2011;1.7
8;9.09.2011;2.8
8;9.10.2011;3.5
8;9.11.2011;3.8
8;9.12.2011;3.2
8;09.13.2011;3.1
8;09.14.2011;4.4
8;09.15.2011;3.3
8;09.16.2011;2.6
8;09.17.2011;2.9
8;09.18.2011;2.3
8;09.19.2011;1.2
8;09.20.2011;2
8;09.21.2011;2.3
8;09.22.2011;1.4
8;09.23.2011;1.6
8;09.24.2011;2
8;09.25.2011;2.2
8;09.26.2011;2.5
8;09.27.2011;2.7
8;09.28.2011;2.4
8;09.29.2011;2
8;09.30.2011;2.2
8;10.01.2011;2
8;10.02.2011;2
8;10.03.2011;1.9
8;10.04.2011;1.8
8;10.05.2011;2
8;10.06.2011;1.8
8;10.07.2011;0.8
8;10.08.2011;0.9
8;10.09.2011;2
8;10.10.2011;1.1
8;10.11.2011;1.4
8;10.12.2011;1.2
8;10.13.2011;1
8;10.14.2011;2.1
8;10.15.2011;1.2
8;10.16.2011;1.6
8;10.17.2011;0.9
8;10.18.2011;0.9
8;10.19.2011;0.8
8;10.20.2011;0.4
8;10.21.2011;0.5
8;10.22.2011;0.5
8;10.23.2011;0.6
8;10.24.2011;0.6
8;10.25.2011;0.6
8;10.26.2011;0.6
8;10.27.2011;0.6
8;10.28.2011;0.7
8;10.29.2011;0.6
8;10.30.2011;1
8;10.31.2011;0.6
8;11.01.2011;0.4
8;11.02.2011;0.4
8;11.03.2011;0.4
8;11.04.2011;1
8;11.05.2011;0.7
8;11.06.2011;0.6
8;11.07.2011;0.5
8;11.08.2011;0.5
8;11.09.2011;0.4
8;11.10.2011;0.4
8;11.11.2011;1.1
8;11.12.2011;0.7
8;11.13.2011;0.7
8;11.14.2011;0.2
8;11.15.2011;0.2
8;11.16.2011;0.2
8;11.17.2011;0.3
8;11.18.2011;0.2
8;11.19.2011;0.2
8;11.20.2011;0.2
8;11.21.2011;0.2
8;11.22.2011;0.2
8;11.23.2011;0.2
8;11.24.2011;0.2
8;11.25.2011;0.3
8;11.26.2011;0.2
8;11.27.2011;0.1
8;11.28.2011;0.5
8;11.29.2011;0.1
8;11.30.2011;0.1
8;12.01.2011;0.2
8;12.02.2011;0.3
8;12.03.2011;0.3
8;12.04.2011;0.6
8;12.05.2011;0.3
8;12.06.2011;0.4
8;12.07.2011;0.2
8;12.08.2011;1.1
8;12.09.2011;0.3
8;12.10.2011;0.6
8;12.11.2011;0.3
8;12.12.2011;0.2
8;12.13.2011;0.3
8;12.14.2011;0.2
8;12.15.2011;0.2
8;12.16.2011;0.2
8;12.17.2011;0.2
8;12.18.2011;0.2
8;12.19.2011;0.1
8;12.20.2011;0.1
8;12.21.2011;0.1
8;12.22.2011;0.1
8;12.23.2011;0.1
8;12.24.2011;0.2
8;12.25.2011;0
8;12.26.2011;0.2
8;12.27.2011;0.2
8;12.28.2011;0.2
8;12.29.2011;0.2
8;12.30.2011;0.2
8;12.31.2011;0.2
8;1.01.2012;0.1
8;1.02.2012;0.4
8;1.03.2012;0.3
8;1.04.2012;0.3
8;1.05.2012;0.2
8;1.06.2012;1.3
8;1.07.2012;0.2
8;1.08.2012;0.7
8;1.09.2012;0.2
8;1.10.2012;0.6
8;1.11.2012;0.4
8;1.12.2012;0.2
8;01.13.2012;0.5
8;01.14.2012;1.2
8;01.15.2012;0.9
8;01.16.2012;0.3
8;01.17.2012;0.3
8;01.18.2012;0.2
8;01.19.2012;0.5
8;01.20.2012;0.3
8;01.21.2012;0.3
8;01.22.2012;0.8
8;01.23.2012;0.4
8;01.24.2012;0.3
8;01.25.2012;0.4
8;01.26.2012;0.3
8;01.27.2012;0.3
8;01.28.2012;0.3
8;01.29.2012;0.7
8;01.30.2012;0.8
8;01.31.2012;0.7
8;2.01.2012;1.2
8;2.02.2012;1
8;2.03.2012;0.7
8;2.04.2012;0.3
8;2.05.2012;0.3
8;2.06.2012;0.3
8;2.07.2012;0.2
8;2.08.2012;0.3
8;2.09.2012;0.3
8;2.10.2012;0.4
8;2.11.2012;0.4
8;2.12.2012;0.3
8;02.13.2012;0.3
8;02.14.2012;0.3
8;02.15.2012;0.6
8;02.16.2012;1.8
8;02.17.2012;0.5
8;02.18.2012;0.5
8;02.19.2012;1
8;02.20.2012;0.3
8;02.21.2012;0.6
8;02.22.2012;0.6
8;02.23.2012;0.6
8;02.24.2012;1.4
8;02.25.2012;1
8;02.26.2012;1.2
8;02.27.2012;1.2
8;02.28.2012;1
8;02.29.2012;1.5
8;3.01.2012;1.5
8;3.02.2012;1.3
8;3.03.2012;0.9
8;3.04.2012;0.9
8;3.05.2012;1.7
8;3.06.2012;2.6
8;3.07.2012;1.2
8;3.08.2012;1.7
8;3.09.2012;2.2
8;3.10.2012;2.1
8;3.11.2012;1.8
8;3.12.2012;1.8
8;03.13.2012;1.6
8;03.14.2012;2
8;03.15.2012;1.5
8;03.16.2012;2.1
8;03.17.2012;2.7
8;03.18.2012;1.7
8;03.19.2012;1.4
8;03.20.2012;1.5
8;03.21.2012;2
8;03.22.2012;2.2
8;03.23.2012;2.9
8;03.24.2012;2.5
8;03.25.2012;2.2
8;03.26.2012;2.7
8;03.27.2012;3.1
8;03.28.2012;2.6
8;03.29.2012;2.4
8;03.30.2012;1.8
8;03.31.2012;3.6
8;4.01.2012;1.6
8;4.02.2012;3.2
8;4.03.2012;2.1
8;4.04.2012;1.6
8;4.05.2012;1.4
8;4.06.2012;1.5
8;4.07.2012;1.1
8;4.08.2012;1.4
8;4.09.2012;2.1
8;4.10.2012;2.5
8;4.11.2012;1.4
8;4.12.2012;2.4
8;04.13.2012;1.8
8;04.14.2012;1.4
8;04.15.2012;1.3
8;04.16.2012;1.5
8;04.17.2012;2.4
8;04.18.2012;1.7
8;04.19.2012;2.1
8;04.20.2012;1.5
8;04.21.2012;2.3
8;04.22.2012;1.3
8;04.23.2012;1.6
8;04.24.2012;1.7
8;04.25.2012;3.2
8;04.26.2012;3.8
8;04.27.2012;4.2
8;04.28.2012;4.6
8;04.29.2012;3.2
8;04.30.2012;3
8;5.01.2012;3.5
8;5.02.2012;3.4
8;5.03.2012;4
8;5.04.2012;3.2
8;5.05.2012;3.5
8;5.06.2012;1.7
8;5.07.2012;2.3
8;5.08.2012;2.7
8;5.09.2012;4
8;5.10.2012;3.6
8;5.11.2012;3.9
8;5.12.2012;4.5
8;05.13.2012;1.9
8;05.14.2012;2.8
8;05.15.2012;3.7
8;05.16.2012;2.1
8;05.17.2012;4.2
8;05.18.2012;3.5
8;05.19.2012;3.9
8;05.20.2012;3.4
8;05.21.2012;1.7
8;05.22.2012;1.7
8;05.23.2012;2.7
8;05.24.2012;3.8
8;05.25.2012;3.8
8;05.26.2012;3.6
8;05.27.2012;2.9
8;05.28.2012;3.2
8;05.29.2012;3.6
8;05.30.2012;4.1
8;05.31.2012;3.5
8;6.01.2012;2.7
8;6.02.2012;1.9
8;6.03.2012;3.2
8;6.04.2012;3
8;6.05.2012;3.1
8;6.06.2012;3.3
8;6.07.2012;4.1
8;6.08.2012;5
8;6.09.2012;2.1
8;6.10.2012;3.2
8;6.11.2012;2.3
8;6.12.2012;2.1
8;06.13.2012;2.4
8;06.14.2012;4.1
8;06.15.2012;4.3
8;06.16.2012;5.5
8;06.17.2012;5.7
8;06.18.2012;5.6
8;06.19.2012;4.9
8;06.20.2012;5.7
8;06.21.2012;6
8;06.22.2012;3.9
8;06.23.2012;4.1
8;06.24.2012;3.8
8;06.25.2012;2.6
8;06.26.2012;4.3
8;06.27.2012;4.7
8;06.28.2012;4.9
8;06.29.2012;6.1
8;06.30.2012;6.2
8;7.01.2012;6.5
8;7.02.2012;5.4
8;7.03.2012;5.2
8;7.04.2012;5.1
8;7.05.2012;3.6
8;7.06.2012;3
8;7.07.2012;5.2
8;7.08.2012;6.3
8;7.09.2012;5.2
8;7.10.2012;5
8;7.11.2012;4.5
8;7.12.2012;3
8;07.13.2012;2.9
8;07.14.2012;4.1
8;07.15.2012;2.5
8;07.16.2012;4
8;07.17.2012;4.3
8;07.18.2012;5
8;07.19.2012;5.7
8;07.20.2012;4.6
8;07.21.2012;2
8;07.22.2012;2.1
8;07.23.2012;3.8
8;07.24.2012;4.4
8;07.25.2012;2.7
8;07.26.2012;3.2
8;07.27.2012;5.4
8;07.28.2012;5.2
8;07.29.2012;4.5
8;07.30.2012;4.4
8;07.31.2012;3.9
8;8.01.2012;4.7
8;8.02.2012;4.7
8;8.03.2012;4.7
8;8.04.2012;4.5
8;8.05.2012;4.6
8;8.06.2012;4.7
8;8.07.2012;4.7
8;8.08.2012;4.6
8;8.09.2012;3.3
8;8.10.2012;4.2
8;8.11.2012;3
8;8.12.2012;2.8
8;08.13.2012;3.6
8;08.14.2012;3.7
8;08.15.2012;3.8
8;08.16.2012;3.8
8;08.17.2012;3.6
8;08.18.2012;4.5
8;08.19.2012;4.4
8;08.20.2012;4.6
8;08.21.2012;4.1
8;08.22.2012;4.5
8;08.23.2012;4.2
8;08.24.2012;5.6
8;08.25.2012;3.9
8;08.26.2012;1.5
8;08.27.2012;2.9
8;08.28.2012;3.3
8;08.29.2012;3.8
8;08.30.2012;2.9
8;08.31.2012;1.5
8;9.01.2012;1.3
8;9.02.2012;1.9
8;9.03.2012;2.5
8;9.04.2012;2.5
8;9.05.2012;2.5
8;9.06.2012;2.7
8;9.07.2012;2.8
8;9.08.2012;3.3
8;9.09.2012;3.5
8;9.10.2012;2.7
8;9.11.2012;3.1
8;9.12.2012;1.4
8;09.13.2012;1
8;09.14.2012;1.3
8;09.15.2012;1.9
8;09.16.2012;1.8
8;09.17.2012;2
8;09.18.2012;2.1
8;09.19.2012;1.4
8;09.20.2012;2.3
8;09.21.2012;2
8;09.22.2012;2.5
8;09.23.2012;1.3
8;09.24.2012;1.4
8;09.25.2012;2
8;09.26.2012;1.4
8;09.27.2012;1.6
8;09.28.2012;1.5
8;09.29.2012;1.6
8;09.30.2012;1.1
8;10.01.2012;1.7
8;10.02.2012;1.2
8;10.03.2012;1.6
8;10.04.2012;1.3
8;10.05.2012;1.2
8;10.06.2012;1.9
8;10.07.2012;1.5
8;10.08.2012;0.9
8;10.09.2012;1.1
8;10.10.2012;0.8
8;10.11.2012;0.8
8;10.12.2012;0.8
8;10.13.2012;0.7
8;10.14.2012;1
8;10.15.2012;1.1
8;10.16.2012;0.8
8;10.17.2012;1.6
8;10.18.2012;1.8
8;10.19.2012;0.9
8;10.20.2012;1.2
8;10.21.2012;0.9
8;10.22.2012;1
8;10.23.2012;0.9
8;10.24.2012;0.5
8;10.25.2012;0.7
8;10.26.2012;0.6
8;10.27.2012;0.5
8;10.28.2012;0.3
8;10.29.2012;0.3
8;10.30.2012;0.4
8;10.31.2012;0.3
8;11.01.2012;0.4
8;11.02.2012;0.5
8;11.03.2012;0.7
8;11.04.2012;0.6
8;11.05.2012;0.7
8;11.06.2012;0.4
8;11.07.2012;0.4
8;11.08.2012;0.4
8;11.09.2012;0.4
8;11.10.2012;0.4
8;11.11.2012;0.5
8;11.12.2012;0.5
8;11.13.2012;0.4
8;11.14.2012;0.7
8;11.15.2012;0.5
8;11.16.2012;0.5
8;11.17.2012;0.4
8;11.18.2012;0.3
8;11.19.2012;0.4
8;11.20.2012;0.4
8;11.21.2012;0.3
8;11.22.2012;0.4
8;11.23.2012;0.3
8;11.24.2012;0.4
8;11.25.2012;0.6
8;11.26.2012;0.5
8;11.27.2012;0.7
8;11.28.2012;0.3
8;11.29.2012;0.3
8;11.30.2012;0.3
8;12.01.2012;0.3
8;12.02.2012;0.2
8;12.03.2012;0.1
8;12.04.2012;0.2
8;12.05.2012;0.2
8;12.06.2012;0.1
8;12.07.2012;0.3
8;12.08.2012;0.3
8;12.09.2012;0.1
8;12.10.2012;0.1
8;12.11.2012;0.1
8;12.12.2012;0.1
8;12.13.2012;0.1
8;12.14.2012;0.2
8;12.15.2012;0.2
8;12.16.2012;0.2
8;12.17.2012;0.2
8;12.18.2012;0.3
8;12.19.2012;0.2
8;12.20.2012;0.2
8;12.21.2012;0.2
8;12.22.2012;0.2
8;12.23.2012;0.4
8;12.24.2012;0.5
8;12.25.2012;0.6
8;12.26.2012;0.3
8;12.27.2012;0.2
8;12.28.2012;1.3
8;12.29.2012;0.2
8;12.30.2012;0.2
8;12.31.2012;0.2
8;1.01.2013;0.2
8;1.02.2013;0.3
8;1.03.2013;0.2
8;1.04.2013;0.1
8;1.05.2013;1.2
8;1.06.2013;0.4
8;1.07.2013;0.2
8;1.08.2013;0.2
8;1.09.2013;0.3
8;1.10.2013;0.3
8;1.11.2013;0.3
8;1.12.2013;0.5
8;01.13.2013;0.2
8;01.14.2013;0.2
8;01.15.2013;0.2
8;01.16.2013;0.2
8;01.17.2013;0.2
8;01.18.2013;0.2
8;01.19.2013;0.2
8;01.20.2013;0.2
8;01.21.2013;0.2
8;01.22.2013;0.2
8;01.23.2013;0.2
8;01.24.2013;0.2
8;01.25.2013;0.3
8;01.26.2013;0.3
8;01.27.2013;0.3
8;01.28.2013;0.3
8;01.29.2013;0.3
8;01.30.2013;0.4
8;01.31.2013;0.4
8;2.01.2013;0.4
8;2.02.2013;0.3
8;2.03.2013;1.5
8;2.04.2013;0.6
8;2.05.2013;0.6
8;2.06.2013;0.3
8;2.07.2013;0.3
8;2.08.2013;0.3
8;2.09.2013;0.3
8;2.10.2013;0.3
8;2.11.2013;0.3
8;2.12.2013;0.3
8;02.13.2013;0.3
8;02.14.2013;0.4
8;02.15.2013;0.3
8;02.16.2013;0.4
8;02.17.2013;0.4
8;02.18.2013;0.5
8;02.19.2013;0.6
8;02.20.2013;0.5
8;02.21.2013;0.8
8;02.22.2013;0.4
8;02.23.2013;0.4
8;02.24.2013;0.4
8;02.25.2013;0.4
8;02.26.2013;0.4
8;02.27.2013;0.5
8;02.28.2013;0.5
8;3.01.2013;0.8
8;3.02.2013;0.7
8;3.03.2013;0.8
8;3.04.2013;0.9
8;3.05.2013;0.8
8;3.06.2013;0.5
8;3.07.2013;0.5
8;3.08.2013;0.9
8;3.09.2013;0.7
8;3.10.2013;0.7
8;3.11.2013;0.9
8;3.12.2013;0.8
8;03.13.2013;0.7
8;03.14.2013;1.3
8;03.15.2013;1.8
8;03.16.2013;1.5
8;03.17.2013;0.7
8;03.18.2013;0.5
8;03.19.2013;1.2
8;03.20.2013;1.6
8;03.21.2013;2.7
8;03.22.2013;2.4
8;03.23.2013;0.9
8;03.24.2013;0.6
8;03.25.2013;0.5
8;03.26.2013;0.6
8;03.27.2013;0.6
8;03.28.2013;1.1
8;03.29.2013;0.7
8;03.30.2013;0.7
8;03.31.2013;0.8
8;4.01.2013;0.8
8;4.02.2013;0.7
8;4.03.2013;0.8
8;4.04.2013;1.2
8;4.05.2013;1
8;4.06.2013;1
8;4.07.2013;1.8
8;4.08.2013;1.3
8;4.09.2013;1.9
8;4.10.2013;2.6
8;4.11.2013;2.2
8;4.12.2013;1.3
8;04.13.2013;2.3
8;04.14.2013;3.4
8;04.15.2013;3.6
8;04.16.2013;2.6
8;04.17.2013;2.7
8;04.18.2013;3.5
8;04.19.2013;2.3
8;04.20.2013;2.2
8;04.21.2013;1.9
8;04.22.2013;1.4
8;04.23.2013;2.5
8;04.24.2013;3.4
8;04.25.2013;3.8
8;04.26.2013;4.2
8;04.27.2013;2.2
8;04.28.2013;2.5
8;04.29.2013;2.6
8;04.30.2013;3.5
8;5.01.2013;3.5
8;5.02.2013;2
8;5.03.2013;3.6
8;5.04.2013;2.9
8;5.05.2013;1.9
8;5.06.2013;1.7
8;5.07.2013;2.5
8;5.08.2013;3.2
8;5.09.2013;3.9
8;5.10.2013;2.2
8;5.11.2013;1.6
8;5.12.2013;2.3
8;05.13.2013;3.6
8;05.14.2013;4.1
8;05.15.2013;4.1
8;05.16.2013;1.8
8;05.17.2013;1.7
8;05.18.2013;3.9
8;05.19.2013;2.8
8;05.20.2013;3.3
8;05.21.2013;3.7
8;05.22.2013;3.3
8;05.23.2013;2.3
8;05.24.2013;1.4
8;05.25.2013;1.6
8;05.26.2013;1.9
8;05.27.2013;3.4
8;05.28.2013;3
8;05.29.2013;2.1
8;05.30.2013;1.6
8;05.31.2013;1.7
8;6.01.2013;2.3
8;6.02.2013;2.5
8;6.03.2013;3.4
8;6.04.2013;2.9
8;6.05.2013;3.5
8;6.06.2013;3
8;6.07.2013;3
8;6.08.2013;2.9
8;6.09.2013;4.4
8;6.10.2013;3.1
8;6.11.2013;3.6
8;6.12.2013;4.8
8;06.13.2013;5
8;06.14.2013;5.1
8;06.15.2013;5
8;06.16.2013;5.6
8;06.17.2013;5.7
8;06.18.2013;5.7
8;06.19.2013;6
8;06.20.2013;6.4
8;06.21.2013;6
8;06.22.2013;4.6
8;06.23.2013;5.1
8;06.24.2013;2.1
8;06.25.2013;2.7
8;06.26.2013;3.2
8;06.27.2013;2.8
8;06.28.2013;2.8
8;06.29.2013;4
8;06.30.2013;3.7
8;7.01.2013;4.1
8;7.02.2013;5.1
8;7.03.2013;3.5
8;7.04.2013;4.3
8;7.05.2013;3.6
8;7.06.2013;3.6
8;7.07.2013;3.5
8;7.08.2013;4.8
8;7.09.2013;4.9
8;7.10.2013;4.2
8;7.11.2013;3.3
8;7.12.2013;3.7
8;07.13.2013;4.1
8;07.14.2013;5
8;07.15.2013;4.3
8;07.16.2013;5.1
8;07.17.2013;5.3
8;07.18.2013;5.2
8;07.19.2013;4.9
8;07.20.2013;5.1
8;07.21.2013;4.5
8;07.22.2013;4.9
8;07.23.2013;4.9
8;07.24.2013;3.6
8;07.25.2013;4.7
8;07.26.2013;4.8
8;07.27.2013;5
8;07.28.2013;6.2
8;07.29.2013;5.2
8;07.30.2013;4.5
8;07.31.2013;4.6
8;8.01.2013;5.3
8;8.02.2013;5.6
8;8.03.2013;6.4
8;8.04.2013;6.1
8;8.05.2013;5.2
8;8.06.2013;4.9
8;8.07.2013;5
8;8.08.2013;5.3
8;8.09.2013;5
8;8.10.2013;3.4
8;8.11.2013;4.8
8;8.12.2013;4.6
8;08.13.2013;4.4
8;08.14.2013;1.9
8;08.15.2013;3.9
8;08.16.2013;4
8;08.17.2013;4.4
8;08.18.2013;4.3
8;08.19.2013;4.3
8;08.20.2013;2.6
8;08.21.2013;3.8
8;08.22.2013;3.8
8;08.23.2013;2.4
8;08.24.2013;3.2
8;08.25.2013;1.8
8;08.26.2013;1.6
8;08.27.2013;2.5
8;08.28.2013;2.1
8;08.29.2013;2.8
8;08.30.2013;3.1
8;08.31.2013;3.1
8;9.01.2013;2.3
8;9.02.2013;2.1
8;9.03.2013;2.8
8;9.04.2013;2.6
8;9.05.2013;3
8;9.06.2013;2.1
8;9.07.2013;3
8;9.08.2013;2
8;9.09.2013;1.3
8;9.10.2013;1.5
8;9.11.2013;1.2
8;9.12.2013;2
8;09.13.2013;1.9
8;09.14.2013;2.8
8;09.15.2013;1.6
8;09.16.2013;1.9
8;09.17.2013;1.8
8;09.18.2013;1.6
8;09.19.2013;2.2
8;09.20.2013;1.9
8;09.21.2013;1.6
8;09.22.2013;2
8;09.23.2013;2
8;09.24.2013;2.2
8;09.25.2013;1.8
8;09.26.2013;2.3
8;09.27.2013;1.1
8;09.28.2013;1
8;09.29.2013;0.8
8;09.30.2013;0.8
8;10.01.2013;1
8;10.02.2013;1.7
8;10.03.2013;1.4
8;10.04.2013;1.2
8;10.05.2013;0.8
8;10.06.2013;0.9
8;10.07.2013;0.9
8;10.08.2013;0.9
8;10.09.2013;0.9
8;10.10.2013;0.9
8;10.11.2013;1.4
8;10.12.2013;0.7
8;10.13.2013;1.2
8;10.14.2013;0.8
8;10.15.2013;1.3
8;10.16.2013;1.7
8;10.17.2013;1.4
8;10.18.2013;1
8;10.19.2013;1.1
8;10.20.2013;1.4
8;10.21.2013;0.8
8;10.22.2013;1.3
8;10.23.2013;1.2
8;10.24.2013;0.7
8;10.25.2013;1.3
8;10.26.2013;1.4
8;10.27.2013;1.3
8;10.28.2013;1.2
8;10.29.2013;0.9
8;10.30.2013;0.6
8;10.31.2013;0.7
8;11.01.2013;0.7
8;11.02.2013;0.6
8;11.03.2013;0.6
8;11.04.2013;0.5
8;11.05.2013;0.5
8;11.06.2013;0.5
8;11.07.2013;0.5
8;11.08.2013;0.5
8;11.09.2013;0.7
8;11.10.2013;0.4
8;11.11.2013;2.4
8;11.12.2013;0.5
8;11.13.2013;0.4
8;11.14.2013;0.4
8;11.15.2013;0.4
8;11.16.2013;0.4
8;11.17.2013;0.3
8;11.18.2013;0.5
8;11.19.2013;0.4
8;11.20.2013;0.4
8;11.21.2013;0.4
8;11.22.2013;0.4
8;11.23.2013;0.3
8;11.24.2013;0.4
8;11.25.2013;2.7
8;11.26.2013;0.8
8;11.27.2013;0.8
8;11.28.2013;0.2
8;11.29.2013;0.2
8;11.30.2013;0.4
8;12.01.2013;0.6
8;12.02.2013;0.5
8;12.03.2013;0.1
8;12.04.2013;0.1
8;12.05.2013;0
8;12.06.2013;0.3
8;12.07.2013;0.5
8;12.08.2013;0.1
8;12.09.2013;0.3
8;12.10.2013;0.4
8;12.11.2013;0.2
8;12.12.2013;0.2
8;12.13.2013;0.2
8;12.14.2013;0.2
8;12.15.2013;0.2
8;12.16.2013;0.2
8;12.17.2013;0.2
8;12.18.2013;0.2
8;12.19.2013;0.2
8;12.20.2013;0.4
8;12.21.2013;0.2
8;12.22.2013;0.3
8;12.23.2013;0.2
8;12.24.2013;0.5
8;12.25.2013;0.6
8;12.26.2013;0.6
8;12.27.2013;0.3
8;12.28.2013;0.2
8;12.29.2013;0.3
8;12.30.2013;0.3
8;12.31.2013;0.3
8;1.01.2014;0.3
8;1.02.2014;0.5
8;1.03.2014;0.3
8;1.04.2014;0.3
8;1.05.2014;0.3
8;1.06.2014;0.3
8;1.07.2014;0.3
8;1.08.2014;0.3
8;1.09.2014;0.3
8;1.10.2014;0.8
8;1.11.2014;0.5
8;1.12.2014;0.5
8;01.13.2014;0.3
8;01.14.2014;0.3
8;01.15.2014;0.3
8;01.16.2014;0.5
8;01.17.2014;0.4
8;01.18.2014;0.3
8;01.19.2014;0.4
8;01.20.2014;0.4
8;01.21.2014;0.4
8;01.22.2014;0.4
8;01.23.2014;0.3
8;01.24.2014;0.2
8;01.25.2014;0.2
8;01.26.2014;0.3
8;01.27.2014;0.3
8;01.28.2014;0.3
8;01.29.2014;0.2
8;01.30.2014;0.2
8;01.31.2014;0.3
8;2.01.2014;0.3
8;2.02.2014;0.3
8;2.03.2014;0.3
8;2.04.2014;0.3
8;2.05.2014;0.3
8;2.06.2014;0.3
8;2.07.2014;0.6
8;2.08.2014;0.3
8;2.09.2014;0.3
8;2.10.2014;0.3
8;2.11.2014;0.3
8;2.12.2014;0.4
8;02.13.2014;0.5
8;02.14.2014;0.7
8;02.15.2014;1.1
8;02.16.2014;0.8
8;02.17.2014;0.4
8;02.18.2014;0.4
8;02.19.2014;0.6
8;02.20.2014;0.6
8;02.21.2014;0.7
8;02.22.2014;0.6
8;02.23.2014;0.6
8;02.24.2014;1.1
8;02.25.2014;1.1
8;02.26.2014;1.2
8;02.27.2014;0.9
8;02.28.2014;0.6
8;3.01.2014;0.9
8;3.02.2014;0.9
8;3.03.2014;1.2
8;3.04.2014;0.9
8;3.05.2014;1.3
8;3.06.2014;1.6
8;3.07.2014;1.5
8;3.08.2014;1.7
8;3.09.2014;2.3
8;3.10.2014;1.7
8;3.11.2014;1.8
8;3.12.2014;2.1
8;03.13.2014;1.7
8;03.14.2014;2.1
8;03.15.2014;1.9
8;03.16.2014;2.3
8;03.17.2014;2.5
8;03.18.2014;2
8;03.19.2014;3.1
8;03.20.2014;2.5
8;03.21.2014;2.8
8;03.22.2014;1.3
8;03.23.2014;1.1
8;03.24.2014;1
8;03.25.2014;0.8
8;03.26.2014;1
8;03.27.2014;1.3
8;03.28.2014;2.4
8;03.29.2014;2.3
8;03.30.2014;2.9
8;03.31.2014;2.2
8;4.01.2014;2.2
8;4.02.2014;2.7
8;4.03.2014;1.9
8;4.04.2014;2.5
8;4.05.2014;1.3
8;4.06.2014;1.8
8;4.07.2014;2.9
8;4.08.2014;3.1
8;4.09.2014;2.7
8;4.10.2014;2.8
8;4.11.2014;1.5
8;4.12.2014;2.1
8;04.13.2014;1.8
8;04.14.2014;2.8
8;04.15.2014;3.1
8;04.16.2014;2.9
8;04.17.2014;3.3
8;04.18.2014;3.1
8;04.19.2014;2.3
8;04.20.2014;1.3
8;04.21.2014;1.3
8;04.22.2014;2.8
8;04.23.2014;1.9
8;04.24.2014;2
8;04.25.2014;2.6
8;04.26.2014;2
8;04.27.2014;2
8;04.28.2014;2
8;04.29.2014;2.6
8;04.30.2014;2.8
8;5.01.2014;3.1
8;5.02.2014;2.6
8;5.03.2014;2
8;5.04.2014;3.2
8;5.05.2014;3.1
8;5.06.2014;3.1
8;5.07.2014;2.4
8;5.08.2014;3.6
8;5.09.2014;3.8
8;5.10.2014;3.5
8;5.11.2014;2.5
8;5.12.2014;3.1
8;05.13.2014;1.6
8;05.14.2014;3.4
8;05.15.2014;5.5
8;05.16.2014;4.3
8;05.17.2014;2.4
8;05.18.2014;2.2
8;05.19.2014;4
8;05.20.2014;4.7
8;05.21.2014;4.5
8;05.22.2014;5.5
8;05.23.2014;3.6
8;05.24.2014;5.1
8;05.25.2014;4.3
8;05.26.2014;3.1
8;05.27.2014;3.4
8;05.28.2014;2.6
8;05.29.2014;3.3
8;05.30.2014;2.1
8;05.31.2014;2.9
8;6.01.2014;3.8
8;6.02.2014;3.9
8;6.03.2014;3.9
8;6.04.2014;4
8;6.05.2014;3
8;6.06.2014;5
8;6.07.2014;5.2
8;6.08.2014;5.5
8;6.09.2014;5.7
8;6.10.2014;5.8
8;6.11.2014;6.3
8;6.12.2014;4.5
8;06.13.2014;4.2
8;06.14.2014;3.3
8;06.15.2014;3.8
8;06.16.2014;2.6
8;06.17.2014;3.1
8;06.18.2014;4
8;06.19.2014;3.9
8;06.20.2014;3.3
8;06.21.2014;4.2
8;06.22.2014;4.9
8;06.23.2014;4.8
8;06.24.2014;2.7
8;06.25.2014;1.9
8;06.26.2014;3.4
8;06.27.2014;3
8;06.28.2014;4.5
8;06.29.2014;3.7
8;06.30.2014;2.8
8;7.01.2014;3.3
8;7.02.2014;3.4
8;7.03.2014;4.2
8;7.04.2014;4.8
8;7.05.2014;4.4
8;7.06.2014;5.3
8;7.07.2014;5.1
8;7.08.2014;2.3
8;7.09.2014;2.6
8;7.10.2014;1.8
8;7.11.2014;3.1
8;7.12.2014;2.9
8;07.13.2014;2.9
8;07.14.2014;2.2
8;07.15.2014;3.7
8;07.16.2014;4
8;07.17.2014;3.8
8;07.18.2014;4.9
8;07.19.2014;5.2
8;07.20.2014;5.3
8;07.21.2014;2.5
8;07.22.2014;1.9
8;07.23.2014;3.5
8;07.24.2014;2.7
8;07.25.2014;3
8;07.26.2014;2.9
8;07.27.2014;2.9
8;07.28.2014;2.6
8;07.29.2014;2.9
8;07.30.2014;2.1
8;07.31.2014;2.2
8;8.01.2014;3.6
8;8.02.2014;4.2
8;8.03.2014;3.9
8;8.04.2014;4.1
8;8.05.2014;2.3
8;8.06.2014;3.8
8;8.07.2014;3.8
8;8.08.2014;4.2
8;8.09.2014;4.3
8;8.10.2014;5.6
8;8.11.2014;4
8;8.12.2014;2.8
8;08.13.2014;1.9
8;08.14.2014;1.6
8;08.15.2014;2.1
8;08.16.2014;2.6
8;08.17.2014;3.5
8;08.18.2014;3.6
8;08.19.2014;2
8;08.20.2014;2.3
8;08.21.2014;2.1
8;08.22.2014;1.9
8;08.23.2014;1.6
8;08.24.2014;2.6
8;08.25.2014;2.5
8;08.26.2014;1.7
8;08.27.2014;2.8
8;08.28.2014;3
8;08.29.2014;3
8;08.30.2014;2.9
8;08.31.2014;2.5
8;9.01.2014;1.9
8;9.02.2014;1.3
8;9.03.2014;1.6
8;9.04.2014;1.6
8;9.05.2014;2.1
8;9.06.2014;1.4
8;9.07.2014;2.5
8;9.08.2014;3
8;9.09.2014;2.3
8;9.10.2014;1.4
8;9.11.2014;1.1
8;9.12.2014;1.4
8;09.13.2014;1.3
8;09.14.2014;1.6
8;09.15.2014;1.7
8;09.16.2014;1.7
8;09.17.2014;2.2
8;09.18.2014;1.8
8;09.19.2014;2.1
8;09.20.2014;1.7
8;09.21.2014;2.1
8;09.22.2014;1.6
8;09.23.2014;2
8;09.24.2014;2
8;09.25.2014;1.2
8;09.26.2014;1.4
8;09.27.2014;2
8;09.28.2014;1.9
8;09.29.2014;1.8
8;09.30.2014;1.8
8;10.01.2014;1.1
8;10.02.2014;1.5
8;10.03.2014;1.5
8;10.04.2014;1.4
8;10.05.2014;1.4
8;10.06.2014;1.3
8;10.07.2014;1.3
8;10.08.2014;1
8;10.09.2014;1.6
8;10.10.2014;1.7
8;10.11.2014;2.3
8;10.12.2014;1.9
8;10.13.2014;1.7
8;10.14.2014;1.7
8;10.15.2014;1
8;10.16.2014;1.2
8;10.17.2014;1.8
8;10.18.2014;1.3
8;10.19.2014;1.1
8;10.20.2014;1.3
8;10.21.2014;1
8;10.22.2014;1.2
8;10.23.2014;0.6
8;10.24.2014;1.4
8;10.25.2014;0.8
8;10.26.2014;0.7
8;10.27.2014;1
8;10.28.2014;0.7
8;10.29.2014;0.5
8;10.30.2014;0.8
8;10.31.2014;0.6
8;11.01.2014;0.6
8;11.02.2014;0.5
8;11.03.2014;0.5
8;11.04.2014;0.7
8;11.05.2014;1
8;11.06.2014;0.5
8;11.07.2014;0.5
8;11.08.2014;0.6
8;11.09.2014;0.5
8;11.10.2014;0.5
8;11.11.2014;0.6
8;11.12.2014;0.6
8;11.13.2014;0.5
8;11.14.2014;0.5
8;11.15.2014;0.4
8;11.16.2014;0.8
8;11.17.2014;0.4
8;11.18.2014;0.4
8;11.19.2014;0.3
8;11.20.2014;0.3
8;11.21.2014;0.3
8;11.22.2014;0.3
8;11.23.2014;0.3
8;11.24.2014;0.3
8;11.25.2014;0.3
8;11.26.2014;0.4
8;11.27.2014;0.3
8;11.28.2014;0.3
8;11.29.2014;0.3
8;11.30.2014;0.3
8;12.01.2014;0.3
8;12.02.2014;0.3
8;12.03.2014;0.3
8;12.04.2014;0.3
8;12.05.2014;0.3
8;12.06.2014;0.3
8;12.07.2014;0.3
8;12.08.2014;0.3
8;12.09.2014;0.2
8;12.10.2014;0.2
8;12.11.2014;0.2
8;12.12.2014;0.3
8;12.13.2014;0.8
8;12.14.2014;0.7
8;12.15.2014;0.6
8;12.16.2014;0.3
8;12.17.2014;0.2
8;12.18.2014;0.2
8;12.19.2014;0.4
8;12.20.2014;0.6
8;12.21.2014;0.4
8;12.22.2014;0.2
8;12.23.2014;0.6
8;12.24.2014;0.7
8;12.25.2014;0.6
8;12.26.2014;0.3
8;12.27.2014;0.1
8;12.28.2014;0.2
8;12.29.2014;0.3
8;12.30.2014;0.1
8;12.31.2014;0.5
8;1.01.2015;0.1
8;1.02.2015;0.2
8;1.03.2015;0.2
8;1.04.2015;0.3
8;1.05.2015;0.5
8;1.06.2015;0.2
8;1.07.2015;0.2
8;1.08.2015;0.2
8;1.09.2015;0.4
8;1.10.2015;0.3
8;1.11.2015;0.3
8;1.12.2015;0.2
8;01.13.2015;1.1
8;01.14.2015;0.8
8;01.15.2015;0.3
8;01.16.2015;0.8
8;01.17.2015;0.6
8;01.18.2015;0.5
8;01.19.2015;0.4
8;01.20.2015;0.3
8;01.21.2015;0.3
8;01.22.2015;0.4
8;01.23.2015;0.4
8;01.24.2015;0.5
8;01.25.2015;0.5
8;01.26.2015;0.3
8;01.27.2015;0.3
8;01.28.2015;0.4
8;01.29.2015;0.4
8;01.30.2015;0.3
8;01.31.2015;0.3
8;2.01.2015;0.4
8;2.02.2015;0.3
8;2.03.2015;0.3
8;2.04.2015;0.3
8;2.05.2015;0.3
8;2.06.2015;0.5
8;2.07.2015;0.5
8;2.08.2015;0.6
8;2.09.2015;0.5
8;2.10.2015;0.4
8;2.11.2015;0.5
8;2.12.2015;0.4
8;02.13.2015;0.4
8;02.14.2015;0.4
8;02.15.2015;0.4
8;02.16.2015;0.6
8;02.17.2015;0.9
8;02.18.2015;0.9
8;02.19.2015;0.8
8;02.20.2015;0.9
8;02.21.2015;0.8
8;02.22.2015;0.5
8;02.23.2015;0.6
8;02.24.2015;0.6
8;02.25.2015;0.7
8;02.26.2015;1.2
8;02.27.2015;0.9
8;02.28.2015;0.7
8;3.01.2015;1.4
8;3.02.2015;0.8
8;3.03.2015;1.4
8;3.04.2015;1.2
8;3.05.2015;2.5
8;3.06.2015;1.7
8;3.07.2015;2.2
8;3.08.2015;2.3
8;3.09.2015;1.8
8;3.10.2015;1.5
8;3.11.2015;1.2
8;3.12.2015;2.6
8;03.13.2015;1.5
8;03.14.2015;1.3
8;03.15.2015;1.4
8;03.16.2015;1.2
8;03.17.2015;1.3
8;03.18.2015;1.9
8;03.19.2015;1.7
8;03.20.2015;1.7
8;03.21.2015;2.1
8;03.22.2015;1.9
8;03.23.2015;1.9
8;03.24.2015;1.8
8;03.25.2015;1
8;03.26.2015;1
8;03.27.2015;1.3
8;03.28.2015;2.6
8;03.29.2015;1.9
8;03.30.2015;2.1
8;03.31.2015;1.7
8;4.01.2015;3.4
8;4.02.2015;2.4
8;4.03.2015;2.6
8;4.04.2015;1.1
8;4.05.2015;2.3
8;4.06.2015;2.2
8;4.07.2015;3.4
8;4.08.2015;2.8
8;4.09.2015;2.3
8;4.10.2015;2.9
8;4.11.2015;3
8;4.12.2015;2.4
8;04.13.2015;3.2
8;04.14.2015;2.4
8;04.15.2015;3.6
8;04.16.2015;4
8;04.17.2015;1.5
8;04.18.2015;1.1
8;04.19.2015;2
8;04.20.2015;3.1
8;04.21.2015;4.4
8;04.22.2015;3.1
8;04.23.2015;3.4
8;04.24.2015;2.6
8;04.25.2015;3
8;04.26.2015;3.1
8;04.27.2015;1.8
8;04.28.2015;1.7
8;04.29.2015;3
8;04.30.2015;2.3
8;5.01.2015;1.6
8;5.02.2015;2.2
8;5.03.2015;1.6
8;5.04.2015;2.8
8;5.05.2015;3.4
8;5.06.2015;4
8;5.07.2015;3.6
8;5.08.2015;4
8;5.09.2015;2.7
8;5.10.2015;3.6
8;5.11.2015;4
8;5.12.2015;3.1
8;05.13.2015;3.1
8;05.14.2015;2.9
8;05.15.2015;1.6
8;05.16.2015;2.1
8;05.17.2015;3
8;05.18.2015;3.4
8;05.19.2015;3.7
8;05.20.2015;2.5
8;05.21.2015;1.8
8;05.22.2015;1.6
8;05.23.2015;1.9
8;05.24.2015;2.6
8;05.25.2015;3.1
8;05.26.2015;3.7
8;05.27.2015;3.6
8;05.28.2015;4
8;05.29.2015;3.7
8;05.30.2015;4.1
8;05.31.2015;2.3
8;6.01.2015;3.8
8;6.02.2015;4.8
8;6.03.2015;4.5
8;6.04.2015;4.8
8;6.05.2015;5.2
8;6.06.2015;4.6
8;6.07.2015;6.3
8;6.08.2015;5.7
8;6.09.2015;5.2
8;6.10.2015;4.1
8;6.11.2015;4.8
8;6.12.2015;5.4
8;06.13.2015;5.8
8;06.14.2015;4
8;06.15.2015;3.3
8;06.16.2015;2.1
8;06.17.2015;3
8;06.18.2015;3.8
8;06.19.2015;2.5
8;06.20.2015;2.2
8;06.21.2015;2.9
8;06.22.2015;3.2
8;06.23.2015;1.7
8;06.24.2015;3.3
8;06.25.2015;4
8;06.26.2015;4.4
8;06.27.2015;2.7
8;06.28.2015;3.8
8;06.29.2015;3.4
8;06.30.2015;4.3
8;7.01.2015;4.9
8;7.02.2015;5
8;7.03.2015;4.9
8;7.04.2015;4.2
8;7.05.2015;5.4
8;7.06.2015;5.5
8;7.07.2015;6.1
8;7.08.2015;5.2
8;7.09.2015;3.8
8;7.10.2015;4.8
8;7.11.2015;5
8;7.12.2015;5.3
8;07.13.2015;2.7
8;07.14.2015;4.4
8;07.15.2015;5.3
8;07.16.2015;4.4
8;07.17.2015;5.7
8;07.18.2015;5.5
8;07.19.2015;6.7
8;07.20.2015;5.7
8;07.21.2015;5.5
8;07.22.2015;5.8
8;07.23.2015;4.7
8;07.24.2015;3.7
8;07.25.2015;3.5
8;07.26.2015;2
8;07.27.2015;2
8;07.28.2015;2.2
8;07.29.2015;1.8
8;07.30.2015;1.7
8;07.31.2015;3.7
8;8.01.2015;3.6
8;8.02.2015;2.8
8;8.03.2015;3.8
8;8.04.2015;4.8
8;8.05.2015;4.3
8;8.06.2015;5
8;8.07.2015;5.4
8;8.08.2015;6.2
8;8.09.2015;6.8
8;8.10.2015;6.1
8;8.11.2015;4.9
8;8.12.2015;4.9
8;08.13.2015;5.6
8;08.14.2015;4.2
8;08.15.2015;3.2
8;08.16.2015;3.2
8;08.17.2015;1.7
8;08.18.2015;3.1
8;08.19.2015;1.7
8;08.20.2015;2.2
8;08.21.2015;2.1
8;08.22.2015;3.4
8;08.23.2015;3.4
8;08.24.2015;1.8
8;08.25.2015;2
8;08.26.2015;2.5
8;08.27.2015;3.1
8;08.28.2015;4
8;08.29.2015;3.4
8;08.30.2015;4
8;08.31.2015;4.9
8;9.01.2015;4.2
8;9.02.2015;2.3
8;9.03.2015;2.1
8;9.04.2015;1.9
8;9.05.2015;1.2
8;9.06.2015;2.4
8;9.07.2015;2.5
8;9.08.2015;2.4
8;9.09.2015;2.5
8;9.10.2015;2.7
8;9.11.2015;2.2
8;9.12.2015;2.8
8;09.13.2015;2
8;09.14.2015;1.4
8;09.15.2015;3.1
8;09.16.2015;1.5
8;09.17.2015;2.2
8;09.18.2015;2.3
8;09.19.2015;1.7
8;09.20.2015;2.2
8;09.21.2015;2.2
8;09.22.2015;2.1
8;09.23.2015;1.2
8;09.24.2015;1
8;09.25.2015;1
8;09.26.2015;1.4
8;09.27.2015;1.5
8;09.28.2015;2
8;09.29.2015;2.6
8;09.30.2015;1.7
8;10.01.2015;1.7
8;10.02.2015;1.2
8;10.03.2015;1.2
8;10.04.2015;1.3
8;10.05.2015;1.5
8;10.06.2015;0.9
8;10.07.2015;0.9
8;10.08.2015;1.1
8;10.09.2015;1
8;10.10.2015;0.9
8;10.11.2015;0.8
8;10.12.2015;0.9
8;10.13.2015;0.7
8;10.14.2015;0.7
8;10.15.2015;0.7
8;10.16.2015;0.9
8;10.17.2015;0.9
8;10.18.2015;1
8;10.19.2015;0.7
8;10.20.2015;0.9
8;10.21.2015;1.1
8;10.22.2015;1.3
8;10.23.2015;1.2
8;10.24.2015;0.9
8;10.25.2015;0.7
8;10.26.2015;0.6
8;10.27.2015;0.7
8;10.28.2015;0.6
8;10.29.2015;0.6
8;10.30.2015;0.7
8;10.31.2015;1.3
8;11.01.2015;0.8
8;11.02.2015;0.7
8;11.03.2015;0.6
8;11.04.2015;1.3
8;11.05.2015;0.9
8;11.06.2015;0.5
8;11.07.2015;0.7
8;11.08.2015;0.8
8;11.09.2015;0.6
8;11.10.2015;0.8
8;11.11.2015;0.6
8;11.12.2015;0.6
8;11.13.2015;0.3
8;11.14.2015;0.4
8;11.15.2015;0.6
8;11.16.2015;0.6
8;11.17.2015;0.4
8;11.18.2015;0.6
8;11.19.2015;0.8
8;11.20.2015;0.5
8;11.21.2015;0.3
8;11.22.2015;0.2
8;11.23.2015;0.2
8;11.24.2015;0.2
8;11.25.2015;0.3
8;11.26.2015;0.2
8;11.27.2015;0.5
8;11.28.2015;0.2
8;11.29.2015;0.3
8;11.30.2015;0.2
8;12.01.2015;0.9
8;12.02.2015;0.2
8;12.03.2015;0.3
8;12.04.2015;0.3
8;12.05.2015;0.1
8;12.06.2015;0.7
8;12.07.2015;0
8;12.08.2015;0.2
8;12.09.2015;0.2
8;12.10.2015;0.2
8;12.11.2015;0.2
8;12.12.2015;0.2
8;12.13.2015;0.2
8;12.14.2015;0.3
8;12.15.2015;0.2
8;12.16.2015;0.2
8;12.17.2015;0.2
8;12.18.2015;0.2
8;12.19.2015;0.1
8;12.20.2015;0.2
8;12.21.2015;0.3
8;12.22.2015;0.4
8;12.23.2015;0.2
8;12.24.2015;0
8;12.25.2015;0.2
8;12.26.2015;0
8;12.27.2015;0
8;12.28.2015;0.1
8;12.29.2015;0.2
8;12.30.2015;0.4
8;12.31.2015;0.3
8;1.01.2016;0.2
8;1.02.2016;0.2
8;1.03.2016;0.2
8;1.04.2016;0.1
8;1.05.2016;0.2
8;1.06.2016;0.2
8;1.07.2016;0.2
8;1.08.2016;0.2
8;1.09.2016;0.2
8;1.10.2016;0.3
8;1.11.2016;0.5
8;1.12.2016;0.5
8;01.13.2016;0.1
8;01.14.2016;0.2
8;01.15.2016;0.2
8;01.16.2016;0.2
8;01.17.2016;0.6
8;01.18.2016;0.3
8;01.19.2016;0.2
8;01.20.2016;0.4
8;01.21.2016;0.4
8;01.22.2016;0.3
8;01.23.2016;0.2
8;01.24.2016;0.2
8;01.25.2016;0.6
8;01.26.2016;0.5
8;01.27.2016;0.6
8;01.28.2016;1.1
8;01.29.2016;0.9
8;01.30.2016;0.4
8;01.31.2016;0.4
8;2.01.2016;0.7
8;2.02.2016;0.7
8;2.03.2016;0.5
8;2.04.2016;0.8
8;2.05.2016;0.8
8;2.06.2016;1
8;2.07.2016;0.7
8;2.08.2016;0.5
8;2.09.2016;0.6
8;2.10.2016;0.9
8;2.11.2016;0.6
8;2.12.2016;0.3
8;02.13.2016;0.4
8;02.14.2016;0.4
8;02.15.2016;0.3
8;02.16.2016;0.3
8;02.17.2016;0.4
8;02.18.2016;0.4
8;02.19.2016;0.6
8;02.20.2016;0.8
8;02.21.2016;1
8;02.22.2016;1.2
8;02.23.2016;0.7
8;02.24.2016;1
8;02.25.2016;0.6
8;02.26.2016;0.7
8;02.27.2016;0.6
8;02.28.2016;0.6
8;02.29.2016;0.7
8;3.01.2016;1
8;3.02.2016;1
8;3.03.2016;0.7
8;3.04.2016;1.4
8;3.05.2016;0.9
8;3.06.2016;1
8;3.07.2016;0.5
8;3.08.2016;0.8
8;3.09.2016;0.8
8;3.10.2016;1.4
8;3.11.2016;1.1
8;3.12.2016;1.5
8;03.13.2016;1.4
8;03.14.2016;2.6
8;03.15.2016;0.9
8;03.16.2016;0.9
8;03.17.2016;1.7
8;03.18.2016;2.2
8;03.19.2016;2.2
8;03.20.2016;2
8;03.21.2016;1.5
8;03.22.2016;1.6
8;03.23.2016;1.8
8;03.24.2016;2.4
8;03.25.2016;1.5
8;03.26.2016;1.7
8;03.27.2016;1.5
8;03.28.2016;1.2
8;03.29.2016;2
8;03.30.2016;1.5
8;03.31.2016;2.3
8;4.01.2016;2.2
8;4.02.2016;1.9
8;4.03.2016;2.2
8;4.04.2016;2.8
8;4.05.2016;3.3
8;4.06.2016;2.6
8;4.07.2016;2.7
8;4.08.2016;1.2
8;4.09.2016;1.2
8;4.10.2016;1.7
8;4.11.2016;2.4
8;4.12.2016;3.4
8;04.13.2016;3.2
8;04.14.2016;1.9
8;04.15.2016;2.7
8;04.16.2016;3.7
8;04.17.2016;3.2
8;04.18.2016;2.6
8;04.19.2016;2.2
8;04.20.2016;2.9
8;04.21.2016;2.8
8;04.22.2016;3
8;04.23.2016;1.9
8;04.24.2016;1.5
8;04.25.2016;2.2
8;04.26.2016;1.4
8;04.27.2016;0.9
8;04.28.2016;1.2
8;04.29.2016;2.1
8;04.30.2016;3.1
8;5.01.2016;1.3
8;5.02.2016;1.9
8;5.03.2016;4.2
8;5.04.2016;5
8;5.05.2016;2.7
8;5.06.2016;3.4
8;5.07.2016;4
8;5.08.2016;3.4
8;5.09.2016;3
8;5.10.2016;1.7
8;5.11.2016;1.8
8;5.12.2016;2
8;05.13.2016;1.8
8;05.14.2016;1.9
8;05.15.2016;1.4
8;05.16.2016;2.3
8;05.17.2016;2.3
8;05.18.2016;3
8;05.19.2016;2
8;05.20.2016;3.3
8;05.21.2016;3.8
8;05.22.2016;4.7
8;05.23.2016;2.7
8;05.24.2016;2.5
8;05.25.2016;4.2
8;05.26.2016;4.7
8;05.27.2016;4.7
8;05.28.2016;5.7
8;05.29.2016;4
8;05.30.2016;2.4
8;05.31.2016;3
8;6.01.2016;2.5
8;6.02.2016;3
8;6.03.2016;3.4
8;6.04.2016;4.3
8;6.05.2016;3.8
8;6.06.2016;3.2
8;6.07.2016;3.9
8;6.08.2016;3.2
8;6.09.2016;1.9
8;6.10.2016;3
8;6.11.2016;2.2
8;6.12.2016;2.4
8;06.13.2016;3
8;06.14.2016;3.5
8;06.15.2016;3.1
8;06.16.2016;2.8
8;06.17.2016;4.5
8;06.18.2016;5
8;06.19.2016;2.8
8;06.20.2016;2.6
8;06.21.2016;3.5
8;06.22.2016;4.9
8;06.23.2016;5
8;06.24.2016;5.2
8;06.25.2016;4.2
8;06.26.2016;3.4
8;06.27.2016;3.1
8;06.28.2016;4.6
8;06.29.2016;5.1
8;06.30.2016;4.5
8;7.01.2016;5
8;7.02.2016;5.2
8;7.03.2016;2.1
8;7.04.2016;4.3
8;7.05.2016;4.9
8;7.06.2016;4.3
8;7.07.2016;4.4
8;7.08.2016;3.4
8;7.09.2016;3.9
8;7.10.2016;5.5
8;7.11.2016;5.1
8;7.12.2016;5
8;07.13.2016;3.7
8;07.14.2016;3.4
8;07.15.2016;2.6
8;07.16.2016;2.9
8;07.17.2016;3.6
8;07.18.2016;4.7
8;07.19.2016;3.9
8;07.20.2016;5.3
8;07.21.2016;4.6
8;07.22.2016;4.9
8;07.23.2016;5.1
8;07.24.2016;4.4
8;07.25.2016;3.8
8;07.26.2016;3.2
8;07.27.2016;3.7
8;07.28.2016;2.5
8;07.29.2016;4.6
8;07.30.2016;4.6
8;07.31.2016;5.1
8;8.01.2016;2
8;8.02.2016;3.6
8;8.03.2016;4.5
8;8.04.2016;4.8
8;8.05.2016;3.1
8;8.06.2016;3.1
8;8.07.2016;4.5
8;8.08.2016;4.6
8;8.09.2016;3.6
8;8.10.2016;1.7
8;8.11.2016;2.8
8;8.12.2016;2.8
8;08.13.2016;3.8
8;08.14.2016;4
8;08.15.2016;3.8
8;08.16.2016;3.3
8;08.17.2016;2.4
8;08.18.2016;2.6
8;08.19.2016;2.5
8;08.20.2016;3.1
8;08.21.2016;1.7
8;08.22.2016;4
8;08.23.2016;4.2
8;08.24.2016;3.9
8;08.25.2016;4.1
8;08.26.2016;4.2
8;08.27.2016;3.6
8;08.28.2016;4
8;08.29.2016;3.2
8;08.30.2016;3.6
8;08.31.2016;3.3
8;9.01.2016;3
8;9.02.2016;3.1
8;9.03.2016;2.7
8;9.04.2016;2.6
8;9.05.2016;2.2
8;9.06.2016;2.2
8;9.07.2016;3.2
8;9.08.2016;3.5
8;9.09.2016;4.2
8;9.10.2016;4
8;9.11.2016;3.6
8;9.12.2016;3
8;09.13.2016;3.3
8;09.14.2016;2.7
8;09.15.2016;2.1
8;09.16.2016;1.6
8;09.17.2016;1.7
8;09.18.2016;1.5
8;09.19.2016;2.3
8;09.20.2016;1.6
8;09.21.2016;1.7
8;09.22.2016;2
8;09.23.2016;1.8
8;09.24.2016;1.9
8;09.25.2016;2
8;09.26.2016;1.6
8;09.27.2016;1.9
8;09.28.2016;1.5
8;09.29.2016;1.8
8;09.30.2016;2.1
8;10.01.2016;2.4
8;10.02.2016;1
8;10.03.2016;1.4
8;10.04.2016;1.3
8;10.05.2016;1.9
8;10.06.2016;1.2
8;10.07.2016;0.9
8;10.08.2016;0.9
8;10.09.2016;1
8;10.10.2016;0.7
8;10.11.2016;0.9
8;10.12.2016;1.2
8;10.13.2016;0.7
8;10.14.2016;0.7
8;10.15.2016;0.8
8;10.16.2016;0.8
8;10.17.2016;0.9
8;10.18.2016;0.7
8;10.19.2016;0.8
8;10.20.2016;0.7
8;10.21.2016;0.6
8;10.22.2016;0.7
8;10.23.2016;0.7
8;10.24.2016;0.7
8;10.25.2016;1
8;10.26.2016;0.7
8;10.27.2016;1
8;10.28.2016;0.7
8;10.29.2016;0.6
8;10.30.2016;0.8
8;10.31.2016;0.6
8;11.01.2016;0.6
8;11.02.2016;0.7
8;11.03.2016;0.5
8;11.04.2016;0.4
8;11.05.2016;0.5
8;11.06.2016;0.7
8;11.07.2016;0.5
8;11.08.2016;0.4
8;11.09.2016;0.4
8;11.10.2016;0.4
8;11.11.2016;0.4
8;11.12.2016;0.5
8;11.13.2016;0.4
8;11.14.2016;0.3
8;11.15.2016;0.5
8;11.16.2016;0.4
8;11.17.2016;0.8
8;11.18.2016;0.5
8;11.19.2016;0.4
8;11.20.2016;0.6
8;11.21.2016;0.4
8;11.22.2016;0.4
8;11.23.2016;0.3
8;11.24.2016;0.4
8;11.25.2016;0.4
8;11.26.2016;0.3
8;11.27.2016;0.3
8;11.28.2016;0.9
8;11.29.2016;0.3
8;11.30.2016;0.1
8;12.01.2016;0.2
8;12.02.2016;0.3
8;12.03.2016;0.1
8;12.04.2016;0.2
8;12.05.2016;0.3
8;12.06.2016;0
8;12.07.2016;0.2
8;12.08.2016;0.1
8;12.09.2016;0.2
8;12.10.2016;0
8;12.11.2016;0.4
8;12.12.2016;0.3
8;12.13.2016;0.2
8;12.14.2016;0.4
8;12.15.2016;0.2
8;12.16.2016;0.4
8;12.17.2016;0.1
8;12.18.2016;0.2
8;12.19.2016;0.3
8;12.20.2016;0.2
8;12.21.2016;0.2
8;12.22.2016;0.2
8;12.23.2016;0.1
8;12.24.2016;0.2
8;12.25.2016;0.2
8;12.26.2016;0.3
8;12.27.2016;0.2
8;12.28.2016;1.2
8;12.29.2016;0.2
8;12.30.2016;0.1
8;12.31.2016;0.2
8;8.01.2017;0.1
8;8.02.2017;0.6
8;8.03.2017;0.3
8;8.04.2017;0.3
8;8.05.2017;1.4
8;8.06.2017;1.8
8;8.07.2017;0.2
8;8.08.2017;0.2
8;8.09.2017;0.2
8;8.10.2017;0.5
8;8.11.2017;0.2
8;8.12.2017;0.7
8;08.13.2017;0.5
8;08.14.2017;0.2
8;08.15.2017;0.1
8;08.16.2017;0.3
8;08.17.2017;0.9
8;08.18.2017;0.6
8;08.19.2017;0.6
8;08.20.2017;0.3
8;08.21.2017;0.3
8;08.22.2017;0.2
8;08.23.2017;0.3
8;08.24.2017;0.3
8;08.25.2017;0.4
8;08.26.2017;0.6
8;08.27.2017;0.6
8;08.28.2017;0.3
8;08.29.2017;0.3
8;08.30.2017;0.3
8;08.31.2017;0.3
8;9.01.2017;0.4
8;9.02.2017;0.5
8;9.03.2017;0.4
8;9.04.2017;0.5
8;9.05.2017;0.4
8;9.06.2017;0.5
8;9.07.2017;0.4
8;9.08.2017;0.5
8;9.09.2017;0.5
8;9.10.2017;0.4
8;9.11.2017;0.4
8;9.12.2017;0.4
8;09.13.2017;0.4
8;09.14.2017;0.6
8;09.15.2017;0.7
8;09.16.2017;1.1
8;09.17.2017;1.2
8;09.18.2017;0.9
8;09.19.2017;0.9
8;09.20.2017;1
8;09.21.2017;0.8
8;09.22.2017;1
8;09.23.2017;1
8;09.24.2017;0.8
8;09.25.2017;1.1
8;09.26.2017;1.2
8;09.27.2017;1.9
8;09.28.2017;1.2
8;09.29.2017;1.1
8;09.30.2017;1.3
8;10.01.2017;1.2
8;10.02.2017;1.2
8;10.03.2017;1
8;10.04.2017;1.2
8;10.05.2017;2.3
8;10.06.2017;2.2
8;10.07.2017;1.8
8;10.08.2017;3.4
8;10.09.2017;2.9
8;10.10.2017;1.9
8;10.11.2017;1.9
8;10.12.2017;1.9
8;10.13.2017;2
8;10.14.2017;2.2
8;10.15.2017;2.6
8;10.16.2017;1.9
8;10.17.2017;1.4
8;10.18.2017;2.6
8;10.19.2017;2.6
8;10.20.2017;0.8
8;10.21.2017;1.9
8;10.22.2017;2.3
8;10.23.2017;2.5
8;10.24.2017;1.4
8;10.25.2017;2.9
8;10.26.2017;2.8
8;10.27.2017;3.2
8;10.28.2017;3.4
8;10.29.2017;3.5
8;10.30.2017;3.4
8;10.31.2017;3
8;11.02.2017;4.3
8;11.03.2017;2.9
8;11.04.2017;2
8;11.05.2017;3
8;11.06.2017;2.8
8;11.07.2017;3.9
8;11.08.2017;3.5
8;11.09.2017;3.9
8;11.10.2017;1.9
8;11.11.2017;2.8
8;11.12.2017;3.1
8;11.13.2017;3.6
8;11.14.2017;1.5
8;11.15.2017;2.2
8;11.16.2017;2.3
8;11.17.2017;1.1
8;11.18.2017;2.6
8;11.19.2017;4.1
8;11.20.2017;3.1
8;11.21.2017;3.1
8;11.22.2017;1.4
8;11.23.2017;1.4
8;11.24.2017;2.2
8;11.25.2017;1.3
8;11.26.2017;1
8;11.27.2017;2.8
8;11.28.2017;3
8;11.29.2017;3.6
8;11.30.2017;3.2
8;12.01.2017;3.5
8;12.02.2017;3.1
8;12.03.2017;2.2
8;12.04.2017;2.5
8;12.05.2017;3.6
8;12.06.2017;3
8;12.07.2017;3.4
8;12.08.2017;2.4
8;12.09.2017;2.9
8;12.10.2017;1.8
8;12.11.2017;3.5
8;12.12.2017;3.5
8;12.13.2017;4.1
8;12.14.2017;2.2
8;12.15.2017;4.6
8;12.16.2017;3
8;12.17.2017;5
8;12.18.2017;5.4
8;12.19.2017;2.1
8;12.20.2017;4.6
8;12.21.2017;5
8;12.22.2017;5.1
8;12.23.2017;3.3
8;12.24.2017;4.2
8;12.25.2017;4.9
8;12.26.2017;4.8
8;12.27.2017;5.2
8;12.28.2017;5.3
8;12.29.2017;4.6
8;12.30.2017;5
8;12.31.2017;5.2
8;1.01.2018;4.7
8;1.02.2018;4.1
8;1.03.2018;5.5
8;1.04.2018;3.1
8;1.05.2018;2.7
8;1.06.2018;1.3
8;1.07.2018;4.6
8;1.08.2018;5.1
8;1.09.2018;5
8;1.10.2018;5.5
8;1.11.2018;5.6
8;1.12.2018;5.2
8;01.13.2018;2.7
8;01.14.2018;5.1
8;01.15.2018;3.9
8;01.16.2018;4.9
8;01.17.2018;5.5
8;01.18.2018;5.5
8;01.19.2018;6.4
8;01.20.2018;6
8;01.21.2018;6
8;01.22.2018;5.7
8;01.23.2018;5
8;01.24.2018;1.7
8;01.25.2018;5.6
8;01.26.2018;3.3
8;01.27.2018;2.8
8;01.28.2018;4
8;01.29.2018;4.6
8;01.30.2018;4.8
8;01.31.2018;3
8;2.01.2018;4.6
8;2.02.2018;5.1
8;2.03.2018;5.1
8;2.04.2018;5.9
8;2.05.2018;5.2
8;2.06.2018;5.1
8;2.07.2018;6.3
8;2.08.2018;6.4
8;2.09.2018;5.2
8;2.10.2018;5.1
8;2.11.2018;3.5
8;2.12.2018;3.2
8;02.13.2018;5.1
8;02.14.2018;4
8;02.15.2018;5.1
8;02.16.2018;5.3
8;02.17.2018;5.6
8;02.18.2018;5.6
8;02.19.2018;5.3
8;02.20.2018;5.9
8;02.21.2018;5.6
8;02.22.2018;1.8
8;02.23.2018;4.5
8;02.24.2018;3.1
8;02.25.2018;4
8;02.26.2018;5.3
8;02.27.2018;4.8
8;02.28.2018;4.3
8;3.01.2018;5.5
8;3.02.2018;5.5
8;3.03.2018;6.1
8;3.04.2018;5.4
8;3.05.2018;5.4
8;3.06.2018;5.5
8;3.07.2018;4.1
8;3.08.2018;4.4
8;3.09.2018;4.5
8;3.10.2018;4.6
8;3.11.2018;2.6
8;3.12.2018;4
8;03.13.2018;2.8
8;03.14.2018;4.5
8;03.15.2018;4.3
8;03.16.2018;4.5
8;03.17.2018;4.3
8;03.18.2018;4.4
8;03.19.2018;4.3
8;03.20.2018;2.3
8;03.21.2018;3.2
8;03.22.2018;3.7
8;03.23.2018;3.4
8;03.24.2018;3.4
8;03.25.2018;3.8
8;03.26.2018;4.6
8;03.27.2018;4
8;03.28.2018;4.5
8;03.29.2018;3.3
8;03.30.2018;3.6
8;03.31.2018;4.3
8;4.01.2018;1.9
8;4.02.2018;2.6
8;4.03.2018;3
8;4.04.2018;3.1
8;4.05.2018;2.5
8;4.06.2018;1.6
8;4.07.2018;2.5
8;4.08.2018;1.5
8;4.09.2018;2.3
8;4.10.2018;2
8;4.11.2018;2.2
8;4.12.2018;0.9
8;04.13.2018;2.3
8;04.14.2018;1.9
8;04.15.2018;2
8;04.16.2018;2
8;04.17.2018;1.7
8;04.18.2018;1.9
8;04.19.2018;1.6
8;04.20.2018;1.4
8;04.21.2018;1.5
8;04.22.2018;1.4
8;04.23.2018;1.5
8;04.24.2018;1.5
8;04.25.2018;1.6
8;04.26.2018;1.4
8;04.27.2018;1.3
8;04.28.2018;1.5
8;04.29.2018;1.5
8;04.30.2018;1.6
8;5.01.2018;1.6
8;5.02.2018;1.5
8;5.03.2018;1.3
8;5.04.2018;0.6
8;5.05.2018;1.6
8;5.06.2018;3
8;5.07.2018;0.9
8;5.08.2018;1
8;5.09.2018;2
8;5.10.2018;1.1
8;5.11.2018;1.9
8;5.12.2018;1.1
8;05.13.2018;0.8
8;05.14.2018;1
8;05.15.2018;1
8;05.16.2018;0.7
8;05.17.2018;1
8;05.18.2018;0.6
8;05.19.2018;0.7
8;05.20.2018;0.4
8;05.21.2018;0.5
8;05.22.2018;0.5
8;05.23.2018;0.4
8;05.24.2018;0.7
8;05.25.2018;0.6
8;05.26.2018;0.6
8;05.27.2018;0.5
8;05.28.2018;0.4
8;05.29.2018;0.5
8;05.30.2018;0.4
8;05.31.2018;0.3
8;6.01.2018;0.3
8;6.02.2018;0.5
8;6.03.2018;0.9
8;6.04.2018;1
8;6.05.2018;0.5
8;6.06.2018;0.7
8;6.07.2018;0.3
8;6.08.2018;0.2
8;6.09.2018;0.4
8;6.10.2018;0.3
8;6.11.2018;0.3
8;6.12.2018;0.3
8;06.13.2018;0.2
8;06.14.2018;0.2
8;06.15.2018;0.1
8;06.16.2018;0.2
8;06.17.2018;0.1
8;06.18.2018;0.2
8;06.19.2018;0.3
8;06.20.2018;0.5
8;06.21.2018;0.3
8;06.22.2018;1.4
8;06.23.2018;0.9
8;06.24.2018;0.4
8;06.25.2018;0.4
8;06.26.2018;0.6
8;06.27.2018;0.2
8;06.28.2018;0.2
8;06.29.2018;0.2
8;06.30.2018;0.2
8;7.01.2018;0.1
8;7.02.2018;0.1
8;7.03.2018;0.1
8;7.04.2018;0.2
8;7.05.2018;0.1
8;7.06.2018;0.1
8;7.07.2018;0.4
8;7.08.2018;0.4
8;7.09.2018;0.3
8;7.10.2018;0.2
8;7.11.2018;0.2
8;7.12.2018;0.3
8;07.13.2018;0.4
8;07.14.2018;0.2
8;07.15.2018;0.4
8;07.16.2018;0.2
8;07.17.2018;0.5
8;07.18.2018;0.5
8;07.19.2018;0.4
8;07.20.2018;0.3
8;07.21.2018;0.4
8;07.22.2018;0.3
8;07.23.2018;0.4
8;07.24.2018;0.3
8;07.25.2018;0.4
8;07.26.2018;0.5
8;07.27.2018;0.4
8;07.28.2018;0.5
8;07.29.2018;1
8;07.30.2018;0.9
8;07.31.2018;0.6
8;8.01.2018;0.3
8;8.02.2018;1.4
8;8.03.2018;0.4
8;8.04.2018;0.5
8;8.05.2018;0.5
8;8.06.2018;0.6
8;8.07.2018;0.8
8;8.08.2018;0.6
8;8.09.2018;0.3
8;8.10.2018;0.4
8;8.11.2018;0.6
8;8.12.2018;0.7
8;08.13.2018;0.6
8;08.14.2018;0.4
8;08.15.2018;0.3
8;08.16.2018;0.4
8;08.17.2018;0.5
8;08.18.2018;0.4
8;08.19.2018;0.4
8;08.20.2018;0.4
8;08.21.2018;0.4
8;08.22.2018;0.5
8;08.23.2018;0.6
8;08.24.2018;0.3
8;08.25.2018;0.5
8;08.26.2018;0.5
8;08.27.2018;0.6
8;08.28.2018;0.7
8;08.29.2018;0.7
8;08.30.2018;0.5
8;08.31.2018;0.7
8;9.01.2018;0.6
8;9.02.2018;0.8
8;9.03.2018;0.7
8;9.04.2018;0.5
8;9.05.2018;0.7
8;9.06.2018;1.2
8;9.07.2018;0.6
8;9.08.2018;0.7
8;9.09.2018;0.6
8;9.10.2018;0.5
8;9.11.2018;0.4
8;9.12.2018;0.5
8;09.13.2018;0.6
8;09.14.2018;0.5
8;09.15.2018;0.7
8;09.16.2018;1
8;09.17.2018;1.2
8;09.18.2018;1.7
8;09.19.2018;1.2
8;09.20.2018;0.5
8;09.21.2018;1.2
8;09.22.2018;1.6
8;09.23.2018;1.4
8;09.24.2018;1.1
8;09.25.2018;0.8
8;09.26.2018;0.5
8;09.27.2018;0.7
8;09.28.2018;0.7
8;09.29.2018;0.8
8;09.30.2018;1.7
8;10.01.2018;2
8;10.02.2018;1.7
8;10.03.2018;2
8;10.04.2018;1.3
8;10.05.2018;1.8
8;10.06.2018;1.6
8;10.07.2018;2.4
8;10.08.2018;0.7
8;10.09.2018;1.2
8;10.10.2018;0.9
8;10.11.2018;2.4
8;10.12.2018;2.9
8;10.13.2018;3.3
8;10.14.2018;1.4
8;10.15.2018;1.8
8;10.16.2018;2.5
8;10.17.2018;2.8
8;10.18.2018;3.3
8;10.19.2018;3.1
8;10.20.2018;1.7
8;10.21.2018;2.5
8;10.22.2018;0.8
8;10.23.2018;2.7
8;10.24.2018;3.6
8;10.25.2018;1.6
8;10.26.2018;2.1
8;10.27.2018;2.4
8;10.28.2018;4
8;10.29.2018;3.9
8;10.30.2018;4
8;10.31.2018;4.2
8;11.01.2018;4.4
8;11.02.2018;4.2
8;11.03.2018;3.4
8;11.04.2018;4.6
8;11.05.2018;2.5
8;11.06.2018;3.4
8;11.07.2018;3.7
8;11.08.2018;4
8;11.09.2018;4.4
8;11.10.2018;3.1
8;11.11.2018;3.8
8;11.12.2018;4.3
8;11.13.2018;1.5
8;11.14.2018;3.1
8;11.15.2018;4.4
8;11.16.2018;4.3
8;11.17.2018;4.2
8;11.18.2018;3.2
8;11.19.2018;3.6
8;11.20.2018;2.1
8;11.21.2018;3.6
8;11.22.2018;4.2
8;11.23.2018;2.4
8;11.24.2018;2.3
8;11.25.2018;3.1
8;11.26.2018;2.9
8;11.27.2018;3.4
8;11.28.2018;4
8;11.29.2018;3.1
8;11.30.2018;4.4
8;12.01.2018;2
8;12.02.2018;3.2
8;12.03.2018;3.8
8;12.04.2018;4
8;12.05.2018;3.9
8;12.06.2018;4.2
8;12.07.2018;4.6
8;12.08.2018;3
8;12.09.2018;4.3
8;12.10.2018;4.8
8;12.11.2018;4.2
8;12.12.2018;5.4
8;12.13.2018;5.1
8;12.14.2018;5.4
8;12.15.2018;4.4
8;12.16.2018;3.5
8;12.17.2018;3.3
8;12.18.2018;4.6
8;12.19.2018;4.7
8;12.20.2018;5.3
8;12.21.2018;4.4
8;12.22.2018;3.3
8;12.23.2018;3.3
8;12.24.2018;3.7
8;12.25.2018;4.4
8;12.26.2018;4.1
8;12.27.2018;4.8
8;12.28.2018;5.4
8;12.29.2018;5.4
8;12.30.2018;5.9
8;12.31.2018;1.9
8;1.01.2019;4.7
8;1.02.2019;3.8
8;1.03.2019;2.5
8;1.04.2019;4.4
8;1.05.2019;4
8;1.06.2019;2.8
8;1.07.2019;4.3
8;1.08.2019;5.2
8;1.09.2019;4
8;1.10.2019;2.6
8;1.11.2019;3.8
8;1.12.2019;3.8
8;01.13.2019;4.9
8;01.14.2019;3.4
8;01.15.2019;5.4
8;01.16.2019;4.1
8;01.17.2019;3.8
8;01.18.2019;4.2
8;01.19.2019;1
8;01.20.2019;3.6
8;01.21.2019;4.5
8;01.22.2019;4.3
8;01.23.2019;2.9
8;01.24.2019;4
8;01.25.2019;5.5
8;01.26.2019;5.7
8;01.27.2019;5.7
8;01.28.2019;4.3
8;01.29.2019;3.1
8;01.30.2019;3.2
8;01.31.2019;2.9
8;2.01.2019;5
8;2.02.2019;5.3
8;2.03.2019;3.9
8;2.04.2019;4.4
8;2.05.2019;5.2
8;2.06.2019;4.9
8;2.07.2019;5
8;2.08.2019;5.4
8;2.09.2019;5.4
8;2.10.2019;4.1
8;2.11.2019;4.6
8;2.12.2019;4.9
8;02.13.2019;4.8
8;02.14.2019;4.9
8;02.15.2019;5.1
8;02.16.2019;4.7
8;02.17.2019;4.9
8;02.18.2019;4.6
8;02.19.2019;3.7
8;02.20.2019;4.3
8;02.21.2019;4.9
8;02.22.2019;3
8;02.23.2019;3.1
8;02.24.2019;4.3
8;02.25.2019;4.3
8;02.26.2019;4.3
8;02.27.2019;4.6
8;02.28.2019;4.3
8;3.01.2019;4.4
8;3.02.2019;4.2
8;3.03.2019;4.6
8;3.04.2019;3.3
8;3.05.2019;1.1
8;3.06.2019;1
8;3.07.2019;3.5
8;3.08.2019;3.5
8;3.09.2019;3.6
8;3.10.2019;3.8
8;3.11.2019;1.3
8;3.12.2019;1.1
8;03.13.2019;2.3
8;03.14.2019;1.4
8;03.15.2019;2.6
8;03.16.2019;3.5
8;03.17.2019;3.1
8;03.18.2019;2.4
8;03.19.2019;3
8;03.20.2019;3.1
8;03.21.2019;3.2
8;03.22.2019;3.2
8;03.23.2019;3.3
8;03.24.2019;2.7
8;03.25.2019;2.9
8;03.26.2019;2
8;03.27.2019;2.8
8;03.28.2019;2.8
8;03.29.2019;2.9
8;03.30.2019;2.9
8;03.31.2019;2.6
8;4.01.2019;2.7
8;4.02.2019;1.1
8;4.03.2019;0.9
8;4.04.2019;2.7
8;4.05.2019;2.2
8;4.06.2019;2
8;4.07.2019;2
8;4.08.2019;2.2
8;4.09.2019;2.2
8;4.10.2019;1.9
8;4.11.2019;1.4
8;4.12.2019;1.4
8;04.13.2019;1.7
8;04.14.2019;1.8
8;04.15.2019;1.8
8;04.16.2019;1.2
8;04.17.2019;1.2
8;04.18.2019;1.3
8;04.19.2019;1.5
8;04.20.2019;1.8
8;04.21.2019;1.6
8;04.22.2019;1.5
8;04.23.2019;1.7
8;04.24.2019;1.4
8;04.25.2019;0.7
8;04.26.2019;0.9
8;04.27.2019;1.1
8;04.28.2019;1.3
8;04.29.2019;1.2
8;04.30.2019;1.1
8;5.01.2019;0.7
8;5.02.2019;1.2
8;5.03.2019;1
8;5.04.2019;2.4
8;5.05.2019;0.9
8;5.06.2019;0.8
8;5.07.2019;1.4
8;5.08.2019;0.7
8;5.09.2019;1
8;5.10.2019;1.4
8;5.11.2019;0.8
8;5.12.2019;0.5
8;05.13.2019;0.5
8;05.14.2019;0.8
8;05.15.2019;0.8
8;05.16.2019;0.6
8;05.17.2019;0.5
8;05.18.2019;0.7
8;05.19.2019;0.6
8;05.20.2019;0.6
8;05.21.2019;0.8
8;05.22.2019;1.1
8;05.23.2019;1.3
8;05.24.2019;0.7
8;05.25.2019;0.6
8;05.26.2019;0.6
8;05.27.2019;0.7
8;05.28.2019;1
8;05.29.2019;0.5
8;05.30.2019;0.4
8;05.31.2019;0.3
8;6.01.2019;0.3
8;6.02.2019;0.4
8;6.03.2019;0.4
8;6.04.2019;0.5
8;6.05.2019;0.5
8;6.06.2019;0.4
8;6.07.2019;0.4
8;6.08.2019;0.4
8;6.09.2019;0.3
8;6.10.2019;0.3
8;6.11.2019;0.2
8;6.12.2019;0.3
8;06.13.2019;0.6
8;06.14.2019;0.5
8;06.15.2019;0.5
8;06.16.2019;0.3
8;06.17.2019;0.3
8;06.18.2019;0.5
8;06.19.2019;0.3
8;06.20.2019;0.2
8;06.21.2019;0.7
8;06.22.2019;0.3
8;06.23.2019;0.3
8;06.24.2019;0.4
8;06.25.2019;0.2
8;06.26.2019;0.3
8;06.27.2019;0.2
8;06.28.2019;0.2
8;06.29.2019;0.3
8;06.30.2019;0.3
8;7.01.2019;0.4
8;7.02.2019;0.5
8;7.03.2019;0.2
8;7.04.2019;1.3
8;7.05.2019;0.2
8;7.06.2019;0.3
8;7.07.2019;0.1
8;7.08.2019;0.3
8;7.09.2019;0.2
8;7.10.2019;0.6
8;7.11.2019;0.5
8;7.12.2019;0.2
8;07.13.2019;1.4
8;07.14.2019;1.4
8;07.15.2019;0.5
8;07.16.2019;0.4
8;07.17.2019;0.6
8;07.18.2019;0.3
8;07.19.2019;0.3
8;07.20.2019;0.3
8;07.21.2019;0.3
8;07.22.2019;0.3
8;07.23.2019;0.3
8;07.24.2019;0.4
8;07.25.2019;1.3
8;07.26.2019;1.4
8;07.27.2019;0.7
8;07.28.2019;0.7
8;07.29.2019;0.4
8;07.30.2019;0.4
8;07.31.2019;0.2
8;8.01.2019;0.4
8;8.02.2019;0.4
8;8.03.2019;0.3
8;8.04.2019;0.3
8;8.05.2019;0.3
8;8.06.2019;0.3
8;8.07.2019;0.3
8;8.08.2019;0.3
8;8.09.2019;0.3
8;8.10.2019;0.4
8;8.11.2019;0.4
8;8.12.2019;0.3
8;08.13.2019;0.4
8;08.14.2019;0.8
8;08.15.2019;0.7
8;08.16.2019;0.5
8;08.17.2019;0.6
8;08.18.2019;0.5
8;08.19.2019;0.6
8;08.20.2019;0.9
8;08.21.2019;0.7
8;08.22.2019;1.1
8;08.23.2019;1.5
8;08.24.2019;0.9
8;08.25.2019;1
8;08.26.2019;1
8;08.27.2019;1
8;08.28.2019;1.1
8;08.29.2019;1.2
8;08.30.2019;1.4
8;08.31.2019;1.1
8;9.01.2019;1.1
8;9.02.2019;2.3
8;9.03.2019;2.4
8;9.04.2019;1
8;9.05.2019;1.3
8;9.06.2019;2.7
8;9.07.2019;2.5
8;9.08.2019;2.1
8;9.09.2019;1.5
8;9.10.2019;1.4
8;9.11.2019;1.9
8;9.12.2019;1.8
8;09.13.2019;1.4
8;09.14.2019;1.8
8;09.15.2019;1.4
8;09.16.2019;1.9
8;09.17.2019;2
8;09.18.2019;1.4
8;09.19.2019;0.8
8;09.20.2019;1.9
8;09.21.2019;1.2
8;09.22.2019;1.8
8;09.23.2019;2
8;09.24.2019;1.7
8;09.25.2019;1.5
8;09.26.2019;0.7
8;09.27.2019;0.9
8;09.28.2019;2.2
8;09.29.2019;2.1
8;09.30.2019;2.3
8;10.01.2019;2.5
8;10.02.2019;2.7
8;10.03.2019;1.9
8;10.04.2019;2.3
8;10.05.2019;1.5
8;10.06.2019;2
8;10.07.2019;2.3
8;10.08.2019;2.6
8;10.09.2019;3.2
8;10.10.2019;2.9
8;10.11.2019;2.6
8;10.12.2019;1.6
8;10.13.2019;2.1
8;10.14.2019;1.1
8;10.15.2019;1.1
8;10.16.2019;2
8;10.17.2019;2
8;10.18.2019;1.1
8;10.19.2019;1.1
8;10.20.2019;0.8
8;10.21.2019;0.7
8;10.22.2019;1.4
8;10.23.2019;1.1
8;10.24.2019;3
8;10.25.2019;3
8;10.26.2019;3.6
8;10.27.2019;3.3
8;10.28.2019;3.5
8;10.29.2019;3.8
8;10.30.2019;3.9
8;10.31.2019;4.2
8;11.01.2019;0.8
8;11.02.2019;1.7
8;11.03.2019;4.2
8;11.04.2019;2.6
8;11.05.2019;2.4
8;11.06.2019;0.9
8;11.07.2019;1.8
8;11.08.2019;2.2
8;11.09.2019;3.9
8;11.10.2019;4.1
8;11.11.2019;1.2
8;11.12.2019;1.3
8;11.13.2019;1.2
8;11.14.2019;2.3
8;11.15.2019;3
8;11.16.2019;2.5
8;11.17.2019;1.1
8;11.18.2019;3.4
8;11.19.2019;2.9
8;11.20.2019;1.8
8;11.21.2019;1.6
8;11.22.2019;1.7
8;11.23.2019;0.9
8;11.24.2019;2.3
8;11.25.2019;2.9
8;11.26.2019;1.9
8;11.27.2019;2
8;11.28.2019;1.5
8;11.29.2019;1.5
8;11.30.2019;3
8;12.01.2019;3.6
8;12.02.2019;4.5
8;12.03.2019;3.5
8;12.04.2019;3.1
8;12.05.2019;1.1
8;12.06.2019;1.9
8;12.07.2019;1.2
8;12.08.2019;2.1
8;12.09.2019;3.8
8;12.10.2019;4.2
8;12.11.2019;4.4
8;12.12.2019;4.9
8;12.13.2019;5.1
8;12.14.2019;4.9
8;12.15.2019;5
8;12.16.2019;5.3
8;12.17.2019;5.9
8;12.18.2019;5.5
8;12.19.2019;4.7
8;12.20.2019;3.8
8;12.21.2019;5.6
8;12.22.2019;5.9
8;12.23.2019;6
8;12.24.2019;4.7
8;12.25.2019;6
8;12.26.2019;4.5
8;12.27.2019;4
8;12.28.2019;3.9
8;12.29.2019;5.1
8;12.30.2019;4.2
8;12.31.2019;2.3
8;1.01.2020;3
8;1.02.2020;5.1
8;1.03.2020;5.5
8;1.04.2020;5.8
8;1.05.2020;6
8;1.06.2020;6
8;1.07.2020;5.5
8;1.08.2020;5.8
8;1.09.2020;6.4
8;1.10.2020;5.2
8;1.11.2020;4.9
8;1.12.2020;3.4
8;01.13.2020;5.3
8;01.14.2020;6
8;01.15.2020;4
8;01.16.2020;3.4
8;01.17.2020;2.4
8;01.18.2020;4.9
8;01.19.2020;4.1
8;01.20.2020;4.4
8;01.21.2020;4.4
8;01.22.2020;3.9
8;01.23.2020;4.3
8;01.24.2020;4.9
8;01.25.2020;5.3
8;01.26.2020;4.4
8;01.27.2020;5.3
8;01.28.2020;5.7
8;01.29.2020;4.7
8;01.30.2020;4.8
8;01.31.2020;5.6
8;2.01.2020;5.8
8;2.02.2020;5.2
8;2.03.2020;5.4
8;2.04.2020;4.1
8;2.05.2020;1.2
8;2.06.2020;2.9
8;2.07.2020;5.1
8;2.08.2020;5.2
8;2.09.2020;4.9
8;2.10.2020;2.4
8;2.11.2020;4
8;2.12.2020;4.5
8;02.13.2020;4.7
8;02.14.2020;4.5
8;02.15.2020;4.3
8;02.16.2020;2.1
8;02.17.2020;4.6
8;02.18.2020;5.1
8;02.19.2020;3.5
8;02.20.2020;4.6
8;02.21.2020;2.4
8;02.22.2020;2.2
8;02.23.2020;4.1
8;02.24.2020;3.8
8;02.25.2020;4.1
8;02.26.2020;4.6
8;02.27.2020;4.4
8;02.28.2020;4.5
8;02.29.2020;2.4
8;3.01.2020;2.6
8;3.02.2020;1.7
8;3.03.2020;2.9
8;3.04.2020;3.6
8;3.05.2020;3
8;3.06.2020;3.6
8;3.07.2020;3.4
8;3.08.2020;3.5
8;3.09.2020;2.7
8;3.10.2020;3.8
8;3.11.2020;3.9
8;3.12.2020;2.4
8;03.13.2020;2.8
8;03.14.2020;3.2
8;03.15.2020;3.4
8;03.16.2020;1.3
8;03.17.2020;1.4
8;03.18.2020;0.7
8;03.19.2020;2.5
8;03.20.2020;2.7
8;03.21.2020;1.8
8;03.22.2020;2.9
8;03.23.2020;3
8;03.24.2020;2.4
8;03.25.2020;2.6
8;03.26.2020;2.8
8;03.27.2020;2.7
8;03.28.2020;1
8;03.29.2020;2.7
8;03.30.2020;2.4
8;03.31.2020;2.2
8;4.01.2020;1.7
8;4.02.2020;1.2
8;4.03.2020;1.8
8;4.04.2020;1
8;4.05.2020;2.2
8;4.06.2020;2.1
8;4.07.2020;1.7
8;4.08.2020;1.3
8;4.09.2020;2.5
8;4.10.2020;1.5
8;4.11.2020;1.2
8;4.12.2020;1.7
8;04.13.2020;1.4
8;04.14.2020;2.2
8;04.15.2020;1.7
8;04.16.2020;1.7
8;04.17.2020;1.5
8;04.18.2020;1.2
8;04.19.2020;0.9
8;04.20.2020;1.3
8;04.21.2020;1.8
8;04.22.2020;1.6
8;04.23.2020;1.6
8;04.24.2020;0.9
8;04.25.2020;1.6
8;04.26.2020;1.6
8;04.27.2020;1.4
8;04.28.2020;1.4
8;04.29.2020;1.2
8;04.30.2020;1.6
8;5.01.2020;1.5
8;5.02.2020;1.3
8;5.03.2020;1.3
8;5.04.2020;1.1
8;5.05.2020;1.1
8;5.06.2020;1.3
8;5.07.2020;0.8
8;5.08.2020;0.6
8;5.09.2020;0.6
8;5.10.2020;0.6
8;5.11.2020;0.6
8;5.12.2020;0.6
8;05.13.2020;1
8;05.14.2020;0.8
8;05.15.2020;0.8
8;05.16.2020;0.5
8;05.17.2020;0.6
8;05.18.2020;0.5
8;05.19.2020;0.6
8;05.20.2020;0.5
8;05.21.2020;0.4
8;05.22.2020;0.5
8;05.23.2020;0.5
8;05.24.2020;0.4
8;05.25.2020;0.5
8;05.26.2020;0.5
8;05.27.2020;0.7
8;05.28.2020;0.7
8;05.29.2020;0.5
8;05.30.2020;0.4
8;05.31.2020;0.4
8;6.01.2020;0.4
8;6.02.2020;0.4
8;6.03.2020;0.4
8;6.04.2020;0.4
8;6.05.2020;0.4
8;6.06.2020;0.4
8;6.07.2020;0.5
8;6.08.2020;0.4
8;6.09.2020;0.4
8;6.10.2020;0.3
8;6.11.2020;0.4
8;6.12.2020;0.2
8;06.13.2020;0.2
8;06.14.2020;0.3
8;06.15.2020;0.3
8;06.16.2020;0.2
8;06.17.2020;0.3
8;06.18.2020;0.5
8;06.19.2020;0.7
8;06.20.2020;0.2
8;06.21.2020;0.3
8;06.22.2020;0.3
8;06.23.2020;0.1
8;06.24.2020;0.3
8;06.25.2020;0.6
8;06.26.2020;0.6
8;06.27.2020;0.6
8;06.28.2020;0.4
8;06.29.2020;0.5
8;06.30.2020;0.6
8;7.01.2020;0.5
8;7.02.2020;0.8
8;7.03.2020;0.3
8;7.04.2020;0.4
8;7.05.2020;0.4
8;7.06.2020;0.3
8;7.07.2020;0.4
8;7.08.2020;0.2
8;7.09.2020;0.1
8;7.10.2020;0.3
8;7.11.2020;0.2
8;7.12.2020;0.1
8;07.13.2020;0.2
8;07.14.2020;0.2
8;07.15.2020;1
8;07.16.2020;0.2
8;07.17.2020;0.2
8;07.18.2020;0.3
8;07.19.2020;0.6
8;07.20.2020;0.4
8;07.21.2020;0.4
8;07.22.2020;0.2
8;07.23.2020;0.5
8;07.24.2020;0.6
8;07.25.2020;0.3
8;07.26.2020;0.3
8;07.27.2020;0.3
8;07.28.2020;0.4
8;07.29.2020;0.4
8;07.30.2020;0.3
8;07.31.2020;0.5
8;8.01.2020;0.4
8;8.02.2020;0.4
8;8.03.2020;0.6
8;8.04.2020;0.4
8;8.05.2020;0.4
8;8.06.2020;0.5
8;8.07.2020;0.6
8;8.08.2020;0.5
8;8.09.2020;1
8;8.10.2020;0.9
8;8.11.2020;0.7
8;8.12.2020;0.9
8;08.13.2020;1.7
8;08.14.2020;2.7
8;08.15.2020;1.6
8;08.16.2020;0.7
8;08.17.2020;0.7
8;08.18.2020;1.1
8;08.19.2020;0.9
8;08.20.2020;1.2
8;08.21.2020;0.9
8;08.22.2020;1
8;08.23.2020;1.5
8;08.24.2020;1
8;08.25.2020;1.3
8;08.26.2020;1
8;08.27.2020;0.9
8;08.28.2020;1.2
8;08.29.2020;1.1
8;08.30.2020;1.6
8;08.31.2020;1.3
8;9.01.2020;1.2
8;9.02.2020;1
8;9.03.2020;0.8
8;9.04.2020;0.7
8;9.05.2020;1.2
8;9.06.2020;2.1
8;9.07.2020;1.8
8;9.08.2020;0.7
8;9.09.2020;1.3
8;9.10.2020;1.2
8;9.11.2020;1
8;9.12.2020;1.2
8;09.13.2020;0.8
8;09.14.2020;1.6
8;09.15.2020;1.5
8;09.16.2020;1.4
8;09.17.2020;1.4
8;09.18.2020;2.2
8;09.19.2020;2.3
8;09.20.2020;0.9
8;09.21.2020;1.9
8;09.22.2020;2.1
8;09.23.2020;1.8
8;09.24.2020;2.3
8;09.25.2020;2.3
8;09.26.2020;2.4
8;09.27.2020;2.7
8;09.28.2020;2.7
8;09.29.2020;1.7
8;09.30.2020;2.3
8;10.01.2020;1.7
8;10.02.2020;1.6
8;10.03.2020;0.9
8;10.04.2020;2.1
8;10.05.2020;2.5
8;10.06.2020;2.7
8;10.07.2020;1.2
8;10.08.2020;2.3
8;10.09.2020;2.1
8;10.10.2020;2.3
8;10.11.2020;2.5
8;10.12.2020;3.1
8;10.13.2020;3.6
8;10.14.2020;4
8;10.15.2020;3.8
8;10.16.2020;3.5
8;10.17.2020;3.4
8;10.18.2020;3.4
8;10.19.2020;3.5
8;10.20.2020;4
8;10.21.2020;4.1
8;10.22.2020;1.2
8;10.23.2020;2.7
8;10.24.2020;4.1
8;10.25.2020;4
8;10.26.2020;4
8;10.27.2020;4.4
8;10.28.2020;2.6
8;10.29.2020;3.9
8;10.30.2020;4.3
8;10.31.2020;4.2
8;11.01.2020;4.1
8;11.02.2020;4.4
8;11.03.2020;4
8;11.04.2020;3.7
8;11.05.2020;2.1
8;11.06.2020;1.4
8;11.07.2020;3.6
8;11.08.2020;2.8
8;11.09.2020;3.1
8;11.10.2020;3.5
8;11.11.2020;3.7
8;11.12.2020;1.5
8;11.13.2020;2.9
8;11.14.2020;4.2
8;11.15.2020;5.1
8;11.16.2020;5.2
8;11.17.2020;4
8;11.18.2020;1.9
8;11.19.2020;0.8
8;11.20.2020;2.1
8;11.21.2020;4.4
8;11.22.2020;1.9
8;11.23.2020;2.1
8;11.24.2020;2.3
8;11.25.2020;3.9
8;11.26.2020;1.2
8;11.27.2020;2.3
8;11.28.2020;4.4
8;11.29.2020;4.1
8;11.30.2020;3.6
8;12.01.2020;4.5
8;12.02.2020;3.7
8;12.03.2020;4
8;12.04.2020;4.4
8;12.05.2020;2.9
8;12.06.2020;3.4
8;12.07.2020;2.4
8;12.08.2020;2.7
8;12.09.2020;4.4
8;12.10.2020;4.3
8;12.11.2020;5
8;12.12.2020;2.1
8;12.13.2020;1.6
8;12.14.2020;3.6
8;12.15.2020;3.3
8;12.16.2020;1
8;12.17.2020;2.2
8;12.18.2020;2.9
8;12.19.2020;3.9
8;12.20.2020;5
8;12.21.2020;5.3
8;12.22.2020;4.3
8;12.23.2020;1.6
8;12.24.2020;3.4
8;12.25.2020;3.4
8;12.26.2020;4.8
8;12.27.2020;3.4
8;12.28.2020;3.1
8;12.29.2020;3.2
8;12.30.2020;6.8
8;12.31.2020;6
8;1.01.2021;5
8;1.02.2021;1.3
8;1.03.2021;4.4
8;1.04.2021;5.4
8;1.05.2021;5.4
8;1.06.2021;4.7
8;1.07.2021;3.3
8;1.08.2021;4.9
8;1.09.2021;4.5
8;1.10.2021;2
8;1.11.2021;4.6
8;1.12.2021;5
8;01.13.2021;5.4
8;01.14.2021;4.4
8;01.15.2021;4.8
8;01.16.2021;5.1
8;01.17.2021;5.4
8;01.18.2021;3.1
8;01.19.2021;4
8;01.20.2021;4.4
8;01.21.2021;4.3
8;01.22.2021;4.3
8;01.23.2021;4
8;01.24.2021;3.1
8;01.25.2021;2.6
8;01.26.2021;3.6
8;01.27.2021;5.2
8;01.28.2021;4.7
8;01.29.2021;4.2
8;01.30.2021;4.6
8;01.31.2021;2.7
8;2.01.2021;4
8;2.02.2021;4.2
8;2.03.2021;4.8
8;2.04.2021;5.2
8;2.05.2021;5.1
8;2.06.2021;4.5
8;2.07.2021;4.1
8;2.08.2021;4.6
8;2.09.2021;1.3
8;2.10.2021;2.3
8;2.11.2021;2.5
8;2.12.2021;2.4
8;02.13.2021;3.8
8;02.14.2021;4.8
8;02.15.2021;5
8;02.16.2021;4.5
8;02.17.2021;4.7
8;02.18.2021;2.6
8;02.19.2021;4.1
8;02.20.2021;4.4
8;02.21.2021;3.5
8;02.22.2021;3.4
8;02.23.2021;3.3
8;02.24.2021;3.7
8;02.25.2021;2.2
8;02.26.2021;3.6
8;02.27.2021;4
8;02.28.2021;4.2
8;3.01.2021;4.4
8;3.02.2021;2.4
8;3.03.2021;2.5
8;3.04.2021;3.9
8;3.05.2021;3.7
8;3.06.2021;3.7
8;3.07.2021;3.4
8;3.08.2021;3.6
8;3.09.2021;1.9
8;3.10.2021;1.1
8;3.11.2021;2.8
8;3.12.2021;2.5
8;03.13.2021;2.8
8;03.14.2021;3.1
8;03.15.2021;3.3
8;03.16.2021;3
8;03.17.2021;1.4
8;03.18.2021;2.8
8;03.19.2021;2.9
8;03.20.2021;3
8;03.21.2021;2.9
8;03.22.2021;3.1
8;03.23.2021;3.1
8;03.24.2021;3.2
8;03.25.2021;3.3
8;03.26.2021;2.5
8;03.27.2021;2.7
8;03.28.2021;2.2
8;03.29.2021;2.4
8;03.30.2021;2.4
8;03.31.2021;1.9
8;4.01.2021;1.5
8;4.02.2021;1.3
8;4.03.2021;2.2
8;4.04.2021;1.1
8;4.05.2021;1.6
8;4.06.2021;1.4
8;4.07.2021;0.9
8;4.08.2021;1.6
8;4.09.2021;1.8
8;4.10.2021;2.1
8;4.11.2021;1.1
8;4.12.2021;0.9
8;04.13.2021;1.2
8;04.14.2021;1.5
8;04.15.2021;1.7
8;04.16.2021;0.8
8;04.17.2021;1.4
8;04.18.2021;1.3
8;04.19.2021;1.4
8;04.20.2021;0.9
8;04.21.2021;0.8
8;04.22.2021;1.2
8;04.23.2021;1.6
8;04.24.2021;0.6
8;04.25.2021;0.8
8;04.26.2021;0.7
8;04.27.2021;1
8;04.28.2021;0.8
8;04.29.2021;1.1
8;04.30.2021;1.6
8;5.01.2021;1.6
8;5.02.2021;1.2
8;5.03.2021;0.7
8;5.04.2021;0.9
8;5.05.2021;1
8;5.06.2021;0.5
8;5.07.2021;1
8;5.08.2021;0.8
8;5.09.2021;0.8
8;5.10.2021;1
8;5.11.2021;0.7
8;5.12.2021;0.9
8;05.13.2021;1
8;05.14.2021;0.5
8;05.15.2021;0.6
8;05.16.2021;0.6
8;05.17.2021;0.5
8;05.18.2021;0.5
8;05.19.2021;0.3
8;05.20.2021;0.4
8;05.21.2021;0.6
8;05.22.2021;0.4
8;05.23.2021;0.5
8;05.24.2021;0.5
8;05.25.2021;0.3
8;05.26.2021;0.6
8;05.27.2021;0.6
8;05.28.2021;0.5
8;05.29.2021;0.4
8;05.30.2021;0.8
8;05.31.2021;0.9
8;6.01.2021;0.6
8;6.02.2021;0.6
8;6.03.2021;0.5
8;6.04.2021;0.4
8;6.05.2021;0.3
8;6.06.2021;0.3
8;6.07.2021;0.3
8;6.08.2021;0.5
8;6.09.2021;0.5
8;6.10.2021;0.3
8;6.11.2021;0.4
8;6.12.2021;0.3
8;06.13.2021;0.2
8;06.14.2021;0.3
8;06.15.2021;0.3
8;06.16.2021;0.2
8;06.17.2021;0.3
8;06.18.2021;0.3
8;06.19.2021;0.3
8;06.20.2021;0.3
8;06.21.2021;0.3
8;06.22.2021;0.3
8;06.23.2021;0.3
8;06.24.2021;0.3
8;06.25.2021;0.2
8;06.26.2021;0.2
8;06.27.2021;0.2
8;06.28.2021;0.3
8;06.29.2021;0.3
8;06.30.2021;0.3
8;7.01.2021;0.3
8;7.02.2021;0.6
8;7.03.2021;0.6
8;7.04.2021;0.4
8;7.05.2021;0.4
8;7.06.2021;0.3
8;7.07.2021;0.4
8;7.08.2021;0.3
8;7.09.2021;0.2
8;7.10.2021;0.3
8;7.11.2021;0.2
8;7.12.2021;0.4
8;07.13.2021;0.3
8;07.14.2021;0.3
8;07.15.2021;0.3
8;07.16.2021;0.3
8;07.17.2021;0.2
8;07.18.2021;0.3
8;07.19.2021;0.2
8;07.20.2021;0.3
8;07.21.2021;0.3
8;07.22.2021;0.1
8;07.23.2021;0.2
8;07.24.2021;0.6
8;07.25.2021;0.3
8;07.26.2021;0.3
8;07.27.2021;0.2
8;07.28.2021;0.3
8;07.29.2021;0.4
8;07.30.2021;0.5
8;07.31.2021;0.4
8;8.01.2021;0.4
8;8.02.2021;0.5
8;8.03.2021;0.3
8;8.04.2021;0.3
8;8.05.2021;0.3
8;8.06.2021;0.3
8;8.07.2021;0.3
8;8.08.2021;0.5
8;8.09.2021;0.3
8;8.10.2021;0.3
8;8.11.2021;0.3
8;8.12.2021;0.3
8;08.13.2021;0.4
8;08.14.2021;0.8
8;08.15.2021;0.6
8;08.16.2021;0.8
8;08.17.2021;0.9
8;08.18.2021;0.6
8;08.19.2021;0.5
8;08.20.2021;0.4
8;08.21.2021;0.6
8;08.22.2021;0.6
8;08.23.2021;1.1
8;08.24.2021;0.9
8;08.25.2021;0.7
8;08.26.2021;1
8;08.27.2021;0.9
8;08.28.2021;0.9
8;08.29.2021;1
8;08.30.2021;1.5
8;08.31.2021;1.3
8;9.01.2021;1.5
8;9.02.2021;1.4
8;9.03.2021;1.7
8;9.04.2021;1.5
8;9.05.2021;1.8
8;9.06.2021;1.4
8;9.07.2021;1.4
8;9.08.2021;1.7
8;9.09.2021;1.5
8;9.10.2021;1.6
8;9.11.2021;1.9
8;9.12.2021;2
8;09.13.2021;1.7
8;09.14.2021;1.3
8;09.15.2021;1.7
8;09.16.2021;1.8
8;09.17.2021;1.3
8;09.18.2021;1.2
8;09.19.2021;0.7
8;09.20.2021;1.6
8;09.21.2021;0.7
8;09.22.2021;1.7
8;09.23.2021;2.3
8;09.24.2021;2
8;09.25.2021;1.6
8;09.26.2021;1.5
8;09.27.2021;1.3
8;09.28.2021;1.7
8;09.29.2021;2.1
8;09.30.2021;2.1
8;10.01.2021;2.3
8;10.02.2021;2.4
8;10.03.2021;2.8
8;10.04.2021;1.8
8;10.05.2021;0.8
8;10.06.2021;2.4
8;10.07.2021;3.1
8;10.08.2021;3
8;10.09.2021;3.4
8;10.10.2021;2.4
8;10.11.2021;2.5
8;10.12.2021;2.4
8;10.13.2021;2.7
8;10.14.2021;1.1
8;10.15.2021;1.2
8;10.16.2021;2.5
8;10.17.2021;2.5
8;10.18.2021;3.3
8;10.19.2021;1
8;10.20.2021;0.8
8;10.21.2021;0.8
8;10.22.2021;2.3
8;10.23.2021;2.3
8;10.24.2021;2.7
8;10.25.2021;2.3
8;10.26.2021;1.5
8;10.27.2021;1.9
8;10.28.2021;2.1
8;10.29.2021;3.3
8;10.30.2021;3.2
8;10.31.2021;3.2
8;11.01.2021;3.5
8;11.02.2021;4.2
8;11.03.2021;1.8
8;11.04.2021;0.7
8;11.05.2021;1.4
8;11.06.2021;1.9
8;11.07.2021;3.2
8;11.08.2021;2.9
8;11.09.2021;1.1
8;11.10.2021;2.4
8;11.11.2021;3.6
8;11.12.2021;2.6
8;11.13.2021;0.8
8;11.14.2021;0.7
8;11.15.2021;3.1
8;11.16.2021;4.3
8;11.17.2021;4.7
8;11.18.2021;4.4
8;11.19.2021;2
8;11.20.2021;2.4
8;11.21.2021;1.8
8;11.22.2021;2.4
8;11.23.2021;2.4
8;11.24.2021;2.1
8;11.25.2021;3.5
8;11.26.2021;1.5
8;11.27.2021;3.8
8;11.28.2021;3.9
8;11.29.2021;2
8;11.30.2021;1.7
8;12.01.2021;0.7
8;12.02.2021;2.2
8;12.03.2021;4.1
8;12.04.2021;3.8
8;12.05.2021;4.2
8;12.06.2021;2.5
8;12.07.2021;3
8;12.08.2021;3.8
8;12.09.2021;4.5
8;12.10.2021;4.4
8;12.11.2021;4.9
8;12.12.2021;5.1
8;12.13.2021;5.5
8;12.14.2021;2.7
8;12.15.2021;2.2
8;12.16.2021;4.2
8;12.17.2021;3.7
8;12.18.2021;3.7
8;12.19.2021;3.7
8;12.20.2021;4.5
8;12.21.2021;4.4
8;12.22.2021;4.8
8;12.23.2021;4.9
8;12.24.2021;5.6
8;12.25.2021;5.2
8;12.26.2021;5
8;12.27.2021;5.6
8;12.28.2021;4.8
8;12.29.2021;6.1
8;12.30.2021;6.2
8;12.31.2021;5.7
8;1.01.2022;5.9
8;1.02.2022;5.9
8;1.03.2022;5.2
8;1.04.2022;5.4
8;1.05.2022;6
8;1.06.2022;5.9
8;1.07.2022;6.2
8;1.08.2022;3.2
8;1.09.2022;4.2
8;1.10.2022;5.3
8;1.11.2022;2.9
8;1.12.2022;4.4
8;01.13.2022;5.7
8;01.14.2022;6.1
8;01.15.2022;5.1
8;01.16.2022;5.9
8;01.17.2022;5.4
8;01.18.2022;5.3
8;01.19.2022;4.6
8;01.20.2022;4.6
8;01.21.2022;5
8;01.22.2022;4.3
8;01.23.2022;2.7
8;01.24.2022;2.2
8;01.25.2022;3
8;01.26.2022;4.9
8;01.27.2022;4.5
8;01.28.2022;4.9
8;01.29.2022;4.4
8;01.30.2022;4.9
8;01.31.2022;4.4
8;2.01.2022;5.1
8;2.02.2022;4.4
8;2.03.2022;3.3
8;2.04.2022;5.5
8;2.05.2022;4.6
8;2.06.2022;5.3
8;2.07.2022;4.1
8;2.08.2022;2.9
8;2.09.2022;2.5
8;2.10.2022;3.5
8;2.11.2022;2.2
8;2.12.2022;2.9
8;02.13.2022;4.4
8;02.14.2022;3.8
8;02.15.2022;4
8;02.16.2022;4.1
8;02.17.2022;4.3
8;02.18.2022;4.7
8;02.19.2022;4.6
8;02.20.2022;4.7
8;02.21.2022;4.7
8;02.22.2022;4.6
8;02.23.2022;4.4
8;02.24.2022;3.4
8;02.25.2022;3.8
8;02.26.2022;3.9
8;02.27.2022;3.9
8;02.28.2022;3.9
8;3.01.2022;3.6
8;3.02.2022;1.2
8;3.03.2022;3.2
8;3.04.2022;3.6
8;3.05.2022;3.4
8;3.06.2022;2.9
8;3.07.2022;2.3
8;3.08.2022;2.6
8;3.09.2022;2.3
8;3.10.2022;2.9
8;3.11.2022;3.4
8;3.12.2022;3.3
8;03.13.2022;3.2
8;03.14.2022;3.1
8;03.15.2022;3.8
8;03.16.2022;3.3
8;03.17.2022;2.8
8;03.18.2022;3.6
8;03.19.2022;3.1
8;03.20.2022;3.1
8;03.21.2022;3.1
8;03.22.2022;3.1
8;03.23.2022;2.9
8;03.24.2022;3.2
8;03.25.2022;3.2
8;03.26.2022;1.6
8;03.27.2022;1.2
8;03.28.2022;2.1
8;03.29.2022;1.5
8;03.30.2022;0.9
8;03.31.2022;2
8;4.01.2022;2.1
8;4.02.2022;2.2
8;4.03.2022;2.5
8;4.04.2022;2.4
8;4.05.2022;2.2
8;4.06.2022;1.9
8;4.07.2022;2.2
8;4.08.2022;2.4
8;4.09.2022;1.5
8;4.10.2022;1.7
8;4.11.2022;1.6
8;4.12.2022;1.6
8;04.13.2022;1.3
8;04.14.2022;1.3
8;04.15.2022;0.7
8;04.16.2022;1.1
8;04.17.2022;1.1
8;04.18.2022;2.2
8;04.19.2022;0.9
8;04.20.2022;1.1
8;04.21.2022;0.9
8;04.22.2022;1.4
8;04.23.2022;1.2
8;04.24.2022;1.3
8;04.25.2022;1.2
8;04.26.2022;1.2
8;04.27.2022;1
8;04.28.2022;0.8
8;04.29.2022;1.5
8;04.30.2022;0.8
8;5.01.2022;0.7
8;5.02.2022;0.7
8;5.03.2022;1.1
8;5.04.2022;0.8
8;5.05.2022;0.5
8;5.06.2022;0.8
8;5.07.2022;0.7
8;5.08.2022;0.6
8;5.09.2022;0.5
8;5.10.2022;0.8
8;5.11.2022;0.5
8;5.12.2022;0.8
8;05.13.2022;0.5
8;05.14.2022;1.2
8;05.15.2022;0.5
8;05.16.2022;0.8
8;05.17.2022;0.5
8;05.18.2022;0.5
8;05.19.2022;0.5
8;05.20.2022;0.5
8;05.21.2022;0.3
8;05.22.2022;0.4
8;05.23.2022;0.5
8;05.24.2022;0.5
8;05.25.2022;0.5
8;05.26.2022;0.5
8;05.27.2022;0.5
8;05.28.2022;0.5
8;05.29.2022;0.3
8;05.30.2022;0.3
8;05.31.2022;0.3
8;6.01.2022;0.4
8;6.02.2022;0.5
8;6.03.2022;0.2
8;6.04.2022;0.3
8;6.05.2022;0.4
8;6.06.2022;0.3
8;6.07.2022;0.4
8;6.08.2022;0.2
8;6.09.2022;0.2
8;6.10.2022;0.3
8;6.11.2022;0.3
8;6.12.2022;0.2
8;06.13.2022;0.2
8;06.14.2022;0.4
8;06.15.2022;0.2
8;06.16.2022;0.2
8;06.17.2022;0.3
8;06.18.2022;0.3
8;06.19.2022;0.2
8;06.20.2022;0.2
8;06.21.2022;0.1
8;06.22.2022;0.1
8;06.23.2022;0.1
8;06.24.2022;0.3
8;06.25.2022;0.2
8;06.26.2022;0.2
8;06.27.2022;0.2
8;06.28.2022;0.1
8;06.29.2022;0
8;06.30.2022;0.1
8;7.01.2022;0.3
8;7.02.2022;0.2
8;7.03.2022;0.3
8;7.04.2022;0.3
8;7.05.2022;0.3
8;7.06.2022;0.3
8;7.07.2022;0.3
8;7.08.2022;0.2
8;7.09.2022;0.2
8;7.10.2022;0.1
8;7.11.2022;0.1
8;7.12.2022;0.1
8;07.13.2022;0.3
8;07.14.2022;0.6
8;07.15.2022;0.7
8;07.16.2022;0.2
8;07.17.2022;0.1
8;07.18.2022;0.1
8;07.19.2022;0.2
8;07.20.2022;0.2
8;07.21.2022;0.2
8;07.22.2022;0.2
8;07.23.2022;0.2
8;07.24.2022;0.3
8;07.25.2022;0.3
8;07.26.2022;0.2
8;07.27.2022;0.3
8;07.28.2022;0.5
8;07.29.2022;0.2
8;07.30.2022;0.4
8;07.31.2022;0.4
8;8.01.2022;0.7
8;8.02.2022;0.4
8;8.03.2022;0.4
8;8.04.2022;0.3
8;8.05.2022;0.5
8;8.06.2022;0.3
8;8.07.2022;1.4
8;8.08.2022;0.8
8;8.09.2022;0.8
8;8.10.2022;0.4
8;8.11.2022;0.4
8;8.12.2022;1.5
8;08.13.2022;0.7
8;08.14.2022;1
8;08.15.2022;1
8;08.16.2022;0.6
8;08.17.2022;1.9
8;08.18.2022;1.5
8;08.19.2022;1.1
8;08.20.2022;1
8;08.21.2022;1
8;08.22.2022;1.1
8;08.23.2022;0.9
8;08.24.2022;0.9
8;08.25.2022;0.5
8;08.26.2022;0.5
8;08.27.2022;0.9
8;08.28.2022;1.1
8;08.29.2022;0.7
8;08.30.2022;0.6
8;08.31.2022;0.7
8;9.01.2022;1.5
8;9.02.2022;1.5
8;9.03.2022;1.5
8;9.04.2022;1.1
8;9.05.2022;1.4
8;9.06.2022;2
8;9.07.2022;1.6
8;9.08.2022;1.4
8;9.09.2022;1.3
8;9.10.2022;1.5
8;9.11.2022;1.8
8;9.12.2022;1.4
8;09.13.2022;1.5
8;09.14.2022;1.4
8;09.15.2022;1.5
8;09.16.2022;1.5
8;09.17.2022;2
8;09.18.2022;1.6
8;09.19.2022;1.6
8;09.20.2022;2
8;09.21.2022;1.9
8;09.22.2022;1.4
8;09.23.2022;1.9
8;09.24.2022;2.3
8;09.25.2022;2.3
8;09.26.2022;2.2
8;09.27.2022;2.6
8;09.28.2022;2.3
8;09.29.2022;2.3
8;09.30.2022;2.5
8;10.01.2022;3
8;10.02.2022;2.8
8;10.03.2022;2.7
8;10.04.2022;2.8
8;10.05.2022;3.5
8;10.06.2022;3.3
8;10.07.2022;0.9
8;10.08.2022;0.6
8;10.09.2022;1.1
8;10.10.2022;0.7
8;10.11.2022;1.8
8;10.12.2022;1.6
8;10.13.2022;2.5
8;10.14.2022;2.7
8;10.15.2022;3
8;10.16.2022;1.4
8;10.17.2022;1.3
8;10.18.2022;2.4
8;10.19.2022;2.9
8;10.20.2022;3.3
8;10.21.2022;3.2
8;10.22.2022;3.7
8;10.23.2022;2
8;10.24.2022;2.9
8;10.25.2022;3.5
8;10.26.2022;3.1
8;10.27.2022;2
8;10.28.2022;2.7
8;10.29.2022;2
8;10.30.2022;0.9
8;10.31.2022;1.6
8;11.01.2022;3
8;11.02.2022;2.6
8;11.03.2022;1.5
8;11.04.2022;2.6
8;11.05.2022;3.4
8;11.06.2022;3.9
8;11.07.2022;3.9
8;11.08.2022;2.1
8;11.09.2022;3.1
8;11.10.2022;3.6
8;11.11.2022;4.1
8;11.12.2022;3.4
8;11.13.2022;1.2
8;11.14.2022;1
8;11.15.2022;3
8;11.16.2022;3.3
8;11.17.2022;4.1
8;11.18.2022;4.9
8;11.19.2022;5
8;11.20.2022;4.1
8;11.21.2022;3.5
8;11.22.2022;4.5
8;11.23.2022;4.7
8;11.24.2022;4.3
8;11.25.2022;4
8;11.26.2022;4.8
8;11.27.2022;5
8;11.28.2022;4.7
8;11.29.2022;4.7
8;11.30.2022;3
8;12.01.2022;3.9
8;12.02.2022;4
8;12.03.2022;3.8
8;12.04.2022;5.1
8;12.05.2022;1.1
8;12.06.2022;0.9
8;12.07.2022;2
8;12.08.2022;4.3
8;12.09.2022;4.5
8;12.10.2022;4.5
8;12.11.2022;3.7
8;12.12.2022;5.6
8;12.13.2022;4.8
8;12.14.2022;5
8;12.15.2022;3.7
8;12.16.2022;3
8;12.17.2022;2.5
8;12.18.2022;4.3
8;12.19.2022;4.5
8;12.20.2022;5.5
8;12.21.2022;4.3
8;12.22.2022;5.2
8;12.23.2022;5
8;12.24.2022;4.5
8;12.25.2022;5.2
8;12.26.2022;5.4
8;12.27.2022;5.8
8;12.28.2022;2.6
8;12.29.2022;5.1
8;12.30.2022;4.2
8;12.31.2022;4.3
8;1.01.2023;5.2
8;1.02.2023;5.1
8;1.03.2023;6.1
8;1.04.2023;6
8;1.05.2023;5
8;1.06.2023;4.7
8;1.07.2023;5.3
8;1.08.2023;4.8
8;1.09.2023;5.3
8;1.10.2023;5.8
8;1.11.2023;5.9
8;1.12.2023;4.2
8;01.13.2023;5.5
8;01.14.2023;3.5
8;01.15.2023;5.2
8;01.16.2023;4.6
8;01.17.2023;3.9
8;01.18.2023;5.1
8;01.19.2023;4.8
8;01.20.2023;5.7
8;01.21.2023;5.2
8;01.22.2023;5.3
8;01.23.2023;5.4
8;01.24.2023;5.6
8;01.25.2023;5.6
8;01.26.2023;5.5
8;01.27.2023;6.1
8;01.28.2023;5.9
8;01.29.2023;6
8;01.30.2023;6.4
8;01.31.2023;5.7
8;2.01.2023;5.9
8;2.02.2023;3.7
8;2.03.2023;4.5
8;2.04.2023;5.1
8;2.05.2023;5.1
8;2.06.2023;2.8
8;2.07.2023;4.7
8;2.08.2023;5.1
8;2.09.2023;4
8;2.10.2023;5.4
8;2.11.2023;5.2
8;2.12.2023;6.1
8;02.13.2023;4
8;02.14.2023;3.1
8;02.15.2023;2.6
8;02.16.2023;5.6
8;02.17.2023;5.6
8;02.18.2023;5.1
8;02.19.2023;5.5
8;02.20.2023;1.4
8;02.21.2023;4.7
8;02.22.2023;4.9
8;02.23.2023;5
8;02.24.2023;5.3
8;02.25.2023;4.7
8;02.26.2023;3
8;02.27.2023;1.3
8;02.28.2023;2.4
8;3.01.2023;3
8;3.02.2023;2.7
8;3.03.2023;3.9
8;3.04.2023;4.2
8;3.05.2023;4.5
8;3.06.2023;3.5
8;3.07.2023;3.1
8;3.08.2023;3.5
8;3.09.2023;3.7
8;3.10.2023;1.9
8;3.11.2023;1.3
8;3.12.2023;3.2
8;03.13.2023;3.3
8;03.14.2023;3.7
8;03.15.2023;3.3
8;03.16.2023;3.8
8;03.17.2023;3.8
8;03.18.2023;1.1
8;03.19.2023;1.4
8;03.20.2023;2.9
8;03.21.2023;3
8;03.22.2023;3.1
8;03.23.2023;3.2
8;03.24.2023;1.8
8;03.25.2023;1.3
8;03.26.2023;0.6
8;03.27.2023;0.7
8;03.28.2023;2.2
8;03.29.2023;3
8;03.30.2023;2.4
8;03.31.2023;2.1
8;4.01.2023;2
8;4.02.2023;2.1
8;4.03.2023;1.2
8;4.04.2023;0.7
8;4.05.2023;1.1
8;4.06.2023;0.8
8;4.07.2023;1
8;4.08.2023;0.5
8;4.09.2023;1.2
8;4.10.2023;1.7
8;4.11.2023;1.6
8;4.12.2023;1.9
8;04.13.2023;1.8
8;04.14.2023;1.7
8;04.15.2023;1.8
8;04.16.2023;1.7
8;04.17.2023;1.5
8;04.18.2023;1.1
8;04.19.2023;1.3
8;04.20.2023;1.4
8;04.21.2023;1.5
8;04.22.2023;1.3
8;04.23.2023;1.4
8;04.24.2023;1
8;04.25.2023;1.4
8;04.26.2023;1.3
8;04.27.2023;1.2
8;04.28.2023;1.3
8;04.29.2023;1
8;04.30.2023;1
8;5.01.2023;0.7
8;5.02.2023;0.6
8;5.03.2023;1.2
8;5.04.2023;0.9
8;5.05.2023;1
8;5.06.2023;1
8;5.07.2023;0.9
8;5.08.2023;0.9
8;5.09.2023;1
8;5.10.2023;1.2
8;5.11.2023;1.4
8;5.12.2023;1
8;05.13.2023;0.7
8;05.14.2023;0.9
8;05.15.2023;0.7
8;05.16.2023;0.6
8;05.17.2023;0.7
8;05.18.2023;0.6
8;05.19.2023;0.9
8;05.20.2023;0.5
8;05.21.2023;0.5
8;05.22.2023;0.4
8;05.23.2023;0.6
8;05.24.2023;0.5
8;05.25.2023;0.6
8;05.26.2023;0.5
8;05.27.2023;0.5
8;05.28.2023;0.4
8;05.29.2023;0.4
8;05.30.2023;0.4
8;05.31.2023;0.3
8;6.01.2023;0.4
8;6.02.2023;0.4
8;6.03.2023;0.2
8;6.04.2023;0.2
8;6.05.2023;0.2
8;6.06.2023;0.2
8;6.07.2023;0.3
8;6.08.2023;0.4
8;6.09.2023;0.4
8;6.10.2023;0.4
8;6.11.2023;0.3
8;6.12.2023;0.3
8;06.13.2023;0.4
8;06.14.2023;0.3
8;06.15.2023;0.3
8;06.16.2023;0.3
8;06.17.2023;0.3
8;06.18.2023;0.3
8;06.19.2023;0.3
8;06.20.2023;0.3
8;06.21.2023;0.2
8;06.22.2023;0.2
8;06.23.2023;0.2
8;06.24.2023;0.2
8;06.25.2023;0.3
8;06.26.2023;0.3
8;06.27.2023;0.3
8;06.28.2023;0.3
8;06.29.2023;0.3
8;06.30.2023;0.3
8;7.01.2023;0.3
8;7.02.2023;0.6
8;7.03.2023;0.5
8;7.04.2023;0.4
8;7.05.2023;0.6
8;7.06.2023;0.4
8;7.07.2023;0.3
8;7.08.2023;0.6
8;7.09.2023;0.4
8;7.10.2023;0.5
8;7.11.2023;0.6
8;7.12.2023;0.5
8;07.13.2023;0.3
8;07.14.2023;0.3
8;07.15.2023;0.4
8;07.16.2023;0.2
8;07.17.2023;0.4
8;07.18.2023;0.5
8;07.19.2023;0.5
8;07.20.2023;1.4
8;07.21.2023;0.4
8;07.22.2023;0.3
8;07.23.2023;0.3
8;07.24.2023;0.4
8;07.25.2023;0.4
8;07.26.2023;0.3
8;07.27.2023;0.2
8;07.28.2023;0.3
8;07.29.2023;0.3
8;07.30.2023;0.2
8;07.31.2023;0.2
8;8.01.2023;0.3
8;8.02.2023;0.3
8;8.03.2023;0.3
8;8.04.2023;0.3
8;8.05.2023;0.6
8;8.06.2023;0.6
8;8.07.2023;0.4
8;8.08.2023;0.4
8;8.09.2023;0.4
8;8.10.2023;1
8;8.11.2023;0.6
8;8.12.2023;0.6
8;08.13.2023;0.6
8;08.14.2023;1.9
8;08.15.2023;0.5
8;08.16.2023;0.5
8;08.17.2023;0.5
8;08.18.2023;0.6
8;08.19.2023;0.8
8;08.20.2023;0.6
8;08.21.2023;0.7
8;08.22.2023;0.9
8;08.23.2023;0.8
8;08.24.2023;0.8
8;08.25.2023;0.8
8;08.26.2023;1
8;08.27.2023;1.1
8;08.28.2023;0.8
8;08.29.2023;0.9
8;08.30.2023;1.1
8;08.31.2023;1.2
8;9.01.2023;1.1
8;9.02.2023;0.5
8;9.03.2023;0.8
8;9.04.2023;1
8;9.05.2023;0.8
8;9.06.2023;1.1
8;9.07.2023;0.8
8;9.08.2023;0.6
8;9.09.2023;0.5
8;9.10.2023;0.7
8;9.11.2023;1.3
8;9.12.2023;1
8;09.13.2023;0.6
8;09.14.2023;0.8
8;09.15.2023;1.1
8;09.16.2023;1.4
8;09.17.2023;1.5
8;09.18.2023;1.9
8;09.19.2023;1.7
8;09.20.2023;2
8;09.21.2023;1
8;09.22.2023;2.5
8;09.23.2023;1.8
8;09.24.2023;1.8
8;09.25.2023;2.2
8;09.26.2023;2.2
8;09.27.2023;1.3
8;09.28.2023;2.2
8;09.29.2023;2.5
8;09.30.2023;2.7
8;10.01.2023;2.5
8;10.02.2023;0.9
8;10.03.2023;1.6
8;10.04.2023;2.5
8;10.05.2023;3
8;10.06.2023;2.6
8;10.07.2023;1.2
8;10.08.2023;0.9
8;10.09.2023;2.3
8;10.10.2023;2.6
8;10.11.2023;3.1
8;10.12.2023;2.6
8;10.13.2023;2.3
8;10.14.2023;2.6
8;10.15.2023;3.2
8;10.16.2023;1.5
8;10.17.2023;1.3
8;10.18.2023;2.6
8;10.19.2023;1.9
8;10.20.2023;2.5
8;10.21.2023;0.7
8;10.22.2023;1.2
8;10.23.2023;1.2
8;10.24.2023;2
8;10.25.2023;2.3
8;10.26.2023;2.3
8;10.27.2023;2.7
8;10.28.2023;0.9
8;10.29.2023;2.3
8;10.30.2023;3.5
8;10.31.2023;3.1
8;11.01.2023;1
8;11.02.2023;2.3
8;11.03.2023;3.4
8;11.04.2023;3
8;11.05.2023;2.1
8;11.06.2023;3.8
8;11.07.2023;3.2
8;11.08.2023;2.6
8;11.09.2023;1
8;11.10.2023;1.4
8;11.11.2023;3.7
8;11.12.2023;4.4
8;11.13.2023;4.3
8;11.14.2023;3.9
8;11.15.2023;1.2
8;11.16.2023;3.2
8;11.17.2023;1.7
8;11.18.2023;0.9
8;11.19.2023;1.2
8;11.20.2023;1.6
8;11.21.2023;1.1
8;11.22.2023;3.6
8;11.23.2023;1.3
8;11.24.2023;1.6
8;11.25.2023;2.6
8;11.26.2023;2
8;11.27.2023;1.1
8;11.28.2023;4.9
8;11.29.2023;5.4
8;11.30.2023;4.2
8;12.01.2023;2.2
8;12.02.2023;4.2
8;12.03.2023;4.5
8;12.04.2023;5.3
8;12.05.2023;5.1
8;12.06.2023;4.8
8;12.07.2023;4.5
8;12.08.2023;2.7
8;12.09.2023;4.3
8;12.10.2023;4.4
8;12.11.2023;2.9
8;12.12.2023;3.5
8;12.13.2023;1.2
8;12.14.2023;2.8
8;12.15.2023;4.9
8;12.16.2023;3.6
8;12.17.2023;4.8
8;12.18.2023;3
8;12.19.2023;3.3
8;12.20.2023;3.9
8;12.21.2023;4.3
8;12.22.2023;4
8;12.23.2023;4.3
8;12.24.2023;4.9
8;12.25.2023;5.1
8;12.26.2023;5.7
8;12.27.2023;5.8
8;12.28.2023;5.8
8;12.29.2023;5.8
8;12.30.2023;5.8
8;12.31.2023;4.8