postaja;datum;tpov;tmin;tmax
8;01.01.1993;-7;-12;-1
8;01.02.1993;-8.6;-14.5;-4.2
8;01.03.1993;-6.1;-9.2;-3.1
8;01.04.1993;-7.2;-9.7;-3.3
8;01.05.1993;-8.7;-13.2;-2.5
8;01.06.1993;-7.3;-15;-1.6
8;01.07.1993;-3.9;-8.8;0.7
8;01.08.1993;-0.4;-6.7;5.4
8;01.09.1993;-1.2;-5.4;1.8
8;01.10.1993;-2.9;-4.8;1.1
8;01.11.1993;3.9;-5.4;7.3
8;01.12.1993;5.1;3.4;7.7
8;01.13.1993;3.7;2.1;6.3
8;01.14.1993;3.1;-0.4;10.9
8;01.15.1993;0.3;-3.3;5.9
8;01.16.1993;1.4;-4;10.7
8;01.17.1993;0.9;-4.5;11.4
8;01.18.1993;0.1;-4.7;5.6
8;01.19.1993;-1.6;-5.9;5
8;01.20.1993;-2.4;-5.7;0.8
8;01.21.1993;-0.6;-6.7;9.5
8;01.22.1993;0.1;-5.1;7.6
8;01.23.1993;1.3;-2.8;6.2
8;01.24.1993;4.6;-2;7.2
8;01.25.1993;6;2.7;9.3
8;01.26.1993;-0.8;-4;6.3
8;01.27.1993;1.6;-7;9.6
8;01.28.1993;0.2;-3.4;2.7
8;01.29.1993;3.6;-0.4;9.7
8;01.30.1993;-2.3;-3.8;2.7
8;01.31.1993;-4.8;-9;0.8
8;02.01.1993;-4.5;-11.7;4.6
8;02.02.1993;-2.9;-9.9;6.1
8;02.03.1993;-1.2;-8.7;9.9
8;02.04.1993;-0.7;-7.8;10.1
8;02.05.1993;1.4;-7.1;14.6
8;02.06.1993;2.8;-6.1;13.4
8;02.07.1993;2.4;-3.7;7.8
8;02.08.1993;1.6;-2;8.7
8;02.09.1993;-0.4;-6;7
8;02.10.1993;-1.3;-6.3;7.1
8;02.11.1993;-1.3;-7.7;7.2
8;02.12.1993;-1.8;-6.8;5.3
8;02.13.1993;-1.8;-6.6;5.5
8;02.14.1993;-3.5;-8.5;-1.2
8;02.15.1993;-0.1;-3.1;3.6
8;02.16.1993;-1.8;-5.8;2.9
8;02.17.1993;-5.1;-9.8;-0.7
8;02.18.1993;-1.7;-8.7;2.7
8;02.19.1993;-1.2;-4.7;4.7
8;02.20.1993;1.8;-4.7;8.2
8;02.21.1993;0.7;-4.7;5.9
8;02.22.1993;-0.9;-3.8;5.7
8;02.23.1993;-2.9;-8.8;2.8
8;02.24.1993;-0.4;-4.1;2
8;02.25.1993;0.6;-3.9;5.9
8;02.26.1993;-2;-6.9;4.9
8;02.27.1993;-0.6;-5;4.4
8;02.28.1993;3.8;-1.9;9.3
8;03.01.1993;0.6;-3.5;4.7
8;03.02.1993;-0.5;-2;2.5
8;03.03.1993;-0.8;-2.8;0.9
8;03.04.1993;-2.5;-4.2;0
8;03.05.1993;-3.7;-8.8;1.3
8;03.06.1993;-2.1;-9.8;4.3
8;03.07.1993;-0.8;-4.8;2.2
8;03.08.1993;-0.2;-6;7.8
8;03.09.1993;1.1;-3.8;8.5
8;03.10.1993;1.3;-6.8;10
8;03.11.1993;3.3;-5.7;12.2
8;03.12.1993;3.9;-3.9;13.5
8;03.13.1993;4;-4.3;13.7
8;03.14.1993;4.4;-4.2;13.6
8;03.15.1993;5.7;-3.8;14.7
8;03.16.1993;5.3;-2.1;16.1
8;03.17.1993;7.3;-1.1;15.5
8;03.18.1993;10.1;0.2;22.6
8;03.19.1993;8.8;2.1;17.7
8;03.20.1993;10.1;-1.5;22.3
8;03.21.1993;10.3;0.3;20.2
8;03.22.1993;10;2.6;16.3
8;03.23.1993;9.2;6.1;14.7
8;03.24.1993;4.1;2.4;9.2
8;03.25.1993;1.3;-0.4;3.8
8;03.26.1993;1.5;-1.3;6.8
8;03.27.1993;2;-4.8;7.4
8;03.28.1993;3;-0.2;7.3
8;03.29.1993;1.8;-1.5;8.2
8;03.30.1993;1.6;-6.3;7.7
8;03.31.1993;4.6;-5.2;12.3
8;04.01.1993;6.7;-2.5;15.4
8;04.02.1993;5.5;-2.5;12.1
8;04.03.1993;2.6;0.4;6.5
8;04.04.1993;4.5;1.2;10.3
8;04.05.1993;6.1;1;13.1
8;04.06.1993;6.7;-0.5;15.8
8;04.07.1993;9.2;-1;17.5
8;04.08.1993;7.8;-0.6;13
8;04.09.1993;6.4;-2.9;15.5
8;04.10.1993;8;-0.2;16.7
8;04.11.1993;4.9;3.3;7.9
8;04.12.1993;3.1;0.7;5.3
8;04.13.1993;6;2.2;10.2
8;04.14.1993;9.5;2.2;15.8
8;04.15.1993;6.6;4.8;10.7
8;04.16.1993;8.6;1.3;16.7
8;04.17.1993;5.4;1.2;12.3
8;04.18.1993;8.4;-1.5;17.3
8;04.19.1993;9.5;4.6;17.4
8;04.20.1993;13.2;5.1;21.3
8;04.21.1993;13;4.4;21.2
8;04.22.1993;13.2;5.2;22.9
8;04.23.1993;12.9;4.2;22.1
8;04.24.1993;13.8;3.3;22.9
8;04.25.1993;13.5;5.2;21.2
8;04.26.1993;15;7.4;23.9
8;04.27.1993;12.8;4.7;19.3
8;04.28.1993;13.5;5.6;21.1
8;04.29.1993;13.7;8.6;23
8;04.30.1993;11;6.5;18.1
8;05.01.1993;11.5;6.2;19.3
8;05.02.1993;11.8;4.9;19.8
8;05.03.1993;13.8;4.5;21.5
8;05.04.1993;13.1;5;22.6
8;05.05.1993;10.9;6.3;14.6
8;05.06.1993;13.4;9.2;18.4
8;05.07.1993;12.2;9.7;19.1
8;05.08.1993;13.1;6.2;20.2
8;05.09.1993;13.2;6.9;20.4
8;05.10.1993;13.5;6;22.2
8;05.11.1993;16.4;7.2;22.5
8;05.12.1993;14.8;6;21.9
8;05.13.1993;13.9;5.7;22.3
8;05.14.1993;15;7.2;22.1
8;05.15.1993;13;7.4;20.9
8;05.16.1993;14.1;9.7;21.6
8;05.17.1993;15.5;9.1;22.9
8;05.18.1993;17.1;6.9;25
8;05.19.1993;17.7;8.4;25.7
8;05.20.1993;18.4;9.7;25.6
8;05.21.1993;17.9;10.2;25.4
8;05.22.1993;16.4;7;23.4
8;05.23.1993;17.3;6.1;24.1
8;05.24.1993;18.5;10.7;23.9
8;05.25.1993;20.6;12.4;26.8
8;05.26.1993;21.8;11.2;29.5
8;05.27.1993;19.8;14.3;25.8
8;05.28.1993;18.4;12.7;25.3
8;05.29.1993;15.1;9.3;21.6
8;05.30.1993;18.6;9.1;26.3
8;05.31.1993;17;13.3;24.3
8;06.01.1993;18.4;8.5;26.2
8;06.02.1993;19.8;10;28.4
8;06.03.1993;13.1;11.5;18.8
8;06.04.1993;15.3;11.5;20.2
8;06.05.1993;18.5;9.8;26.3
8;06.06.1993;20.2;11.3;27.6
8;06.07.1993;20.5;12.8;27.5
8;06.08.1993;21;12.5;27.7
8;06.09.1993;21.6;17.4;26.5
8;06.10.1993;21.6;13.5;28.8
8;06.11.1993;21.2;14.1;27.4
8;06.12.1993;15.8;12.5;23.6
8;06.13.1993;13.5;9.2;17
8;06.14.1993;15;10.2;20.9
8;06.15.1993;15.7;10.9;22.3
8;06.16.1993;17.5;9;23.1
8;06.17.1993;14.3;11.9;21.4
8;06.18.1993;16.7;10.8;22.8
8;06.19.1993;19.4;8.8;27.9
8;06.20.1993;21.9;10.9;28.2
8;06.21.1993;17.2;14.3;22
8;06.22.1993;21.1;13.1;27.8
8;06.23.1993;18.5;14.1;26.7
8;06.24.1993;14.5;12.2;19
8;06.25.1993;15.2;7.9;21.6
8;06.26.1993;15.2;12.7;18.6
8;06.27.1993;15;12.1;18.3
8;06.28.1993;14.4;11.5;20.5
8;06.29.1993;14.2;6.8;21.3
8;06.30.1993;18.2;8.3;25.3
8;07.01.1993;18.4;8.9;25
8;07.02.1993;19.5;9.9;27.3
8;07.03.1993;20.7;11;28.6
8;07.04.1993;22.1;12.3;30.5
8;07.05.1993;23.2;12.9;30
8;07.06.1993;15.8;12.3;23.9
8;07.07.1993;14.7;5.7;21.3
8;07.08.1993;16.3;5;25.1
8;07.09.1993;17.4;8.3;26.4
8;07.10.1993;19.8;9.5;25.4
8;07.11.1993;16.1;11.6;24.7
8;07.12.1993;11.7;8.7;18.8
8;07.13.1993;13.2;8.2;20.1
8;07.14.1993;14.2;7.2;20.6
8;07.15.1993;16.7;9.8;23.1
8;07.16.1993;19.9;10.5;26.7
8;07.17.1993;21.7;11.7;30.2
8;07.18.1993;22.6;14.6;30.1
8;07.19.1993;20.5;15.3;27.5
8;07.20.1993;19.1;14.8;26.9
8;07.21.1993;16;14;20.7
8;07.22.1993;14.3;11.2;21.9
8;07.23.1993;15.9;7.1;24.1
8;07.24.1993;18.6;7.1;27
8;07.25.1993;19.8;10;27.7
8;07.26.1993;12;11.1;19.7
8;07.27.1993;15.7;9;23.8
8;07.28.1993;19.5;11.4;27.2
8;07.29.1993;21.2;13.3;28.3
8;07.30.1993;21.7;12.8;31.7
8;07.31.1993;23.1;10.8;31.9
8;08.01.1993;17.9;12.7;25.5
8;08.02.1993;19.2;10;29.3
8;08.03.1993;22.2;11.4;32.1
8;08.04.1993;23.1;12.6;33.3
8;08.05.1993;25.3;14.3;33.4
8;08.06.1993;21.2;13.2;32.1
8;08.07.1993;19.3;15.9;25.8
8;08.08.1993;19.7;11.2;25.2
8;08.09.1993;14.9;13.3;20.2
8;08.10.1993;17.6;9.9;25.5
8;08.11.1993;17.1;8.7;24.9
8;08.12.1993;19.6;8.3;28.5
8;08.13.1993;20.1;8.9;30.2
8;08.14.1993;20;9.3;30.4
8;08.15.1993;21.4;9.7;32
8;08.16.1993;22.3;11.5;32.6
8;08.17.1993;20.2;13;31.5
8;08.18.1993;18.1;13.8;23.3
8;08.19.1993;19.2;14.5;27.3
8;08.20.1993;20.4;11.4;28.8
8;08.21.1993;21.8;11.7;32.2
8;08.22.1993;23.4;13.4;32
8;08.23.1993;21.6;15.7;31.5
8;08.24.1993;23.1;14.1;30.9
8;08.25.1993;13.9;12.8;23.5
8;08.26.1993;12.7;11.4;14.2
8;08.27.1993;13.3;11.9;15.7
8;08.28.1993;13.1;11.7;15.9
8;08.29.1993;11.8;9;18.6
8;08.30.1993;11.1;2.5;20
8;08.31.1993;12.9;9.1;21.5
8;09.01.1993;12;5.3;20.8
8;09.02.1993;12.9;2.7;21.5
8;09.03.1993;12.3;8.1;17.9
8;09.04.1993;11;8.7;14.6
8;09.05.1993;10.3;6.8;18
8;09.06.1993;9.6;4.9;18.5
8;09.07.1993;12.4;3;21
8;09.08.1993;15;9.1;19.3
8;09.09.1993;17.4;10.8;22
8;09.10.1993;15.8;14.1;21.2
8;09.11.1993;12.8;9.5;18
8;09.12.1993;14.2;6.9;20.4
8;09.13.1993;15.5;11.5;21.3
8;09.14.1993;15.9;12.9;21.8
8;09.15.1993;13.5;7.1;20.7
8;09.16.1993;14.3;8.1;21
8;09.17.1993;13.8;12.5;16.2
8;09.18.1993;11.5;9.9;14.6
8;09.19.1993;12.6;8.7;15.3
8;09.20.1993;14.4;12.2;17
8;09.21.1993;13.9;11.2;20.2
8;09.22.1993;13.4;8;19.8
8;09.23.1993;16;10.1;23.8
8;09.24.1993;14.9;8.6;22.7
8;09.25.1993;14.1;11.5;17.1
8;09.26.1993;11.6;10.6;15.8
8;09.27.1993;10;9;11.9
8;09.28.1993;9.3;6.2;14.2
8;09.29.1993;8.8;7.6;10.9
8;09.30.1993;8;6.1;15.3
8;10.01.1993;10.3;4.3;13.3
8;10.02.1993;14.4;9.8;18.5
8;10.03.1993;10.9;8.2;16.8
8;10.04.1993;10;6.9;18.6
8;10.05.1993;11.4;2.7;19.6
8;10.06.1993;14.8;10.4;18.2
8;10.07.1993;14.4;12.9;19.6
8;10.08.1993;14.3;11.3;20.7
8;10.09.1993;11.4;8.8;17.2
8;10.10.1993;10.5;5.8;18
8;10.11.1993;14.4;7.9;17.8
8;10.12.1993;16.6;13.9;21.3
8;10.13.1993;16.9;14.5;21.3
8;10.14.1993;13.9;10.9;20.8
8;10.15.1993;11.2;9;18.5
8;10.16.1993;10.5;5.5;17.6
8;10.17.1993;13.9;7.1;19.5
8;10.18.1993;7.1;5.6;14.8
8;10.19.1993;6.6;5.4;8.4
8;10.20.1993;6.8;6.1;8.8
8;10.21.1993;6.8;6.3;8.3
8;10.22.1993;5.7;4.6;7.3
8;10.23.1993;9;5.8;11.9
8;10.24.1993;7.5;5.8;11.3
8;10.25.1993;9.1;5.8;13.7
8;10.26.1993;5.4;4.6;9.1
8;10.27.1993;3.9;1.8;8.9
8;10.28.1993;3.5;-1.4;11.7
8;10.29.1993;2.4;-1.4;10.9
8;10.30.1993;2;-2.6;11.1
8;10.31.1993;4.1;-0.1;7.6
8;11.01.1993;4.6;2.9;9.3
8;11.02.1993;5.9;3.6;7.6
8;11.03.1993;9.1;6.2;11.7
8;11.04.1993;10.4;8.3;15.9
8;11.05.1993;8.9;8.5;10.1
8;11.06.1993;9;8;10.4
8;11.07.1993;8.6;6.1;14.2
8;11.08.1993;7.9;4.8;11.2
8;11.09.1993;6.8;4.7;11.2
8;11.10.1993;6.4;5.6;7.9
8;11.11.1993;7;5.1;9.4
8;11.12.1993;3.4;1.9;7.6
8;11.13.1993;-1.8;-2.7;2.5
8;11.14.1993;-0.6;-3.3;1.4
8;11.15.1993;-0.2;-0.6;1.4
8;11.16.1993;0.7;-1.2;6.3
8;11.17.1993;-0.3;-4.7;4.5
8;11.18.1993;-2;-3.7;1.7
8;11.19.1993;-5;-8.6;0.1
8;11.20.1993;-5.2;-7.8;-3.9
8;11.21.1993;-4.5;-8.3;-1.5
8;11.22.1993;-6.9;-11.5;-0.9
8;11.23.1993;-3.8;-11.8;-2
8;11.24.1993;-2.9;-3.8;-1.1
8;11.25.1993;-2.3;-3.2;-0.6
8;11.26.1993;-3.8;-5;-1.6
8;11.27.1993;-5;-5.9;-3.4
8;11.28.1993;-5.1;-6.2;-3.5
8;11.29.1993;-5.3;-6.3;-3.8
8;11.30.1993;-2.5;-6.1;0
8;12.01.1993;-2.9;-3.5;-1.4
8;12.02.1993;-3.8;-5.5;-0.2
8;12.03.1993;-6.2;-10.1;0.8
8;12.04.1993;-4.3;-8.4;1.2
8;12.05.1993;-3.3;-8;-0.3
8;12.06.1993;-1.1;-6.1;2.9
8;12.07.1993;-2.3;-4.4;-0.9
8;12.08.1993;-0.6;-3.4;3.5
8;12.09.1993;0.9;-1.9;5.7
8;12.10.1993;1.4;-2.5;4.7
8;12.11.1993;2.8;0.8;5.8
8;12.12.1993;1.4;-2.6;4.1
8;12.13.1993;1.9;-4.4;5.8
8;12.14.1993;5.9;2.5;7.9
8;12.15.1993;1.9;0.4;7.4
8;12.16.1993;2.3;0;6.1
8;12.17.1993;-2.1;-3.6;0.7
8;12.18.1993;2.3;-3.1;8.2
8;12.19.1993;3.8;-2.6;7.8
8;12.20.1993;6.5;5.7;8.8
8;12.21.1993;8.5;5.9;11.1
8;12.22.1993;0.2;-1.8;7.8
8;12.23.1993;0.8;-3.8;9.6
8;12.24.1993;3.5;-1.6;7.1
8;12.25.1993;-0.2;-1.5;5
8;12.26.1993;-1.9;-3.5;0.5
8;12.27.1993;-2;-4.2;0.1
8;12.28.1993;-3.1;-4.2;-1.2
8;12.29.1993;-6.8;-7.6;-3.6
8;12.30.1993;-6;-8.9;-1.4
8;12.31.1993;-2.7;-9.2;0.2
8;01.01.1994;1.7;-1.9;4.5
8;01.02.1994;-1.1;-4.4;5
8;01.03.1994;-1.1;-6.2;6.1
8;01.04.1994;2;-2.6;3.7
8;01.05.1994;2.5;-0.3;8.1
8;01.06.1994;7.6;-0.3;9.5
8;01.07.1994;9.5;5.2;13.1
8;01.08.1994;7.5;2.8;11.8
8;01.09.1994;6.9;4.3;10.6
8;01.10.1994;6;5.3;8.6
8;01.11.1994;6;4.5;7.6
8;01.12.1994;3.1;-0.1;8
8;01.13.1994;1;-0.9;3.9
8;01.14.1994;3.6;-1.8;8.8
8;01.15.1994;2;-1.1;8.2
8;01.16.1994;0.4;-0.8;2.1
8;01.17.1994;0.6;-0.4;3.6
8;01.18.1994;-1.2;-2.9;1.3
8;01.19.1994;-4.3;-6.8;1
8;01.20.1994;-3.2;-7.2;-1.9
8;01.21.1994;-1.5;-3.8;4.1
8;01.22.1994;-2.6;-7;4.7
8;01.23.1994;-2.3;-9;5.6
8;01.24.1994;-1.5;-6.3;5.6
8;01.25.1994;2.8;-6.3;9.1
8;01.26.1994;2.8;-1;6.1
8;01.27.1994;1.5;-2.4;9.7
8;01.28.1994;2.4;-3.3;8
8;01.29.1994;3.1;-1.1;5.6
8;01.30.1994;-1.7;-6.4;8
8;01.31.1994;0.8;-5.8;7.7
8;02.01.1994;0.5;-6.2;7.6
8;02.02.1994;4.5;-2.4;8.7
8;02.03.1994;4.9;4.1;7.1
8;02.04.1994;4;0.4;11
8;02.05.1994;4.8;-0.5;7.8
8;02.06.1994;4.4;3.2;7.5
8;02.07.1994;2.9;-1.4;6
8;02.08.1994;3.4;0;5.9
8;02.09.1994;3.4;1.6;6.4
8;02.10.1994;1.4;-1.9;6.6
8;02.11.1994;1.1;-4.6;8.2
8;02.12.1994;0.3;-2.3;4.3
8;02.13.1994;-3;-5.4;0.9
8;02.14.1994;-6.8;-7.9;-3.7
8;02.15.1994;-7.1;-12.9;-0.6
8;02.16.1994;-6.5;-9.1;-1.7
8;02.17.1994;-7.2;-13;-2
8;02.18.1994;-5.7;-12.2;1.2
8;02.19.1994;-2.1;-7.1;1.9
8;02.20.1994;-2.2;-9.8;3.3
8;02.21.1994;-1.9;-8.7;8.4
8;02.22.1994;2.3;-7.5;9.1
8;02.23.1994;2.4;-6.1;6.9
8;02.24.1994;2.5;1.2;6
8;02.25.1994;0.6;-1.2;6.6
8;02.26.1994;4.2;-3.1;13.6
8;02.27.1994;6.8;-2.6;13.3
8;02.28.1994;8.1;5.9;10.9
8;03.01.1994;8.9;6.2;12
8;03.02.1994;7.8;6;11.9
8;03.03.1994;7;0.6;14.9
8;03.04.1994;7.7;3.2;12
8;03.05.1994;1.4;-4.9;12.1
8;03.06.1994;4.4;-4;14.5
8;03.07.1994;6.6;-1.6;15.2
8;03.08.1994;6.8;-0.6;16.3
8;03.09.1994;7.9;1.9;17.2
8;03.10.1994;11.7;1.3;21.3
8;03.11.1994;7.8;4.1;14.6
8;03.12.1994;10.3;-1.4;19.8
8;03.13.1994;9.5;0.9;16
8;03.14.1994;9.9;5.9;18.5
8;03.15.1994;10.4;0.6;16.1
8;03.16.1994;8.3;3.2;16.1
8;03.17.1994;7.1;4.9;14
8;03.18.1994;3.4;-2.2;12.6
8;03.19.1994;7.9;-3.4;13.9
8;03.20.1994;7.7;4.7;14.4
8;03.21.1994;7.6;3.2;14
8;03.22.1994;7;1.2;11.3
8;03.23.1994;9.6;5.6;16.8
8;03.24.1994;11.7;4.7;17
8;03.25.1994;11.7;3.3;18.6
8;03.26.1994;8.3;5.2;13.1
8;03.27.1994;4.8;-1.5;11.9
8;03.28.1994;3.4;-1;10.5
8;03.29.1994;5.6;-1.5;15.4
8;03.30.1994;8.9;-1.9;21.6
8;03.31.1994;11;0.2;19.3
8;04.01.1994;9.8;1;17.2
8;04.02.1994;3.9;1;10.8
8;04.03.1994;4.4;-0.7;12.4
8;04.04.1994;5.3;2.6;13.7
8;04.05.1994;3.3;2.4;7.4
8;04.06.1994;5.6;0.1;9.8
8;04.07.1994;3.3;-2.7;13
8;04.08.1994;7;-3.5;13.9
8;04.09.1994;5.5;-0.4;13.1
8;04.10.1994;4.5;0.1;8.9
8;04.11.1994;4.5;0.2;8.4
8;04.12.1994;5.3;3.1;8
8;04.13.1994;6.9;3.6;9.9
8;04.14.1994;9.1;4.1;14.5
8;04.15.1994;8.7;4.8;13.9
8;04.16.1994;8.8;6.1;10.8
8;04.17.1994;10.2;7.5;14.1
8;04.18.1994;8.9;7.4;11.7
8;04.19.1994;6;2.7;9.3
8;04.20.1994;7.8;4.7;10.9
8;04.21.1994;9.2;6.5;16.4
8;04.22.1994;9.1;0.6;18.5
8;04.23.1994;10.8;0.9;20.4
8;04.24.1994;12.3;2.2;22
8;04.25.1994;9;1.9;16.3
8;04.26.1994;11.4;1.5;16.8
8;04.27.1994;11.9;3.9;19.8
8;04.28.1994;14.4;5.3;21.8
8;04.29.1994;12.3;8.6;21.1
8;04.30.1994;13.5;3.3;23.2
8;05.01.1994;14;4.3;23.1
8;05.02.1994;10.1;6.7;13.7
8;05.03.1994;8.7;1.6;17.1
8;05.04.1994;12.6;-0.6;21.8
8;05.05.1994;8.7;7.6;13.8
8;05.06.1994;9;3.6;17.7
8;05.07.1994;11.1;-0.4;18.3
8;05.08.1994;10.3;6.8;16.6
8;05.09.1994;10.5;-0.2;18.8
8;05.10.1994;9.4;2.8;19.3
8;05.11.1994;10.6;7.9;15.5
8;05.12.1994;11.4;3.2;18.8
8;05.13.1994;12.9;4.4;19
8;05.14.1994;14.3;6.9;18.7
8;05.15.1994;16.4;9;23.1
8;05.16.1994;16.9;5.8;24.4
8;05.17.1994;18.2;8.7;25.7
8;05.18.1994;15.7;8;23
8;05.19.1994;12.6;10.8;14.8
8;05.20.1994;12.8;11.7;15.3
8;05.21.1994;13.8;6.7;19.1
8;05.22.1994;15.6;8.7;22.1
8;05.23.1994;16.1;8.7;24.4
8;05.24.1994;18.1;11.3;25.9
8;05.25.1994;17.6;13.5;24.8
8;05.26.1994;18;10.3;25.3
8;05.27.1994;11.5;9.7;17.6
8;05.28.1994;14.8;4.4;21.4
8;05.29.1994;15.4;9.6;22
8;05.30.1994;13.2;11.4;15.7
8;05.31.1994;14.3;9.9;20.6
8;06.01.1994;18.1;6.3;26.6
8;06.02.1994;20.8;10.5;27
8;06.03.1994;20;11.9;27.2
8;06.04.1994;13.5;12.3;17.8
8;06.05.1994;14.1;9.9;20.2
8;06.06.1994;12.9;6.2;18.3
8;06.07.1994;16;2.5;23.2
8;06.08.1994;18.6;7.5;24.2
8;06.09.1994;16.4;10.1;25.3
8;06.10.1994;11;10;13.4
8;06.11.1994;11.3;8.3;14.6
8;06.12.1994;11.6;9.6;13.3
8;06.13.1994;12.5;10.7;14.9
8;06.14.1994;15.2;9.2;21.7
8;06.15.1994;17;12.6;23.3
8;06.16.1994;17.5;8.6;24
8;06.17.1994;17.3;12.7;22.6
8;06.18.1994;18.7;13.1;24.2
8;06.19.1994;20.4;10;26.5
8;06.20.1994;17.2;12.1;24.2
8;06.21.1994;17.8;14.2;23.3
8;06.22.1994;19.9;10.3;26.9
8;06.23.1994;21.1;11.2;28.7
8;06.24.1994;21.5;16.9;26.5
8;06.25.1994;21.7;13.3;28.4
8;06.26.1994;21.9;13.3;30.8
8;06.27.1994;21.6;13.3;30.6
8;06.28.1994;22;13.2;28
8;06.29.1994;21;14.3;28.3
8;06.30.1994;21.6;13.6;29.6
8;07.01.1994;21.4;15.5;27.8
8;07.02.1994;21.5;15.9;27.1
8;07.03.1994;21.8;13.5;28.3
8;07.04.1994;23.5;14.7;30.4
8;07.05.1994;21;16.7;30.7
8;07.06.1994;20.9;16.5;27.2
8;07.07.1994;18.8;14.5;24.6
8;07.08.1994;15.5;14.6;19
8;07.09.1994;17.1;13.1;22.8
8;07.10.1994;17.9;10.9;25.4
8;07.11.1994;18.6;11.6;25.6
8;07.12.1994;18.4;12.1;25.7
8;07.13.1994;18;14.4;26.1
8;07.14.1994;19;12.2;25.8
8;07.15.1994;17.8;14.3;26.3
8;07.16.1994;20;12.3;26.8
8;07.17.1994;22.4;12.6;29.6
8;07.18.1994;21.6;15;31.1
8;07.19.1994;19.5;15.9;27.8
8;07.20.1994;18.4;15;21.6
8;07.21.1994;19.5;17.1;26.1
8;07.22.1994;20.2;10.9;28.6
8;07.23.1994;20.3;11.7;29.6
8;07.24.1994;21.1;10.6;29.6
8;07.25.1994;20.9;11.1;29.6
8;07.26.1994;21.5;12.7;30.2
8;07.27.1994;21.6;12.8;30.6
8;07.28.1994;20.6;17;28.6
8;07.29.1994;21.1;12.5;30.6
8;07.30.1994;21.8;11.2;30.5
8;07.31.1994;23.1;12;31.9
8;08.01.1994;23;13.6;32
8;08.02.1994;22.7;13.8;32.1
8;08.03.1994;23.4;14.1;31.6
8;08.04.1994;24.8;17;31.7
8;08.05.1994;23.7;16.6;31.2
8;08.06.1994;24.2;16.3;32.1
8;08.07.1994;22.1;17.6;30.1
8;08.08.1994;20.9;13.8;32
8;08.09.1994;22.9;13.2;31.9
8;08.10.1994;24;16.2;32.7
8;08.11.1994;22.4;16.4;30.5
8;08.12.1994;17.1;14.8;23.6
8;08.13.1994;17.9;15.3;25.2
8;08.14.1994;16.1;14.5;21.5
8;08.15.1994;17.6;10.8;22.7
8;08.16.1994;17.2;10.4;24.1
8;08.17.1994;19.1;10.6;26.7
8;08.18.1994;16.4;14.3;21.4
8;08.19.1994;16.2;8;25.3
8;08.20.1994;18.7;9.7;28.2
8;08.21.1994;20.2;11.9;29.8
8;08.22.1994;20.6;13.6;29.6
8;08.23.1994;21;12.3;28.4
8;08.24.1994;16.4;14.9;25.1
8;08.25.1994;15.7;13.5;20.1
8;08.26.1994;19.9;12.5;24.8
8;08.27.1994;16.5;7.1;24.7
8;08.28.1994;18.4;10.1;27.4
8;08.29.1994;18.9;11.5;24.3
8;08.30.1994;17.8;16.5;21.3
8;08.31.1994;20.6;15.8;27.2
8;09.01.1994;19.7;13.5;28.1
8;09.02.1994;16.7;13.9;21.9
8;09.03.1994;15.2;13.9;19
8;09.04.1994;15.2;11.5;22.5
8;09.05.1994;15.2;8.3;23.5
8;09.06.1994;16.7;9.2;24.9
8;09.07.1994;17.1;10.9;26.3
8;09.08.1994;17.5;11.1;26.8
8;09.09.1994;16.6;13.6;24.7
8;09.10.1994;15.3;11.8;23.3
8;09.11.1994;15.8;8.1;24.8
8;09.12.1994;16.9;10.5;25.4
8;09.13.1994;17.1;11.4;25
8;09.14.1994;17.1;12.5;22.3
8;09.15.1994;13.6;11.6;19.3
8;09.16.1994;13;7.9;18.9
8;09.17.1994;10.8;9.5;13.5
8;09.18.1994;7.8;7;10.3
8;09.19.1994;9;6.6;15.4
8;09.20.1994;8.7;2;18.2
8;09.21.1994;12.4;2.4;19.4
8;09.22.1994;14.1;12.1;21
8;09.23.1994;15.8;7.8;24.4
8;09.24.1994;19.1;10.5;26.4
8;09.25.1994;16.1;10.9;25.1
8;09.26.1994;17.4;9.1;25.1
8;09.27.1994;17.3;14.2;24.7
8;09.28.1994;14.8;11.9;21.6
8;09.29.1994;14;10;22.8
8;09.30.1994;13.6;7.9;20.6
8;10.01.1994;16;9.9;24.8
8;10.02.1994;16.2;12.3;22.4
8;10.03.1994;15.7;14.2;21.1
8;10.04.1994;12.3;10.4;18.5
8;10.05.1994;5.5;2.9;12.2
8;10.06.1994;3.3;-1.4;11.9
8;10.07.1994;3.9;-3.1;11.1
8;10.08.1994;3.5;2.4;6.2
8;10.09.1994;3.8;-0.4;11.6
8;10.10.1994;4.6;-0.5;13.2
8;10.11.1994;4.8;-1.3;14.6
8;10.12.1994;5.5;-1.5;16
8;10.13.1994;6.3;-1;17.6
8;10.14.1994;7.4;0.2;17.8
8;10.15.1994;6.8;1.6;17.2
8;10.16.1994;5.4;0.4;12.7
8;10.17.1994;7.9;3.6;13.6
8;10.18.1994;4.7;3.5;8.2
8;10.19.1994;3.4;0.9;9.2
8;10.20.1994;6;-1.7;10.7
8;10.21.1994;5.8;1.8;8
8;10.22.1994;5.1;4.6;6.8
8;10.23.1994;5.4;4.5;6.6
8;10.24.1994;7.1;5.3;9.4
8;10.25.1994;7.6;6.2;12.5
8;10.26.1994;9.7;4.8;14.1
8;10.27.1994;6.4;3.2;13.6
8;10.28.1994;7.3;0.7;11.5
8;10.29.1994;8.6;7.8;10.6
8;10.30.1994;7.2;3.9;15.3
8;10.31.1994;8.5;3.6;15.4
8;11.01.1994;9.8;6.1;15.8
8;11.02.1994;8.5;3.4;10.7
8;11.03.1994;9.9;7.6;12.2
8;11.04.1994;11.2;9.5;15.4
8;11.05.1994;9.6;8.2;13.4
8;11.06.1994;9.2;7.1;11.8
8;11.07.1994;7.2;6.6;8.6
8;11.08.1994;7.7;6.5;11
8;11.09.1994;8.5;3.9;11.5
8;11.10.1994;9.8;6.2;12.6
8;11.11.1994;7.7;6.8;10.6
8;11.12.1994;6.1;4.9;9.7
8;11.13.1994;4.2;3.6;5.9
8;11.14.1994;5.1;3;8.7
8;11.15.1994;4.4;0.9;12.5
8;11.16.1994;8.3;1.5;14.1
8;11.17.1994;5.2;1.7;11.5
8;11.18.1994;2.4;-0.8;5.8
8;11.19.1994;4;-0.3;7
8;11.20.1994;3.9;1.9;9.5
8;11.21.1994;5.2;-1;12
8;11.22.1994;7.7;4.5;10.3
8;11.23.1994;5;1.9;13.4
8;11.24.1994;3.9;-1.7;10.7
8;11.25.1994;2.1;0.5;4.2
8;11.26.1994;3.1;-0.2;5.6
8;11.27.1994;3.5;2.4;5
8;11.28.1994;2;1;4.5
8;11.29.1994;0.9;0.3;2.9
8;11.30.1994;0.5;-1.4;2
8;12.01.1994;-0.3;-3.1;4.4
8;12.02.1994;-3.6;-7;4
8;12.03.1994;-4.5;-9.6;3.6
8;12.04.1994;-0.3;-7.3;5.9
8;12.05.1994;3.1;-1.8;7.8
8;12.06.1994;4.6;2.5;8.1
8;12.07.1994;4.1;3.2;6.6
8;12.08.1994;2.5;-2;8.5
8;12.09.1994;6;2;11.1
8;12.10.1994;5.2;2.3;10.3
8;12.11.1994;4;1.3;9.1
8;12.12.1994;2.1;-1.7;12.3
8;12.13.1994;1.7;-1.5;11.3
8;12.14.1994;3.2;-3.3;9.1
8;12.15.1994;-2.4;-5.4;5
8;12.16.1994;-3.7;-9.5;2.1
8;12.17.1994;-3.3;-8.3;5.4
8;12.18.1994;-4;-8.7;3.8
8;12.19.1994;-0.9;-6.7;0.4
8;12.20.1994;-0.3;-0.6;0.8
8;12.21.1994;-2;-2.4;0.1
8;12.22.1994;-2.5;-3;-0.9
8;12.23.1994;-2.5;-4.1;-0.5
8;12.24.1994;-1.6;-3.2;0.5
8;12.25.1994;-1.4;-2.2;0.5
8;12.26.1994;-1.1;-2;0.7
8;12.27.1994;-3;-3.8;-0.7
8;12.28.1994;-0.2;-4.2;2.2
8;12.29.1994;1.3;-5.7;6.7
8;12.30.1994;3.7;1.4;7.2
8;12.31.1994;1.6;0.2;6
8;01.01.1995;0.8;-0.4;2.6
8;01.02.1995;-3.5;-5.5;3
8;01.03.1995;-4.8;-10.4;2.8
8;01.04.1995;-4.9;-10.7;0.4
8;01.05.1995;-3;-5.4;-0.5
8;01.06.1995;-2.3;-4;0
8;01.07.1995;-2.4;-6.3;1.6
8;01.08.1995;-4.6;-8.4;-0.5
8;01.09.1995;-6.6;-9.5;-1.7
8;01.10.1995;-4.9;-11.2;3.2
8;01.11.1995;-1.7;-8.1;5.8
8;01.12.1995;-3.4;-10.4;4.5
8;01.13.1995;0.9;-6.1;3.2
8;01.14.1995;-7.3;-11.9;1
8;01.15.1995;-8.2;-14.2;-0.1
8;01.16.1995;-6.3;-11.6;0.6
8;01.17.1995;-7.2;-11.8;-1
8;01.18.1995;-1.9;-10.2;3.9
8;01.19.1995;0.6;-0.7;4.8
8;01.20.1995;-0.2;-1.2;1
8;01.21.1995;0.1;-0.6;1.2
8;01.22.1995;1.3;-0.5;4.1
8;01.23.1995;4.5;1.2;6.2
8;01.24.1995;0.5;-2.1;6.7
8;01.25.1995;3.1;-2.8;7.5
8;01.26.1995;6.7;2.4;10.1
8;01.27.1995;2.6;-0.6;10.3
8;01.28.1995;1.9;-4.6;6.2
8;01.29.1995;2.3;-0.4;8.9
8;01.30.1995;3.3;-0.9;8.1
8;01.31.1995;1.1;-4.5;8.2
8;02.01.1995;-2.1;-8;6.8
8;02.02.1995;-0.9;-6.6;8
8;02.03.1995;-1.3;-5.2;4.4
8;02.04.1995;-1.1;-6.6;5.3
8;02.05.1995;2.9;-6.3;13.2
8;02.06.1995;0.7;-5.2;11.5
8;02.07.1995;2.7;-4.1;14.7
8;02.08.1995;3.6;-3.9;7.3
8;02.09.1995;4.3;1.6;7.8
8;02.10.1995;-0.3;-2.4;3.3
8;02.11.1995;2.7;-3.5;5.5
8;02.12.1995;4.2;1.5;11.6
8;02.13.1995;4.3;-2.6;9.6
8;02.14.1995;4.9;2.4;8.2
8;02.15.1995;2.9;-1.4;7.8
8;02.16.1995;1.9;-0.9;6.7
8;02.17.1995;1.9;-0.3;9.3
8;02.18.1995;2.2;-0.3;6.6
8;02.19.1995;0.2;-2.2;7.1
8;02.20.1995;2.2;-4.4;12.6
8;02.21.1995;3.5;-3;12.7
8;02.22.1995;2.1;-3;6.9
8;02.23.1995;2.9;-0.5;5
8;02.24.1995;1.9;-0.1;4.9
8;02.25.1995;4.6;-0.2;9.3
8;02.26.1995;0.9;-1.3;5.8
8;02.27.1995;0.4;-1.7;5.4
8;02.28.1995;0.7;-3.6;9.2
8;03.01.1995;4.2;-3.6;12.8
8;03.02.1995;2.8;-1;5.6
8;03.03.1995;2.4;-0.3;4.7
8;03.04.1995;2.4;0.5;5
8;03.05.1995;1;-1.7;7.1
8;03.06.1995;1.5;-3.2;3.6
8;03.07.1995;1.2;-1.7;7.1
8;03.08.1995;1.3;-4.6;9.2
8;03.09.1995;3.1;-0.5;5.2
8;03.10.1995;3.6;0.5;10.6
8;03.11.1995;2;-3.8;11.7
8;03.12.1995;2.7;-3.9;12.5
8;03.13.1995;4.5;-2.2;9.4
8;03.14.1995;1.3;-1.3;5.9
8;03.15.1995;-0.6;-5.3;4.7
8;03.16.1995;0.5;-1.3;1.5
8;03.17.1995;2.6;-1.4;8.6
8;03.18.1995;6.9;-0.3;9.3
8;03.19.1995;8.6;5.5;11.4
8;03.20.1995;1.3;-1.3;9.4
8;03.21.1995;0;-5.5;7.9
8;03.22.1995;3.2;-3.8;7.9
8;03.23.1995;4.1;-3.1;10.5
8;03.24.1995;5.3;-3.5;15.5
8;03.25.1995;7.8;-2;15.7
8;03.26.1995;7.7;0.8;12.1
8;03.27.1995;8.3;6;12.1
8;03.28.1995;0.4;-2.9;8.5
8;03.29.1995;2.5;-3.5;4.9
8;03.30.1995;4;1.8;7.2
8;03.31.1995;2.8;0;9.3
8;04.01.1995;5.2;-2.4;13.5
8;04.02.1995;12;-1.3;20.6
8;04.03.1995;10.8;0.2;22.2
8;04.04.1995;10.2;0.8;19.8
8;04.05.1995;9.2;1.1;18.6
8;04.06.1995;9.3;1.7;18.8
8;04.07.1995;10.9;0.7;21.3
8;04.08.1995;7.8;2.8;17
8;04.09.1995;4.4;-2.1;10.6
8;04.10.1995;4.3;-5.4;13.2
8;04.11.1995;7;1.2;13.6
8;04.12.1995;4.3;1.4;9.3
8;04.13.1995;5.3;-0.1;13.5
8;04.14.1995;3.2;-1.9;11.1
8;04.15.1995;2.7;-2.6;10.1
8;04.16.1995;4.8;-1.6;9
8;04.17.1995;5.5;-2.9;15.6
8;04.18.1995;10.1;-0.1;15.9
8;04.19.1995;10.2;3.5;12.8
8;04.20.1995;8.9;5.9;14
8;04.21.1995;10.9;1.5;19.9
8;04.22.1995;13.6;2.9;24.3
8;04.23.1995;14.2;2.8;25.4
8;04.24.1995;12.6;5;19.1
8;04.25.1995;8.2;7;12.4
8;04.26.1995;8.5;2.8;12.8
8;04.27.1995;11.3;3.5;17
8;04.28.1995;11.3;6.5;18.1
8;04.29.1995;12.4;3.7;21
8;04.30.1995;12.2;3.9;21.7
8;05.01.1995;13.8;5.7;20.6
8;05.02.1995;12.2;9.1;18.1
8;05.03.1995;8.3;-0.9;17.1
8;05.04.1995;9.9;-0.7;18.8
8;05.05.1995;13.5;2.6;24.1
8;05.06.1995;14.3;3.4;24.4
8;05.07.1995;16.3;4.3;26.8
8;05.08.1995;16.1;6.2;23.5
8;05.09.1995;15.2;6.6;21.3
8;05.10.1995;9.5;8.5;15.3
8;05.11.1995;11;7.5;14.8
8;05.12.1995;11.1;9.2;13.8
8;05.13.1995;10.8;9.3;13.2
8;05.14.1995;10.9;8.8;16.7
8;05.15.1995;7.5;5.8;12.9
8;05.16.1995;10.7;0.2;16.6
8;05.17.1995;10.5;9.6;13
8;05.18.1995;12;4.9;18.5
8;05.19.1995;10.8;9.4;14
8;05.20.1995;8.9;7.4;12.4
8;05.21.1995;9.7;5;13.7
8;05.22.1995;10.4;3.1;17.7
8;05.23.1995;12.9;3.9;22
8;05.24.1995;15.5;4.5;22.8
8;05.25.1995;16;6;25.1
8;05.26.1995;18.8;7.4;26.8
8;05.27.1995;18.3;9.5;26
8;05.28.1995;19;8.1;26.8
8;05.29.1995;19.6;10.9;26.5
8;05.30.1995;17.4;11.3;26.8
8;05.31.1995;13.6;9.4;22.1
8;06.01.1995;12.3;10.7;15.8
8;06.02.1995;14;8.8;20.8
8;06.03.1995;14.1;11;19.1
8;06.04.1995;14.7;8.7;21.1
8;06.05.1995;14.1;11.1;17.7
8;06.06.1995;13;10.4;18.7
8;06.07.1995;14.4;8.3;20.9
8;06.08.1995;16.1;7;22.2
8;06.09.1995;16.4;8.8;23.2
8;06.10.1995;14.8;9.1;18
8;06.11.1995;14.1;12.8;18.2
8;06.12.1995;12.7;10.4;15.9
8;06.13.1995;12.6;7;18.1
8;06.14.1995;13.5;9.6;18.4
8;06.15.1995;14.7;10;21.1
8;06.16.1995;15;8.9;20.2
8;06.17.1995;14.9;9.3;21.9
8;06.18.1995;16.9;8.1;22.7
8;06.19.1995;18.6;10.9;25.3
8;06.20.1995;20;10.8;27.7
8;06.21.1995;20.7;11.3;28.5
8;06.22.1995;15.4;13.3;21.8
8;06.23.1995;10.4;8.8;14
8;06.24.1995;10.3;8.5;11.5
8;06.25.1995;12.7;9.6;16.6
8;06.26.1995;16.8;9;24.7
8;06.27.1995;18.3;11.4;23.6
8;06.28.1995;19.6;12;26
8;06.29.1995;18.2;9.7;24.6
8;06.30.1995;19.7;9;27.1
8;07.01.1995;20.8;11.6;29.7
8;07.02.1995;21.2;13.4;28.5
8;07.03.1995;21.9;15.4;27.3
8;07.04.1995;18.2;12.3;25.1
8;07.05.1995;17;12.4;25.5
8;07.06.1995;15.6;13.6;19.1
8;07.07.1995;17.5;9.9;24.1
8;07.08.1995;20;9.9;26.9
8;07.09.1995;20.5;12.2;27.6
8;07.10.1995;21.1;12.5;28
8;07.11.1995;21.3;12.6;29.1
8;07.12.1995;19.2;13.8;29.3
8;07.13.1995;21.9;12;30.3
8;07.14.1995;21.8;15.6;29.9
8;07.15.1995;19.9;13.4;26.9
8;07.16.1995;21.3;12;29.1
8;07.17.1995;17.3;15.8;23.3
8;07.18.1995;19.2;11.4;26.9
8;07.19.1995;21.9;13.1;29.5
8;07.20.1995;22.1;13.8;29.2
8;07.21.1995;22.7;14.6;29.6
8;07.22.1995;23.3;15.5;30.4
8;07.23.1995;21.1;16.5;28.4
8;07.24.1995;20.3;17.4;26.4
8;07.25.1995;20.6;12.3;27.1
8;07.26.1995;22.1;12.7;29.5
8;07.27.1995;23.9;14.3;31.9
8;07.28.1995;18.6;16.8;24.3
8;07.29.1995;17.1;14.3;20.8
8;07.30.1995;19.3;14.5;26.8
8;07.31.1995;20;10.6;28.1
8;08.01.1995;19.6;10.9;29.2
8;08.02.1995;18.3;13.7;28
8;08.03.1995;18.4;13.3;25.4
8;08.04.1995;19.2;11.2;27.2
8;08.05.1995;20.8;12.3;28.4
8;08.06.1995;20.6;12.8;29.6
8;08.07.1995;19.4;13.1;26.7
8;08.08.1995;20.5;13.7;27
8;08.09.1995;16.4;13.2;23.9
8;08.10.1995;17.9;10;24.5
8;08.11.1995;17.9;10.7;26.6
8;08.12.1995;18.5;9.9;26.6
8;08.13.1995;17.6;10.7;26
8;08.14.1995;19.1;8.1;27
8;08.15.1995;17.8;14.5;24.3
8;08.16.1995;15.7;11.2;22.5
8;08.17.1995;16.1;12.6;21.9
8;08.18.1995;16.6;13;23.9
8;08.19.1995;17.1;14.8;22.3
8;08.20.1995;16.2;14.4;18.4
8;08.21.1995;18.3;14.8;23.1
8;08.22.1995;18.2;15.2;23.9
8;08.23.1995;18.1;11.9;25.4
8;08.24.1995;17.5;13.1;25.2
8;08.25.1995;18;12.8;21.9
8;08.26.1995;18.8;14.5;25.4
8;08.27.1995;15.9;12.4;21.3
8;08.28.1995;9.7;7.7;15.4
8;08.29.1995;10.9;5.2;18.5
8;08.30.1995;11.4;5.1;18.5
8;08.31.1995;8.7;2.7;16.9
8;09.01.1995;8.3;2.4;13.7
8;09.02.1995;13.9;6.4;20.9
8;09.03.1995;14.2;10.9;18.7
8;09.04.1995;10.8;7.6;17.3
8;09.05.1995;11;3;17.8
8;09.06.1995;13.2;9.5;21.9
8;09.07.1995;13.1;5;18.6
8;09.08.1995;14.8;13.6;17.6
8;09.09.1995;13.4;10.9;21.6
8;09.10.1995;12.8;7.4;21.4
8;09.11.1995;14;6.5;22.2
8;09.12.1995;14.9;8.1;23.7
8;09.13.1995;13.5;9.3;17.2
8;09.14.1995;14.8;13.7;16.8
8;09.15.1995;14.8;11.2;20.4
8;09.16.1995;14.2;12.2;20.5
8;09.17.1995;13.5;9.2;19.3
8;09.18.1995;14.6;12.4;21.3
8;09.19.1995;13.7;10.7;15.4
8;09.20.1995;13.8;11.9;19.7
8;09.21.1995;12.8;9;21.3
8;09.22.1995;11.6;9.5;16.6
8;09.23.1995;11;8.1;16.2
8;09.24.1995;11.2;6;16.8
8;09.25.1995;11.2;6;18.7
8;09.26.1995;11.4;4.5;19.6
8;09.27.1995;11.9;4.8;20.7
8;09.28.1995;8.6;6.5;12.2
8;09.29.1995;5.9;2.8;13.5
8;09.30.1995;4.5;-2;12.1
8;10.01.1995;8.2;-0.6;13.9
8;10.02.1995;10.6;3.5;19.3
8;10.03.1995;10.8;4.3;19.9
8;10.04.1995;12.9;5;20.2
8;10.05.1995;14.3;12.3;19.9
8;10.06.1995;13.7;7.8;23.3
8;10.07.1995;14.4;7.7;22.5
8;10.08.1995;14.4;9.5;22.7
8;10.09.1995;14.7;9.8;21.3
8;10.10.1995;13.4;10.2;21.4
8;10.11.1995;12.1;6.1;20.6
8;10.12.1995;11.3;6.4;21.3
8;10.13.1995;10.6;5.7;19.5
8;10.14.1995;11;3.9;19.3
8;10.15.1995;11.3;9.7;13.6
8;10.16.1995;12.9;10.3;17.6
8;10.17.1995;12.3;10.6;15.4
8;10.18.1995;9;4.8;19
8;10.19.1995;8.8;2.8;19.3
8;10.20.1995;8.3;1.7;19.5
8;10.21.1995;10;4.9;13.5
8;10.22.1995;5;2.1;10.8
8;10.23.1995;2.7;-2.7;12.9
8;10.24.1995;2.4;-3.5;13.1
8;10.25.1995;0.8;-3.9;10.3
8;10.26.1995;3.3;-3.1;15.3
8;10.27.1995;4.9;-2.2;14.7
8;10.28.1995;7.5;0.9;14.8
8;10.29.1995;9.6;1.8;19.2
8;10.30.1995;10.3;8.1;12.6
8;10.31.1995;10.8;9.5;12.9
8;11.01.1995;8.9;7.9;12.2
8;11.02.1995;6.3;2.8;10.2
8;11.03.1995;1.3;-2.2;9.8
8;11.04.1995;3.9;-2.1;8.2
8;11.05.1995;3.8;-1.4;6.3
8;11.06.1995;2.8;-0.8;7.9
8;11.07.1995;5.3;-3.3;15.7
8;11.08.1995;2.2;1.7;5.9
8;11.09.1995;2.5;-0.1;11
8;11.10.1995;5.1;-3.2;8.4
8;11.11.1995;9.9;7.3;11.7
8;11.12.1995;10.2;7.5;13.6
8;11.13.1995;5.2;4.2;10.6
8;11.14.1995;5.4;5;6.4
8;11.15.1995;6.3;4.2;8.7
8;11.16.1995;10.3;6.2;11.4
8;11.17.1995;10.6;9.2;14.1
8;11.18.1995;0.5;-2.1;10.3
8;11.19.1995;-4.5;-6.4;0.6
8;11.20.1995;1.2;-6.6;5.3
8;11.21.1995;-4.6;-9.1;3.2
8;11.22.1995;-5.5;-10.5;2.3
8;11.23.1995;-4.1;-10.5;2
8;11.24.1995;-3.2;-8;5.1
8;11.25.1995;-0.4;-7.9;5.3
8;11.26.1995;1.6;-1.6;5.2
8;11.27.1995;4.3;1.2;7.1
8;11.28.1995;6.4;4.3;9.6
8;11.29.1995;4.5;3.4;6.7
8;11.30.1995;4.2;3.5;6.1
8;12.01.1995;2.8;2.1;4.7
8;12.02.1995;2.2;-1.2;6.4
8;12.03.1995;1.4;1;3.2
8;12.04.1995;0.5;-0.9;2.3
8;12.05.1995;-0.7;-1.2;1.5
8;12.06.1995;-2.3;-3.2;-0.5
8;12.07.1995;-2;-3.1;-0.5
8;12.08.1995;-2.8;-4.9;0.1
8;12.09.1995;-1.5;-4.7;-0.2
8;12.10.1995;-0.5;-1;0.8
8;12.11.1995;-1.7;-1.9;0.1
8;12.12.1995;-1.9;-3.6;1.1
8;12.13.1995;-3.1;-4.7;-1.8
8;12.14.1995;-2;-3.3;-0.8
8;12.15.1995;-2.1;-6.6;-0.7
8;12.16.1995;-0.2;-1.5;1.6
8;12.17.1995;0.2;-0.3;1.3
8;12.18.1995;0.7;-0.1;2.4
8;12.19.1995;1.2;0.2;3
8;12.20.1995;3;0.1;5.5
8;12.21.1995;-1.1;-2.1;6
8;12.22.1995;2.2;-2.2;6.7
8;12.23.1995;8.3;4.5;9.9
8;12.24.1995;9;7.8;10.8
8;12.25.1995;7.7;7.1;10.2
8;12.26.1995;2.7;-0.6;9.4
8;12.27.1995;-2.5;-3.8;0.1
8;12.28.1995;-6;-8.3;-1.1
8;12.29.1995;-7.6;-12.1;-4.7
8;12.30.1995;-7.2;-8.4;-5.9
8;12.31.1995;-5.1;-7.2;-3.7
8;01.01.1996;-2.4;-5.4;-0.1
8;01.02.1996;-1.8;-2.9;1.3
8;01.03.1996;-1.3;-4.2;0.3
8;01.04.1996;-3.7;-4.7;-1.1
8;01.05.1996;-5.2;-5.9;-3.3
8;01.06.1996;-3.9;-6;-2.6
8;01.07.1996;-1.3;-3.7;-0.2
8;01.08.1996;0;-0.9;1.1
8;01.09.1996;0.5;-0.3;2
8;01.10.1996;1.1;0.1;3.5
8;01.11.1996;1.3;0.3;3.3
8;01.12.1996;1.9;0.7;5.6
8;01.13.1996;1.5;0.5;3.5
8;01.14.1996;0.5;-0.1;2.6
8;01.15.1996;-0.4;-1.7;2.3
8;01.16.1996;-3.6;-5.8;0.9
8;01.17.1996;-4.8;-8.3;0.7
8;01.18.1996;-4.3;-9.4;-1.9
8;01.19.1996;-2.4;-4.4;1.9
8;01.20.1996;-2.6;-3.5;-1.5
8;01.21.1996;-2.5;-3.8;-0.9
8;01.22.1996;-2.2;-3.1;-0.9
8;01.23.1996;-2.9;-3.5;-1.6
8;01.24.1996;-4.6;-5.6;-2.8
8;01.25.1996;-5.5;-7.2;-4.3
8;01.26.1996;-4.2;-6;-2.4
8;01.27.1996;-2;-4.3;0.4
8;01.28.1996;-0.4;-2.6;1.8
8;01.29.1996;-0.4;-0.9;1.1
8;01.30.1996;-4;-8.6;1.4
8;01.31.1996;-6.2;-10.5;0.5
8;02.01.1996;-10.7;-17.6;-2.1
8;02.02.1996;-5.1;-15.2;-0.3
8;02.03.1996;1;-1.4;3.4
8;02.04.1996;-0.3;-1.3;2.1
8;02.05.1996;-3.8;-4.9;-0.4
8;02.06.1996;-6.1;-10.8;-1.7
8;02.07.1996;-6;-9;-1.4
8;02.08.1996;-6.7;-9.4;-1.8
8;02.09.1996;-6.8;-14.1;-0.3
8;02.10.1996;-6.1;-9.7;-1
8;02.11.1996;-4.5;-11.3;-1.3
8;02.12.1996;-1.5;-6.2;0.9
8;02.13.1996;0.5;-1.6;3.2
8;02.14.1996;-0.2;-2.2;2
8;02.15.1996;-0.8;-3;3.6
8;02.16.1996;-0.8;-3.7;2.8
8;02.17.1996;-1.5;-7.1;5.4
8;02.18.1996;-1.2;-7.8;5.3
8;02.19.1996;1.1;-1.8;3.9
8;02.20.1996;0.8;-0.4;3.7
8;02.21.1996;-0.6;-2.2;1.4
8;02.22.1996;-2.8;-4.1;-0.5
8;02.23.1996;-5.7;-10.7;-0.4
8;02.24.1996;-6.9;-12;0.1
8;02.25.1996;-5.7;-15.3;3.5
8;02.26.1996;-0.9;-9.1;7
8;02.27.1996;-1.9;-9.6;6.9
8;02.28.1996;-2;-7.3;6
8;02.29.1996;-2.1;-9.7;6.4
8;03.01.1996;0.2;-7.4;8.7
8;03.02.1996;-1.8;-4.4;3.5
8;03.03.1996;-3.5;-12.2;3.9
8;03.04.1996;-3.5;-11;2
8;03.05.1996;-5.2;-11.8;2.2
8;03.06.1996;-2.6;-10.7;6.3
8;03.07.1996;0;-7.4;3.6
8;03.08.1996;1;-1;3.1
8;03.09.1996;-1.8;-7.4;2.3
8;03.10.1996;-3.7;-8.8;4.6
8;03.11.1996;-2;-9.3;1.1
8;03.12.1996;-3.3;-4.1;-0.9
8;03.13.1996;-2.5;-6.9;-0.9
8;03.14.1996;-0.8;-5.6;5.2
8;03.15.1996;1.7;-3.6;6.5
8;03.16.1996;1.3;0.5;3.1
8;03.17.1996;2.1;-0.3;4.8
8;03.18.1996;2.3;0.5;4.4
8;03.19.1996;1.8;-0.4;4.8
8;03.20.1996;1.1;-3.5;9.3
8;03.21.1996;2.4;-5.3;12.1
8;03.22.1996;4.8;-0.7;12.1
8;03.23.1996;3.8;0.7;7.3
8;03.24.1996;6;-0.4;14.2
8;03.25.1996;5.7;1.1;9.5
8;03.26.1996;6.5;4.3;9.1
8;03.27.1996;4.7;2.3;10.8
8;03.28.1996;1.4;-4;9.9
8;03.29.1996;3.8;-4.6;10
8;03.30.1996;1.8;-0.1;6
8;03.31.1996;3.6;-3.1;9
8;04.01.1996;0.8;-0.6;5
8;04.02.1996;0.4;-0.1;1.8
8;04.03.1996;1.2;-0.2;4.3
8;04.04.1996;0.9;-0.2;2.4
8;04.05.1996;2.5;0.3;6
8;04.06.1996;6.2;0.4;17
8;04.07.1996;8;-1.2;19
8;04.08.1996;9.7;0.3;18.2
8;04.09.1996;8;4.1;16.3
8;04.10.1996;7.1;0.2;14.2
8;04.11.1996;7.6;0.3;14.6
8;04.12.1996;9.5;4.6;16.4
8;04.13.1996;1.7;0.8;9.7
8;04.14.1996;6.5;-0.8;12.4
8;04.15.1996;9.6;0.4;13.8
8;04.16.1996;10;6.4;15.3
8;04.17.1996;7.4;-2.6;17.3
8;04.18.1996;9;-0.7;19.8
8;04.19.1996;10.8;-0.1;21.4
8;04.20.1996;12.3;1.2;23.6
8;04.21.1996;11.8;1.3;23.4
8;04.22.1996;12.3;1.8;23.8
8;04.23.1996;14.6;7.1;18.9
8;04.24.1996;13.1;7.9;16.6
8;04.25.1996;11.1;7.7;13.5
8;04.26.1996;11.9;10.3;14.8
8;04.27.1996;11.2;9.3;13
8;04.28.1996;12.9;9.5;19
8;04.29.1996;12.2;4.7;17.7
8;04.30.1996;11.9;10.6;15.2
8;05.01.1996;12.6;9.8;16
8;05.02.1996;12.8;7.8;18.3
8;05.03.1996;9;7.1;13.3
8;05.04.1996;9.4;2.7;18.1
8;05.05.1996;10.6;3.7;17.9
8;05.06.1996;13.2;8.9;16.7
8;05.07.1996;15.4;6.8;22.6
8;05.08.1996;16;8.5;23.8
8;05.09.1996;13.4;11.1;19.1
8;05.10.1996;12.7;7.3;16.9
8;05.11.1996;13.9;9.8;18.9
8;05.12.1996;13.4;11.3;15.8
8;05.13.1996;15.2;10.8;21.4
8;05.14.1996;13.9;10.7;16.7
8;05.15.1996;16.3;10.9;24
8;05.16.1996;16.2;12.9;22.4
8;05.17.1996;17.2;9.5;23.4
8;05.18.1996;17.4;9.9;24.2
8;05.19.1996;18.8;11;25.8
8;05.20.1996;12.5;10.1;19.4
8;05.21.1996;12.6;6.2;19.3
8;05.22.1996;12.8;7.6;18.6
8;05.23.1996;13.9;8.9;19.5
8;05.24.1996;17;9.2;24.8
8;05.25.1996;18;7.7;24.4
8;05.26.1996;15.5;12.7;19.2
8;05.27.1996;12.2;9.8;16.6
8;05.28.1996;12.9;7.7;19.5
8;05.29.1996;14;8.8;20.8
8;05.30.1996;15;3.2;23.1
8;05.31.1996;18.4;6.1;26.8
8;06.01.1996;20.9;10.4;28.6
8;06.02.1996;19.5;10;27.5
8;06.03.1996;19.6;8.9;28.3
8;06.04.1996;21.5;10.2;27.6
8;06.05.1996;18.7;16.2;25.2
8;06.06.1996;19.6;11.2;26.3
8;06.07.1996;21.8;11.4;30.1
8;06.08.1996;22.6;13;31.9
8;06.09.1996;23.8;11.4;31.8
8;06.10.1996;24.3;14.4;31.3
8;06.11.1996;23.3;15.2;31.5
8;06.12.1996;23.6;15.1;30.1
8;06.13.1996;21.3;16.5;27.1
8;06.14.1996;16.1;11.9;21.7
8;06.15.1996;15.3;6.2;21.5
8;06.16.1996;16.3;9.8;23.3
8;06.17.1996;16.9;7.1;23.9
8;06.18.1996;19.8;7.6;26.6
8;06.19.1996;20.4;13.7;26.7
8;06.20.1996;18.1;11.4;24.1
8;06.21.1996;17.1;15.1;20.5
8;06.22.1996;14.4;10;23
8;06.23.1996;10.9;9.3;13.1
8;06.24.1996;12.3;7.9;17.3
8;06.25.1996;11.1;7.9;14.4
8;06.26.1996;11.6;10.1;13.2
8;06.27.1996;12.8;10;21
8;06.28.1996;17.3;8.5;24.9
8;06.29.1996;19.4;9.8;25.4
8;06.30.1996;13.8;11.4;20
8;07.01.1996;12.5;8.2;14.2
8;07.02.1996;13.8;12.3;15.7
8;07.03.1996;14.9;11.4;17.7
8;07.04.1996;15.7;7.7;25.7
8;07.05.1996;19.6;7.6;28.7
8;07.06.1996;19.1;14.7;25.3
8;07.07.1996;16.4;13.9;20.2
8;07.08.1996;13.4;11.9;21.3
8;07.09.1996;13.8;8.4;20.8
8;07.10.1996;12.7;5.3;19.2
8;07.11.1996;14.8;7.8;21.3
8;07.12.1996;17.9;10.1;24
8;07.13.1996;19.5;10;26.4
8;07.14.1996;20.4;12;27.5
8;07.15.1996;21.9;12.5;28.8
8;07.16.1996;18.8;17.1;24.1
8;07.17.1996;16.4;13.1;20.6
8;07.18.1996;17.4;9.8;24.2
8;07.19.1996;17.1;10.6;21.6
8;07.20.1996;16;8.6;21.2
8;07.21.1996;14.9;8.1;21.8
8;07.22.1996;16.2;5.7;22.6
8;07.23.1996;18.4;9.6;26.2
8;07.24.1996;18.9;11.7;25.6
8;07.25.1996;17.3;15;21
8;07.26.1996;18.6;11;26.4
8;07.27.1996;19.8;12.4;28
8;07.28.1996;19.4;13.9;28.7
8;07.29.1996;20.5;11.5;27.9
8;07.30.1996;18.4;15.8;27.3
8;07.31.1996;19.2;12.9;26.7
8;08.01.1996;19.9;11.5;28
8;08.02.1996;21.1;12.1;29.7
8;08.03.1996;18.6;14.1;23.9
8;08.04.1996;16.1;14.4;21.1
8;08.05.1996;16.4;11.3;21.9
8;08.06.1996;18.7;11.4;25.6
8;08.07.1996;20.8;14.4;26.2
8;08.08.1996;17.7;16;21.6
8;08.09.1996;17.4;12.7;24.5
8;08.10.1996;18;11.1;25.5
8;08.11.1996;17.3;11.4;24.3
8;08.12.1996;16.1;14.8;19.7
8;08.13.1996;16.7;11.1;21.9
8;08.14.1996;17.1;13;24.5
8;08.15.1996;15.9;11.2;23
8;08.16.1996;17.7;13;24.9
8;08.17.1996;18.1;12.3;25.5
8;08.18.1996;16.2;12;22.2
8;08.19.1996;17.1;11;24.3
8;08.20.1996;17.1;10;25.9
8;08.21.1996;17.5;9.7;27
8;08.22.1996;18;10.1;26.2
8;08.23.1996;17.9;10.9;27.1
8;08.24.1996;19.4;11.1;27.6
8;08.25.1996;17.9;14.1;24.3
8;08.26.1996;16.8;14.9;21.8
8;08.27.1996;16.8;12.4;23.3
8;08.28.1996;16;10.8;19.3
8;08.29.1996;16.7;12.9;20.1
8;08.30.1996;17.4;13.8;23
8;08.31.1996;16.3;13.7;20.5
8;09.01.1996;15.1;11.8;19.8
8;09.02.1996;14.3;12.3;17.2
8;09.03.1996;14;12.7;16.3
8;09.04.1996;14.8;13.1;20.8
8;09.05.1996;10.9;9.3;17.3
8;09.06.1996;11;6.7;18.3
8;09.07.1996;14.1;2.8;17.5
8;09.08.1996;14.6;11.6;19.4
8;09.09.1996;10.8;1.8;17.8
8;09.10.1996;10.4;4.2;18.6
8;09.11.1996;13;5.8;19.8
8;09.12.1996;13.2;11.7;15.8
8;09.13.1996;8;5.6;13.6
8;09.14.1996;9.6;3.9;16.8
8;09.15.1996;12.1;7.4;18.6
8;09.16.1996;11;5.3;16.7
8;09.17.1996;9.6;8.3;13.7
8;09.18.1996;9.9;7.9;13.5
8;09.19.1996;9.9;5.8;14.1
8;09.20.1996;10.9;8.9;12.8
8;09.21.1996;12;10.3;13.5
8;09.22.1996;13.9;12;17.3
8;09.23.1996;13;11.9;16.3
8;09.24.1996;12.2;7.9;17.8
8;09.25.1996;9.4;7.9;13.3
8;09.26.1996;10.1;4.5;17.6
8;09.27.1996;9.2;3.2;17.4
8;09.28.1996;11.7;4.7;20.2
8;09.29.1996;10.9;4.4;18.8
8;09.30.1996;12.2;6.5;21.9
8;10.01.1996;12.6;6.4;19.3
8;10.02.1996;10.3;7.1;17.3
8;10.03.1996;8.7;6.6;15.1
8;10.04.1996;8;1;12.6
8;10.05.1996;9.6;8.7;10.8
8;10.06.1996;10.7;9.6;12.7
8;10.07.1996;12.5;10.3;16.3
8;10.08.1996;12;11.1;14.6
8;10.09.1996;10.7;7.8;17.6
8;10.10.1996;11.4;7.9;14.8
8;10.11.1996;9.5;5.3;16.6
8;10.12.1996;8.9;5.6;16.2
8;10.13.1996;7.8;1.9;17.9
8;10.14.1996;9;3.2;11.2
8;10.15.1996;12.2;10;14.3
8;10.16.1996;13.6;12.6;16
8;10.17.1996;12.4;10.5;16
8;10.18.1996;9.9;9.4;12.6
8;10.19.1996;9.3;6.3;14.3
8;10.20.1996;9.3;3.6;16.7
8;10.21.1996;7.4;3.2;13.4
8;10.22.1996;6.9;2.6;14.4
8;10.23.1996;5.2;1.1;15.2
8;10.24.1996;6.5;-0.6;10.4
8;10.25.1996;4.2;0.8;12.1
8;10.26.1996;4.8;-2.6;11.5
8;10.27.1996;5.2;0.7;14.5
8;10.28.1996;7.8;3.1;11.8
8;10.29.1996;10;7.5;12.9
8;10.30.1996;6;2.3;14.7
8;10.31.1996;3.4;-2;14.1
8;11.01.1996;5.7;-1.2;13
8;11.02.1996;5.6;-0.3;16.3
8;11.03.1996;6.7;-0.4;20.4
8;11.04.1996;8.2;-0.6;20
8;11.05.1996;9.4;2.4;13.2
8;11.06.1996;9.3;8.4;11.4
8;11.07.1996;8.8;0.9;14
8;11.08.1996;8.6;6.7;13.2
8;11.09.1996;4.2;0.9;12.3
8;11.10.1996;4.4;-1.9;6.5
8;11.11.1996;11.7;5.9;14.5
8;11.12.1996;12.7;10.5;16.2
8;11.13.1996;13.4;11.4;16
8;11.14.1996;13.2;11.7;17.3
8;11.15.1996;9.1;7.4;12.7
8;11.16.1996;9.1;7.2;11.4
8;11.17.1996;11.2;9.2;14.1
8;11.18.1996;9.2;6;13.2
8;11.19.1996;5.3;2.3;12.3
8;11.20.1996;5.7;1.5;7.8
8;11.21.1996;5.2;2.5;9.6
8;11.22.1996;1.3;0.3;4.9
8;11.23.1996;-0.4;-2.1;3.9
8;11.24.1996;-1.1;-3.7;3.9
8;11.25.1996;-1.2;-4.9;1.5
8;11.26.1996;0.2;-0.5;1.4
8;11.27.1996;0.4;-0.4;2.3
8;11.28.1996;0.2;-0.3;1.1
8;11.29.1996;-2.1;-5.6;2.5
8;11.30.1996;-1.1;-4.5;0.8
8;12.01.1996;-3.6;-5.4;0.1
8;12.02.1996;-3.8;-7.5;-1.5
8;12.03.1996;-3.5;-4;-1.8
8;12.04.1996;-5.3;-6.2;-1.6
8;12.05.1996;-5.4;-6.3;-2.6
8;12.06.1996;-5.2;-6.5;-2.4
8;12.07.1996;-5;-7;-2.2
8;12.08.1996;-2.8;-5.3;-1.5
8;12.09.1996;-2.7;-2.9;-1.6
8;12.10.1996;-1.2;-2.9;0.2
8;12.11.1996;-0.1;-0.7;1.5
8;12.12.1996;0.4;-0.6;1.9
8;12.13.1996;1.3;-1.1;4
8;12.14.1996;2.9;1.9;5.1
8;12.15.1996;3.1;2.5;4.4
8;12.16.1996;2.3;1.5;4.3
8;12.17.1996;1.6;-0.6;7.6
8;12.18.1996;0.8;-2.9;9.6
8;12.19.1996;4.8;-1.8;7.9
8;12.20.1996;7.3;6.1;9.2
8;12.21.1996;3.2;2.3;7.4
8;12.22.1996;0.3;-0.3;3
8;12.23.1996;0;-0.6;0.9
8;12.24.1996;-1.8;-2.4;0.9
8;12.25.1996;-4.5;-5;-1.8
8;12.26.1996;-10.4;-13.7;-1.9
8;12.27.1996;-14.4;-18;-6.7
8;12.28.1996;-11.5;-19.5;-8.8
8;12.29.1996;-11.9;-14.9;-9.1
8;12.30.1996;-13.7;-16;-8.2
8;12.31.1996;-9.7;-19;-7.8
8;01.01.1997;-8.3;-9.5;-7.3
8;01.02.1997;-6.2;-8.2;-5.1
8;01.03.1997;-4.4;-6.5;-3.2
8;01.04.1997;-1.5;-3.9;0
8;01.05.1997;-0.1;-2.6;1.4
8;01.06.1997;0;-0.5;1.3
8;01.07.1997;-1;-1.4;0.3
8;01.08.1997;-1.3;-2.2;0
8;01.09.1997;-1.7;-2.6;0
8;01.10.1997;-0.9;-2.2;0.5
8;01.11.1997;-0.1;-1.6;1.7
8;01.12.1997;-0.3;-0.8;1
8;01.13.1997;-1;-4.6;0.8
8;01.14.1997;0.6;-1;3.2
8;01.15.1997;-0.3;-0.9;0.9
8;01.16.1997;-2.2;-2.7;-0.2
8;01.17.1997;-3.6;-4.2;-2
8;01.18.1997;-4.6;-8.1;-1
8;01.19.1997;-1.4;-6.6;2.8
8;01.20.1997;1.1;-0.1;4.5
8;01.21.1997;0.9;0.3;2.2
8;01.22.1997;0.8;0.1;2.1
8;01.23.1997;1.1;-1.2;6.1
8;01.24.1997;1.7;-1.1;8.1
8;01.25.1997;0.3;-1.6;2.4
8;01.26.1997;-0.9;-2.4;1.9
8;01.27.1997;-3.9;-6.1;0.1
8;01.28.1997;-5.4;-8.2;-1.7
8;01.29.1997;-6.1;-12.4;1.8
8;01.30.1997;-4.6;-9.7;3.5
8;01.31.1997;-6.1;-10.7;-1.5
8;02.01.1997;-5.6;-7.6;0.3
8;02.02.1997;-6.5;-9.6;-0.6
8;02.03.1997;-7.8;-14.3;1.9
8;02.04.1997;-5.5;-13.5;1.5
8;02.05.1997;1;-7.2;4.7
8;02.06.1997;0.5;-2.6;8.7
8;02.07.1997;-2.6;-8;6.5
8;02.08.1997;-2.7;-9.6;8.1
8;02.09.1997;-1.5;-7.3;8
8;02.10.1997;-1.9;-8.8;8.1
8;02.11.1997;0;-7.7;8.9
8;02.12.1997;3.4;-1.8;8.5
8;02.13.1997;4.2;1.3;6.1
8;02.14.1997;-0.4;-2.7;5.9
8;02.15.1997;2.9;-4.7;5.4
8;02.16.1997;1.9;-1.7;8.4
8;02.17.1997;-0.3;-4.3;5.7
8;02.18.1997;-1.8;-8;3.8
8;02.19.1997;3.7;-3.1;8.8
8;02.20.1997;1.2;-4.8;11.9
8;02.21.1997;1.1;-5.5;12.4
8;02.22.1997;2.8;-4.3;13.9
8;02.23.1997;3.4;-4.1;14.4
8;02.24.1997;5.2;-2.7;8.3
8;02.25.1997;6.7;4;9.2
8;02.26.1997;7.3;5.8;9.7
8;02.27.1997;7.2;2.2;12.3
8;02.28.1997;2.4;-1.1;10.7
8;03.01.1997;4.8;-4.4;14
8;03.02.1997;5.4;-2.6;18
8;03.03.1997;7.8;-2.3;20.1
8;03.04.1997;6.5;0.6;13.6
8;03.05.1997;5.3;-2.5;12.8
8;03.06.1997;5.5;3;10.8
8;03.07.1997;6;-2.3;13.7
8;03.08.1997;3.1;-2.2;13.5
8;03.09.1997;3;-4.7;15.3
8;03.10.1997;4.2;-4.3;15.7
8;03.11.1997;2.9;-3;13.6
8;03.12.1997;2.8;-5.9;15.1
8;03.13.1997;9.5;-4.1;18.9
8;03.14.1997;6.5;-1.6;16
8;03.15.1997;6.6;-1;16.2
8;03.16.1997;10.3;-0.5;19.7
8;03.17.1997;8.6;-0.6;21.8
8;03.18.1997;0.9;-1.5;6.9
8;03.19.1997;1.9;-1.3;5.6
8;03.20.1997;5.1;0.5;12.6
8;03.21.1997;2.8;-0.6;6.3
8;03.22.1997;1.9;-2.4;5.1
8;03.23.1997;2.4;-1.7;4.5
8;03.24.1997;2.3;-0.1;4.7
8;03.25.1997;3.3;-1.1;10.4
8;03.26.1997;2.8;0.3;9.2
8;03.27.1997;3.5;-2.9;11.7
8;03.28.1997;5.4;-1.5;12.9
8;03.29.1997;5;-3.2;10.9
8;03.30.1997;6.5;0;10.6
8;03.31.1997;6;-3.3;12.8
8;04.01.1997;7.7;3.4;13.2
8;04.02.1997;8.1;0.2;18.6
8;04.03.1997;10.5;0.1;20.5
8;04.04.1997;6.4;3.5;13.5
8;04.05.1997;6;-4.2;12.3
8;04.06.1997;8;-1.3;15.9
8;04.07.1997;4.1;0.4;8.5
8;04.08.1997;2.1;-6.5;10.9
8;04.09.1997;5.9;-6;14.4
8;04.10.1997;8.3;-1;19.2
8;04.11.1997;10.3;2;16.9
8;04.12.1997;7.5;1.9;13.4
8;04.13.1997;2.9;-2.8;7.5
8;04.14.1997;5.3;-2.5;13.1
8;04.15.1997;4.6;0.3;12
8;04.16.1997;3;-2.5;8.3
8;04.17.1997;5;-5.4;12.3
8;04.18.1997;7.3;-4;17.8
8;04.19.1997;7.6;-3.1;16.7
8;04.20.1997;2.7;0.1;10.2
8;04.21.1997;1.4;-2.5;5.6
8;04.22.1997;2.3;0.1;6.8
8;04.23.1997;6.1;-1.8;13.8
8;04.24.1997;5.9;-2.7;14.7
8;04.25.1997;9.8;-2.8;19.7
8;04.26.1997;9.8;2.3;17
8;04.27.1997;7.9;6.2;10
8;04.28.1997;9.7;6;13.4
8;04.29.1997;9.9;8.4;14.6
8;04.30.1997;10.2;4.7;17.8
8;05.01.1997;11.9;2.7;18.1
8;05.02.1997;12.1;1.4;20.4
8;05.03.1997;14.5;2.2;25.3
8;05.04.1997;16.5;5;24.1
8;05.05.1997;12.3;5.6;17.5
8;05.06.1997;12.7;10.7;17.8
8;05.07.1997;10.7;8.8;15.4
8;05.08.1997;6.8;5.7;9.8
8;05.09.1997;9.8;3.5;16.6
8;05.10.1997;9.6;7.6;15.5
8;05.11.1997;12.4;2.5;22.2
8;05.12.1997;15.3;5.8;25
8;05.13.1997;17.9;6.7;27.9
8;05.14.1997;18;10;27.9
8;05.15.1997;18.1;8.3;26.9
8;05.16.1997;17.4;6.6;26.5
8;05.17.1997;17.8;7.8;27.1
8;05.18.1997;19.6;8.8;26.8
8;05.19.1997;18.1;9.8;25.5
8;05.20.1997;17.2;8.5;24.1
8;05.21.1997;16.6;10.8;23.1
8;05.22.1997;12.9;10.5;20.9
8;05.23.1997;14.4;4;22.8
8;05.24.1997;14.2;7.1;20.6
8;05.25.1997;11.2;8.5;17.2
8;05.26.1997;12.2;4.7;18.3
8;05.27.1997;15.2;8.3;22.6
8;05.28.1997;12.3;9.8;17.6
8;05.29.1997;12.5;2.6;20.3
8;05.30.1997;13.6;4.3;22.4
8;05.31.1997;13;3.1;18
8;06.01.1997;12.3;8;16.9
8;06.02.1997;11.8;9.7;13.2
8;06.03.1997;15.1;9.9;21.6
8;06.04.1997;15;11.5;19.5
8;06.05.1997;16.5;11.5;21.4
8;06.06.1997;16.9;11.8;23.7
8;06.07.1997;18.2;13.6;22.9
8;06.08.1997;18;12.4;23
8;06.09.1997;18.2;11;26.4
8;06.10.1997;18.8;12.5;26.9
8;06.11.1997;19.7;10.9;26.3
8;06.12.1997;20.5;13.3;29
8;06.13.1997;19.5;15.4;23.6
8;06.14.1997;20;14.3;27
8;06.15.1997;20.6;13.6;26.3
8;06.16.1997;20.2;15.7;26.6
8;06.17.1997;21.8;15.4;27.6
8;06.18.1997;14.2;12.9;22.3
8;06.19.1997;14;9.5;17.2
8;06.20.1997;16.1;13.5;21.9
8;06.21.1997;18.7;12.3;24.4
8;06.22.1997;20.4;13.6;24.8
8;06.23.1997;15.3;13.5;20.8
8;06.24.1997;14.6;9.3;21
8;06.25.1997;15.4;7.2;20.8
8;06.26.1997;15.3;8.5;20.5
8;06.27.1997;18.3;14.1;24.3
8;06.28.1997;19.6;13.3;26.9
8;06.29.1997;22.1;10.8;29
8;06.30.1997;18.5;16.3;22.1
8;07.01.1997;15.5;12.3;21.1
8;07.02.1997;16.9;9.3;25.1
8;07.03.1997;17.8;10.4;24.8
8;07.04.1997;19.6;9.5;28
8;07.05.1997;15.5;12.4;21.7
8;07.06.1997;15.1;9.8;22.3
8;07.07.1997;16.8;10.1;19.5
8;07.08.1997;20.1;16.1;25.7
8;07.09.1997;18.8;7.6;26.2
8;07.10.1997;18.9;10.6;26.5
8;07.11.1997;15.7;12.7;23.9
8;07.12.1997;18;11.9;24.3
8;07.13.1997;18.7;10.2;27.2
8;07.14.1997;18.4;11.2;24.1
8;07.15.1997;16.6;14.9;22.5
8;07.16.1997;18.6;9.8;25.6
8;07.17.1997;18.7;12.8;26.2
8;07.18.1997;16.5;14.8;18.7
8;07.19.1997;17.2;13.6;24.1
8;07.20.1997;16.7;10.1;24.7
8;07.21.1997;17.9;10.7;26
8;07.22.1997;19.5;10.6;28
8;07.23.1997;21.8;11.2;28.8
8;07.24.1997;19.5;15.6;26.7
8;07.25.1997;18.1;13;25
8;07.26.1997;18.9;14.4;26.3
8;07.27.1997;19.4;8.1;27.6
8;07.28.1997;20.2;12.6;28.7
8;07.29.1997;18;14.4;25.9
8;07.30.1997;18.9;11.5;26.3
8;07.31.1997;20;12.1;27.9
8;08.01.1997;13.5;12.3;19.5
8;08.02.1997;16.1;9.8;23.4
8;08.03.1997;18.2;8.8;25.7
8;08.04.1997;20.5;11.3;27.7
8;08.05.1997;20.5;13.9;28.2
8;08.06.1997;18.3;16.5;23.3
8;08.07.1997;18.5;15.6;23.9
8;08.08.1997;19.6;15.6;25.5
8;08.09.1997;18.4;12;25.8
8;08.10.1997;17.1;10.2;25.8
8;08.11.1997;18.3;9.8;25.7
8;08.12.1997;19;10.3;26.7
8;08.13.1997;18.8;11.4;27.6
8;08.14.1997;19.9;10.9;28.8
8;08.15.1997;19.6;12.4;29.1
8;08.16.1997;19.2;13.5;26.4
8;08.17.1997;18.8;14.5;24.9
8;08.18.1997;18.6;16.2;22.3
8;08.19.1997;18.3;16;23.6
8;08.20.1997;16.9;10.6;23.7
8;08.21.1997;18.3;12.8;25.6
8;08.22.1997;17.7;11.5;25.9
8;08.23.1997;19.2;10.3;26.4
8;08.24.1997;18.5;14;26.6
8;08.25.1997;19.1;11;27.4
8;08.26.1997;19.2;13.2;27.9
8;08.27.1997;18.7;13.4;26.1
8;08.28.1997;18.3;13.8;24.5
8;08.29.1997;13.9;12.1;19.5
8;08.30.1997;14;6.9;22.8
8;08.31.1997;17.4;6.2;26.2
8;09.01.1997;19.1;13.3;26.6
8;09.02.1997;19.3;12.8;27.1
8;09.03.1997;19;12.5;27.1
8;09.04.1997;18.2;11.8;27.1
8;09.05.1997;18.9;11.7;27.9
8;09.06.1997;19.1;12.3;28.8
8;09.07.1997;20.1;14.9;27.5
8;09.08.1997;16.8;14.8;23.5
8;09.09.1997;17.8;10.2;26.6
8;09.10.1997;15.5;11;21.1
8;09.11.1997;14.3;11.3;21.7
8;09.12.1997;17.6;9.6;26
8;09.13.1997;18.1;12.5;23.7
8;09.14.1997;11.4;9.9;18.7
8;09.15.1997;9.8;5.6;18.1
8;09.16.1997;9.3;2.2;19.2
8;09.17.1997;11.3;2.7;20.6
8;09.18.1997;13;7.6;21
8;09.19.1997;13.6;7.7;22.4
8;09.20.1997;10.1;7.9;13.1
8;09.21.1997;9.1;4.8;17.6
8;09.22.1997;10.4;2;19.1
8;09.23.1997;9.9;4.1;19.3
8;09.24.1997;12.8;2.8;20.7
8;09.25.1997;10.5;6.9;19
8;09.26.1997;9.7;2;20.2
8;09.27.1997;10.7;2.6;21.2
8;09.28.1997;11.7;7.1;20
8;09.29.1997;13.1;9.9;21.1
8;09.30.1997;12.7;5.5;19.9
8;10.01.1997;12.8;11.4;15.3
8;10.02.1997;15.4;10.9;22.9
8;10.03.1997;9.3;6.4;15.1
8;10.04.1997;9.1;1.4;17.5
8;10.05.1997;10.4;3.7;20.7
8;10.06.1997;12.8;3.7;22.1
8;10.07.1997;14.2;10.8;18.2
8;10.08.1997;15.9;12.2;22.5
8;10.09.1997;17.1;12.2;23.9
8;10.10.1997;17.5;14.6;20.1
8;10.11.1997;12.3;10.2;18.6
8;10.12.1997;9.7;8;12.6
8;10.13.1997;7.9;2;15.4
8;10.14.1997;5.9;3.5;13.9
8;10.15.1997;5.1;-2.5;12.8
8;10.16.1997;8;3.1;14.1
8;10.17.1997;6.7;5.6;8.8
8;10.18.1997;7.8;6.2;10
8;10.19.1997;6.7;3.1;14.2
8;10.20.1997;4.7;0.1;13.5
8;10.21.1997;5.3;0.4;9.6
8;10.22.1997;5.2;3.6;7.3
8;10.23.1997;5.3;3.9;7.7
8;10.24.1997;5.2;3.9;9
8;10.25.1997;0.6;-2.1;9.1
8;10.26.1997;3.3;-2.9;11
8;10.27.1997;1;-1.2;4.8
8;10.28.1997;-1.5;-7;4.1
8;10.29.1997;-3.4;-8.8;6.3
8;10.30.1997;-1.8;-9.4;3.7
8;10.31.1997;2;-0.6;6
8;11.01.1997;1.1;-2.2;7.7
8;11.02.1997;0;-4.5;9.9
8;11.03.1997;1.3;-4.7;12.5
8;11.04.1997;4.1;-2.1;7
8;11.05.1997;2.4;-2.6;4.1
8;11.06.1997;11.2;3.4;15
8;11.07.1997;12.3;11.3;16
8;11.08.1997;9.8;6.7;14.8
8;11.09.1997;10.1;6.3;13.4
8;11.10.1997;7.8;5.9;13.2
8;11.11.1997;7.8;3.8;12.1
8;11.12.1997;10.1;6;12.9
8;11.13.1997;7.9;6.4;11.2
8;11.14.1997;4.8;2.7;10.1
8;11.15.1997;0.4;-3.2;9.2
8;11.16.1997;2.9;-2.2;6.3
8;11.17.1997;3.8;2.7;5.7
8;11.18.1997;1.2;-0.9;5.5
8;11.19.1997;-2.5;-4.5;2.1
8;11.20.1997;-3.8;-7.3;2.7
8;11.21.1997;-3;-8.2;2.5
8;11.22.1997;-2.3;-6;2.4
8;11.23.1997;-0.1;-2.5;0.9
8;11.24.1997;0.4;-0.2;2
8;11.25.1997;0.8;0;2.4
8;11.26.1997;1.3;0.3;3.1
8;11.27.1997;1.7;0.5;3.2
8;11.28.1997;3.3;1.4;5.3
8;11.29.1997;5.5;1.9;7.5
8;11.30.1997;5.1;4.7;6.7
8;12.01.1997;4.7;4;6.7
8;12.02.1997;3.6;3;5.2
8;12.03.1997;2.1;1;4.3
8;12.04.1997;2.8;0.5;7.6
8;12.05.1997;0.5;-1;2.9
8;12.06.1997;-1.9;-4.1;4.7
8;12.07.1997;-2.1;-7.6;3.6
8;12.08.1997;-0.5;-4.1;5.1
8;12.09.1997;0;-2;1.9
8;12.10.1997;0;-1.7;2.3
8;12.11.1997;2.5;-1.6;6.4
8;12.12.1997;3.7;1;7.7
8;12.13.1997;0.4;-0.9;2.1
8;12.14.1997;-1.8;-3.2;2.8
8;12.15.1997;-1.9;-6.4;2.1
8;12.16.1997;-3.1;-3.8;-0.6
8;12.17.1997;-5.6;-6.3;-3.1
8;12.18.1997;-3.7;-6.3;-2.1
8;12.19.1997;-0.4;-2.7;0.7
8;12.20.1997;0.2;-0.2;1.6
8;12.21.1997;1.7;0;4.7
8;12.22.1997;2.4;1.2;4.2
8;12.23.1997;2.7;2.3;4.2
8;12.24.1997;1.6;1.2;3.2
8;12.25.1997;2;-0.9;9
8;12.26.1997;6;0.1;7.4
8;12.27.1997;1.6;0.1;7.4
8;12.28.1997;-0.4;-0.9;1.1
8;12.29.1997;-1.8;-2.4;0.1
8;12.30.1997;-1.4;-4.2;4.2
8;12.31.1997;3.1;-1.8;6.9
8;01.01.1998;5.3;-0.8;9.3
8;01.02.1998;5.9;5.3;7.8
8;01.03.1998;5.6;4.9;7
8;01.04.1998;3.6;-0.2;10.5
8;01.05.1998;3.2;-1.3;11.1
8;01.06.1998;3.7;-1.3;11.1
8;01.07.1998;0.6;-3.4;8
8;01.08.1998;0.7;-3.7;9
8;01.09.1998;-1.5;-4.1;4.7
8;01.10.1998;-2.9;-5.4;0.2
8;01.11.1998;-2.2;-6.1;4.5
8;01.12.1998;-1.1;-6.7;6.9
8;01.13.1998;3.4;-5.9;6.5
8;01.14.1998;6.1;4;8
8;01.15.1998;5.1;2;6.9
8;01.16.1998;5;1;8
8;01.17.1998;3.1;-0.2;8.6
8;01.18.1998;-1.5;-6.8;7.2
8;01.19.1998;0.3;-4.3;4.4
8;01.20.1998;3.6;-1.4;7
8;01.21.1998;5.5;3.4;8
8;01.22.1998;3.5;1.5;6.6
8;01.23.1998;1.5;0.8;4.6
8;01.24.1998;-0.5;-6.6;4.9
8;01.25.1998;-1.3;-2.8;2.6
8;01.26.1998;-4.1;-6.7;1.5
8;01.27.1998;-6.7;-11.3;0.7
8;01.28.1998;-6.5;-12.8;1.7
8;01.29.1998;-3.6;-9.3;3.5
8;01.30.1998;-3.7;-9;5.7
8;01.31.1998;-4;-10;3.3
8;02.01.1998;-5;-7.6;0
8;02.02.1998;-5.4;-7.5;-0.2
8;02.03.1998;-4.3;-13.3;5.9
8;02.04.1998;-3.9;-8.3;4.1
8;02.05.1998;-4.8;-12.8;7.2
8;02.06.1998;-4;-11.6;7.3
8;02.07.1998;-2.7;-10.4;9.2
8;02.08.1998;-2.3;-7.2;7.5
8;02.09.1998;-2.2;-9.9;6.7
8;02.10.1998;1.5;-4.1;14.7
8;02.11.1998;2.2;-6.1;17.2
8;02.12.1998;3.8;-4.9;18
8;02.13.1998;4;-1;15.6
8;02.14.1998;4.4;-4;17.8
8;02.15.1998;4.5;-3.4;17.4
8;02.16.1998;8;-2.3;20.4
8;02.17.1998;8.3;-0.3;16.9
8;02.18.1998;2.2;-2.7;10.4
8;02.19.1998;3.2;-5.7;16.7
8;02.20.1998;3.5;-4.4;14.8
8;02.21.1998;7.3;-4.8;17.5
8;02.22.1998;5.1;-1.7;13.2
8;02.23.1998;6;-1;10.6
8;02.24.1998;5.6;0.1;13.5
8;02.25.1998;7.3;1;14.3
8;02.26.1998;4.6;-0.6;14
8;02.27.1998;4.8;-2.9;16.4
8;02.28.1998;6.3;-3.2;14.2
8;03.01.1998;2.1;0;7.6
8;03.02.1998;0.2;-2.6;2.1
8;03.03.1998;5.2;-0.7;12.3
8;03.04.1998;8.5;2.8;12.9
8;03.05.1998;6.3;3.5;10.9
8;03.06.1998;3.9;0.2;12.5
8;03.07.1998;6.5;-0.6;15.5
8;03.08.1998;6.5;2;15.1
8;03.09.1998;3.9;1.4;10.9
8;03.10.1998;2.2;-0.5;7
8;03.11.1998;-1.2;-4.5;4.3
8;03.12.1998;-1.3;-7.7;7.8
8;03.13.1998;3;-6.6;10.1
8;03.14.1998;3;-4.7;13.1
8;03.15.1998;1.1;-2.6;3.6
8;03.16.1998;1.2;-0.9;5.3
8;03.17.1998;4.5;-2.4;11.3
8;03.18.1998;5.6;1.4;14.3
8;03.19.1998;6.9;-1.6;14.2
8;03.20.1998;5;-4.2;12
8;03.21.1998;-0.3;-2.3;7
8;03.22.1998;-0.5;-5.4;4.7
8;03.23.1998;-0.7;-4.6;3.9
8;03.24.1998;2;-6.6;7.8
8;03.25.1998;1.8;-2.5;7.7
8;03.26.1998;-0.7;-7.8;8.4
8;03.27.1998;2.2;-6.8;11.5
8;03.28.1998;7.3;-4.1;17.9
8;03.29.1998;7.7;-1;17.2
8;03.30.1998;7.4;-0.1;17
8;03.31.1998;9.8;-2.1;20.3
8;04.01.1998;9.8;0.8;18.9
8;04.02.1998;10.5;2.4;16.6
8;04.03.1998;11.4;5;14.5
8;04.04.1998;13.2;11.1;14.7
8;04.05.1998;12.2;10.6;15
8;04.06.1998;8.2;5.6;14.5
8;04.07.1998;9.3;0.9;16.5
8;04.08.1998;10.7;8;16.4
8;04.09.1998;6.8;5.9;10.7
8;04.10.1998;8.1;3.4;13.7
8;04.11.1998;8.1;1.9;14.7
8;04.12.1998;4.1;2.3;8.9
8;04.13.1998;3.4;-0.9;5.7
8;04.14.1998;3.9;-1.1;9.8
8;04.15.1998;6.4;-2.5;12.3
8;04.16.1998;6.5;4.6;10.5
8;04.17.1998;6.1;2.7;8.6
8;04.18.1998;7.2;4.8;9.9
8;04.19.1998;7.8;2.3;14.5
8;04.20.1998;8.2;3.9;17.2
8;04.21.1998;12.2;-1;20.4
8;04.22.1998;9.4;6.6;15.9
8;04.23.1998;8.2;4.6;16.4
8;04.24.1998;11;1;20
8;04.25.1998;13.8;7.7;21
8;04.26.1998;13.5;4.3;21.9
8;04.27.1998;15.4;5.3;22.7
8;04.28.1998;12.8;7.8;19.4
8;04.29.1998;9.8;7.5;15.3
8;04.30.1998;10.1;1.3;15.9
8;05.01.1998;11.8;8.4;16
8;05.02.1998;10.8;8.5;16.5
8;05.03.1998;13.5;2.1;20.3
8;05.04.1998;11.4;10;14.9
8;05.05.1998;10.5;3.3;17.4
8;05.06.1998;12.2;1.5;19
8;05.07.1998;12.8;6.5;20.3
8;05.08.1998;15.3;3.6;24.4
8;05.09.1998;15.5;4.7;24.5
8;05.10.1998;17;7.4;25.8
8;05.11.1998;16.9;6.9;26.1
8;05.12.1998;16.9;7.6;27.2
8;05.13.1998;18.1;8.2;27.4
8;05.14.1998;14.3;10.5;21.9
8;05.15.1998;13.5;3.8;22.1
8;05.16.1998;12.6;3.9;19
8;05.17.1998;8.7;5.1;15.9
8;05.18.1998;10.9;4.7;15.8
8;05.19.1998;13;8.3;17.9
8;05.20.1998;16.4;9.2;24.3
8;05.21.1998;13.9;5.1;22.9
8;05.22.1998;13.1;7.6;18.7
8;05.23.1998;14.7;9.4;19.7
8;05.24.1998;10.5;8.5;15.3
8;05.25.1998;11.5;9.4;15.2
8;05.26.1998;13.7;5.5;22.5
8;05.27.1998;15.4;5.4;24.4
8;05.28.1998;15.5;6.8;24.1
8;05.29.1998;15.1;9.6;20.7
8;05.30.1998;16;13.5;21.7
8;05.31.1998;17.3;6.7;24.7
8;06.01.1998;16.5;11.7;22.1
8;06.02.1998;19;7.9;26.5
8;06.03.1998;22.6;9.5;29.9
8;06.04.1998;21.3;14.6;31.3
8;06.05.1998;23.3;12.5;31.1
8;06.06.1998;22.8;12.1;32.9
8;06.07.1998;23.7;12.9;31.7
8;06.08.1998;18.4;17.3;24.2
8;06.09.1998;19.1;14.3;24.3
8;06.10.1998;21;11.9;28.1
8;06.11.1998;16.2;14.3;21.4
8;06.12.1998;15.3;11.4;19.2
8;06.13.1998;13;10.6;19.7
8;06.14.1998;14.1;5.2;20.3
8;06.15.1998;15.9;7.4;22.9
8;06.16.1998;14.1;11.5;19
8;06.17.1998;11.7;10.8;15.7
8;06.18.1998;15.2;6.6;23.7
8;06.19.1998;17.3;12;21.7
8;06.20.1998;20.6;12.3;27.7
8;06.21.1998;22.6;12.1;29.3
8;06.22.1998;21.6;13.8;29.6
8;06.23.1998;16.3;15;20.7
8;06.24.1998;18.9;14.1;25.7
8;06.25.1998;21.2;15.6;27.9
8;06.26.1998;22.9;16.2;29
8;06.27.1998;23;15.6;30.1
8;06.28.1998;20.6;16.4;28.2
8;06.29.1998;20.1;17;22.9
8;06.30.1998;21.3;16.1;26.3
8;07.01.1998;20.9;13.4;27.5
8;07.02.1998;19.1;14.9;26
8;07.03.1998;16.8;14;21.7
8;07.04.1998;18.8;14.3;25.3
8;07.05.1998;16.6;13.3;22.3
8;07.06.1998;19.1;11.5;24.7
8;07.07.1998;17;12;24.1
8;07.08.1998;15.2;13.3;19.6
8;07.09.1998;14.8;4;21.4
8;07.10.1998;18.7;9.4;25.7
8;07.11.1998;20.8;14.7;26
8;07.12.1998;18.7;16.7;23.1
8;07.13.1998;20.7;14.9;28
8;07.14.1998;14;13;19.8
8;07.15.1998;13.3;11.8;19.1
8;07.16.1998;16.6;6.7;23.9
8;07.17.1998;18.8;8;26.3
8;07.18.1998;20.4;10.8;28
8;07.19.1998;21.1;13;29.5
8;07.20.1998;23;12.9;31.3
8;07.21.1998;24.1;15.2;32.2
8;07.22.1998;24.6;14.8;31.8
8;07.23.1998;24.6;16.6;32.2
8;07.24.1998;23.4;15.8;30.4
8;07.25.1998;21.3;15.9;29
8;07.26.1998;20.7;15.8;26.3
8;07.27.1998;22.4;15;30.3
8;07.28.1998;18.5;15;22.5
8;07.29.1998;19;15.2;26
8;07.30.1998;20.9;11.6;28.9
8;07.31.1998;23.3;13.9;30.5
8;08.01.1998;22.3;19.6;27.5
8;08.02.1998;24.4;16.7;32.1
8;08.03.1998;24.4;17.4;32.8
8;08.04.1998;25.3;17.5;31.5
8;08.05.1998;20.3;17.9;25.4
8;08.06.1998;18.1;11.3;25.1
8;08.07.1998;18.4;9.6;26.3
8;08.08.1998;20.3;10.9;29.3
8;08.09.1998;21.4;11.7;31.2
8;08.10.1998;22.3;15.1;29.7
8;08.11.1998;22.7;14.9;30.4
8;08.12.1998;22.4;14.9;32.2
8;08.13.1998;20.6;13.2;32.7
8;08.14.1998;20.3;16;26.7
8;08.15.1998;21.8;15.1;29.6
8;08.16.1998;21.6;15;28.9
8;08.17.1998;22.5;15.4;31.1
8;08.18.1998;22.3;14.4;30.3
8;08.19.1998;18.6;16.5;25
8;08.20.1998;19.4;16.4;24.6
8;08.21.1998;21.4;14.9;28.2
8;08.22.1998;17.1;15;22.6
8;08.23.1998;15.4;13.7;20.2
8;08.24.1998;18;10.2;24.9
8;08.25.1998;17.4;11.6;22.3
8;08.26.1998;16.4;11.9;24.3
8;08.27.1998;15.3;9.3;23.9
8;08.28.1998;11.6;9.5;16.5
8;08.29.1998;10.9;5.5;17.5
8;08.30.1998;11.9;3.6;20
8;08.31.1998;12.9;7.1;21.7
8;09.01.1998;15.1;10.7;21.5
8;09.02.1998;18.4;12.4;24.3
8;09.03.1998;19.3;13.9;26.3
8;09.04.1998;18.1;13.6;22.4
8;09.05.1998;14.8;14;18.7
8;09.06.1998;14.6;8.4;22.1
8;09.07.1998;15.6;8.7;22.4
8;09.08.1998;15.9;13.3;19.2
8;09.09.1998;17.2;13.5;23.2
8;09.10.1998;16.9;14;23.3
8;09.11.1998;18.9;13.8;24
8;09.12.1998;14.5;12;18.8
8;09.13.1998;11.3;8.3;15.7
8;09.14.1998;8.6;6.5;14
8;09.15.1998;11.2;6;18.4
8;09.16.1998;12.2;6.8;19.5
8;09.17.1998;10.5;8.6;14.8
8;09.18.1998;10.9;6.1;17.6
8;09.19.1998;10.4;5.7;18.9
8;09.20.1998;11.2;4.4;16.3
8;09.21.1998;11.8;6.7;21.1
8;09.22.1998;11.3;4.8;18.5
8;09.23.1998;10.6;4.4;19.3
8;09.24.1998;10.7;5.1;19.6
8;09.25.1998;13.7;5.4;20.8
8;09.26.1998;16.1;13;19.8
8;09.27.1998;15.2;13.7;18
8;09.28.1998;13.2;12;15.4
8;09.29.1998;12.8;9.7;21.5
8;09.30.1998;13.1;5.3;20.3
8;10.01.1998;14.7;13;17.2
8;10.02.1998;12.4;9.6;20.2
8;10.03.1998;12;6.6;17.4
8;10.04.1998;11;9.3;13.9
8;10.05.1998;11.7;9.6;13.6
8;10.06.1998;13.7;11.6;15.9
8;10.07.1998;13.1;10.7;17.4
8;10.08.1998;13.7;10.3;16.3
8;10.09.1998;11.7;9.1;17.4
8;10.10.1998;13.1;7.3;17
8;10.11.1998;10.4;5.9;18
8;10.12.1998;11.4;8.6;15.8
8;10.13.1998;7.3;2.4;16.2
8;10.14.1998;7.7;-0.3;13.6
8;10.15.1998;10.7;6.3;20.3
8;10.16.1998;10.4;4.3;19.9
8;10.17.1998;13;4.9;16.4
8;10.18.1998;13.3;12.5;16.6
8;10.19.1998;7.7;7.2;13.4
8;10.20.1998;5.9;3.3;11.1
8;10.21.1998;4.6;1.6;10.3
8;10.22.1998;6.6;0;17.3
8;10.23.1998;6.4;-0.5;18
8;10.24.1998;5.5;1.7;12.4
8;10.25.1998;7.4;2.2;11.1
8;10.26.1998;4.4;1;13.6
8;10.27.1998;3.9;-0.5;13.4
8;10.28.1998;10.5;0.6;15.5
8;10.29.1998;10.6;6.6;16.9
8;10.30.1998;3.7;0.7;10.2
8;10.31.1998;2.9;-2.5;12.6
8;11.01.1998;6;-0.5;10.9
8;11.02.1998;5.9;0.8;11.5
8;11.03.1998;10.2;4.4;14.7
8;11.04.1998;12.5;11;14.1
8;11.05.1998;1.4;0.2;13.7
8;11.06.1998;0;-1.3;2.3
8;11.07.1998;0.8;-1.1;8
8;11.08.1998;3.8;-0.2;9.8
8;11.09.1998;5.2;1.2;10.4
8;11.10.1998;7.3;1.5;12.3
8;11.11.1998;7.1;4;11.3
8;11.12.1998;-0.4;-4.5;8.2
8;11.13.1998;-0.5;-5;7.9
8;11.14.1998;2.5;-4.3;7
8;11.15.1998;0.8;-1;5.6
8;11.16.1998;-0.1;-1.6;2
8;11.17.1998;0.1;-2.9;7.2
8;11.18.1998;-3.2;-7.2;4.2
8;11.19.1998;-4.2;-8.9;3.7
8;11.20.1998;-1.9;-9.6;3.4
8;11.21.1998;-2.9;-4.6;1.2
8;11.22.1998;-2.6;-7;-1.2
8;11.23.1998;-1;-2.6;0
8;11.24.1998;0.5;-0.8;3.3
8;11.25.1998;1;-0.3;2.9
8;11.26.1998;1.3;0.1;3.2
8;11.27.1998;1.3;0.7;3.6
8;11.28.1998;0;-3.1;2.7
8;11.29.1998;1;-0.3;2.7
8;11.30.1998;1.4;0.4;2.8
8;12.01.1998;0.5;-0.4;2.7
8;12.02.1998;-1.4;-1.8;0.4
8;12.03.1998;-1.1;-1.8;0.1
8;12.04.1998;-2.7;-3.4;-0.4
8;12.05.1998;-5.1;-9.2;-0.4
8;12.06.1998;-10.3;-13.7;-5
8;12.07.1998;-11.9;-15.6;-4.5
8;12.08.1998;-11.8;-15.1;-5.4
8;12.09.1998;-14;-17.4;-6.8
8;12.10.1998;-8.9;-19;-4.7
8;12.11.1998;-4.2;-5.5;-2.6
8;12.12.1998;-4.6;-6.2;-2.8
8;12.13.1998;-5.1;-6.8;-1
8;12.14.1998;-0.9;-9.3;2.5
8;12.15.1998;-3.7;-7.8;2.1
8;12.16.1998;-6.6;-8.2;-1.2
8;12.17.1998;-5.8;-10.2;-0.6
8;12.18.1998;-5.9;-7.9;-0.8
8;12.19.1998;-6.3;-10.6;-1
8;12.20.1998;-3;-10.4;-0.8
8;12.21.1998;-0.1;-1.6;1.6
8;12.22.1998;-7.2;-12.6;1
8;12.23.1998;-6;-14;-2.7
8;12.24.1998;-5.9;-8.4;-2.1
8;12.25.1998;-10.6;-14.1;-7
8;12.26.1998;-12.4;-15.2;-6.3
8;12.27.1998;-9.1;-15.6;-1.3
8;12.28.1998;-3.6;-10.8;0.6
8;12.29.1998;-2.2;-7.9;2.4
8;12.30.1998;-0.2;-2.2;0.6
8;12.31.1998;-0.4;-0.8;0.6
8;01.01.1999;-0.6;-1.2;1
8;01.02.1999;0.1;-1.2;1.1
8;01.03.1999;1.2;0.1;3.1
8;01.04.1999;1;0.4;2.9
8;01.05.1999;-0.9;-1.6;1.2
8;01.06.1999;-2.6;-4.2;2.4
8;01.07.1999;-1.8;-7.3;5.7
8;01.08.1999;1.5;-3.6;3.6
8;01.09.1999;0.6;-0.3;2.5
8;01.10.1999;-1;-2.5;0.5
8;01.11.1999;-0.2;-1.1;0.6
8;01.12.1999;1;-1.4;3.8
8;01.13.1999;0.4;-0.8;3
8;01.14.1999;-2.3;-4.6;0.4
8;01.15.1999;-4.4;-8.5;1.2
8;01.16.1999;-3.6;-10.6;4
8;01.17.1999;0.4;-5.6;9.5
8;01.18.1999;-1.4;-6.5;4.3
8;01.19.1999;-3.5;-6.5;3
8;01.20.1999;-3.8;-6.5;-1.6
8;01.21.1999;-3.2;-4.9;-2.1
8;01.22.1999;-4.1;-4.8;-2.6
8;01.23.1999;-4.6;-7.3;-2.8
8;01.24.1999;-4.4;-6.1;-3.1
8;01.25.1999;-5.3;-6.9;0.2
8;01.26.1999;-1.6;-9.3;2.5
8;01.27.1999;0.5;-1.9;1.9
8;01.28.1999;-0.9;-1.6;0.5
8;01.29.1999;-0.6;-2.7;4.2
8;01.30.1999;-4.7;-6.4;-1.2
8;01.31.1999;-7.1;-13.8;-0.1
8;02.01.1999;-4.8;-11.3;0
8;02.02.1999;-3.8;-5.6;0.6
8;02.03.1999;-1.8;-8.4;5.2
8;02.04.1999;-0.4;-4;7.6
8;02.05.1999;-0.6;-7.2;8.8
8;02.06.1999;-1.1;-6;4.4
8;02.07.1999;1.1;-7.1;8.5
8;02.08.1999;-2.2;-5.1;3.5
8;02.09.1999;-1.2;-7.8;1.4
8;02.10.1999;-2.5;-3.7;0.6
8;02.11.1999;-4.4;-6.3;-1.3
8;02.12.1999;-9.8;-15.8;-0.4
8;02.13.1999;-6.7;-14.1;-2.7
8;02.14.1999;-2.9;-6.8;0.1
8;02.15.1999;-6.1;-11.7;0.4
8;02.16.1999;-5;-17.7;2.8
8;02.17.1999;0.9;-9.4;4.5
8;02.18.1999;-5.1;-13.9;4.9
8;02.19.1999;-2.7;-14;6.7
8;02.20.1999;1.7;-6.4;7.5
8;02.21.1999;1.8;0.5;2.9
8;02.22.1999;1.3;-0.4;4.7
8;02.23.1999;-2.2;-10;6.1
8;02.24.1999;0.4;-7.1;7.7
8;02.25.1999;-1.8;-7.1;6.8
8;02.26.1999;-1.4;-10.1;8.6
8;02.27.1999;2;-7.4;13.4
8;02.28.1999;0.3;-6.7;10.4
8;03.01.1999;1.5;-6.6;10.5
8;03.02.1999;3.1;-2.2;9.3
8;03.03.1999;3.9;-0.3;7.4
8;03.04.1999;5.4;2.1;11.2
8;03.05.1999;4.4;2.1;8.4
8;03.06.1999;2.3;-0.4;6.7
8;03.07.1999;1.4;-0.9;5.7
8;03.08.1999;2.3;-1.1;7.2
8;03.09.1999;5.8;-1.4;8.6
8;03.10.1999;7.6;1;13.3
8;03.11.1999;6.2;3.1;13.4
8;03.12.1999;6.5;4;14.7
8;03.13.1999;6.8;-1.7;16.7
8;03.14.1999;6.5;1.6;14.4
8;03.15.1999;8.3;1;17.2
8;03.16.1999;4.3;1.7;8.7
8;03.17.1999;2.4;-0.4;5.6
8;03.18.1999;3.4;1.2;6.6
8;03.19.1999;2.6;-6.3;11.1
8;03.20.1999;4.9;-2.4;11.9
8;03.21.1999;3;-5.1;12.8
8;03.22.1999;2.7;-3.2;6.8
8;03.23.1999;3.5;0.7;9.7
8;03.24.1999;5.7;-2.3;16.9
8;03.25.1999;6.8;-2.5;17.5
8;03.26.1999;8;2.9;13
8;03.27.1999;6.6;4.8;10.8
8;03.28.1999;8.3;1;15
8;03.29.1999;8;5.8;13
8;03.30.1999;8.7;4.7;14
8;03.31.1999;10.3;1.6;17.7
8;04.01.1999;10.1;1.4;18.5
8;04.02.1999;10.2;2.9;19.7
8;04.03.1999;9.2;1.4;20
8;04.04.1999;11.4;0.7;19.9
8;04.05.1999;11.1;8.1;19.9
8;04.06.1999;11.7;2.2;21.4
8;04.07.1999;12.5;3;20
8;04.08.1999;6.8;5.2;13.1
8;04.09.1999;8.4;4.2;14.3
8;04.10.1999;8.2;0.4;16.5
8;04.11.1999;9.3;4.9;13.9
8;04.12.1999;8.7;5.2;9.7
8;04.13.1999;7.3;6.3;9.4
8;04.14.1999;6.9;1.5;14.3
8;04.15.1999;10.7;4.9;14.9
8;04.16.1999;10;8.5;11.6
8;04.17.1999;8;6;13.8
8;04.18.1999;5.5;3.5;10.3
8;04.19.1999;4.8;0.2;9.5
8;04.20.1999;6.7;-1;13.4
8;04.21.1999;8.5;4.3;11.3
8;04.22.1999;7.9;6.2;12.3
8;04.23.1999;11.1;5.2;17.2
8;04.24.1999;10.6;5.8;18.4
8;04.25.1999;10.3;6.7;16.7
8;04.26.1999;11.3;3.5;20.1
8;04.27.1999;9.6;3.5;15.5
8;04.28.1999;10.7;2.1;18
8;04.29.1999;13.9;4.4;21.1
8;04.30.1999;13.6;6.3;20.8
8;05.01.1999;11.4;7;20.2
8;05.02.1999;13.7;3.4;23.2
8;05.03.1999;15;5.8;24.6
8;05.04.1999;15.2;6.8;18.8
8;05.05.1999;10;9;16.6
8;05.06.1999;11.2;7.8;15.3
8;05.07.1999;11.2;7.5;14.6
8;05.08.1999;13.7;5.1;19.7
8;05.09.1999;11.1;8.8;16.9
8;05.10.1999;15;6.6;22.9
8;05.11.1999;16.6;7;22.6
8;05.12.1999;16.1;12.3;20.7
8;05.13.1999;16.9;13.2;24.1
8;05.14.1999;15.7;13.2;20.4
8;05.15.1999;13.6;11.6;18.3
8;05.16.1999;11.9;8.8;16.4
8;05.17.1999;13.2;7.2;17.3
8;05.18.1999;13.1;7;21
8;05.19.1999;13.6;8.9;17.5
8;05.20.1999;13.2;10.8;15.1
8;05.21.1999;11.8;10.6;13.3
8;05.22.1999;13.9;9.3;21.4
8;05.23.1999;14.3;7.6;21.3
8;05.24.1999;14.4;7.3;21.6
8;05.25.1999;16.9;6.3;25.3
8;05.26.1999;16.1;9.5;24.7
8;05.27.1999;18.6;7.9;27.7
8;05.28.1999;19.3;10;27.7
8;05.29.1999;19.1;10.4;26.5
8;05.30.1999;20.7;11.8;27.3
8;05.31.1999;22.5;13.2;30
8;06.01.1999;22.1;15.2;28
8;06.02.1999;22.1;14.3;29
8;06.03.1999;21.2;14.2;27.9
8;06.04.1999;15.4;12.7;24
8;06.05.1999;16.9;7.5;23.8
8;06.06.1999;18.9;8.5;27.3
8;06.07.1999;20.8;12.4;27.3
8;06.08.1999;16.7;13.2;24
8;06.09.1999;17;10.7;22.4
8;06.10.1999;17.1;10.2;22.8
8;06.11.1999;15.7;14.1;20.1
8;06.12.1999;18;13.7;21.9
8;06.13.1999;17.3;14.1;22.4
8;06.14.1999;18.2;13.6;22.8
8;06.15.1999;16.4;12.4;21.6
8;06.16.1999;18.2;13.9;23.9
8;06.17.1999;17.2;11.9;23.8
8;06.18.1999;17.2;11.3;24.1
8;06.19.1999;12.7;11.3;17.4
8;06.20.1999;15.2;11.3;19.8
8;06.21.1999;12.5;9.7;17.5
8;06.22.1999;14.9;9.8;19.5
8;06.23.1999;14.5;4.2;21.6
8;06.24.1999;15.8;6.9;21.4
8;06.25.1999;16.5;6.5;23.1
8;06.26.1999;17.7;8;26.3
8;06.27.1999;19.6;11.3;25.9
8;06.28.1999;17.5;13.2;23.5
8;06.29.1999;18.8;12.1;24.8
8;06.30.1999;19.2;12.2;26.1
8;07.01.1999;18.3;14.8;25.9
8;07.02.1999;20.6;12;28
8;07.03.1999;22.9;13.2;29.2
8;07.04.1999;23.5;14.5;31.1
8;07.05.1999;22.8;16.3;31.5
8;07.06.1999;22.6;14.4;31.3
8;07.07.1999;16.2;14.3;22.4
8;07.08.1999;19;13.7;23.8
8;07.09.1999;15.9;10.2;19.2
8;07.10.1999;17.8;15;21.1
8;07.11.1999;18.1;15.8;24.1
8;07.12.1999;18.3;12.5;25
8;07.13.1999;20.8;12.3;27.3
8;07.14.1999;18.3;13;27
8;07.15.1999;17;10.6;24.8
8;07.16.1999;17.9;13.7;24.5
8;07.17.1999;18.4;11.2;25.2
8;07.18.1999;19.2;10.9;26.1
8;07.19.1999;20.4;11.3;27.4
8;07.20.1999;21.3;12.5;29.9
8;07.21.1999;22.1;13.1;29.9
8;07.22.1999;16.9;14.4;21.7
8;07.23.1999;15.9;10.4;22.3
8;07.24.1999;16.9;7.4;22.6
8;07.25.1999;17.2;14.7;22.6
8;07.26.1999;16.9;12.2;22.1
8;07.27.1999;22.4;14.8;28.6
8;07.28.1999;20.8;17.2;26.7
8;07.29.1999;19.3;15.1;25
8;07.30.1999;17.8;10.3;25
8;07.31.1999;16.6;8.4;24.8
8;08.01.1999;17.9;9.2;25.2
8;08.02.1999;18.1;14.2;25.9
8;08.03.1999;19.4;9.6;26.6
8;08.04.1999;20;13.7;27
8;08.05.1999;21.6;14.7;28.9
8;08.06.1999;22;16.2;29.9
8;08.07.1999;22.6;15.6;30.8
8;08.08.1999;21;15.2;28.9
8;08.09.1999;22.4;15.2;31.1
8;08.10.1999;21.2;15.2;29.3
8;08.11.1999;18;14.3;24.6
8;08.12.1999;17.1;13.4;22.1
8;08.13.1999;14.7;13.3;18.2
8;08.14.1999;15.6;9.8;23.4
8;08.15.1999;18;9.9;25.2
8;08.16.1999;20.3;15.4;27.2
8;08.17.1999;18.4;14.1;22.9
8;08.18.1999;18.7;16.6;23.6
8;08.19.1999;20.7;14.1;28.4
8;08.20.1999;18.4;15;23.7
8;08.21.1999;15.7;12.9;21.4
8;08.22.1999;16.4;11;22.8
8;08.23.1999;15.5;9.8;22.3
8;08.24.1999;16.7;9.3;22
8;08.25.1999;17.8;14;24
8;08.26.1999;18.9;13.5;24.5
8;08.27.1999;15.6;15;18.8
8;08.28.1999;18.9;14.2;23.7
8;08.29.1999;17.7;14.9;21.1
8;08.30.1999;16.5;15.2;19.3
8;08.31.1999;17.6;13.8;23.8
8;09.01.1999;16.8;10.2;23.4
8;09.02.1999;13.2;9.4;19.5
8;09.03.1999;14.6;8.6;17.9
8;09.04.1999;15.5;13.8;19.8
8;09.05.1999;14.4;11.4;18.3
8;09.06.1999;16;10.8;22.5
8;09.07.1999;16;9.9;24.4
8;09.08.1999;16.1;9.3;24.8
8;09.09.1999;17.5;10.5;25.9
8;09.10.1999;17.6;11.6;26.8
8;09.11.1999;16.3;9.6;25.8
8;09.12.1999;15.9;8.7;25.2
8;09.13.1999;15.4;7.9;24.7
8;09.14.1999;16;8.8;26.1
8;09.15.1999;15.8;8;26.8
8;09.16.1999;15.7;8.2;25.6
8;09.17.1999;16.6;9.7;25.2
8;09.18.1999;17.3;10.9;23.6
8;09.19.1999;16.6;12.9;22.5
8;09.20.1999;17.8;14;22.4
8;09.21.1999;16.5;13.5;23.1
8;09.22.1999;14.9;7.4;23.7
8;09.23.1999;16;8.4;24.3
8;09.24.1999;17.2;9.4;25.6
8;09.25.1999;17.2;10.5;23.8
8;09.26.1999;17.9;14.7;24.7
8;09.27.1999;15.9;12.9;21.3
8;09.28.1999;13.6;11.5;20.7
8;09.29.1999;12.9;9.3;21
8;09.30.1999;13.8;6.8;19.9
8;10.01.1999;12.7;10.2;19.8
8;10.02.1999;13;8.3;19.8
8;10.03.1999;18.2;11;23
8;10.04.1999;10.7;7.1;18.4
8;10.05.1999;9.7;8;12.4
8;10.06.1999;9.1;6.1;15.1
8;10.07.1999;5.9;0.6;15.7
8;10.08.1999;6.3;-1;16.4
8;10.09.1999;9.3;3.5;18.9
8;10.10.1999;10.7;4.7;20.5
8;10.11.1999;10.8;3.9;21.3
8;10.12.1999;10.8;3;17.9
8;10.13.1999;11.5;8.5;19
8;10.14.1999;10.5;7;16.7
8;10.15.1999;10.8;5.4;15.5
8;10.16.1999;9.6;7.7;14.1
8;10.17.1999;4;0.6;9.6
8;10.18.1999;4.4;-2.1;8.8
8;10.19.1999;3.4;2.5;6.2
8;10.20.1999;5.1;2.2;8.5
8;10.21.1999;5.7;4;6.7
8;10.22.1999;8.4;6.2;10.3
8;10.23.1999;10.6;8;12.9
8;10.24.1999;13.2;9.7;17.6
8;10.25.1999;17.4;12.7;19.5
8;10.26.1999;17.4;15.4;21.8
8;10.27.1999;12.8;10.1;20.5
8;10.28.1999;9.3;6;17.1
8;10.29.1999;12;4.4;20.2
8;10.30.1999;10.2;7;16.2
8;10.31.1999;10.5;5.8;19.5
8;11.01.1999;10.2;6.3;18.2
8;11.02.1999;9.3;3.2;17.6
8;11.03.1999;9;2.2;13
8;11.04.1999;9.2;8.5;11.2
8;11.05.1999;9.6;7.6;13
8;11.06.1999;10.7;7.7;14.5
8;11.07.1999;7.7;5;12.7
8;11.08.1999;4.6;1;10.5
8;11.09.1999;3.6;0.1;7.9
8;11.10.1999;3.9;2.5;6
8;11.11.1999;4;2.8;7.1
8;11.12.1999;5.6;3.1;9.4
8;11.13.1999;4.3;3.9;5.9
8;11.14.1999;4.3;-1.9;6.2
8;11.15.1999;1.6;0.4;6.6
8;11.16.1999;0.2;-0.6;1.3
8;11.17.1999;-0.6;-1;0.4
8;11.18.1999;0;-1.8;3.5
8;11.19.1999;-0.9;-1.8;0.5
8;11.20.1999;-6.4;-9.9;-0.1
8;11.21.1999;-4;-9.9;-2.7
8;11.22.1999;-2.3;-4.1;-0.5
8;11.23.1999;-4;-7.8;-1.8
8;11.24.1999;-4.5;-6.5;-1.8
8;11.25.1999;-5;-9.5;1.2
8;11.26.1999;-5.2;-6.4;-1.7
8;11.27.1999;-7.1;-9.5;-2.7
8;11.28.1999;-6.8;-9.3;-3.2
8;11.29.1999;-7.5;-8.7;-4
8;11.30.1999;-9.1;-11.8;-2.6
8;12.01.1999;-5.7;-11.3;-0.5
8;12.02.1999;-2.2;-5.9;4.8
8;12.03.1999;-0.2;-8.5;3.4
8;12.04.1999;3.2;1.7;7.1
8;12.05.1999;0.8;-1.5;5.5
8;12.06.1999;-2;-5.5;5.3
8;12.07.1999;-3.6;-8.2;4.2
8;12.08.1999;0;-6.1;8.5
8;12.09.1999;3.4;-1.6;6.7
8;12.10.1999;4.4;1.5;6.6
8;12.11.1999;3;0.4;5.8
8;12.12.1999;2.7;-1.4;5.5
8;12.13.1999;2.7;-0.3;6
8;12.14.1999;1.1;-2.4;3.5
8;12.15.1999;0.7;0;3.8
8;12.16.1999;-1.2;-2.7;1
8;12.17.1999;-4.8;-7.6;0.7
8;12.18.1999;-1.3;-10.7;2.5
8;12.19.1999;2.1;0.5;3.9
8;12.20.1999;-2.3;-3.4;3.2
8;12.21.1999;-9.1;-13.3;-1.7
8;12.22.1999;-11.8;-17.1;-2.4
8;12.23.1999;-10.9;-18.6;-5.1
8;12.24.1999;-7.2;-9.8;-5.9
8;12.25.1999;-0.7;-9.8;5
8;12.26.1999;0.2;-1.7;4.9
8;12.27.1999;0.9;-2.3;6.3
8;12.28.1999;1.4;-1.6;3
8;12.29.1999;-4;-6.9;4.8
8;12.30.1999;-7.3;-9.6;-1
8;12.31.1999;-9;-14.7;-2
8;01.01.2000;-7.3;-12.9;-2.6
8;01.02.2000;-3.5;-9.3;1.2
8;01.03.2000;-3.6;-6.7;2.3
8;01.04.2000;-7.5;-12.6;0.6
8;01.05.2000;-6.3;-11.4;1
8;01.06.2000;-6.4;-10.5;0.1
8;01.07.2000;-6.2;-10.4;-1.8
8;01.08.2000;-4.9;-9.4;2.2
8;01.09.2000;-3.2;-8.8;-1.8
8;01.10.2000;-1.8;-4.8;-0.5
8;01.11.2000;-0.8;-2.7;1.2
8;01.12.2000;-3;-8.5;1.9
8;01.13.2000;-2.6;-5.9;-0.2
8;01.14.2000;-4.8;-7.8;0.2
8;01.15.2000;-2.6;-9.8;-0.3
8;01.16.2000;-2.7;-3.8;-0.6
8;01.17.2000;-7.4;-11.5;-1.3
8;01.18.2000;1.2;-10.6;12.8
8;01.19.2000;3.1;-1.6;7.4
8;01.20.2000;-2.3;-6.8;4.1
8;01.21.2000;3.1;-8.6;11.4
8;01.22.2000;-3.1;-4.3;8.1
8;01.23.2000;-3.4;-11.3;1.8
8;01.24.2000;-6.9;-11.9;1.1
8;01.25.2000;-12.9;-19.8;-2.2
8;01.26.2000;-12.1;-20.1;-1.5
8;01.27.2000;-7.4;-16.2;4.8
8;01.28.2000;-5;-13.7;4.5
8;01.29.2000;-0.5;-11.2;5.8
8;01.30.2000;1.3;-1;8.2
8;01.31.2000;2.8;-3.8;11.1
8;02.01.2000;3.1;-3.3;12
8;02.02.2000;4.9;-0.8;12
8;02.03.2000;5.2;-1.3;14.7
8;02.04.2000;1.1;-3.4;9.8
8;02.05.2000;3.7;-2.2;14
8;02.06.2000;4.7;-1.5;16.8
8;02.07.2000;4;-2.3;13.5
8;02.08.2000;5.3;-0.8;9.7
8;02.09.2000;7.3;4.4;10.3
8;02.10.2000;2.5;-2.7;12.1
8;02.11.2000;2.1;-4.8;9.4
8;02.12.2000;4.3;0.5;8.3
8;02.13.2000;1.2;-4.8;7.9
8;02.14.2000;2;-3.2;10.6
8;02.15.2000;3.7;-0.9;12.7
8;02.16.2000;2.3;0;5.2
8;02.17.2000;-0.1;-2.6;3.7
8;02.18.2000;-1.4;-4.5;4.1
8;02.19.2000;0.2;-4.9;7.9
8;02.20.2000;2.5;-5.8;8.9
8;02.21.2000;1.3;-5;6.1
8;02.22.2000;-3.3;-8.6;4.3
8;02.23.2000;-1.6;-8.6;6.2
8;02.24.2000;-0.4;-7.6;7.3
8;02.25.2000;2.8;-3.4;9.9
8;02.26.2000;0.3;-5.1;7.7
8;02.27.2000;1.7;-4.6;11.5
8;02.28.2000;1.2;-5;12.5
8;02.29.2000;4.1;-5.5;9.4
8;03.01.2000;2.9;0.8;7.1
8;03.02.2000;5.6;-0.1;10.1
8;03.03.2000;2.8;-5.5;10.5
8;03.04.2000;3.2;-0.6;8.6
8;03.05.2000;-0.1;-3.5;8.1
8;03.06.2000;1.9;-7.5;10.1
8;03.07.2000;2.6;-5.8;12.9
8;03.08.2000;4.8;-4.1;13.6
8;03.09.2000;6.5;-0.7;16.6
8;03.10.2000;8.7;-2;17.2
8;03.11.2000;7.3;2.7;12.9
8;03.12.2000;6.9;-2.2;16.4
8;03.13.2000;5.1;-2.9;14.2
8;03.14.2000;5.2;-3;16
8;03.15.2000;5.5;1.1;13.6
8;03.16.2000;3.2;-5;8.9
8;03.17.2000;3.6;-0.5;13.2
8;03.18.2000;2.8;-0.5;11.7
8;03.19.2000;1.3;-6.4;6.5
8;03.20.2000;2.3;-4.3;9.6
8;03.21.2000;3.9;-3.7;14
8;03.22.2000;5.1;-5;16.6
8;03.23.2000;6.8;-3.8;18.6
8;03.24.2000;9.3;1.7;14.3
8;03.25.2000;8.4;-0.5;14.3
8;03.26.2000;7.9;4.3;11.5
8;03.27.2000;5.9;4.6;10.2
8;03.28.2000;7.6;2.9;13.2
8;03.29.2000;4.8;3.2;8.2
8;03.30.2000;5.2;1.6;8.2
8;03.31.2000;6.9;2.8;14.1
8;04.01.2000;4.6;3.4;8.6
8;04.02.2000;8;2.8;12.5
8;04.03.2000;7.7;2.9;10.6
8;04.04.2000;9.4;6.7;16
8;04.05.2000;10;2.8;18.5
8;04.06.2000;8.3;5.4;16.2
8;04.07.2000;5.4;-3.7;13.9
8;04.08.2000;7.5;-1.9;15
8;04.09.2000;6.9;4;14.8
8;04.10.2000;8.5;2.9;12.5
8;04.11.2000;8.6;5.8;11.5
8;04.12.2000;9;7.4;12.5
8;04.13.2000;10;7.4;15.4
8;04.14.2000;12.2;7.8;17.4
8;04.15.2000;11.6;5.7;16.9
8;04.16.2000;10.5;5.2;19.4
8;04.17.2000;13.2;2.6;22.4
8;04.18.2000;13.4;5.6;20.8
8;04.19.2000;15;8.1;22.4
8;04.20.2000;15.7;7.3;24.5
8;04.21.2000;15.3;5.1;25.3
8;04.22.2000;15.5;6.3;26.6
8;04.23.2000;16;5.6;26.6
8;04.24.2000;11.4;5.3;19.5
8;04.25.2000;13.3;8.1;21.1
8;04.26.2000;14.7;5.2;23.8
8;04.27.2000;16.1;4.9;22.2
8;04.28.2000;15.3;11;20.5
8;04.29.2000;13.3;10;19.1
8;04.30.2000;14.4;8.5;21.3
8;05.01.2000;13.3;10.5;20.6
8;05.02.2000;14.6;9.4;22.1
8;05.03.2000;13;8.2;20.8
8;05.04.2000;14.3;4;22.1
8;05.05.2000;13.8;9.1;17.7
8;05.06.2000;15;5.9;22.2
8;05.07.2000;16.5;7.9;22.9
8;05.08.2000;13.6;12;17.2
8;05.09.2000;16.3;10.7;23.1
8;05.10.2000;17.7;7.7;24.9
8;05.11.2000;17.7;8.8;26.2
8;05.12.2000;18.2;9.5;25.5
8;05.13.2000;14;11.6;18.9
8;05.14.2000;14.7;4.5;22.8
8;05.15.2000;15.6;4.6;25.4
8;05.16.2000;18.3;6;27.3
8;05.17.2000;19.5;8.8;27.9
8;05.18.2000;16.4;8.3;25
8;05.19.2000;10.9;8.5;16.2
8;05.20.2000;6.6;4.1;10.3
8;05.21.2000;11.9;2.4;19.2
8;05.22.2000;10.4;8.5;15.1
8;05.23.2000;13.4;6.3;21.2
8;05.24.2000;15.8;4.5;23.8
8;05.25.2000;17.9;8.2;26.4
8;05.26.2000;17.8;8.5;25.9
8;05.27.2000;17.9;8.5;26
8;05.28.2000;18.1;10;24.2
8;05.29.2000;12;9.7;17.8
8;05.30.2000;11.6;7.8;17.9
8;05.31.2000;13.2;5.5;19.8
8;06.01.2000;14.1;7.2;19.9
8;06.02.2000;17.4;6.6;23.7
8;06.03.2000;19.7;11.7;27.1
8;06.04.2000;20.5;11.1;28.6
8;06.05.2000;22.8;12.4;28.8
8;06.06.2000;22.2;12.4;28.8
8;06.07.2000;14.3;12.4;21.8
8;06.08.2000;15.6;6.8;22.3
8;06.09.2000;19.4;8.5;28.2
8;06.10.2000;21.9;11.3;29.5
8;06.11.2000;22.1;13.1;29
8;06.12.2000;21.2;13.4;30.9
8;06.13.2000;20.5;15.1;26.9
8;06.14.2000;21.2;15.1;28.9
8;06.15.2000;18.6;11.8;27.3
8;06.16.2000;17.4;12.9;22.6
8;06.17.2000;14.8;7;20
8;06.18.2000;15.4;4.1;22.7
8;06.19.2000;19.4;7.7;27
8;06.20.2000;21.2;10.7;29.6
8;06.21.2000;21.6;11.3;30.5
8;06.22.2000;22.6;12.5;31
8;06.23.2000;21.3;11.3;29.6
8;06.24.2000;17.4;12.9;23.1
8;06.25.2000;12;9.8;17.7
8;06.26.2000;14.8;8;21.2
8;06.27.2000;16.4;10;23.3
8;06.28.2000;16.6;9.7;22.3
8;06.29.2000;16;11.8;22.2
8;06.30.2000;16.7;12.8;22.8
8;07.01.2000;19.9;9.9;26.8
8;07.02.2000;22.7;13.4;28.4
8;07.03.2000;21.9;13.9;30.3
8;07.04.2000;21.8;13.7;28.9
8;07.05.2000;21.4;14.1;29.5
8;07.06.2000;21.4;14.6;29
8;07.07.2000;22.4;12.8;31.4
8;07.08.2000;16.3;14.6;21.2
8;07.09.2000;15.1;9.8;20.9
8;07.10.2000;18;8.6;24.9
8;07.11.2000;15.8;12.6;22
8;07.12.2000;15.5;10;21.7
8;07.13.2000;13.3;10.7;19.9
8;07.14.2000;14.1;6.3;19.2
8;07.15.2000;12.9;10.6;17.7
8;07.16.2000;12.6;8.9;19.6
8;07.17.2000;14.2;4.9;22.9
8;07.18.2000;15.4;10.5;20.6
8;07.19.2000;15.9;8.9;22.3
8;07.20.2000;16.4;7.6;22.4
8;07.21.2000;16;10.9;22
8;07.22.2000;16.4;11.2;24.9
8;07.23.2000;18.9;9.4;26.6
8;07.24.2000;19.2;14.6;25
8;07.25.2000;19.5;12.9;27
8;07.26.2000;19.7;12.9;27.2
8;07.27.2000;19.6;11.9;27.2
8;07.28.2000;14.4;11.1;25.5
8;07.29.2000;17.4;10.8;25
8;07.30.2000;15.8;13;21.9
8;07.31.2000;15.8;8.3;22.9
8;08.01.2000;18;8.9;26.8
8;08.02.2000;19.6;10.5;28.9
8;08.03.2000;21.4;13.7;27.2
8;08.04.2000;16.8;12.5;21.5
8;08.05.2000;16;14.6;17.2
8;08.06.2000;16.9;13.4;23.1
8;08.07.2000;17.3;13.7;25.1
8;08.08.2000;17.5;11;24.6
8;08.09.2000;17.9;11.2;25.7
8;08.10.2000;19.1;12.4;26.9
8;08.11.2000;19.9;12;28.7
8;08.12.2000;19.9;11.8;30
8;08.13.2000;19.9;12.4;27.9
8;08.14.2000;20.9;12.6;29.1
8;08.15.2000;21;14.3;29.3
8;08.16.2000;20.6;11.8;30.1
8;08.17.2000;21.4;12.9;31.7
8;08.18.2000;22.1;13.1;31.7
8;08.19.2000;22.5;13.6;33.4
8;08.20.2000;22;13;33.2
8;08.21.2000;22;12.4;33.5
8;08.22.2000;23.2;13;31.6
8;08.23.2000;21.1;13;29.1
8;08.24.2000;19.4;14.3;27.6
8;08.25.2000;20;11.3;30
8;08.26.2000;16.6;8.4;24.3
8;08.27.2000;16.5;7;24.1
8;08.28.2000;14.1;12.8;16.9
8;08.29.2000;14.7;8.9;24.7
8;08.30.2000;18.9;7.5;27.7
8;08.31.2000;17.7;14;22.9
8;09.01.2000;18.4;14.5;25.7
8;09.02.2000;15.4;9.9;22.8
8;09.03.2000;13.8;9.7;21.2
8;09.04.2000;10.8;5.8;19
8;09.05.2000;11.9;8.5;18.3
8;09.06.2000;13;7.5;20.9
8;09.07.2000;12.6;10.9;18.2
8;09.08.2000;11.7;4.1;20.4
8;09.09.2000;12.3;4.9;21.5
8;09.10.2000;12.5;3.8;23
8;09.11.2000;13.4;4.2;23.9
8;09.12.2000;14.6;6;24.9
8;09.13.2000;16.2;6.6;26.4
8;09.14.2000;17.2;10.6;25.8
8;09.15.2000;17.1;10.1;24.9
8;09.16.2000;17.2;13;24.7
8;09.17.2000;15.2;11.6;20.3
8;09.18.2000;15.6;12.3;18.9
8;09.19.2000;14.2;12.4;18.6
8;09.20.2000;17.7;11.5;25.6
8;09.21.2000;16.2;14.1;19
8;09.22.2000;14;8.6;22
8;09.23.2000;13.3;11;18
8;09.24.2000;10.4;5.7;17
8;09.25.2000;10.8;4.2;19.6
8;09.26.2000;11.9;5;20.6
8;09.27.2000;11.7;5.4;21.2
8;09.28.2000;14;5.3;20.7
8;09.29.2000;14.2;7.8;21.1
8;09.30.2000;13.2;6.8;16.3
8;10.01.2000;14.6;13.4;16.3
8;10.02.2000;14.2;12.5;18.9
8;10.03.2000;13.3;12;15.9
8;10.04.2000;13.1;10.6;19.3
8;10.05.2000;13.8;6.6;18.8
8;10.06.2000;13.7;11.1;18.5
8;10.07.2000;8.9;8.5;13.3
8;10.08.2000;9.4;7.4;11.5
8;10.09.2000;8.8;8.2;10.5
8;10.10.2000;9.9;7;12.7
8;10.11.2000;12.5;9.5;16.3
8;10.12.2000;14.2;11.3;18.2
8;10.13.2000;15.5;11.4;23.2
8;10.14.2000;14.2;9.5;23.4
8;10.15.2000;14.3;6.8;20.1
8;10.16.2000;12.3;10;19.7
8;10.17.2000;12.2;6.2;18.2
8;10.18.2000;12.8;10.1;17
8;10.19.2000;12.1;10.9;14.1
8;10.20.2000;10.5;9.4;13.8
8;10.21.2000;8.9;6.4;11.4
8;10.22.2000;7.3;3.6;14.9
8;10.23.2000;2.9;0;9.8
8;10.24.2000;6.1;-1.3;16.8
8;10.25.2000;6.4;0.3;16.2
8;10.26.2000;8.4;2.8;17.9
8;10.27.2000;8.3;3.8;12.9
8;10.28.2000;7;4.1;15.2
8;10.29.2000;7.8;-0.7;16.6
8;10.30.2000;10.7;6.5;14.6
8;10.31.2000;13.5;9.3;19.3
8;11.01.2000;9.7;7.7;14.5
8;11.02.2000;8.9;5.4;13
8;11.03.2000;11;8.2;12.4
8;11.04.2000;7.7;4.8;12.6
8;11.05.2000;6.2;4.8;9
8;11.06.2000;8.9;4.9;10.9
8;11.07.2000;9.4;7.2;13.1
8;11.08.2000;7.2;6.2;11.8
8;11.09.2000;6.4;1.7;11.7
8;11.10.2000;4.2;1.1;9.8
8;11.11.2000;1.9;-0.3;3.6
8;11.12.2000;4;-1.3;8.4
8;11.13.2000;11.3;3.5;13.9
8;11.14.2000;15.9;11.8;18.8
8;11.15.2000;12.2;10.7;16.2
8;11.16.2000;11.2;10;13.7
8;11.17.2000;9.6;9.1;10.8
8;11.18.2000;7.3;5.9;10
8;11.19.2000;4.9;4.1;6.4
8;11.20.2000;5.3;2.5;6.6
8;11.21.2000;8.8;6;11.3
8;11.22.2000;6.1;3.5;10.4
8;11.23.2000;6.1;1.8;8.8
8;11.24.2000;7.1;2.3;9.1
8;11.25.2000;8;7.3;9.1
8;11.26.2000;5.7;3.1;11.1
8;11.27.2000;2.5;-1.6;11.2
8;11.28.2000;-0.4;-3.4;5.4
8;11.29.2000;0.2;-4;8.3
8;11.30.2000;0.7;-4.2;9.3
8;12.01.2000;1.7;-3.9;11.6
8;12.02.2000;5.5;-3;11.7
8;12.03.2000;7.2;3.7;13.1
8;12.04.2000;6.6;3.3;8.8
8;12.05.2000;5.4;3.6;6.5
8;12.06.2000;4.8;3.5;5.7
8;12.07.2000;7.3;1.4;10.3
8;12.08.2000;11;8.2;12.5
8;12.09.2000;10.8;9.6;13.5
8;12.10.2000;8.1;5.3;14.6
8;12.11.2000;4.6;1.2;11.3
8;12.12.2000;2.4;-1.9;9.5
8;12.13.2000;3.3;-1.1;9.5
8;12.14.2000;3.9;-1.8;7.7
8;12.15.2000;4;0.1;9.3
8;12.16.2000;-0.1;-1.1;0.9
8;12.17.2000;-0.8;-1.7;0.1
8;12.18.2000;-1.1;-1.5;-0.1
8;12.19.2000;-0.8;-2.7;0.2
8;12.20.2000;-0.5;-2;3.2
8;12.21.2000;-2.8;-5.6;0.2
8;12.22.2000;-3.8;-4.5;-2.3
8;12.23.2000;-5.9;-8;-0.8
8;12.24.2000;-1;-11.4;4.8
8;12.25.2000;2.3;1;3.7
8;12.26.2000;4.5;2;7.9
8;12.27.2000;5.2;2.2;7
8;12.28.2000;5.1;3.5;6.8
8;12.29.2000;2;1.1;5.5
8;12.30.2000;-0.6;-2.8;3.3
8;12.31.2000;-2.5;-4.9;1.6
8;01.01.2001;-3.1;-8.3;0.7
8;01.02.2001;1.4;-5.1;5
8;01.03.2001;3.5;2;6.4
8;01.04.2001;3.3;0.5;5.6
8;01.05.2001;3.7;0.9;6.2
8;01.06.2001;8.9;4.8;10.2
8;01.07.2001;10.5;8.9;13.6
8;01.08.2001;7.3;5;11.5
8;01.09.2001;4.2;1.8;9.5
8;01.10.2001;4.9;-0.2;8.6
8;01.11.2001;4.9;2.6;9.1
8;01.12.2001;2.1;1.3;5.1
8;01.13.2001;-1.4;-3;2.1
8;01.14.2001;-1.6;-7.5;1.4
8;01.15.2001;-4.9;-10.9;1.2
8;01.16.2001;-3.4;-8.8;-0.5
8;01.17.2001;-3.6;-8.6;-1.5
8;01.18.2001;-1.6;-2.8;-0.3
8;01.19.2001;-0.4;-2.6;1.4
8;01.20.2001;-0.1;-0.9;1
8;01.21.2001;-1.5;-2.1;0.2
8;01.22.2001;-1.3;-2.3;-0.3
8;01.23.2001;0.5;-2.1;3.8
8;01.24.2001;4.7;-1;7.7
8;01.25.2001;7.8;5.1;9.4
8;01.26.2001;6.1;3.8;10.2
8;01.27.2001;3.6;-1.7;7.2
8;01.28.2001;2.5;-0.2;4.8
8;01.29.2001;1.6;-1.1;3.6
8;01.30.2001;0.7;0.3;2.3
8;01.31.2001;-0.1;-2;3.7
8;02.01.2001;-1.7;-6.3;5.2
8;02.02.2001;-2.7;-8;3.7
8;02.03.2001;-0.6;-8;4.8
8;02.04.2001;4;-0.4;9.2
8;02.05.2001;5.2;2.9;8.5
8;02.06.2001;6.2;1.1;10
8;02.07.2001;9.8;6.4;13.2
8;02.08.2001;8.3;5.6;14.7
8;02.09.2001;5.8;2.8;11.2
8;02.10.2001;3.5;0.4;10.1
8;02.11.2001;1.3;-1.7;9.1
8;02.12.2001;0.7;-4.7;9.8
8;02.13.2001;3;-2.9;10.3
8;02.14.2001;1.9;-1.6;11.2
8;02.15.2001;0.9;-5.2;10.6
8;02.16.2001;2.1;-5;13.9
8;02.17.2001;2.9;-4.8;12.3
8;02.18.2001;4.2;0;10.6
8;02.19.2001;0.5;-3.2;8.8
8;02.20.2001;3.3;-5.2;10.5
8;02.21.2001;1.9;-3.9;10.5
8;02.22.2001;4.3;-5.9;14.2
8;02.23.2001;2.5;-4.3;7.8
8;02.24.2001;-1.3;-2.5;3.5
8;02.25.2001;-1.3;-4.7;0.5
8;02.26.2001;-2.6;-4.9;1.7
8;02.27.2001;-2.5;-11;4
8;02.28.2001;-2.4;-5.2;0.1
8;03.01.2001;-2.1;-4.6;5.2
8;03.02.2001;0;-8.6;6.1
8;03.03.2001;2.4;-0.2;3.8
8;03.04.2001;7.6;1.9;10.1
8;03.05.2001;7.2;5.5;11
8;03.06.2001;1.6;0.1;6.2
8;03.07.2001;1.9;0.1;7
8;03.08.2001;5.4;-2.4;8.2
8;03.09.2001;7.3;4.3;12.3
8;03.10.2001;8.6;5.5;11.4
8;03.11.2001;7.2;0.1;14.9
8;03.12.2001;9.1;2.1;14.3
8;03.13.2001;6.3;4.1;10.6
8;03.14.2001;6.8;0.5;13.3
8;03.15.2001;7.3;0.5;14.9
8;03.16.2001;9.4;3.6;15.1
8;03.17.2001;9.6;6.6;12.4
8;03.18.2001;8.7;3.9;13.4
8;03.19.2001;9;6.5;14.9
8;03.20.2001;5.6;3.8;9.4
8;03.21.2001;8.9;5.1;11.1
8;03.22.2001;9.4;6.8;15.9
8;03.23.2001;10.9;0.1;17.7
8;03.24.2001;12.3;3.4;20
8;03.25.2001;13.1;6.6;21.2
8;03.26.2001;11.1;6.6;16.3
8;03.27.2001;2.7;1.6;11.3
8;03.28.2001;3.7;1.4;6.3
8;03.29.2001;4.5;1;5.7
8;03.30.2001;6.6;4.3;9.5
8;03.31.2001;8.1;4.7;14.2
8;04.01.2001;7;1;15.3
8;04.02.2001;6.6;-1.4;17.6
8;04.03.2001;8.9;-1.8;19.5
8;04.04.2001;8.6;1.7;17.4
8;04.05.2001;6.2;4.9;10.6
8;04.06.2001;7.3;0.6;16.1
8;04.07.2001;7.8;1.3;12.5
8;04.08.2001;7.3;5.7;10.7
8;04.09.2001;8;1.7;15.6
8;04.10.2001;7.4;-2.5;16.3
8;04.11.2001;6.7;5.7;8.7
8;04.12.2001;9.5;5.2;15.6
8;04.13.2001;4.7;-0.8;10.1
8;04.14.2001;1.7;-1.2;7.6
8;04.15.2001;2.8;-4.5;9.8
8;04.16.2001;4.5;-2.7;7.9
8;04.17.2001;4.6;2.2;11.3
8;04.18.2001;5.7;-2.4;10.4
8;04.19.2001;7.5;4;11
8;04.20.2001;7.8;5.7;10.7
8;04.21.2001;7.4;5.6;12.3
8;04.22.2001;7.8;2.9;11.4
8;04.23.2001;8.9;-1.2;17
8;04.24.2001;10;-0.4;18.4
8;04.25.2001;12.3;2.5;18.9
8;04.26.2001;7.2;5;13
8;04.27.2001;8.5;1.7;16.9
8;04.28.2001;12;1.2;21.2
8;04.29.2001;13.3;3.3;23
8;04.30.2001;15.2;5.1;24.5
8;05.01.2001;15.7;5.5;26.5
8;05.02.2001;17.2;4.9;27
8;05.03.2001;14.4;8.4;24.4
8;05.04.2001;13.8;6.7;22.1
8;05.05.2001;14.8;9.3;21.8
8;05.06.2001;12.6;11.1;17
8;05.07.2001;13;7.5;16.5
8;05.08.2001;13.1;9.9;17.8
8;05.09.2001;12;8.2;19.7
8;05.10.2001;13.4;6.2;20.7
8;05.11.2001;14.4;4.3;21.5
8;05.12.2001;13.2;8.5;20.5
8;05.13.2001;12.4;5.1;19.3
8;05.14.2001;14.5;3.1;21.1
8;05.15.2001;14.3;7.5;18.6
8;05.16.2001;16.6;8.1;21.5
8;05.17.2001;17.1;9;21.5
8;05.18.2001;15.1;10.8;22.3
8;05.19.2001;12.2;7.1;19.6
8;05.20.2001;13.3;5.1;20.4
8;05.21.2001;12.8;8.1;15.4
8;05.22.2001;13.9;11.3;17.8
8;05.23.2001;14.3;11.2;21.1
8;05.24.2001;16;5.6;24
8;05.25.2001;14.6;7.4;23.1
8;05.26.2001;17.6;9.2;25.2
8;05.27.2001;18.7;7.4;27.8
8;05.28.2001;21.5;13.4;30.1
8;05.29.2001;20.4;13.9;29.6
8;05.30.2001;21.7;12.8;28.3
8;05.31.2001;16.1;14.2;21.6
8;06.01.2001;13.9;12.2;19.4
8;06.02.2001;12.9;4.9;18.3
8;06.03.2001;10.9;6.3;19.7
8;06.04.2001;13.3;5.3;19.5
8;06.05.2001;14.9;4.7;22.4
8;06.06.2001;13.7;6.2;21.7
8;06.07.2001;15.7;8.7;23.3
8;06.08.2001;18;7.8;24.1
8;06.09.2001;16.9;12.1;23.6
8;06.10.2001;17.8;9.4;23.1
8;06.11.2001;11.8;7.9;19.6
8;06.12.2001;12.3;5.1;18.9
8;06.13.2001;15.1;6.8;20.7
8;06.14.2001;14.2;9.6;21.6
8;06.15.2001;17.1;8.8;25.8
8;06.16.2001;18.5;9.2;26.3
8;06.17.2001;14.8;11.4;18.3
8;06.18.2001;15.8;12.2;19.6
8;06.19.2001;17.2;10.2;21.6
8;06.20.2001;18.4;12;22.5
8;06.21.2001;18.7;7.1;26.3
8;06.22.2001;20;11.1;24.8
8;06.23.2001;17.6;15.9;21.9
8;06.24.2001;19.1;8.6;26.8
8;06.25.2001;20;11;26.7
8;06.26.2001;21.1;12.1;27.2
8;06.27.2001;21.6;12.6;29.6
8;06.28.2001;20.7;12.9;27.7
8;06.29.2001;18.7;16.5;23
8;06.30.2001;19.9;11.7;27.1
8;07.01.2001;18.4;14.8;24.7
8;07.02.2001;16.6;9.2;23.8
8;07.03.2001;16;10.2;22.4
8;07.04.2001;17.7;8.9;22.5
8;07.05.2001;19.5;14.1;25.3
8;07.06.2001;21.9;13.8;27.9
8;07.07.2001;21.5;12.6;29.3
8;07.08.2001;19.7;12.3;27.2
8;07.09.2001;18.5;11.8;24.7
8;07.10.2001;19;11.8;25
8;07.11.2001;21.4;11.7;28.9
8;07.12.2001;15.2;14.1;21.1
8;07.13.2001;20.2;10.5;26.7
8;07.14.2001;22.5;14.2;31.2
8;07.15.2001;22.8;13.4;32.1
8;07.16.2001;19.3;14.9;28.2
8;07.17.2001;15.9;14.8;21.3
8;07.18.2001;18.4;10.6;26.4
8;07.19.2001;19.3;15.3;26.6
8;07.20.2001;15.4;13.6;18.6
8;07.21.2001;17.4;13.2;25.8
8;07.22.2001;17.9;8.1;27.2
8;07.23.2001;20.3;11.8;28.2
8;07.24.2001;19;13.6;24.8
8;07.25.2001;19.7;16.1;24.9
8;07.26.2001;21.6;15.4;29.1
8;07.27.2001;21;14;28.5
8;07.28.2001;22.5;13.7;30.7
8;07.29.2001;21.9;14.6;30.1
8;07.30.2001;20.2;14.2;27.7
8;07.31.2001;21.6;12.7;29.7
8;08.01.2001;23.4;13.7;31.5
8;08.02.2001;22.9;16.2;31.5
8;08.03.2001;23.1;15;32.7
8;08.04.2001;22.6;14.7;32.4
8;08.05.2001;18.9;15;27.5
8;08.06.2001;17.7;14.5;24.7
8;08.07.2001;20.1;10;28.5
8;08.08.2001;22.8;12.3;30.7
8;08.09.2001;21.3;13.1;28.7
8;08.10.2001;20.9;14.4;29.3
8;08.11.2001;12.5;11;19.6
8;08.12.2001;14.7;5.6;22.8
8;08.13.2001;16.7;6.8;25.7
8;08.14.2001;20.5;10;28.6
8;08.15.2001;21.2;12.4;29.4
8;08.16.2001;22.7;13.1;30.5
8;08.17.2001;23.1;14.9;30.4
8;08.18.2001;22.2;14.4;30.5
8;08.19.2001;21.1;15.2;30.7
8;08.20.2001;20.8;12.9;29.1
8;08.21.2001;18.8;12.8;27.6
8;08.22.2001;19.9;12.9;27.3
8;08.23.2001;20.4;13.4;27.7
8;08.24.2001;19.8;13.6;27
8;08.25.2001;20.3;11.7;29.3
8;08.26.2001;21.9;12.7;31.5
8;08.27.2001;22.4;13.6;33.4
8;08.28.2001;19;15;22.6
8;08.29.2001;19.9;11.4;27.9
8;08.30.2001;16.8;14.7;22.1
8;08.31.2001;14.2;12.5;16.5
8;09.01.2001;16.5;12.5;21.5
8;09.02.2001;15.3;13.4;20.4
8;09.03.2001;15.1;7.9;23.8
8;09.04.2001;14.2;8;20.9
8;09.05.2001;12.8;10.6;18
8;09.06.2001;11.9;5.9;19.7
8;09.07.2001;12.9;5.8;21.4
8;09.08.2001;15;9.1;21.4
8;09.09.2001;11;8.4;16.8
8;09.10.2001;10.1;4.5;17.4
8;09.11.2001;11.7;6;18.6
8;09.12.2001;10.3;7.3;18.2
8;09.13.2001;13;4.8;20.4
8;09.14.2001;11.6;8.9;17.4
8;09.15.2001;8.8;6.5;13.7
8;09.16.2001;8.1;4.8;10.3
8;09.17.2001;8.4;7;10.8
8;09.18.2001;10.2;7.7;15.9
8;09.19.2001;10.7;4.8;16.1
8;09.20.2001;11.3;7.5;19.7
8;09.21.2001;10.7;3.1;20.3
8;09.22.2001;11.7;3.7;16.7
8;09.23.2001;12.4;11.7;13.8
8;09.24.2001;14;11.8;19.9
8;09.25.2001;13.1;11.3;15
8;09.26.2001;9.8;7.5;13.7
8;09.27.2001;10.2;6.6;17.5
8;09.28.2001;11.3;4.2;21.3
8;09.29.2001;12.1;4.2;20.9
8;09.30.2001;13.7;8.8;16.4
8;10.01.2001;13.3;10.9;19.3
8;10.02.2001;14.5;9.8;21.3
8;10.03.2001;15.9;10;22.2
8;10.04.2001;15.2;9.2;23.5
8;10.05.2001;13.4;12;16.1
8;10.06.2001;13.3;8.8;21.7
8;10.07.2001;15.3;10.5;18.3
8;10.08.2001;15.9;13.2;23.3
8;10.09.2001;14.7;10.4;24
8;10.10.2001;11.6;6;19.6
8;10.11.2001;12.6;6.9;22
8;10.12.2001;11.3;5.9;20.3
8;10.13.2001;11.6;6.6;20.1
8;10.14.2001;11.8;5.3;19.7
8;10.15.2001;10.4;6.5;18
8;10.16.2001;10.6;4.9;17.9
8;10.17.2001;9.7;5.2;15.6
8;10.18.2001;10.1;6.8;18.2
8;10.19.2001;11.2;3.1;19.7
8;10.20.2001;14.9;8.2;18.6
8;10.21.2001;14.1;10.7;19.8
8;10.22.2001;10.4;7.1;18.5
8;10.23.2001;9.5;3.2;16.7
8;10.24.2001;10.8;8.4;13.5
8;10.25.2001;11;8.8;15
8;10.26.2001;9.3;8.5;12.2
8;10.27.2001;6.7;4.6;13.6
8;10.28.2001;8.4;2.1;16.4
8;10.29.2001;7.7;2.7;13.8
8;10.30.2001;6.9;3.3;13.5
8;10.31.2001;11.1;0.7;20.3
8;11.01.2001;6.3;2.6;13.7
8;11.02.2001;2.8;-2.3;12.2
8;11.03.2001;2;-3.3;11.1
8;11.04.2001;2.3;-2.4;11.5
8;11.05.2001;5;-3.1;13.1
8;11.06.2001;4.6;2;9.8
8;11.07.2001;3.3;-1.2;7.2
8;11.08.2001;8.4;3.5;11.8
8;11.09.2001;1;-0.5;9.5
8;11.10.2001;0.6;-0.8;2.9
8;11.11.2001;1.7;-0.1;2.8
8;11.12.2001;3.5;1.6;4.7
8;11.13.2001;3.6;3;5.4
8;11.14.2001;1.4;-1.8;7.7
8;11.15.2001;-1.6;-6.3;7
8;11.16.2001;-2.3;-8.4;7.4
8;11.17.2001;-1.7;-6.8;7.7
8;11.18.2001;-1.6;-7.4;5.7
8;11.19.2001;0.6;-2.7;2.5
8;11.20.2001;-0.5;-2.3;4.1
8;11.21.2001;-2.3;-4;-0.1
8;11.22.2001;1.5;-6.1;6.2
8;11.23.2001;2.9;1.9;7.7
8;11.24.2001;0.5;-6.3;9.2
8;11.25.2001;-3.5;-8.2;4.9
8;11.26.2001;0.1;-7.3;8.4
8;11.27.2001;3.6;-2.7;5
8;11.28.2001;3.7;2.7;6.4
8;11.29.2001;1;-1.6;5.2
8;11.30.2001;2.3;-1.4;4.3
8;12.01.2001;1.6;1;3.4
8;12.02.2001;0.3;-2.1;2.6
8;12.03.2001;-0.2;-0.6;0.9
8;12.04.2001;-0.3;-1.8;0.6
8;12.05.2001;0.3;-0.2;1.2
8;12.06.2001;1.2;-1.9;2.3
8;12.07.2001;1.3;-0.2;5.5
8;12.08.2001;-1.8;-3.5;1.2
8;12.09.2001;-4.5;-7;0.2
8;12.10.2001;-6.7;-12;0.1
8;12.11.2001;-3;-9.7;-1
8;12.12.2001;-1.2;-2.5;0.4
8;12.13.2001;-8.6;-12.3;-0.9
8;12.14.2001;-12.9;-17;-6
8;12.15.2001;-15.6;-20.6;-8.4
8;12.16.2001;-10;-19.9;-3.1
8;12.17.2001;-9.3;-14;-3.1
8;12.18.2001;-8.1;-12.3;-1.7
8;12.19.2001;-11;-14.7;-4.3
8;12.20.2001;-4.6;-15.5;-1.1
8;12.21.2001;-5.4;-9;-1.5
8;12.22.2001;-2.1;-10.1;3.6
8;12.23.2001;-5.2;-10.6;0.6
8;12.24.2001;-12.2;-16.4;-4.7
8;12.25.2001;-11.5;-19;-5.3
8;12.26.2001;-0.3;-12;1.2
8;12.27.2001;-5;-9.6;1
8;12.28.2001;-8.5;-11.2;-2.6
8;12.29.2001;1.8;-11.1;4.5
8;12.30.2001;2.2;0.2;5.4
8;12.31.2001;-0.6;-2.7;1.9
8;01.01.2002;-5.2;-9.6;0.5
8;01.02.2002;-4.6;-9.9;3
8;01.03.2002;-5.9;-11.3;1.8
8;01.04.2002;-12;-17;-4
8;01.05.2002;-6.9;-15.6;-1.9
8;01.06.2002;-5.1;-10.9;3.1
8;01.07.2002;-5.2;-8.2;4.6
8;01.08.2002;-6.5;-12.5;1.8
8;01.09.2002;-6.7;-12.3;1.9
8;01.10.2002;-6.6;-11.8;0.9
8;01.11.2002;-5;-11.4;-3.7
8;01.12.2002;-5.8;-7.2;-3.5
8;01.13.2002;-3.8;-7.9;-1.9
8;01.14.2002;-3.2;-5.4;-1.6
8;01.15.2002;-4.7;-5.4;-2.8
8;01.16.2002;-5.2;-7.9;-3.2
8;01.17.2002;-4.2;-7.5;-2.5
8;01.18.2002;-7;-11.2;-1.5
8;01.19.2002;-7.7;-14.5;-1.2
8;01.20.2002;-4.2;-11.2;5.5
8;01.21.2002;-3.1;-9.7;2.1
8;01.22.2002;1.9;-6.1;7.2
8;01.23.2002;3.3;-4.9;7
8;01.24.2002;2.7;1.2;6.6
8;01.25.2002;-0.2;-1.4;2.4
8;01.26.2002;-0.5;-2.5;4.1
8;01.27.2002;2;-3.8;6.5
8;01.28.2002;3;-1.4;10.8
8;01.29.2002;-0.7;-3.9;6.7
8;01.30.2002;1.2;-4.3;9.9
8;01.31.2002;2.2;-3.5;8.6
8;02.01.2002;1.5;-2.9;10.2
8;02.02.2002;0.9;-4.2;11.2
8;02.03.2002;0.7;-4.6;10.5
8;02.04.2002;1.6;-5.4;13.1
8;02.05.2002;2.2;-4.6;12.2
8;02.06.2002;3.3;-0.1;5
8;02.07.2002;4.3;2.8;6.7
8;02.08.2002;3.4;0.8;9
8;02.09.2002;2.4;-1.5;9.4
8;02.10.2002;3.9;-0.5;10.6
8;02.11.2002;0.3;-3.4;4.7
8;02.12.2002;1.7;-3.7;10.4
8;02.13.2002;1;-3.8;9.6
8;02.14.2002;3;-3;5.3
8;02.15.2002;0.9;-0.3;3.8
8;02.16.2002;-0.1;-0.8;1.4
8;02.17.2002;0.3;-0.9;1.4
8;02.18.2002;1.3;-0.2;3.9
8;02.19.2002;0.7;-2.3;4.4
8;02.20.2002;2.6;-3.4;7.1
8;02.21.2002;4.5;1;6.3
8;02.22.2002;-0.7;-5.3;5.8
8;02.23.2002;0.3;-3.7;8.1
8;02.24.2002;1.6;-2.3;9.9
8;02.25.2002;0.2;-6.3;10.5
8;02.26.2002;5.1;-4.2;10.5
8;02.27.2002;7.8;1.7;9.7
8;02.28.2002;8.2;5.8;9.3
8;03.01.2002;1.9;0.3;8.2
8;03.02.2002;6.8;1.3;12
8;03.03.2002;5.1;3.7;7.8
8;03.04.2002;2.9;-0.5;10.5
8;03.05.2002;4.6;-3.6;12.4
8;03.06.2002;7.8;3.7;16
8;03.07.2002;8.3;3;14.2
8;03.08.2002;6.8;-1.4;13.4
8;03.09.2002;3.7;-2.7;14.3
8;03.10.2002;5.2;-2.4;16.1
8;03.11.2002;3.4;-3.8;15.8
8;03.12.2002;3.7;-4.8;15.3
8;03.13.2002;4.4;-3.4;17.2
8;03.14.2002;8;-3.4;17.4
8;03.15.2002;10.3;3;16.4
8;03.16.2002;7.3;0.5;17.3
8;03.17.2002;7.5;-1.3;17.7
8;03.18.2002;8.3;-0.6;18.9
8;03.19.2002;8.6;1;13.1
8;03.20.2002;9.1;2.1;16.6
8;03.21.2002;11.1;4.7;17.3
8;03.22.2002;11.2;6.5;18.2
8;03.23.2002;5.4;1.6;10.5
8;03.24.2002;5;3.6;6.7
8;03.25.2002;3.6;-4.2;11.5
8;03.26.2002;4.5;-1.3;11.3
8;03.27.2002;0.3;-4.9;8.6
8;03.28.2002;2.8;-7.4;12.6
8;03.29.2002;3.1;-5.4;15
8;03.30.2002;5.9;-4.5;18.4
8;03.31.2002;7.6;-3.5;19.3
8;04.01.2002;8.6;-1.8;19.8
8;04.02.2002;8.1;-1.2;20
8;04.03.2002;10.9;0.9;17.6
8;04.04.2002;9.2;5.3;14.6
8;04.05.2002;6.9;3.1;12.3
8;04.06.2002;3;-0.5;8.3
8;04.07.2002;3.1;-0.5;9.8
8;04.08.2002;5.9;-2.1;11.3
8;04.09.2002;3.3;2.2;7
8;04.10.2002;3.9;2;6
8;04.11.2002;4.9;2.7;6.5
8;04.12.2002;5.7;3.9;7
8;04.13.2002;8.1;5.4;12.8
8;04.14.2002;10.4;5.2;16.6
8;04.15.2002;8.1;6.5;11.2
8;04.16.2002;7.7;6.1;9.7
8;04.17.2002;7.7;6.1;11.9
8;04.18.2002;8.1;5.8;11.6
8;04.19.2002;8.8;7.3;13.2
8;04.20.2002;9.1;5.4;13.2
8;04.21.2002;11.8;7.1;18.3
8;04.22.2002;12.4;5.4;20.1
8;04.23.2002;12.4;7.2;18.7
8;04.24.2002;11.8;8.3;18.1
8;04.25.2002;10.6;5.3;17.5
8;04.26.2002;14;5.2;20.7
8;04.27.2002;7.3;5.4;14.2
8;04.28.2002;9.8;2;17.4
8;04.29.2002;10.2;2.2;15.2
8;04.30.2002;10.4;7.7;17
8;05.01.2002;12.7;2.8;20.9
8;05.02.2002;14.5;4.1;23.3
8;05.03.2002;15.4;6.4;21.3
8;05.04.2002;10.5;8;16.5
8;05.05.2002;10;4.5;17.4
8;05.06.2002;10.8;1;20.1
8;05.07.2002;13.1;1.9;21.2
8;05.08.2002;18.4;7.2;23.6
8;05.09.2002;14.3;12.8;19.4
8;05.10.2002;14.7;12;20.6
8;05.11.2002;13;5.2;21.1
8;05.12.2002;14.2;6.9;22
8;05.13.2002;13.6;7.7;21.2
8;05.14.2002;15.1;5.5;24.9
8;05.15.2002;15.9;7.5;23.5
8;05.16.2002;17.5;7;25.4
8;05.17.2002;18.3;8.1;26.2
8;05.18.2002;18.7;9;27.4
8;05.19.2002;15.2;8.7;23.2
8;05.20.2002;14;12.2;16.7
8;05.21.2002;14.5;12.2;20.8
8;05.22.2002;16.2;6.9;23.4
8;05.23.2002;16.8;10.9;21.1
8;05.24.2002;17.4;13.4;21.4
8;05.25.2002;17.6;14.4;21
8;05.26.2002;15.6;14.4;19.7
8;05.27.2002;14.6;11.8;21.7
8;05.28.2002;12.4;11.3;14.5
8;05.29.2002;16.9;8.8;24.2
8;05.30.2002;17;5.2;24.1
8;05.31.2002;16.6;10.2;23
8;06.01.2002;17.6;7.9;24.6
8;06.02.2002;16.5;12.5;22
8;06.03.2002;17.3;6.8;24.1
8;06.04.2002;18.6;9.7;25.9
8;06.05.2002;17.8;11.6;21
8;06.06.2002;16.5;15.2;22
8;06.07.2002;13.9;11.1;16.4
8;06.08.2002;15.9;12.3;20.9
8;06.09.2002;15;9.1;18.2
8;06.10.2002;16;12.2;23.7
8;06.11.2002;18.1;6.5;24.4
8;06.12.2002;18.5;8.8;25.2
8;06.13.2002;20.4;9.8;29.2
8;06.14.2002;22.7;11.5;30.2
8;06.15.2002;23.8;14.4;31.6
8;06.16.2002;21.2;15.2;30.1
8;06.17.2002;21.5;14.6;28.5
8;06.18.2002;24.1;15.4;30
8;06.19.2002;23.2;16.6;29.9
8;06.20.2002;23.7;14;30.7
8;06.21.2002;24.3;15;31.5
8;06.22.2002;24.6;16.7;30.6
8;06.23.2002;25;16.3;33.4
8;06.24.2002;22.9;16.3;31.8
8;06.25.2002;14.9;13.3;19.8
8;06.26.2002;16.9;10.7;24
8;06.27.2002;20.1;8.5;26.4
8;06.28.2002;15.5;14.2;21
8;06.29.2002;15.3;10.1;21.1
8;06.30.2002;16.4;8.5;22.3
8;07.01.2002;16.7;8.4;26.5
8;07.02.2002;19.2;11;25.5
8;07.03.2002;22.5;14.7;28.6
8;07.04.2002;16.6;13.4;23.4
8;07.05.2002;16.6;8.2;22.2
8;07.06.2002;20;9.3;27
8;07.07.2002;17.9;14.2;24.4
8;07.08.2002;20.6;10.8;27
8;07.09.2002;21.9;11.9;28.6
8;07.10.2002;23.2;14.4;30.4
8;07.11.2002;22.4;14.4;28.3
8;07.12.2002;19.9;17.5;24
8;07.13.2002;22.6;14.8;29.1
8;07.14.2002;20;15.3;26.9
8;07.15.2002;19.5;16.7;25.6
8;07.16.2002;20.9;17.3;25.8
8;07.17.2002;17.1;14.1;23.6
8;07.18.2002;18.8;12.4;26.5
8;07.19.2002;18.7;15.8;22.4
8;07.20.2002;19.6;10.9;26.7
8;07.21.2002;21.6;11.9;27.9
8;07.22.2002;16.3;13.3;21.6
8;07.23.2002;19;13.8;25.5
8;07.24.2002;19;12;27.2
8;07.25.2002;17.2;14.6;24.3
8;07.26.2002;17.2;10.7;23.1
8;07.27.2002;18.4;11.6;25.6
8;07.28.2002;19.6;10.8;26.4
8;07.29.2002;19.1;12.9;29.3
8;07.30.2002;20;14.6;27.2
8;07.31.2002;18.6;13.8;27.1
8;08.01.2002;20.6;16;26.2
8;08.02.2002;20.8;14.9;26.9
8;08.03.2002;21.8;12.3;29.2
8;08.04.2002;20.8;14.8;26.9
8;08.05.2002;20.5;16.1;27
8;08.06.2002;15.9;15;19.9
8;08.07.2002;18.3;14.6;24
8;08.08.2002;19.1;14.3;25.4
8;08.09.2002;15.7;13.5;23.8
8;08.10.2002;16.7;14;19.3
8;08.11.2002;15.8;14.8;19.4
8;08.12.2002;15.5;13.5;19.1
8;08.13.2002;17.6;12;25.6
8;08.14.2002;17.8;7.3;26.2
8;08.15.2002;18.6;10;26.7
8;08.16.2002;18.6;11.1;26.2
8;08.17.2002;18.1;12.9;26.6
8;08.18.2002;18.8;11.7;27.2
8;08.19.2002;18.6;12.4;26.6
8;08.20.2002;18.7;12;27
8;08.21.2002;15.3;13.3;19.8
8;08.22.2002;16.8;13.7;21
8;08.23.2002;17.5;10.1;24.9
8;08.24.2002;18.7;11.8;26.8
8;08.25.2002;20;11.6;27.3
8;08.26.2002;19.2;13.3;26.9
8;08.27.2002;18.7;15.4;23.6
8;08.28.2002;18.3;14.4;24.6
8;08.29.2002;18;13.4;22.9
8;08.30.2002;18.3;12.4;25.4
8;08.31.2002;18.3;11.7;26.6
8;09.01.2002;17.7;14.9;24.2
8;09.02.2002;16.9;10.5;23.8
8;09.03.2002;16.2;13.4;22.1
8;09.04.2002;16.8;12.6;23.5
8;09.05.2002;16.8;10.7;21.9
8;09.06.2002;15.2;13.5;20
8;09.07.2002;14.7;10.1;22.8
8;09.08.2002;16;10;24.3
8;09.09.2002;16.7;10;24.4
8;09.10.2002;16.4;10.2;25.5
8;09.11.2002;14.8;12.4;19.4
8;09.12.2002;13.2;9.3;20.3
8;09.13.2002;9.5;2.9;18.2
8;09.14.2002;10.1;3.3;19.3
8;09.15.2002;10.1;3.4;18.1
8;09.16.2002;10.8;2.9;19.6
8;09.17.2002;13;5.6;21.4
8;09.18.2002;13.9;6.4;22.4
8;09.19.2002;15.7;7.4;23
8;09.20.2002;16.8;11.1;22.3
8;09.21.2002;13.6;12.3;17.1
8;09.22.2002;12;11.2;13.4
8;09.23.2002;9.6;8.3;11.9
8;09.24.2002;9.5;7.9;11.3
8;09.25.2002;8.9;8;10.6
8;09.26.2002;8.9;4.1;14.9
8;09.27.2002;9.6;4.2;16.5
8;09.28.2002;7.7;2.5;14.9
8;09.29.2002;7.6;3;16.9
8;09.30.2002;6.9;-0.1;17.2
8;10.01.2002;7.1;0.1;16.9
8;10.02.2002;8.7;1.4;17.7
8;10.03.2002;10.5;3;17.7
8;10.04.2002;10.4;3.3;15.6
8;10.05.2002;9.8;7.9;15.4
8;10.06.2002;10.4;7.3;15
8;10.07.2002;9.9;6;15.2
8;10.08.2002;7;5;12
8;10.09.2002;8;4.4;9.2
8;10.10.2002;9.5;7.4;11.1
8;10.11.2002;10.4;9.5;11.4
8;10.12.2002;9.1;8.3;11
8;10.13.2002;8.1;7.2;10.5
8;10.14.2002;8.7;5.2;15.9
8;10.15.2002;11.9;5.3;18.1
8;10.16.2002;15.1;11.9;18.2
8;10.17.2002;16;13.2;18.4
8;10.18.2002;8.5;6.8;16.5
8;10.19.2002;5.8;2.5;12.8
8;10.20.2002;5.8;1.5;13.2
8;10.21.2002;11;1.6;16.9
8;10.22.2002;12.8;11.3;16.6
8;10.23.2002;11.8;9.4;18.1
8;10.24.2002;6.1;3.6;11.8
8;10.25.2002;9.8;3.3;12.9
8;10.26.2002;10.5;6.4;17.3
8;10.27.2002;12.5;4.3;18.1
8;10.28.2002;6.9;2.5;16.9
8;10.29.2002;5.9;-2.4;15
8;10.30.2002;7.3;2.4;16.5
8;10.31.2002;9.2;3.3;12.4
8;11.01.2002;8.8;3.6;17.3
8;11.02.2002;8.5;4;14.3
8;11.03.2002;7.3;2.3;10.1
8;11.04.2002;7.5;5.6;11.3
8;11.05.2002;5.3;2.9;10.2
8;11.06.2002;-0.9;-2.8;3.4
8;11.07.2002;-0.9;-3.8;5.2
8;11.08.2002;-0.7;-4.6;6.6
8;11.09.2002;1.6;-5.5;6.5
8;11.10.2002;2.8;-3.6;12.2
8;11.11.2002;6.3;-1.5;12.7
8;11.12.2002;6.5;-3;13.5
8;11.13.2002;8.8;6.5;11.1
8;11.14.2002;13.5;9;16.7
8;11.15.2002;14.8;9.7;18.9
8;11.16.2002;16.3;11.6;18.5
8;11.17.2002;10.6;6.5;16.5
8;11.18.2002;11.1;8.9;12.5
8;11.19.2002;8.2;6.1;12.5
8;11.20.2002;8.7;2.7;14
8;11.21.2002;10.5;7.2;15.2
8;11.22.2002;9.1;7.6;11.2
8;11.23.2002;6.3;2.5;12.7
8;11.24.2002;9.3;4.6;14.1
8;11.25.2002;10.1;7.6;12.8
8;11.26.2002;10.8;9.3;13.9
8;11.27.2002;7.6;7;10.4
8;11.28.2002;6.2;5.4;7.5
8;11.29.2002;8.5;6.1;10.9
8;11.30.2002;6.5;4.3;9.3
8;12.01.2002;5.6;3.7;7.9
8;12.02.2002;4.1;1.3;6.5
8;12.03.2002;1.6;0.2;3.7
8;12.04.2002;4.6;0.9;6.5
8;12.05.2002;6;4.8;7.5
8;12.06.2002;4.9;4.3;6.7
8;12.07.2002;3.4;2.2;5.8
8;12.08.2002;-0.6;-2.2;2.5
8;12.09.2002;-3.5;-5.8;-0.9
8;12.10.2002;-6.3;-8.1;-3
8;12.11.2002;-4.9;-7.8;-3.6
8;12.12.2002;-3.7;-5.3;-2.9
8;12.13.2002;-1.1;-3.3;-0.2
8;12.14.2002;-0.8;-2;0.1
8;12.15.2002;-0.9;-1.4;-0.2
8;12.16.2002;-0.5;-1.8;1
8;12.17.2002;0.1;-0.7;0.7
8;12.18.2002;1.1;0;2.6
8;12.19.2002;0.5;-1.2;2.1
8;12.20.2002;-2.3;-4.6;2.5
8;12.21.2002;-0.5;-6.2;3.8
8;12.22.2002;2.8;-4.2;6.7
8;12.23.2002;4.7;0.9;9.3
8;12.24.2002;1.4;0.2;4.2
8;12.25.2002;-1;-1.5;0.7
8;12.26.2002;-0.8;-1.9;0.3
8;12.27.2002;3.1;-0.8;5.9
8;12.28.2002;8.1;4.2;11.3
8;12.29.2002;6.6;5.3;9.3
8;12.30.2002;6.3;2.1;10.1
8;12.31.2002;6.5;5.9;8.2
8;01.01.2003;0.5;-0.7;6.4
8;01.02.2003;4.9;-2.5;9.1
8;01.03.2003;2.7;-1;10.9
8;01.04.2003;4.7;-1.1;10.7
8;01.05.2003;0.4;-2;5.7
8;01.06.2003;-2.8;-4.1;-1.3
8;01.07.2003;-5.8;-7.3;-2.2
8;01.08.2003;-8;-14.6;-5.5
8;01.09.2003;-8.1;-9.2;-6.1
8;01.10.2003;-7.5;-9.8;-4.6
8;01.11.2003;-11.3;-16.7;-4.9
8;01.12.2003;-17.1;-22.8;-8
8;01.13.2003;-12.7;-23.7;-8.3
8;01.14.2003;-6.7;-13.8;-0.1
8;01.15.2003;-5.8;-9.4;0.6
8;01.16.2003;-5.8;-12.3;0.5
8;01.17.2003;-5;-10.3;0.5
8;01.18.2003;-7;-9.9;-0.6
8;01.19.2003;-8.1;-13.1;-1.1
8;01.20.2003;-7.4;-11.2;-1.8
8;01.21.2003;-1.9;-10.4;0.4
8;01.22.2003;1.2;-0.3;3.3
8;01.23.2003;0.7;-0.2;2.2
8;01.24.2003;0.7;-1.8;3.8
8;01.25.2003;1.1;-1.8;5.4
8;01.26.2003;0.6;-3.9;7.2
8;01.27.2003;-0.9;-4.6;3.5
8;01.28.2003;-0.3;-3.9;5.6
8;01.29.2003;-1.8;-4.2;3.2
8;01.30.2003;-1.2;-8.6;5
8;01.31.2003;-0.9;-3.4;4.8
8;02.01.2003;-2.9;-8.5;3.3
8;02.02.2003;-6.5;-10.1;-0.4
8;02.03.2003;-1.8;-11.8;3.1
8;02.04.2003;0.4;-0.5;2
8;02.05.2003;-1.2;-4.9;5.5
8;02.06.2003;-4.5;-11.1;4.5
8;02.07.2003;-4.8;-12.1;0.9
8;02.08.2003;-2.3;-7.1;1.2
8;02.09.2003;-2;-4.1;0.5
8;02.10.2003;-2.2;-4.1;0.6
8;02.11.2003;-2.3;-4.6;-0.1
8;02.12.2003;-5.2;-13;0.7
8;02.13.2003;-6.1;-13.5;0.5
8;02.14.2003;-8.4;-13.4;0.1
8;02.15.2003;-5.5;-16.9;0.3
8;02.16.2003;-3.2;-8.5;0.2
8;02.17.2003;-5.2;-9.2;0.4
8;02.18.2003;-6.6;-15.5;3.1
8;02.19.2003;-6.5;-15.5;1.7
8;02.20.2003;-5.4;-13.9;3.9
8;02.21.2003;-1.7;-11.1;3.9
8;02.22.2003;0.2;-2.3;2
8;02.23.2003;-4.7;-11.2;4.9
8;02.24.2003;-4.7;-13;7.4
8;02.25.2003;-3.7;-11.9;7.2
8;02.26.2003;-1.8;-11.9;9.8
8;02.27.2003;0.3;-6.7;9.5
8;02.28.2003;0.7;-6.1;11.4
8;03.01.2003;1.8;-5.2;11.8
8;03.02.2003;3.3;-3.2;9.7
8;03.03.2003;3.7;-0.6;10.4
8;03.04.2003;3.8;-1.8;11.4
8;03.05.2003;3.1;0;11.4
8;03.06.2003;1;-3.5;3.7
8;03.07.2003;1.5;-0.2;4.9
8;03.08.2003;3.6;-1;11.4
8;03.09.2003;4.5;-3.8;12.9
8;03.10.2003;5.6;-0.8;16.7
8;03.11.2003;5.5;-3.3;18.6
8;03.12.2003;8.1;1.2;14.3
8;03.13.2003;2.9;0;12
8;03.14.2003;1.5;-4.8;7.1
8;03.15.2003;3;-0.7;6.7
8;03.16.2003;4.1;-2.3;8.9
8;03.17.2003;2.8;-5.8;12.9
8;03.18.2003;3.3;-4.9;13.1
8;03.19.2003;2.6;-4.3;13.2
8;03.20.2003;7.8;-4.4;18.4
8;03.21.2003;4.5;-1;9.5
8;03.22.2003;0.5;-5.1;7.5
8;03.23.2003;-0.6;-8.6;10.2
8;03.24.2003;4.6;-6.4;18.5
8;03.25.2003;6.9;-4;20.4
8;03.26.2003;7.4;-1.9;20.1
8;03.27.2003;7.9;-2.1;20.1
8;03.28.2003;8.7;-1.7;18.7
8;03.29.2003;7.9;-0.9;16
8;03.30.2003;10.3;5.1;19.7
8;03.31.2003;9.8;0.4;17.5
8;04.01.2003;4.7;-0.7;14.1
8;04.02.2003;4.4;-2.9;11.1
8;04.03.2003;3.3;1.4;4.8
8;04.04.2003;4.2;1.6;10.8
8;04.05.2003;6.4;-3.6;15.4
8;04.06.2003;1.1;-1.8;7.1
8;04.07.2003;1.2;-3.2;3.8
8;04.08.2003;2.5;-2.2;10.4
8;04.09.2003;2.6;-2.8;9
8;04.10.2003;3.3;0.6;7.4
8;04.11.2003;6.5;0.6;10.4
8;04.12.2003;5.5;5;7.2
8;04.13.2003;8.4;1.4;16.9
8;04.14.2003;8.9;-1.1;16.7
8;04.15.2003;9.6;5.8;14.6
8;04.16.2003;11.2;1;19.2
8;04.17.2003;11.4;1.3;17.4
8;04.18.2003;10.4;0.1;17.6
8;04.19.2003;9.1;4.1;13.7
8;04.20.2003;11.2;2.3;17.7
8;04.21.2003;10.4;7.6;17.4
8;04.22.2003;10.1;1.3;18.8
8;04.23.2003;13;1.5;20.1
8;04.24.2003;12.8;4;19.9
8;04.25.2003;13.3;2.3;21.6
8;04.26.2003;15.1;4;22.1
8;04.27.2003;10.5;8.6;16
8;04.28.2003;13.2;3.1;19.1
8;04.29.2003;13.8;6.1;19.7
8;04.30.2003;15.6;7.8;22
8;05.01.2003;15.4;7.7;23.6
8;05.02.2003;17.5;8.2;25.9
8;05.03.2003;14.4;8.7;24.2
8;05.04.2003;13.5;3.3;22.6
8;05.05.2003;16.3;3.6;26.4
8;05.06.2003;17.7;6.3;30.7
8;05.07.2003;18.4;5.3;29.2
8;05.08.2003;19.1;8.8;30
8;05.09.2003;17.4;9.4;27.3
8;05.10.2003;17;8.1;21.8
8;05.11.2003;16.6;10;25.5
8;05.12.2003;18.2;7.8;28.1
8;05.13.2003;17.3;8.1;26.7
8;05.14.2003;8.3;7.4;14.9
8;05.15.2003;9.5;4.5;17.3
8;05.16.2003;10.5;-0.1;18.5
8;05.17.2003;12.8;0.4;22
8;05.18.2003;15.6;2.9;25.1
8;05.19.2003;17.6;6.9;26.5
8;05.20.2003;10.2;8;16.3
8;05.21.2003;10.4;7.9;16
8;05.22.2003;14.7;3.1;21.6
8;05.23.2003;14.5;2.8;23.9
8;05.24.2003;16.8;5.8;24.9
8;05.25.2003;18.2;8.4;27.2
8;05.26.2003;19;10.8;28
8;05.27.2003;17.8;13.1;26.6
8;05.28.2003;19;10.8;27.7
8;05.29.2003;18.9;13.8;26.8
8;05.30.2003;19.2;11.4;25.7
8;05.31.2003;20.3;11.2;27.4
8;06.01.2003;18.6;12.7;23.8
8;06.02.2003;16.6;10.3;20.5
8;06.03.2003;19.3;12.5;26.2
8;06.04.2003;20.9;11.1;28.6
8;06.05.2003;23.3;12.4;30.8
8;06.06.2003;22.5;12.5;30.5
8;06.07.2003;23;14;30.6
8;06.08.2003;20.6;14.8;29.5
8;06.09.2003;22.4;12.2;31.7
8;06.10.2003;23.9;16.2;31.5
8;06.11.2003;25.7;15.3;34.3
8;06.12.2003;24.9;15.7;32.9
8;06.13.2003;23.9;15.5;34
8;06.14.2003;24.5;17.9;30.5
8;06.15.2003;22.4;16.7;29.4
8;06.16.2003;21.7;15.7;29.4
8;06.17.2003;21.2;15.4;27.5
8;06.18.2003;18.9;16.9;23.7
8;06.19.2003;20.2;14.3;27.7
8;06.20.2003;22.4;11.6;30.2
8;06.21.2003;20.1;17;25.4
8;06.22.2003;23.6;16.1;29.9
8;06.23.2003;25.8;13.6;32.1
8;06.24.2003;22.8;15.8;32.8
8;06.25.2003;22.5;13.9;32.2
8;06.26.2003;19.7;15.3;27.5
8;06.27.2003;19.2;13.7;26
8;06.28.2003;19.9;13.8;27.8
8;06.29.2003;18.6;16.2;21.9
8;06.30.2003;22.3;13.5;28
8;07.01.2003;23.1;15;29.7
8;07.02.2003;16.4;13.4;24
8;07.03.2003;16.4;13;22.9
8;07.04.2003;16;13.2;20.9
8;07.05.2003;16.5;11.4;24.2
8;07.06.2003;18.5;9.3;26.1
8;07.07.2003;19.1;11.1;26.5
8;07.08.2003;19.5;10.7;26.5
8;07.09.2003;19.3;11.6;26.9
8;07.10.2003;20.6;14;27.1
8;07.11.2003;20.6;15.8;25.5
8;07.12.2003;22.1;13;29.4
8;07.13.2003;17.8;15.2;23.5
8;07.14.2003;18.5;10.6;24.5
8;07.15.2003;21.9;12.2;28.8
8;07.16.2003;23.2;15.5;29.9
8;07.17.2003;23.8;18.1;32.5
8;07.18.2003;21.8;14.1;29.5
8;07.19.2003;21.9;11.1;29.7
8;07.20.2003;22.6;12.1;31
8;07.21.2003;25;13.6;34.7
8;07.22.2003;25.6;16.4;34.2
8;07.23.2003;19.8;16.4;27.1
8;07.24.2003;20.8;12.9;28
8;07.25.2003;21.4;16.7;28.9
8;07.26.2003;24;12.8;32.6
8;07.27.2003;25.3;14;34.6
8;07.28.2003;22.7;15.7;32.1
8;07.29.2003;19.6;14.6;25
8;07.30.2003;19.3;9.3;27.6
8;07.31.2003;16.6;12.2;18.9
8;08.01.2003;20.6;15.7;28
8;08.02.2003;22.8;14.6;30.9
8;08.03.2003;24.2;14.4;32.9
8;08.04.2003;24.9;15.6;34.7
8;08.05.2003;25.6;16.5;35.8
8;08.06.2003;20.6;16.6;32.6
8;08.07.2003;22.9;14.9;30.4
8;08.08.2003;23.6;13.4;32.9
8;08.09.2003;23.1;13.9;33.2
8;08.10.2003;22.6;13.1;33.8
8;08.11.2003;23.9;15.8;32.1
8;08.12.2003;23.2;14.3;32.5
8;08.13.2003;25.6;14.1;36.9
8;08.14.2003;21.6;15.2;34.4
8;08.15.2003;20.2;14.1;29.5
8;08.16.2003;21.2;13.7;28.4
8;08.17.2003;24.7;15.1;32.6
8;08.18.2003;24.6;16.7;34
8;08.19.2003;21.3;16;29.9
8;08.20.2003;21.4;17.4;29
8;08.21.2003;22.6;15.7;30.6
8;08.22.2003;22.6;13;32.5
8;08.23.2003;23.4;14.4;32.8
8;08.24.2003;23.8;17.7;30.9
8;08.25.2003;17;15.3;22.7
8;08.26.2003;17.9;11.2;26.3
8;08.27.2003;20.2;10.5;29.5
8;08.28.2003;23.2;13.1;31
8;08.29.2003;23.4;15.4;29.6
8;08.30.2003;21.3;15.4;28.7
8;08.31.2003;11.4;8.7;21.1
8;09.01.2003;12.7;6;18.8
8;09.02.2003;12.3;10.1;18.5
8;09.03.2003;10.8;3.6;18.7
8;09.04.2003;11.4;2.3;20.5
8;09.05.2003;13.5;3.8;23
8;09.06.2003;15.8;6.3;23.2
8;09.07.2003;15.9;11.8;23.4
8;09.08.2003;13.8;8.9;18.4
8;09.09.2003;13.9;12.7;15.5
8;09.10.2003;14.6;12.1;21
8;09.11.2003;10.1;6.1;21.3
8;09.12.2003;14.2;4.7;20.2
8;09.13.2003;14.5;11.6;18.4
8;09.14.2003;15.2;9.4;20.9
8;09.15.2003;11.4;4.1;20.7
8;09.16.2003;11.5;3.1;21.5
8;09.17.2003;13.1;3.8;23.4
8;09.18.2003;14.6;5.8;25.1
8;09.19.2003;15.6;7;26.1
8;09.20.2003;15.9;7.9;26.6
8;09.21.2003;15.7;7.5;28.2
8;09.22.2003;14.7;5.8;26.9
8;09.23.2003;17;7.3;25.9
8;09.24.2003;12;10.3;17.3
8;09.25.2003;8.4;3.1;17.3
8;09.26.2003;8.8;1.8;18.3
8;09.27.2003;9.8;1;20.7
8;09.28.2003;13.2;3.3;20.2
8;09.29.2003;12.1;11.2;14.5
8;09.30.2003;11.7;8.5;18
8;10.01.2003;13.7;5.6;17.6
8;10.02.2003;14.7;9;21.7
8;10.03.2003;15;10;20.6
8;10.04.2003;13.3;12.2;16.2
8;10.05.2003;12.5;9.6;18
8;10.06.2003;9.8;7.2;15.1
8;10.07.2003;9;3.3;14
8;10.08.2003;8.2;5.4;15.4
8;10.09.2003;8.4;2.8;18
8;10.10.2003;11;4.7;19.4
8;10.11.2003;11.1;4.9;19.5
8;10.12.2003;11.8;4.8;17.7
8;10.13.2003;10.8;8.9;15.9
8;10.14.2003;9.1;7.7;11.9
8;10.15.2003;3.6;-1;12.3
8;10.16.2003;3.1;-2.9;11.1
8;10.17.2003;0.7;-3.9;9.5
8;10.18.2003;4.5;-4.3;10
8;10.19.2003;4.9;2.7;11
8;10.20.2003;8.5;3.3;9.9
8;10.21.2003;10.1;8.6;13.3
8;10.22.2003;5.6;5;9.7
8;10.23.2003;2.2;0.1;5.9
8;10.24.2003;0.5;0.1;1.5
8;10.25.2003;-0.2;-2;4
8;10.26.2003;0.4;-3.8;6.3
8;10.27.2003;1.9;-1;9.4
8;10.28.2003;0.7;-2.7;7.8
8;10.29.2003;2.8;-2.2;5.2
8;10.30.2003;3.8;2.7;7
8;10.31.2003;6.5;-0.3;10.3
8;11.01.2003;13.2;9.3;17.4
8;11.02.2003;8.8;7.8;12.1
8;11.03.2003;5.9;1.5;14.8
8;11.04.2003;5;-0.8;15.5
8;11.05.2003;3.9;-0.9;12.6
8;11.06.2003;4.1;-2.7;10.1
8;11.07.2003;5.4;1.3;9
8;11.08.2003;4.5;3.3;6.6
8;11.09.2003;5.8;3.9;7.4
8;11.10.2003;5.6;4.8;7
8;11.11.2003;4.4;3.6;5.7
8;11.12.2003;2.9;2.2;5.7
8;11.13.2003;0.8;-3.6;6.3
8;11.14.2003;2.1;-1.7;3.8
8;11.15.2003;2.1;-2.3;10.1
8;11.16.2003;6.7;-0.6;10.7
8;11.17.2003;8.4;6.9;11
8;11.18.2003;5.6;3;11.2
8;11.19.2003;4.6;-0.6;13
8;11.20.2003;5.7;-1.5;11.8
8;11.21.2003;6;3.3;11.4
8;11.22.2003;8.6;-0.2;13
8;11.23.2003;11.4;9;12.8
8;11.24.2003;10.9;8.7;15.2
8;11.25.2003;9.1;5.3;12.9
8;11.26.2003;9.3;6.8;10.3
8;11.27.2003;9.3;7.3;13.8
8;11.28.2003;7.6;6.5;11.3
8;11.29.2003;6.6;5.8;8
8;11.30.2003;4.6;2.6;8
8;12.01.2003;4.8;3;5.7
8;12.02.2003;5.5;2.9;12.8
8;12.03.2003;2.6;-0.1;4.6
8;12.04.2003;2;1.6;3.3
8;12.05.2003;3.6;-2;11.1
8;12.06.2003;5.7;-1.4;10.6
8;12.07.2003;-1;-3.9;7.4
8;12.08.2003;-4.1;-8.3;3.5
8;12.09.2003;-4.2;-9;3.5
8;12.10.2003;-0.9;-5.7;0.7
8;12.11.2003;0.2;-1.1;0.9
8;12.12.2003;2.1;-0.4;9.1
8;12.13.2003;-0.1;-1.9;3.6
8;12.14.2003;1.2;-1.9;6.3
8;12.15.2003;-0.7;-3.7;6.6
8;12.16.2003;0.9;-3.6;5.9
8;12.17.2003;-2.1;-5.9;3.8
8;12.18.2003;-2.8;-8;5.8
8;12.19.2003;-1.2;-7.1;6
8;12.20.2003;-1.3;-6.5;8.1
8;12.21.2003;4.8;-4;7.6
8;12.22.2003;0.3;-0.4;5.7
8;12.23.2003;-4.5;-9.7;2
8;12.24.2003;-8.9;-14.3;2.4
8;12.25.2003;-10.7;-17.2;-1.7
8;12.26.2003;-9.4;-14.1;-2.1
8;12.27.2003;-1.8;-13.3;6.6
8;12.28.2003;3.6;-0.2;7.8
8;12.29.2003;3;1.7;4.7
8;12.30.2003;2.8;2;3.8
8;12.31.2003;2.9;2;4.8
8;01.01.2004;1;0.6;3
8;01.02.2004;-1;-1.9;1.2
8;01.03.2004;-2.5;-3.5;-1
8;01.04.2004;-5;-6;-2.3
8;01.05.2004;-4.6;-11.9;2
8;01.06.2004;-4.1;-5.3;-1.9
8;01.07.2004;-3.6;-5.9;1.8
8;01.08.2004;-1.8;-9.5;1.9
8;01.09.2004;0.5;-0.5;1.7
8;01.10.2004;-0.1;-0.8;1.5
8;01.11.2004;-1.9;-3.3;0
8;01.12.2004;2.2;-4.3;5.2
8;01.13.2004;3;-1.6;6.8
8;01.14.2004;4.3;0.3;10.2
8;01.15.2004;1.1;-1.4;4.7
8;01.16.2004;0.4;-6;4
8;01.17.2004;1.9;-0.1;5.7
8;01.18.2004;0.1;-0.7;0.9
8;01.19.2004;-0.1;-1.2;1.9
8;01.20.2004;0.1;-2.7;4.9
8;01.21.2004;-1.9;-3.7;1.5
8;01.22.2004;-4.5;-9.3;-0.7
8;01.23.2004;-7.4;-9.8;-1.8
8;01.24.2004;-8.4;-14.9;-1.3
8;01.25.2004;-4.2;-11.3;-0.5
8;01.26.2004;-4.9;-9.7;-2.6
8;01.27.2004;-0.8;-5;1
8;01.28.2004;-1.1;-2.2;1.6
8;01.29.2004;-3.8;-5.2;-1.1
8;01.30.2004;-7.4;-11.1;0.4
8;01.31.2004;-1.6;-13.9;5.3
8;02.01.2004;-1.4;-6.5;6.1
8;02.02.2004;-1;-6.3;6.4
8;02.03.2004;2;-4.4;11.2
8;02.04.2004;1.6;-1.4;9.7
8;02.05.2004;2.4;-3.9;15.5
8;02.06.2004;2.6;-3.7;13.3
8;02.07.2004;3.5;-2.9;7.4
8;02.08.2004;0.2;-2.6;7.6
8;02.09.2004;3;-4.1;8.2
8;02.10.2004;-1.8;-7.4;6.3
8;02.11.2004;5.8;-3.9;10.4
8;02.12.2004;-4;-5.9;8.1
8;02.13.2004;-4.8;-7.7;1
8;02.14.2004;-2.1;-9.9;7.4
8;02.15.2004;1.4;-6.7;10.1
8;02.16.2004;2.1;-4.1;8.6
8;02.17.2004;-0.1;-2.8;7.6
8;02.18.2004;2.1;-7.1;8.2
8;02.19.2004;0.6;-0.5;4.5
8;02.20.2004;0.3;-0.9;2.2
8;02.21.2004;-1.1;-2.1;0.6
8;02.22.2004;-0.1;-2.2;0.8
8;02.23.2004;0.9;-0.2;3.9
8;02.24.2004;-1.3;-2.3;0.7
8;02.25.2004;-2.3;-7;1.6
8;02.26.2004;-0.5;-2.8;0.9
8;02.27.2004;-0.3;-1.4;1.4
8;02.28.2004;-1.5;-6.2;1
8;02.29.2004;-1.4;-4.1;1.9
8;03.01.2004;-4.2;-11.9;4.3
8;03.02.2004;-6.4;-14.9;1.8
8;03.03.2004;-4.9;-13.8;4.6
8;03.04.2004;-2.6;-13.1;3.5
8;03.05.2004;-0.9;-2.5;1.7
8;03.06.2004;-1.4;-3.9;1.1
8;03.07.2004;-1.2;-2.9;0.3
8;03.08.2004;-0.8;-2.7;1.4
8;03.09.2004;-0.1;-2.7;3.5
8;03.10.2004;-0.9;-4.3;4.4
8;03.11.2004;0.7;-4.1;3.8
8;03.12.2004;0.6;-1.8;6
8;03.13.2004;2.9;-4.5;9.1
8;03.14.2004;4.1;-0.6;10.2
8;03.15.2004;3.4;-2.9;12.6
8;03.16.2004;3.9;-3.7;14.5
8;03.17.2004;5.6;-2.5;17.4
8;03.18.2004;5.8;-2.6;19
8;03.19.2004;7.5;-2;20.3
8;03.20.2004;8.4;1.4;16.5
8;03.21.2004;9.7;6.6;11.9
8;03.22.2004;3.1;0.2;8.8
8;03.23.2004;2.4;0.5;4.2
8;03.24.2004;2.7;1.4;3.8
8;03.25.2004;5.8;0.6;9.6
8;03.26.2004;2.8;1.6;6.6
8;03.27.2004;1.8;-0.5;5.7
8;03.28.2004;3.5;-2.6;10.9
8;03.29.2004;4.5;-1.2;12.4
8;03.30.2004;4.5;-2.9;10.8
8;03.31.2004;7.5;-1.1;14
8;04.01.2004;10.7;6;15.9
8;04.02.2004;11.4;8.3;15.9
8;04.03.2004;11.4;2.7;20.8
8;04.04.2004;11.1;2.3;19.7
8;04.05.2004;8.6;6.5;13.2
8;04.06.2004;2.3;0.9;7.4
8;04.07.2004;0.7;-0.5;4.4
8;04.08.2004;4;-0.8;11.4
8;04.09.2004;4.3;0.1;7.9
8;04.10.2004;5.1;2.2;6.9
8;04.11.2004;9.3;4.2;15.5
8;04.12.2004;7;2.8;11.7
8;04.13.2004;6.8;4;10.7
8;04.14.2004;7.6;4.6;10.6
8;04.15.2004;7.8;1.6;11.8
8;04.16.2004;9;4.4;13
8;04.17.2004;10;6.9;13.5
8;04.18.2004;10.2;5.3;15.6
8;04.19.2004;10;8.6;13.3
8;04.20.2004;9.6;6.6;14.8
8;04.21.2004;11.5;6.1;19.1
8;04.22.2004;13.3;2.9;22.9
8;04.23.2004;13.6;7.7;21.9
8;04.24.2004;9.9;7.6;17.6
8;04.25.2004;8.3;1.1;14.7
8;04.26.2004;9.9;4.4;14.5
8;04.27.2004;8.8;2;15.8
8;04.28.2004;11.9;1.7;21.3
8;04.29.2004;11.3;3.9;19.2
8;04.30.2004;11.6;3.5;17.5
8;05.01.2004;12.2;9.7;18.1
8;05.02.2004;11.4;4.7;20
8;05.03.2004;12;3.3;16.7
8;05.04.2004;10.6;6.2;14.4
8;05.05.2004;11;8.1;13.7
8;05.06.2004;9.8;6.6;16.1
8;05.07.2004;6.5;1.9;12.2
8;05.08.2004;7.5;5.3;12.7
8;05.09.2004;9.8;2.1;15
8;05.10.2004;10.2;3.7;17.4
8;05.11.2004;12.8;1.9;20.3
8;05.12.2004;12.3;5.2;20
8;05.13.2004;11.3;9.2;15.5
8;05.14.2004;12.7;2.1;18.7
8;05.15.2004;12.5;1.7;19.4
8;05.16.2004;13.6;6.8;18.5
8;05.17.2004;10.1;4.8;15.7
8;05.18.2004;14.3;4.7;22
8;05.19.2004;16.2;6.7;24.1
8;05.20.2004;18.8;6.9;26.9
8;05.21.2004;16.6;7.7;24.4
8;05.22.2004;10.6;7.4;20.4
8;05.23.2004;8;5.8;14.4
8;05.24.2004;9;0.7;16.1
8;05.25.2004;12.1;0.6;20.7
8;05.26.2004;14.1;2.9;22.3
8;05.27.2004;16.2;3.9;23.7
8;05.28.2004;10.9;9.8;16.5
8;05.29.2004;12.8;8.2;16.6
8;05.30.2004;15.5;9.5;21.9
8;05.31.2004;16.7;5.7;23.9
8;06.01.2004;13.5;10.4;20.4
8;06.02.2004;13;11.7;20.1
8;06.03.2004;14.6;8.9;19.7
8;06.04.2004;14.6;8.5;18.5
8;06.05.2004;13.6;10.5;16.2
8;06.06.2004;14.3;11.2;20.3
8;06.07.2004;17.1;6.3;23.9
8;06.08.2004;18.9;8.6;27.4
8;06.09.2004;21.6;10.1;30
8;06.10.2004;23.1;13.5;30.7
8;06.11.2004;22.6;15.2;30.1
8;06.12.2004;18.8;15.9;25.1
8;06.13.2004;11.5;8.6;17.1
8;06.14.2004;15.3;10.5;20.2
8;06.15.2004;17.5;9.6;23.2
8;06.16.2004;17.8;13.1;24.1
8;06.17.2004;16.6;12.5;21.9
8;06.18.2004;18.3;9.4;24.9
8;06.19.2004;17.8;14;23.4
8;06.20.2004;13.3;12.1;17.8
8;06.21.2004;14.7;11.3;18.3
8;06.22.2004;17.2;11.6;24.2
8;06.23.2004;18.8;8.6;23.7
8;06.24.2004;19.1;13.8;23.8
8;06.25.2004;15;13;20.7
8;06.26.2004;16.9;10.5;23.5
8;06.27.2004;19.9;10.6;27.8
8;06.28.2004;20;15.3;27.8
8;06.29.2004;16.4;14.8;19.1
8;06.30.2004;18.2;9.2;24.8
8;07.01.2004;19.7;11.8;27.1
8;07.02.2004;13.7;12.6;18.7
8;07.03.2004;16.4;9.2;22.8
8;07.04.2004;18.3;9.3;24
8;07.05.2004;21.4;11;29.1
8;07.06.2004;21.1;13.4;28.5
8;07.07.2004;18.5;14;24.8
8;07.08.2004;21.5;13.7;29.2
8;07.09.2004;20.8;13.4;27.3
8;07.10.2004;16;9.7;23.2
8;07.11.2004;9.9;8.4;14.7
8;07.12.2004;11.8;3.7;18.3
8;07.13.2004;13.9;5.4;22
8;07.14.2004;14.9;8;21.2
8;07.15.2004;18.2;10.5;25.8
8;07.16.2004;20;13.5;27.3
8;07.17.2004;19.9;13.2;28.2
8;07.18.2004;20.4;11.4;29.5
8;07.19.2004;20.5;10.8;30.2
8;07.20.2004;22;12.8;31.9
8;07.21.2004;23.5;13.5;31.9
8;07.22.2004;25.1;15.7;33.1
8;07.23.2004;21.9;15.7;32
8;07.24.2004;19.2;15;26.3
8;07.25.2004;19.4;16.7;24.4
8;07.26.2004;19.2;13.8;25.9
8;07.27.2004;17.4;13.3;21
8;07.28.2004;16.1;8;23.4
8;07.29.2004;16.2;11.2;22.7
8;07.30.2004;18.9;8.4;25.8
8;07.31.2004;20.8;12.3;28.4
8;08.01.2004;20.4;14.2;28.7
8;08.02.2004;21.6;15;28.4
8;08.03.2004;20;16.5;27
8;08.04.2004;20.5;16;26.7
8;08.05.2004;20.5;13.9;27.4
8;08.06.2004;20.9;13.5;27.4
8;08.07.2004;19.7;15.1;27.6
8;08.08.2004;19.8;16.6;24.7
8;08.09.2004;18.8;13.9;26.7
8;08.10.2004;18.8;12.6;25.3
8;08.11.2004;20.8;13;27.6
8;08.12.2004;23.1;15.2;29.3
8;08.13.2004;17.2;16;23.1
8;08.14.2004;17.7;12.9;24
8;08.15.2004;17.8;12.4;25
8;08.16.2004;18.3;11;26.1
8;08.17.2004;19;11.6;26.9
8;08.18.2004;19.6;11.7;28.1
8;08.19.2004;22;14.2;28.8
8;08.20.2004;20.6;14.7;28
8;08.21.2004;14.9;12.3;22.7
8;08.22.2004;16.6;8.7;23.5
8;08.23.2004;16.4;8.9;25.2
8;08.24.2004;17.7;9.2;26.3
8;08.25.2004;17.8;12.5;24.7
8;08.26.2004;12.6;10.5;16.8
8;08.27.2004;15;10.1;24.2
8;08.28.2004;16;8;25.4
8;08.29.2004;16.8;8.5;26.7
8;08.30.2004;16.8;9.4;25.5
8;08.31.2004;13.4;12.2;18.6
8;09.01.2004;14.4;11.6;17.3
8;09.02.2004;14.8;9.9;17.6
8;09.03.2004;14.8;13.3;20.6
8;09.04.2004;15.6;10.2;23.1
8;09.05.2004;16.9;9.5;24.6
8;09.06.2004;15.2;9.7;24
8;09.07.2004;14.7;8.7;23.5
8;09.08.2004;15.5;6.5;24.9
8;09.09.2004;15.6;10.8;20.9
8;09.10.2004;11.9;8.6;19.4
8;09.11.2004;12.7;2.9;22.6
8;09.12.2004;14.9;7.4;20.8
8;09.13.2004;14.8;12.3;21.1
8;09.14.2004;18;8.1;25.4
8;09.15.2004;18;16.3;22
8;09.16.2004;13.3;11.8;17.4
8;09.17.2004;12;8.8;18.7
8;09.18.2004;10.8;4.2;20.2
8;09.19.2004;11.9;4.2;21.3
8;09.20.2004;14;7.4;23.2
8;09.21.2004;14;6.8;22.4
8;09.22.2004;13.2;12.3;16
8;09.23.2004;15.4;10.9;19
8;09.24.2004;8.5;6.6;18.5
8;09.25.2004;9.7;5.9;15.5
8;09.26.2004;8.6;5.8;16.2
8;09.27.2004;9.9;0.7;17.5
8;09.28.2004;12.4;8.5;18.6
8;09.29.2004;12.8;7.3;21.4
8;09.30.2004;12.2;6.4;19.9
8;10.01.2004;13.3;8;18.3
8;10.02.2004;11.6;8.7;17.9
8;10.03.2004;14.1;9.4;20.5
8;10.04.2004;13.7;10.6;20.6
8;10.05.2004;13.9;7.4;23
8;10.06.2004;14.1;9.1;21.2
8;10.07.2004;15.3;7;22.3
8;10.08.2004;14.8;11;22.3
8;10.09.2004;15.9;11.7;18.9
8;10.10.2004;8.9;8.1;16.8
8;10.11.2004;7.3;6.5;8.8
8;10.12.2004;6.9;5.7;9.9
8;10.13.2004;5.1;3.9;6.6
8;10.14.2004;5.5;4;7.1
8;10.15.2004;7.3;5.1;9.6
8;10.16.2004;6.4;4.3;10.2
8;10.17.2004;5.2;3.2;9.9
8;10.18.2004;7.9;0.8;14.9
8;10.19.2004;10.4;5.5;12.7
8;10.20.2004;11.6;6.8;14.1
8;10.21.2004;14.9;11.9;19.4
8;10.22.2004;14.1;12.9;16.1
8;10.23.2004;13;6.6;19.2
8;10.24.2004;10.3;6.3;19.1
8;10.25.2004;12.3;6.4;17.8
8;10.26.2004;12.8;8.9;19.5
8;10.27.2004;14.7;8.7;20.9
8;10.28.2004;12.6;9.4;18.3
8;10.29.2004;13;6.8;15.2
8;10.30.2004;13.1;9.1;20.1
8;10.31.2004;11.8;8.9;13.4
8;11.01.2004;12.8;10.5;14.2
8;11.02.2004;12.7;12;14
8;11.03.2004;12.4;11.9;14
8;11.04.2004;11.9;11.2;13.2
8;11.05.2004;11;10.4;12.5
8;11.06.2004;7.8;6.7;11.1
8;11.07.2004;3.5;1.9;7.3
8;11.08.2004;4.3;-2.8;8.5
8;11.09.2004;2.4;-0.4;8.5
8;11.10.2004;1.7;-0.6;3.5
8;11.11.2004;5.3;0.5;8.8
8;11.12.2004;6.3;3.7;9
8;11.13.2004;5.4;3.7;8
8;11.14.2004;4.6;0.4;7.2
8;11.15.2004;2.5;0.9;5.8
8;11.16.2004;-0.8;-5.3;6.1
8;11.17.2004;0.8;-4.6;9.8
8;11.18.2004;4.6;-4.1;11.9
8;11.19.2004;3.9;-0.5;10.6
8;11.20.2004;-2;-7;7.3
8;11.21.2004;-1.1;-6.8;7.8
8;11.22.2004;-1.3;-8.4;9.1
8;11.23.2004;0.7;-4.4;11.2
8;11.24.2004;0.4;-4.4;8.3
8;11.25.2004;-3.3;-8.8;4.4
8;11.26.2004;-0.3;-7.5;10.4
8;11.27.2004;-0.9;-5.4;8.4
8;11.28.2004;-1.9;-5.8;2.1
8;11.29.2004;3.3;-2.5;6.9
8;11.30.2004;4.2;1.6;5
8;12.01.2004;3.4;2.1;4.8
8;12.02.2004;6.5;1.6;8.4
8;12.03.2004;5.8;2.4;12
8;12.04.2004;6;3.9;8.3
8;12.05.2004;5.3;4;6.9
8;12.06.2004;5;4.3;5.9
8;12.07.2004;1.6;1;4.8
8;12.08.2004;1.2;0.1;2
8;12.09.2004;0.7;-0.1;1.6
8;12.10.2004;-0.9;-1.5;0.3
8;12.11.2004;-1.9;-4.2;2.5
8;12.12.2004;-3.5;-5.8;-2.3
8;12.13.2004;-3.5;-3.9;-2.9
8;12.14.2004;-4;-4.4;-3.3
8;12.15.2004;-4.6;-5;-3.9
8;12.16.2004;-3.6;-5.6;-2.6
8;12.17.2004;0;-3;0.7
8;12.18.2004;0;-1.6;2.5
8;12.19.2004;-2.8;-5.3;-1
8;12.20.2004;-3.4;-7;4.6
8;12.21.2004;-6.3;-12;2.4
8;12.22.2004;-5.3;-12;1.8
8;12.23.2004;-5.1;-10.8;1.7
8;12.24.2004;-1.1;-10.2;6.6
8;12.25.2004;3.1;-0.3;6.7
8;12.26.2004;4.1;2.3;7.1
8;12.27.2004;3.1;1.6;4.8
8;12.28.2004;1.7;0.5;3.4
8;12.29.2004;0.4;-2.8;5.4
8;12.30.2004;-2.2;-6.9;5.1
8;12.31.2004;-2.6;-6.8;4.7
8;01.01.2005;-1.8;-7.1;4.9
8;01.02.2005;0.4;-6.8;6.3
8;01.03.2005;-1.5;-3.8;1.1
8;01.04.2005;-0.8;-6.5;5.8
8;01.05.2005;-1.3;-6.9;7.4
8;01.06.2005;0.7;-5.5;8.9
8;01.07.2005;-1.2;-6.5;6.1
8;01.08.2005;-0.4;-6.3;9.1
8;01.09.2005;0.4;-3.4;5.4
8;01.10.2005;-2.9;-6.1;0.1
8;01.11.2005;-1.3;-7.5;7.4
8;01.12.2005;-3.1;-6.5;2.7
8;01.13.2005;-2.3;-7.9;3.2
8;01.14.2005;-0.9;-4.2;7.7
8;01.15.2005;-3.2;-8.9;4.8
8;01.16.2005;-4.6;-10.4;3.6
8;01.17.2005;-5.5;-11.2;2.3
8;01.18.2005;-2.6;-12.8;2.6
8;01.19.2005;-0.2;-1.8;2
8;01.20.2005;-3.9;-8.8;0.9
8;01.21.2005;0.7;-6.6;8
8;01.22.2005;-0.3;-7.7;8.7
8;01.23.2005;-4;-8.9;3.3
8;01.24.2005;-3;-10.4;0.5
8;01.25.2005;-2;-5.3;1.8
8;01.26.2005;-2;-4.7;-0.2
8;01.27.2005;-4.8;-10.6;2
8;01.28.2005;-5.8;-7.5;-3.5
8;01.29.2005;-6.3;-9.1;-1.5
8;01.30.2005;-10.1;-15.9;-1.4
8;01.31.2005;-4.9;-15.1;1.9
8;02.01.2005;-0.3;-9.8;8.2
8;02.02.2005;-1.6;-5.7;3.8
8;02.03.2005;-0.4;-3.1;2.7
8;02.04.2005;-2.7;-5.1;1.1
8;02.05.2005;-8.9;-14.7;1.6
8;02.06.2005;-10.2;-14.8;0.1
8;02.07.2005;-12.6;-19.8;-2
8;02.08.2005;-12.5;-19.9;-2
8;02.09.2005;-11.6;-19;-1.1
8;02.10.2005;-6;-18.7;2.2
8;02.11.2005;-0.6;-7.5;6.4
8;02.12.2005;2.1;-1.7;5.6
8;02.13.2005;3.4;0.2;9.5
8;02.14.2005;-0.5;-4.1;6.6
8;02.15.2005;-0.8;-4.3;3.4
8;02.16.2005;0.2;-4.1;6.2
8;02.17.2005;-1.5;-5.9;3.8
8;02.18.2005;-2.7;-7;3.9
8;02.19.2005;-1.1;-8.7;4.6
8;02.20.2005;-0.5;-3.3;2.9
8;02.21.2005;-2.6;-3.7;-0.6
8;02.22.2005;-1.1;-4.6;2.4
8;02.23.2005;-0.7;-3.6;1.7
8;02.24.2005;-2.6;-6.4;4.2
8;02.25.2005;-0.9;-7.6;3.4
8;02.26.2005;-2.6;-5.3;2.6
8;02.27.2005;-2.9;-6.7;1.4
8;02.28.2005;-10.2;-16;0.6
8;03.01.2005;-12.3;-21.4;-0.5
8;03.02.2005;-12.1;-20.7;0.5
8;03.03.2005;-7;-19.9;0.9
8;03.04.2005;-1.2;-4.2;3
8;03.05.2005;-4.7;-8.8;1.8
8;03.06.2005;-2.7;-11.6;4.2
8;03.07.2005;-3.5;-16;3.6
8;03.08.2005;-2.3;-8.5;7
8;03.09.2005;1.3;-10.1;8.5
8;03.10.2005;-3.3;-5.8;2.7
8;03.11.2005;0.1;-11.2;6.1
8;03.12.2005;2.7;1;5
8;03.13.2005;0;-3;8.4
8;03.14.2005;1;-7.3;11.9
8;03.15.2005;3;-4.3;14.3
8;03.16.2005;4.9;-3.7;18.4
8;03.17.2005;6.2;-2.9;19.1
8;03.18.2005;8.8;-1.3;23.5
8;03.19.2005;7.5;0.4;14.8
8;03.20.2005;2.4;-0.1;7
8;03.21.2005;3.5;-1.9;12.1
8;03.22.2005;4.3;-3.3;13.4
8;03.23.2005;8.3;-1.9;16.1
8;03.24.2005;8.8;0.3;17.6
8;03.25.2005;8.8;6.7;10.9
8;03.26.2005;9.8;6.3;14
8;03.27.2005;9.8;4.8;16.6
8;03.28.2005;11.1;5.5;20.2
8;03.29.2005;9.6;6;17.9
8;03.30.2005;8.9;1.9;17.7
8;03.31.2005;7.9;5.3;13.1
8;04.01.2005;7;0.7;12.5
8;04.02.2005;3.8;-4;13.4
8;04.03.2005;5;-3.8;16.2
8;04.04.2005;6.4;-4;18
8;04.05.2005;6.5;-3.4;17.4
8;04.06.2005;10.5;-2.7;19.6
8;04.07.2005;9.7;-1.1;16.2
8;04.08.2005;11.4;6.9;17
8;04.09.2005;7.9;6.9;11.2
8;04.10.2005;4.7;2.9;7.8
8;04.11.2005;4.1;1;6.6
8;04.12.2005;5.7;3.7;7.1
8;04.13.2005;7.8;3.9;12.1
8;04.14.2005;9.3;1.7;19.6
8;04.15.2005;11;1.2;18.6
8;04.16.2005;9.3;2.3;16.9
8;04.17.2005;6.1;2.3;14.8
8;04.18.2005;8.7;-2;16
8;04.19.2005;10.5;6.7;14.7
8;04.20.2005;8;6.7;10.5
8;04.21.2005;6.2;3.8;13.2
8;04.22.2005;5.2;-4;13.7
8;04.23.2005;8.4;-2.5;14.8
8;04.24.2005;9.1;1;12.1
8;04.25.2005;8.6;7;13.6
8;04.26.2005;12.5;5.8;20.7
8;04.27.2005;14;3.7;22
8;04.28.2005;13.6;7.4;20.4
8;04.29.2005;14;9.1;20
8;04.30.2005;14.4;8.8;22.6
8;05.01.2005;16.6;5.5;26.1
8;05.02.2005;18.1;6.7;27.4
8;05.03.2005;18.7;7.5;26.2
8;05.04.2005;13.3;10.7;21.1
8;05.05.2005;10.1;8.6;12.4
8;05.06.2005;10.8;7.5;18.3
8;05.07.2005;10.6;2.5;18
8;05.08.2005;9.5;6.4;14.1
8;05.09.2005;5.5;3.8;9.9
8;05.10.2005;6.6;0;9.2
8;05.11.2005;8.9;5.9;15.3
8;05.12.2005;9.8;0.3;17.5
8;05.13.2005;11.8;0.3;19.9
8;05.14.2005;13.9;4.5;21.2
8;05.15.2005;13.8;8.5;20
8;05.16.2005;14.9;8.7;21.8
8;05.17.2005;15.8;9.3;22
8;05.18.2005;13.8;10.5;18.3
8;05.19.2005;11.1;7.8;18.6
8;05.20.2005;13.1;0.8;21.1
8;05.21.2005;16.4;3.9;25.3
8;05.22.2005;18.3;7.1;26.5
8;05.23.2005;16.4;7.8;24.1
8;05.24.2005;17.2;8.2;23.1
8;05.25.2005;17.9;9.7;25
8;05.26.2005;18;6.5;26.5
8;05.27.2005;19.8;8.6;28.9
8;05.28.2005;21.4;11.1;30
8;05.29.2005;22.2;11.8;30.9
8;05.30.2005;22.4;12.3;31.7
8;05.31.2005;15.7;14.3;19.7
8;06.01.2005;15.5;9.9;20.8
8;06.02.2005;16.6;8.8;23.1
8;06.03.2005;18.5;7.8;26.4
8;06.04.2005;19.9;7.9;26.3
8;06.05.2005;13.4;11.9;19.9
8;06.06.2005;14.5;10.2;21.6
8;06.07.2005;10.8;5.8;18.7
8;06.08.2005;12.8;3.4;17.6
8;06.09.2005;11.7;3.9;17.1
8;06.10.2005;15.4;9.3;20.1
8;06.11.2005;15;4.8;20.1
8;06.12.2005;14.6;11.2;18.9
8;06.13.2005;16.8;11.9;23.2
8;06.14.2005;17.3;8.3;24.6
8;06.15.2005;18.3;13.6;25.7
8;06.16.2005;17.1;13.5;24.6
8;06.17.2005;20.6;10.3;28.3
8;06.18.2005;20.3;15.6;27.3
8;06.19.2005;19.3;10.5;25.6
8;06.20.2005;20.3;9.2;25.9
8;06.21.2005;21.3;11.3;28.4
8;06.22.2005;21.3;12.8;31.6
8;06.23.2005;21.9;13.7;28.3
8;06.24.2005;22.6;18.8;28.3
8;06.25.2005;24.4;14.6;32.1
8;06.26.2005;21.7;15.6;30.1
8;06.27.2005;21.3;15.5;30.3
8;06.28.2005;21.9;15;30.2
8;06.29.2005;20.4;14;29.3
8;06.30.2005;20.4;14.5;27.9
8;07.01.2005;15.3;13.9;19.4
8;07.02.2005;19.8;10.3;25.3
8;07.03.2005;18.3;10.9;25.2
8;07.04.2005;18.9;9.2;26.5
8;07.05.2005;13.1;10.7;18.9
8;07.06.2005;14.8;7;22.5
8;07.07.2005;16.9;9.3;22.2
8;07.08.2005;15;11.6;19.2
8;07.09.2005;15;12.4;17.6
8;07.10.2005;17.1;13.3;22.9
8;07.11.2005;16.6;13.9;22.9
8;07.12.2005;16.3;12.9;19.7
8;07.13.2005;19.4;14.4;27.2
8;07.14.2005;19.5;14.1;27.4
8;07.15.2005;21.3;11;29.1
8;07.16.2005;20.6;15.5;30
8;07.17.2005;22;12.1;30.1
8;07.18.2005;21.7;15.1;30
8;07.19.2005;19.9;16.4;27.6
8;07.20.2005;19.1;13.1;25.4
8;07.21.2005;16.4;13.8;24.5
8;07.22.2005;17.3;11.9;25.8
8;07.23.2005;16.5;13.4;21.9
8;07.24.2005;18.8;13.5;26.2
8;07.25.2005;20.8;13;27.3
8;07.26.2005;21.9;16;30
8;07.27.2005;22.6;14.3;31.6
8;07.28.2005;23.9;13.9;34
8;07.29.2005;23.7;14.4;33.6
8;07.30.2005;25.6;15.4;33.2
8;07.31.2005;23.2;18.4;29.1
8;08.01.2005;21;18.3;27.1
8;08.02.2005;21;13.8;27.9
8;08.03.2005;18.2;17.1;21.8
8;08.04.2005;16.3;13.9;20.6
8;08.05.2005;15.6;10.2;24.8
8;08.06.2005;16.9;7.6;25
8;08.07.2005;11.5;9.4;16
8;08.08.2005;14.1;7;21.4
8;08.09.2005;15.1;5.9;22.8
8;08.10.2005;17.9;7.7;25.1
8;08.11.2005;17.6;12.1;22.6
8;08.12.2005;14.3;12.6;18.1
8;08.13.2005;16.8;9.5;25.3
8;08.14.2005;18.5;14.3;23.3
8;08.15.2005;13.9;9.6;18.4
8;08.16.2005;14.3;11.3;18
8;08.17.2005;16.5;12.7;22.5
8;08.18.2005;17.9;10.5;26.2
8;08.19.2005;18.8;11.4;26.9
8;08.20.2005;18.5;13.5;24.7
8;08.21.2005;16.3;15.4;19
8;08.22.2005;14.8;13.6;19.7
8;08.23.2005;16.9;11.9;21.9
8;08.24.2005;18;12.8;25.2
8;08.25.2005;18.4;10.5;25.1
8;08.26.2005;16.7;15.4;19.7
8;08.27.2005;15.7;14.2;18.3
8;08.28.2005;16.6;14.6;19.7
8;08.29.2005;17.8;13.7;24.2
8;08.30.2005;17.9;12.4;25.2
8;08.31.2005;18.5;12.4;26.4
8;09.01.2005;19.4;11.7;27.3
8;09.02.2005;20.1;13.1;28.4
8;09.03.2005;17.5;13.3;23.9
8;09.04.2005;15.1;12.4;21.3
8;09.05.2005;14.7;7.4;22.3
8;09.06.2005;16.5;10.6;23.4
8;09.07.2005;16.6;8.5;24.6
8;09.08.2005;18;10;26.2
8;09.09.2005;17.8;12.9;25
8;09.10.2005;18;15;24.1
8;09.11.2005;17.5;13.9;24.4
8;09.12.2005;16;10.8;24.7
8;09.13.2005;15.2;7.4;23.8
8;09.14.2005;15.5;9.4;23.1
8;09.15.2005;16;9.4;24.2
8;09.16.2005;16.6;9.6;24.1
8;09.17.2005;12.4;10.3;20.4
8;09.18.2005;9.4;8.4;10.9
8;09.19.2005;9.5;8.8;11.3
8;09.20.2005;10.8;8.6;14
8;09.21.2005;10.8;8;13.3
8;09.22.2005;12.5;9.8;15.1
8;09.23.2005;13.6;10.2;19.3
8;09.24.2005;13.4;7;21.1
8;09.25.2005;13.2;9.4;20.4
8;09.26.2005;13.4;8;22
8;09.27.2005;14.7;6.5;20.9
8;09.28.2005;15.5;10.7;19.8
8;09.29.2005;12.6;10.6;15.6
8;09.30.2005;9.3;5.3;18.2
8;10.01.2005;8.7;-0.2;16.7
8;10.02.2005;10.3;6.9;13.4
8;10.03.2005;11.6;9.9;12.6
8;10.04.2005;14.2;11.7;17.1
8;10.05.2005;13.1;12;14.9
8;10.06.2005;12.7;11.5;14.7
8;10.07.2005;12.2;10.7;14.2
8;10.08.2005;10.9;9.1;15.8
8;10.09.2005;10.1;7.8;15.8
8;10.10.2005;8.8;2.6;18.2
8;10.11.2005;10.1;2.4;18.2
8;10.12.2005;8.3;5.1;15.4
8;10.13.2005;7.6;2.7;16.5
8;10.14.2005;7.7;0.4;17.5
8;10.15.2005;7.9;4.5;16.3
8;10.16.2005;10.1;1.9;16.1
8;10.17.2005;8;3.2;13
8;10.18.2005;3.8;-0.6;13.1
8;10.19.2005;6.5;-2.6;11.6
8;10.20.2005;7.6;1.4;10.2
8;10.21.2005;11.1;8.8;17.5
8;10.22.2005;12.2;4.7;18.5
8;10.23.2005;14.4;9.7;18
8;10.24.2005;11.9;10.1;16
8;10.25.2005;10.9;5.9;18.4
8;10.26.2005;11;5.8;19.8
8;10.27.2005;9.3;3;19.9
8;10.28.2005;11.3;3.1;17.7
8;10.29.2005;12.3;9.3;17.5
8;10.30.2005;10.6;9.2;13.8
8;10.31.2005;8.1;7.4;10.2
8;11.01.2005;8;6.3;9.2
8;11.02.2005;10.9;7.3;14.3
8;11.03.2005;10.8;9.9;12
8;11.04.2005;9;6.3;14.8
8;11.05.2005;11.4;4.8;16.6
8;11.06.2005;9;8.2;12.5
8;11.07.2005;9.3;7.7;10.6
8;11.08.2005;8.3;5.3;13.6
8;11.09.2005;4.4;1.9;9.8
8;11.10.2005;4.2;0;5.8
8;11.11.2005;3.4;2.3;4.6
8;11.12.2005;2.6;1.4;3.5
8;11.13.2005;3;1.1;3.8
8;11.14.2005;2.8;1.9;3.7
8;11.15.2005;7.3;2.1;9.9
8;11.16.2005;8.5;3.5;13.4
8;11.17.2005;3.8;0.7;8.7
8;11.18.2005;-0.9;-3.6;5.8
8;11.19.2005;1.7;-6.1;5.6
8;11.20.2005;-2.1;-7.5;6.5
8;11.21.2005;-1.2;-7.6;2.3
8;11.22.2005;-1.7;-7.4;2
8;11.23.2005;-0.1;-1.9;2.3
8;11.24.2005;-2.4;-3.2;0.5
8;11.25.2005;-0.9;-4.2;1.4
8;11.26.2005;0.2;-1.2;1.1
8;11.27.2005;0.6;-0.9;2.8
8;11.28.2005;0.3;-1.6;2.3
8;11.29.2005;-0.3;-2.6;1.4
8;11.30.2005;0.4;-0.6;1.5
8;12.01.2005;-0.5;-1.2;1
8;12.02.2005;0.6;-2.3;2
8;12.03.2005;2;0.4;4.9
8;12.04.2005;1.5;-0.6;4.5
8;12.05.2005;2.1;0.6;4.6
8;12.06.2005;1.5;0.2;3.1
8;12.07.2005;-0.5;-1.7;1.9
8;12.08.2005;-2.6;-3.6;-1.3
8;12.09.2005;-2.8;-5.6;1.8
8;12.10.2005;-1.7;-6.2;3.9
8;12.11.2005;-4.6;-9.4;3
8;12.12.2005;-3.2;-8.7;-1
8;12.13.2005;-1;-3.8;1.2
8;12.14.2005;-3.2;-6.4;0.4
8;12.15.2005;-4.7;-11.3;3.3
8;12.16.2005;-3.5;-10.7;2.9
8;12.17.2005;-3.8;-8;2.1
8;12.18.2005;-4.9;-9.4;3.4
8;12.19.2005;-3.7;-10.3;2.2
8;12.20.2005;-2.9;-9.6;4.5
8;12.21.2005;-3.7;-8;5.1
8;12.22.2005;-7;-11.2;-2.1
8;12.23.2005;-3.4;-9.5;-0.7
8;12.24.2005;-2.5;-8.1;6.6
8;12.25.2005;-1.4;-5.2;2.3
8;12.26.2005;-0.5;-2.5;1.1
8;12.27.2005;-2.2;-3.2;-0.6
8;12.28.2005;-2.5;-4.2;-0.6
8;12.29.2005;-3.5;-5.6;-1
8;12.30.2005;-11.5;-16.1;-1.9
8;12.31.2005;-4.9;-18.4;-2.2
8;01.01.2006;0.5;-2.8;1.3
8;01.02.2006;0.3;-0.6;2
8;01.03.2006;-2.4;-4.7;0.7
8;01.04.2006;-1.9;-6.1;0.2
8;01.05.2006;-0.3;-2.5;2.1
8;01.06.2006;0.5;-1.7;3.5
8;01.07.2006;0.6;-0.8;3.3
8;01.08.2006;-1;-2.5;1.7
8;01.09.2006;-7.8;-12.5;2
8;01.10.2006;-10.2;-15.7;-3.1
8;01.11.2006;-8.8;-15;-2.1
8;01.12.2006;-9.4;-15.2;-1.1
8;01.13.2006;-4.2;-14.8;-1.2
8;01.14.2006;-3.7;-5.2;-2.5
8;01.15.2006;-3.8;-5.1;-2.2
8;01.16.2006;-6.1;-9.3;-0.6
8;01.17.2006;-4.7;-15.2;-0.8
8;01.18.2006;-1.9;-5.8;4.1
8;01.19.2006;-6.1;-10.1;-1.1
8;01.20.2006;-7.2;-12;0.5
8;01.21.2006;-1.2;-10.1;5.2
8;01.22.2006;-1.6;-6.8;6
8;01.23.2006;-11.2;-14.3;-2.5
8;01.24.2006;-14.3;-20.4;-4.7
8;01.25.2006;-15.2;-23.2;-6.5
8;01.26.2006;-12.1;-18.7;-7.3
8;01.27.2006;-7.8;-13.6;-5
8;01.28.2006;-2.5;-8.3;-1
8;01.29.2006;0.6;-2;3
8;01.30.2006;0.7;-0.6;2.5
8;01.31.2006;-0.6;-1.7;1.1
8;02.01.2006;-2.9;-5.5;1.5
8;02.02.2006;-4.1;-6.8;-1.6
8;02.03.2006;-5.3;-9.3;2.6
8;02.04.2006;-5.2;-8.8;-4.4
8;02.05.2006;-6.9;-12.4;1.4
8;02.06.2006;-9.2;-14.6;-1.1
8;02.07.2006;-10.3;-16.8;-3.3
8;02.08.2006;-2.4;-13;3
8;02.09.2006;-2.9;-8.6;4.5
8;02.10.2006;-4.4;-9.6;2.5
8;02.11.2006;-2.8;-11.4;7
8;02.12.2006;-6.3;-13.4;2.4
8;02.13.2006;-3.8;-10.7;2.4
8;02.14.2006;-4.2;-10.7;5.7
8;02.15.2006;-1.1;-10.7;3.6
8;02.16.2006;2;-0.3;4.9
8;02.17.2006;1.1;-2.3;8.2
8;02.18.2006;2.2;-4.8;8.1
8;02.19.2006;3.4;0.2;10.6
8;02.20.2006;3.5;1.1;6
8;02.21.2006;3.3;-0.3;9.7
8;02.22.2006;2;0.5;4.3
8;02.23.2006;0.7;-0.3;2
8;02.24.2006;1.5;-0.7;3.9
8;02.25.2006;0.1;-0.7;1.8
8;02.26.2006;0;-2.7;2.4
8;02.27.2006;-4.3;-6.8;0.2
8;02.28.2006;-6.2;-15.1;-1.1
8;03.01.2006;-4.9;-14.1;4.4
8;03.02.2006;-2.5;-5.2;0.4
8;03.03.2006;-1.7;-10.1;0.5
8;03.04.2006;4.6;-0.2;6.4
8;03.05.2006;1.4;-1.5;8.1
8;03.06.2006;-3.4;-8.9;3.9
8;03.07.2006;-0.6;-10.7;4.5
8;03.08.2006;-3.6;-13.7;3.2
8;03.09.2006;1.7;-3.3;5.2
8;03.10.2006;0.3;-0.5;2.5
8;03.11.2006;-0.7;-2.7;5.6
8;03.12.2006;-0.6;-6.3;2.9
8;03.13.2006;0.5;-4.3;5.6
8;03.14.2006;-1.4;-3.1;0.6
8;03.15.2006;-0.5;-2.6;1.8
8;03.16.2006;0.2;-2.1;2.6
8;03.17.2006;1.3;-1.9;7.7
8;03.18.2006;1;-0.7;3.9
8;03.19.2006;0.3;-4.2;9.5
8;03.20.2006;2.9;-5.7;12.2
8;03.21.2006;4.2;-3.5;11.1
8;03.22.2006;8;2.7;14.9
8;03.23.2006;4.1;2.1;7.9
8;03.24.2006;3.4;-3;9.7
8;03.25.2006;6;-1.2;15.5
8;03.26.2006;5.7;-1.4;13.7
8;03.27.2006;7.6;-0.7;14.9
8;03.28.2006;9.8;5.7;12.9
8;03.29.2006;6.4;4.3;15.4
8;03.30.2006;7.4;-2.9;15
8;03.31.2006;7.8;1.8;13.3
8;04.01.2006;9.2;-0.6;18
8;04.02.2006;8;2.3;18.1
8;04.03.2006;4.9;1.7;13.9
8;04.04.2006;5.8;0.1;14.6
8;04.05.2006;6.5;-0.9;11.4
8;04.06.2006;0.9;-0.3;7.4
8;04.07.2006;1.9;-5.2;11
8;04.08.2006;5.1;-3.8;15.9
8;04.09.2006;7.3;-3.2;14.2
8;04.10.2006;11.2;6.2;14
8;04.11.2006;6.9;5.1;13.8
8;04.12.2006;7.6;2.7;12.5
8;04.13.2006;7.3;-0.5;15.5
8;04.14.2006;10.3;0.5;18.4
8;04.15.2006;10.6;0;18.3
8;04.16.2006;8.7;5.7;12.5
8;04.17.2006;9.1;0.7;18.8
8;04.18.2006;10.3;4.2;15
8;04.19.2006;11.1;7.9;16
8;04.20.2006;10.7;3.9;20.1
8;04.21.2006;12.9;1.6;20.7
8;04.22.2006;13.8;3;23.2
8;04.23.2006;12.6;5;22.1
8;04.24.2006;14.1;2.9;23.5
8;04.25.2006;14.2;3.8;24.7
8;04.26.2006;15.2;5.6;24.1
8;04.27.2006;12.1;10.3;14.8
8;04.28.2006;12.3;10.2;14.2
8;04.29.2006;10.1;8.4;13.9
8;04.30.2006;5.6;4.9;9
8;05.01.2006;9.1;3.9;16.1
8;05.02.2006;10.2;2.9;19.6
8;05.03.2006;11.7;2.3;20.1
8;05.04.2006;12;3.9;19
8;05.05.2006;10.2;2.6;19.3
8;05.06.2006;10.8;1.3;20.9
8;05.07.2006;10.4;4.1;19.2
8;05.08.2006;12.4;2.1;20.2
8;05.09.2006;9.9;6.1;14.4
8;05.10.2006;12.6;5.2;21.9
8;05.11.2006;12.3;3.4;19.9
8;05.12.2006;15;3.7;22.7
8;05.13.2006;15;5.4;22.8
8;05.14.2006;12.4;7.1;19.8
8;05.15.2006;13.6;4.3;22.6
8;05.16.2006;16.9;4.7;25.1
8;05.17.2006;18.6;9;26.5
8;05.18.2006;19.8;8.9;26.2
8;05.19.2006;17.2;14.4;23.3
8;05.20.2006;13.6;11.6;16
8;05.21.2006;16.3;12.1;20.3
8;05.22.2006;17;9.8;25.3
8;05.23.2006;20.1;9.8;26.6
8;05.24.2006;9.6;8.1;19.9
8;05.25.2006;12.6;7.4;19.4
8;05.26.2006;16.5;4.4;23.9
8;05.27.2006;18.5;7.1;24.2
8;05.28.2006;19;10.4;25.6
8;05.29.2006;10.5;8.9;18.7
8;05.30.2006;6.4;4.7;9.5
8;05.31.2006;7;2.8;16.7
8;06.01.2006;10.8;-0.4;18.1
8;06.02.2006;10.3;2.7;15.1
8;06.03.2006;13.8;6.9;15.5
8;06.04.2006;14;5.5;20.4
8;06.05.2006;12.1;6.1;18.1
8;06.06.2006;10.4;8.5;14.4
8;06.07.2006;10.7;3.2;18.4
8;06.08.2006;11.9;1.6;19
8;06.09.2006;12.1;3.2;20.7
8;06.10.2006;12.7;4.8;19.7
8;06.11.2006;14.3;7.9;21.2
8;06.12.2006;17.1;6.5;24.6
8;06.13.2006;19;7.9;27.5
8;06.14.2006;20.5;10.6;29.1
8;06.15.2006;21.5;10.7;30.2
8;06.16.2006;21.2;12.4;29.8
8;06.17.2006;21.4;11.8;30
8;06.18.2006;23.5;13.2;30
8;06.19.2006;23.9;13;30.6
8;06.20.2006;24.3;14.3;31.7
8;06.21.2006;23.9;16.2;31.3
8;06.22.2006;21.9;13.9;30.8
8;06.23.2006;21.3;13.5;27.4
8;06.24.2006;22.6;15.9;28.6
8;06.25.2006;23.9;15.3;31
8;06.26.2006;24.3;15.8;33.2
8;06.27.2006;24.1;13.4;33.7
8;06.28.2006;24.6;14.3;32.4
8;06.29.2006;21.8;17.4;29.1
8;06.30.2006;22.8;15.6;27.9
8;07.01.2006;20.1;11.3;27
8;07.02.2006;18.5;14.3;24.4
8;07.03.2006;18.5;14.8;22.7
8;07.04.2006;18.4;15.1;24.8
8;07.05.2006;19.4;9.9;26
8;07.06.2006;21.8;11.1;29.4
8;07.07.2006;18.8;13.8;28.1
8;07.08.2006;19.8;15.8;27.7
8;07.09.2006;20.4;12.4;28.6
8;07.10.2006;20.5;12.2;29
8;07.11.2006;23.9;12.3;31.3
8;07.12.2006;22.4;15.4;30.5
8;07.13.2006;19.8;13.6;26.4
8;07.14.2006;21.7;13.2;30.9
8;07.15.2006;21.8;13.8;26.9
8;07.16.2006;19.6;10.6;26.2
8;07.17.2006;19.1;7.9;26.3
8;07.18.2006;19.8;9.2;28.1
8;07.19.2006;22;9.8;31.5
8;07.20.2006;23;11.4;33.2
8;07.21.2006;25.2;12.5;34.4
8;07.22.2006;23.8;13.8;33.5
8;07.23.2006;22;14.3;32.4
8;07.24.2006;22.7;15.9;30.8
8;07.25.2006;22;16.4;31.3
8;07.26.2006;22.9;15.4;31.5
8;07.27.2006;22.1;16.4;32.9
8;07.28.2006;22.9;13.5;31.8
8;07.29.2006;22.8;14;31
8;07.30.2006;22.8;16.1;30.2
8;07.31.2006;21.9;14.6;30.4
8;08.01.2006;18.2;14.7;21.5
8;08.02.2006;16.1;15.6;18.5
8;08.03.2006;14.9;13.9;16.4
8;08.04.2006;12.6;11.8;14.6
8;08.05.2006;15;10.5;23.2
8;08.06.2006;16.9;10.2;25.1
8;08.07.2006;18.5;13.3;23.7
8;08.08.2006;18;11.9;27.5
8;08.09.2006;16.9;9.2;24.8
8;08.10.2006;15.9;14.2;20.5
8;08.11.2006;12.4;10.7;15.2
8;08.12.2006;12;10.6;13.6
8;08.13.2006;13.6;10.3;19.3
8;08.14.2006;13.9;8.7;20
8;08.15.2006;15.7;9.8;24.1
8;08.16.2006;17.4;8;23.3
8;08.17.2006;19.7;10;27.6
8;08.18.2006;20.8;14.6;28.4
8;08.19.2006;19.1;12.5;26
8;08.20.2006;21.6;12.9;28.6
8;08.21.2006;16.9;14.2;24.5
8;08.22.2006;17.5;11.1;26.8
8;08.23.2006;16;14;22.4
8;08.24.2006;18.6;10.3;25.1
8;08.25.2006;15.2;11.8;19.8
8;08.26.2006;15;12.6;21.9
8;08.27.2006;13.5;7.2;21
8;08.28.2006;14.2;7.6;20.1
8;08.29.2006;15.2;10.7;20.4
8;08.30.2006;11.3;9.3;17.8
8;08.31.2006;12.8;3.9;22.6
8;09.01.2006;14;5.2;23.8
8;09.02.2006;15.8;6.9;25.4
8;09.03.2006;17.2;9.3;26.1
8;09.04.2006;19.5;10.8;28.6
8;09.05.2006;20.1;11.9;29.1
8;09.06.2006;19.9;14.7;27
8;09.07.2006;20.6;15.6;27.8
8;09.08.2006;16.2;13.2;23.5
8;09.09.2006;12.3;6.5;20.5
8;09.10.2006;12.7;3.9;22.1
8;09.11.2006;13.3;4.2;22.4
8;09.12.2006;13.4;6.3;22.7
8;09.13.2006;13.9;5.1;23.5
8;09.14.2006;15.3;6.9;23.4
8;09.15.2006;15.3;11.8;16.7
8;09.16.2006;15.4;14.1;17.7
8;09.17.2006;15.4;13.4;20.6
8;09.18.2006;15.6;12.9;20.4
8;09.19.2006;16.4;13.4;23.1
8;09.20.2006;15.3;9.4;24
8;09.21.2006;14.8;8.6;23.4
8;09.22.2006;16.1;9.5;21.1
8;09.23.2006;13.5;8.8;20.9
8;09.24.2006;13.2;4.5;21.8
8;09.25.2006;13.5;8.5;22.7
8;09.26.2006;17.8;6.6;23.6
8;09.27.2006;14.3;8;23.5
8;09.28.2006;13.8;7.3;23.2
8;09.29.2006;13.5;6.4;23.4
8;09.30.2006;13.8;6.3;22.8
8;10.01.2006;15.5;9.4;23
8;10.02.2006;17.1;11.8;21.5
8;10.03.2006;18.9;14.2;21.3
8;10.04.2006;14.5;11.8;20.2
8;10.05.2006;11.8;9.4;17
8;10.06.2006;8.7;2.3;18.1
8;10.07.2006;10.2;2.6;17.2
8;10.08.2006;10.2;6.1;19.4
8;10.09.2006;8.8;1.2;19
8;10.10.2006;9;1.5;19.3
8;10.11.2006;8.9;1.4;18.8
8;10.12.2006;9.2;1.7;18.9
8;10.13.2006;12.7;3.9;19.2
8;10.14.2006;10.9;6.8;17.5
8;10.15.2006;8.2;2.9;18.4
8;10.16.2006;5.5;0.9;14.9
8;10.17.2006;3.7;-2.4;14.5
8;10.18.2006;3.5;-3.8;14.4
8;10.19.2006;7.2;-1.5;17
8;10.20.2006;11;5.3;12.5
8;10.21.2006;11.8;6.8;17.9
8;10.22.2006;11.8;5.8;20
8;10.23.2006;15.2;7.9;17.3
8;10.24.2006;15.9;14.3;17.5
8;10.25.2006;13.3;10.1;19.8
8;10.26.2006;11.4;5.9;21.1
8;10.27.2006;11.4;5.3;22.4
8;10.28.2006;13.7;6.9;21.9
8;10.29.2006;10.3;8;17.9
8;10.30.2006;10.6;5;17.9
8;10.31.2006;5.9;0.8;13.8
8;11.01.2006;7.8;4;13.8
8;11.02.2006;0.1;-4.1;7.2
8;11.03.2006;0.5;-5.3;7.4
8;11.04.2006;0.4;-3.6;8.2
8;11.05.2006;2.1;-5;10.1
8;11.06.2006;1.8;-2;9.4
8;11.07.2006;2.9;-4.6;14.7
8;11.08.2006;5.3;-3.2;16.4
8;11.09.2006;5.8;-0.6;15.9
8;11.10.2006;2.2;-2.2;13.4
8;11.11.2006;2.2;-5.5;9.3
8;11.12.2006;5.9;-2;12.3
8;11.13.2006;3.9;-2.3;9.6
8;11.14.2006;5.4;0.6;14.4
8;11.15.2006;10.2;0.5;16.6
8;11.16.2006;11.4;3;15.2
8;11.17.2006;14;11.3;16.7
8;11.18.2006;10.2;6.5;14.8
8;11.19.2006;8.9;3.4;13.4
8;11.20.2006;7.5;4.6;9.7
8;11.21.2006;7;4.7;10.2
8;11.22.2006;5.3;4.6;7.2
8;11.23.2006;3.6;0.3;11.4
8;11.24.2006;7.2;-2.5;12.9
8;11.25.2006;11.4;8.3;14.2
8;11.26.2006;9;4.5;16.2
8;11.27.2006;8.4;3.5;14.9
8;11.28.2006;7.6;4.9;10.2
8;11.29.2006;5.9;1.6;10.4
8;11.30.2006;7.4;4.8;10.8
8;12.01.2006;6.1;3.3;8.3
8;12.02.2006;3.4;-0.3;10.5
8;12.03.2006;6.1;-0.9;8.7
8;12.04.2006;8.6;6.1;11.6
8;12.05.2006;8.1;0.8;11.3
8;12.06.2006;11.5;6.9;13.7
8;12.07.2006;10.2;6.6;14.1
8;12.08.2006;9.2;5.2;13.4
8;12.09.2006;8.3;6.3;11.1
8;12.10.2006;3.9;2.1;6.9
8;12.11.2006;1.2;-1.8;6.6
8;12.12.2006;-1;-3.2;1.7
8;12.13.2006;-0.9;-2.5;0.2
8;12.14.2006;-1.2;-2.3;0.2
8;12.15.2006;-0.1;-4.4;6.8
8;12.16.2006;1.3;-4.2;9.1
8;12.17.2006;5.4;-0.1;6.5
8;12.18.2006;1.7;-0.1;6.4
8;12.19.2006;0.5;-1.6;3.9
8;12.20.2006;-3.1;-6.8;3.2
8;12.21.2006;1;-5;3
8;12.22.2006;-0.5;-3.5;5.5
8;12.23.2006;-2.5;-7.2;5.5
8;12.24.2006;-1;-6.9;0.7
8;12.25.2006;0.5;-1.4;1.6
8;12.26.2006;1.4;-0.2;5.1
8;12.27.2006;-3.1;-6.9;3.6
8;12.28.2006;-3.1;-9;5.7
8;12.29.2006;0.2;-7.2;6.4
8;12.30.2006;2.1;-0.2;6.5
8;12.31.2006;1.4;-3.3;7
8;01.01.2007;5.8;0.1;8.3
8;01.02.2007;3.4;-0.2;6.4
8;01.03.2007;-0.5;-3.9;8.8
8;01.04.2007;0.9;-3.4;3.1
8;01.05.2007;0.4;-4.9;10.1
8;01.06.2007;1.4;-2.5;11
8;01.07.2007;4.1;-2.8;9
8;01.08.2007;2;-1.3;6
8;01.09.2007;4.2;-2.7;11.1
8;01.10.2007;6.7;-1.2;10.6
8;01.11.2007;7.1;1;10.5
8;01.12.2007;4;-0.4;15.1
8;01.13.2007;-0.4;-4.4;9.1
8;01.14.2007;1.6;-5.2;12
8;01.15.2007;-1.3;-4.7;4
8;01.16.2007;2;-5.2;8.2
8;01.17.2007;6.3;1.8;9.5
8;01.18.2007;5.9;-3.7;8.5
8;01.19.2007;6.9;3.2;13
8;01.20.2007;2.3;-2.6;9.4
8;01.21.2007;7.8;0.3;11.6
8;01.22.2007;3.5;2.3;7.5
8;01.23.2007;2.4;1.6;3.8
8;01.24.2007;1.2;-1.2;3.6
8;01.25.2007;-1.9;-2.9;1.5
8;01.26.2007;-2.8;-4.7;1.2
8;01.27.2007;-3.6;-10;0.5
8;01.28.2007;-3.7;-11.2;3.9
8;01.29.2007;-1.2;-8.1;6.8
8;01.30.2007;-1.3;-7.9;7.4
8;01.31.2007;-0.2;-6.3;7.5
8;02.01.2007;0.4;-6;7.3
8;02.02.2007;-1.3;-6.9;8.1
8;02.03.2007;4.1;-5.9;11.2
8;02.04.2007;1;-4.9;11.2
8;02.05.2007;2.4;-7;10.8
8;02.06.2007;2.3;-3;5
8;02.07.2007;3.1;0.8;4.9
8;02.08.2007;5.2;1.9;9
8;02.09.2007;4.5;1.8;8.1
8;02.10.2007;3.8;0.3;9.7
8;02.11.2007;3.2;-1.7;7.4
8;02.12.2007;3.3;-2.5;6.6
8;02.13.2007;3.2;0.1;9.3
8;02.14.2007;5.9;-4;12.3
8;02.15.2007;4.8;2;11.8
8;02.16.2007;2.5;-3;11.4
8;02.17.2007;2.6;-5;8.9
8;02.18.2007;-0.4;-3.7;5.4
8;02.19.2007;-0.6;-5.7;9.7
8;02.20.2007;3.8;-5.3;10.4
8;02.21.2007;7.3;1.1;11.8
8;02.22.2007;6;1.5;15.5
8;02.23.2007;6.3;2.5;13.2
8;02.24.2007;5.2;2.1;8.6
8;02.25.2007;7.3;3.2;11.3
8;02.26.2007;3.9;0.5;11.3
8;02.27.2007;4.8;-3;11.5
8;02.28.2007;6.5;0.5;12.2
8;03.01.2007;8.8;4.4;11.9
8;03.02.2007;8;6.4;11.8
8;03.03.2007;4.4;0.9;8.1
8;03.04.2007;5.8;-2.6;16.4
8;03.05.2007;6.8;-2.9;17.8
8;03.06.2007;8.3;1.5;13.9
8;03.07.2007;8.4;6.9;11.1
8;03.08.2007;7.5;6.2;9.6
8;03.09.2007;7;3.6;11.3
8;03.10.2007;5.1;-2.2;15.4
8;03.11.2007;4.8;-0.6;14
8;03.12.2007;4.3;-4.8;16.1
8;03.13.2007;6.4;-2.9;18.5
8;03.14.2007;7.3;-2;20.6
8;03.15.2007;5.9;-1.2;16.1
8;03.16.2007;6;-2.6;17.5
8;03.17.2007;8.8;-2.1;18.1
8;03.18.2007;10.4;0.4;17.4
8;03.19.2007;2.9;-0.4;11.2
8;03.20.2007;0.3;-1.1;4.2
8;03.21.2007;0.9;-2.6;8.6
8;03.22.2007;1.1;-9.3;8.5
8;03.23.2007;6;-2.8;11.2
8;03.24.2007;3.2;1.6;7.9
8;03.25.2007;8.1;1.5;10.6
8;03.26.2007;7.5;1;13.7
8;03.27.2007;5.9;0.9;11.7
8;03.28.2007;5.8;-1.9;12.2
8;03.29.2007;5.4;-1;12.7
8;03.30.2007;4.4;-1.9;6.7
8;03.31.2007;7.5;4.6;11.5
8;04.01.2007;8.9;3.4;14.5
8;04.02.2007;9.2;5.9;15.4
8;04.03.2007;8.5;0.7;17.7
8;04.04.2007;8.6;4.7;14.8
8;04.05.2007;5.4;-1;15
8;04.06.2007;9;-3.1;20.1
8;04.07.2007;11.3;0;21.1
8;04.08.2007;8.3;4.9;15.3
8;04.09.2007;10.5;-0.9;21.2
8;04.10.2007;12.2;1.2;22.3
8;04.11.2007;12.7;2.1;21.2
8;04.12.2007;12.6;2.6;22.8
8;04.13.2007;13;3.7;23.3
8;04.14.2007;14;3.8;23.6
8;04.15.2007;16.1;3.1;24.6
8;04.16.2007;13.5;3.5;20
8;04.17.2007;11;0.6;21.7
8;04.18.2007;13.2;2.8;22.1
8;04.19.2007;9.8;7.1;17.8
8;04.20.2007;13.2;0.4;23.8
8;04.21.2007;12;3.5;20
8;04.22.2007;11.9;2.9;20.8
8;04.23.2007;16.6;2.5;24.8
8;04.24.2007;14.3;8.2;20.9
8;04.25.2007;15.7;3.4;22.4
8;04.26.2007;13.3;3.7;21.2
8;04.27.2007;13;3.4;22.6
8;04.28.2007;13.9;2.4;24.1
8;04.29.2007;16.6;4;26.9
8;04.30.2007;13.3;10;19.3
8;05.01.2007;12.3;1.7;19.3
8;05.02.2007;11.8;6.1;17.1
8;05.03.2007;13.7;8.9;20.4
8;05.04.2007;10.3;3.5;13.2
8;05.05.2007;11.8;8.9;19.1
8;05.06.2007;13.8;7.6;21.3
8;05.07.2007;14.5;7.4;24.3
8;05.08.2007;17.4;6.7;24.8
8;05.09.2007;15.5;8.9;22.2
8;05.10.2007;16.9;11.9;24.9
8;05.11.2007;18.2;7.6;26.1
8;05.12.2007;16.9;12.6;23.4
8;05.13.2007;18.1;8;26.7
8;05.14.2007;19.2;10.8;27.9
8;05.15.2007;12.6;8.8;18.7
8;05.16.2007;8.7;7.1;11.7
8;05.17.2007;12;3.1;20.2
8;05.18.2007;12.7;6;21
8;05.19.2007;14.6;1.2;22
8;05.20.2007;16.3;5.3;25.6
8;05.21.2007;19.1;10.4;27.5
8;05.22.2007;20.5;10.2;30.7
8;05.23.2007;17.3;11.7;28.4
8;05.24.2007;19;9.8;29.1
8;05.25.2007;20.2;11.5;28.8
8;05.26.2007;21.5;11.7;29.1
8;05.27.2007;16;12.8;22.3
8;05.28.2007;14.9;11.5;21.3
8;05.29.2007;12.6;9.1;16.6
8;05.30.2007;11.8;9;16.4
8;05.31.2007;15.2;5.9;21.4
8;06.01.2007;14.8;7.2;19.9
8;06.02.2007;16.2;11.2;22
8;06.03.2007;18.5;9.7;25.1
8;06.04.2007;16.3;13.2;22.5
8;06.05.2007;16.2;12.7;22.4
8;06.06.2007;16.5;13.3;21.1
8;06.07.2007;17.1;12.8;20.7
8;06.08.2007;16.7;12.9;24.2
8;06.09.2007;18;10.6;26.3
8;06.10.2007;20;12;27.9
8;06.11.2007;19.5;9.9;27.4
8;06.12.2007;18.9;14.9;23.8
8;06.13.2007;19.7;14.4;27.2
8;06.14.2007;20.8;12.5;27.4
8;06.15.2007;20.4;13.3;26.1
8;06.16.2007;20.1;14.6;26.7
8;06.17.2007;19.7;13.3;27.1
8;06.18.2007;22.1;14.5;28.4
8;06.19.2007;22;13.9;30
8;06.20.2007;23.7;13.5;32.2
8;06.21.2007;24.7;16;31.6
8;06.22.2007;22.8;18.1;28.9
8;06.23.2007;17.3;13.4;24.7
8;06.24.2007;21.8;12.5;28.5
8;06.25.2007;21.7;9.9;30.4
8;06.26.2007;20.3;15.5;27.2
8;06.27.2007;16;10.1;22.7
8;06.28.2007;15.7;11.6;22.4
8;06.29.2007;17.9;8.9;25
8;06.30.2007;17.7;13.5;24.6
8;07.01.2007;20;10.2;28.9
8;07.02.2007;18.4;11.5;27.2
8;07.03.2007;18.6;11.4;24.1
8;07.04.2007;11.4;8.9;19.3
8;07.05.2007;13;7.3;22.4
8;07.06.2007;17.6;5.8;26.6
8;07.07.2007;20.5;11.2;28.2
8;07.08.2007;20.8;12;28.8
8;07.09.2007;21.3;12.4;29.2
8;07.10.2007;12.2;10.4;19.3
8;07.11.2007;13.6;8.5;20.2
8;07.12.2007;15.9;7.2;23.6
8;07.13.2007;18;8;27
8;07.14.2007;21.1;10.3;30.1
8;07.15.2007;23.1;12.5;32.5
8;07.16.2007;22.6;11.4;31.7
8;07.17.2007;23.6;14.2;33.8
8;07.18.2007;24.3;13.1;34.1
8;07.19.2007;24.8;13.2;34.8
8;07.20.2007;24.9;14.7;36.1
8;07.21.2007;23.3;13.4;33.9
8;07.22.2007;22.8;13.1;31.1
8;07.23.2007;22.6;14.9;31.1
8;07.24.2007;18.9;13.3;27.7
8;07.25.2007;18.3;10.3;26.4
8;07.26.2007;19.6;9.8;28.2
8;07.27.2007;23.4;10.5;32
8;07.28.2007;22.2;13.7;31.1
8;07.29.2007;20.9;17.8;27.4
8;07.30.2007;13.5;11.5;20.7
8;07.31.2007;14.2;6.1;20.9
8;08.01.2007;16.1;6.2;24
8;08.02.2007;18.6;7.6;27.7
8;08.03.2007;16;11.4;19.2
8;08.04.2007;17.7;13;24.6
8;08.05.2007;17.4;9.1;25.3
8;08.06.2007;19.2;9;27.9
8;08.07.2007;20.6;11.1;30.5
8;08.08.2007;20.7;15.5;27.4
8;08.09.2007;18;13.4;23.6
8;08.10.2007;17.4;13.3;23.2
8;08.11.2007;16.8;14.9;19.6
8;08.12.2007;19.2;14.1;25.3
8;08.13.2007;19.3;14.6;27
8;08.14.2007;19.9;13.1;27.5
8;08.15.2007;22.1;13.7;30.2
8;08.16.2007;21.6;13.8;30
8;08.17.2007;19.8;15.2;27.8
8;08.18.2007;18.3;14.7;21.7
8;08.19.2007;20.2;15.8;26
8;08.20.2007;15.3;13.9;22.9
8;08.21.2007;16.4;13.3;22.2
8;08.22.2007;19;14.9;25.5
8;08.23.2007;18;15;22.3
8;08.24.2007;20.3;12.7;27.3
8;08.25.2007;20.3;13.2;27.6
8;08.26.2007;20.8;14.7;28.8
8;08.27.2007;21.2;12.7;29.2
8;08.28.2007;20.8;14;28.5
8;08.29.2007;17.1;16.3;19.8
8;08.30.2007;15.2;14;17.5
8;08.31.2007;14.1;12.1;18.5
8;09.01.2007;14.3;6.3;23.6
8;09.02.2007;14.8;6.8;21.4
8;09.03.2007;16;11.7;23.5
8;09.04.2007;10.2;9.1;15.2
8;09.05.2007;11.1;5.7;16.4
8;09.06.2007;10.7;8.8;13.6
8;09.07.2007;11.4;7.7;16.3
8;09.08.2007;13.9;7.3;23.5
8;09.09.2007;15.3;6.2;24.5
8;09.10.2007;15.5;9.9;21.5
8;09.11.2007;13.8;10.5;21.6
8;09.12.2007;14;4.4;22.5
8;09.13.2007;14.9;6.3;22
8;09.14.2007;14.9;5.9;23.5
8;09.15.2007;16.8;9.3;25.7
8;09.16.2007;16.5;13.2;23.9
8;09.17.2007;15.4;10.4;23.8
8;09.18.2007;12.4;9.9;16.3
8;09.19.2007;9.8;5.8;16.5
8;09.20.2007;10.2;2.2;17.5
8;09.21.2007;9.3;2;18.7
8;09.22.2007;10.1;2.8;20.6
8;09.23.2007;11.6;3.5;22.2
8;09.24.2007;11.7;4.3;21
8;09.25.2007;12.2;6.2;21.4
8;09.26.2007;11.4;7.4;14.2
8;09.27.2007;11.4;9.9;15.6
8;09.28.2007;9.1;7.9;11.6
8;09.29.2007;9.6;5.6;17.9
8;09.30.2007;11.5;2.4;22.2
8;10.01.2007;11.9;4.7;22.2
8;10.02.2007;12.5;5;22.3
8;10.03.2007;13.7;7;23.8
8;10.04.2007;14.4;9.5;20.5
8;10.05.2007;16.7;10.1;23
8;10.06.2007;11.2;10.1;17.7
8;10.07.2007;10.1;7.7;16.3
8;10.08.2007;8.8;2.5;18.2
8;10.09.2007;9.7;2;17.6
8;10.10.2007;10.3;6.8;12.9
8;10.11.2007;11.3;7.5;15.9
8;10.12.2007;11;4.7;17.6
8;10.13.2007;10.5;4;17.5
8;10.14.2007;6.5;3.1;14
8;10.15.2007;4.7;-1.7;14.8
8;10.16.2007;7.6;-1.6;19.2
8;10.17.2007;8.5;1;19.2
8;10.18.2007;6.3;1.3;12.5
8;10.19.2007;5.3;2.1;12.3
8;10.20.2007;2.2;-1.7;7.6
8;10.21.2007;4.6;-0.3;9.6
8;10.22.2007;6.1;2.7;9.4
8;10.23.2007;6.5;4.7;10
8;10.24.2007;5.9;4.4;8
8;10.25.2007;7.9;4.5;12.1
8;10.26.2007;6.3;5.6;8.1
8;10.27.2007;8.6;6;11.8
8;10.28.2007;8.1;7.1;9.6
8;10.29.2007;6.1;3.3;11
8;10.30.2007;7.7;2.9;9.5
8;10.31.2007;7.3;4.7;15.6
8;11.01.2007;3;-2;14.1
8;11.02.2007;3.5;-2.8;13.7
8;11.03.2007;5;-1.3;14.6
8;11.04.2007;7.3;0.2;11.9
8;11.05.2007;5.2;1.1;12.4
8;11.06.2007;2;-0.4;9.5
8;11.07.2007;2.6;-3.1;9.4
8;11.08.2007;4.2;-3;13.1
8;11.09.2007;6.6;3;9.1
8;11.10.2007;5.9;-1.4;12.4
8;11.11.2007;4.7;0;12.4
8;11.12.2007;2.7;-1.3;10.5
8;11.13.2007;0.1;-6.5;10.3
8;11.14.2007;0.8;-1.9;4.2
8;11.15.2007;1.4;-2.1;8.1
8;11.16.2007;-0.2;-6.7;5.8
8;11.17.2007;-0.2;-3.2;4.1
8;11.18.2007;-0.1;-1.6;0.8
8;11.19.2007;1.4;-0.2;3.3
8;11.20.2007;-0.6;-2.5;2.3
8;11.21.2007;4.3;-4.8;8.3
8;11.22.2007;8.3;5.4;9.8
8;11.23.2007;11.4;8.1;15.3
8;11.24.2007;10.8;8.8;15.1
8;11.25.2007;9;8;10.9
8;11.26.2007;2.4;-1.3;9
8;11.27.2007;-1.3;-4.4;5.3
8;11.28.2007;-2;-5.5;4.8
8;11.29.2007;-3.2;-7;2.7
8;11.30.2007;-1.4;-8;3.7
8;12.01.2007;1.9;-4;8.6
8;12.02.2007;3.9;1.3;5
8;12.03.2007;5.4;2.5;7.6
8;12.04.2007;1.6;-0.4;5.4
8;12.05.2007;-0.7;-2.2;3.2
8;12.06.2007;-0.8;-5.1;6.1
8;12.07.2007;1.6;-2.9;3.8
8;12.08.2007;3.3;2.1;6.3
8;12.09.2007;2.5;-0.2;4.5
8;12.10.2007;2.9;0.1;5.1
8;12.11.2007;0.8;-0.7;3.5
8;12.12.2007;2.4;0.1;4
8;12.13.2007;1;-1.5;7.7
8;12.14.2007;-0.1;-4;5.4
8;12.15.2007;-2.1;-4.9;0.5
8;12.16.2007;-0.9;-3.7;1.6
8;12.17.2007;-3.4;-5.4;-0.4
8;12.18.2007;-4;-8;0.4
8;12.19.2007;-5.4;-11.2;0.9
8;12.20.2007;-6.5;-10.4;-4.8
8;12.21.2007;-6.4;-7.4;-5
8;12.22.2007;-6.8;-8.1;-5.2
8;12.23.2007;-5.8;-10.5;-1.2
8;12.24.2007;-2.5;-6.1;-1.4
8;12.25.2007;-1.8;-4;1.1
8;12.26.2007;-2.9;-3.5;-1.7
8;12.27.2007;-2.2;-4;-0.7
8;12.28.2007;-4;-4.6;-2
8;12.29.2007;-5.4;-6;-4.1
8;12.30.2007;-6.1;-7.1;-5.2
8;12.31.2007;-3.7;-6.2;1.1
8;01.01.2008;-4.5;-7.4;-3.3
8;01.02.2008;-4.3;-9.7;-1.7
8;01.03.2008;-3;-3.9;-1.9
8;01.04.2008;-3.9;-5.5;-1.5
8;01.05.2008;-1.6;-5.3;-0.5
8;01.06.2008;0;-1.2;2
8;01.07.2008;-0.3;-1.6;1.5
8;01.08.2008;-1.1;-2.9;1.7
8;01.09.2008;-0.8;-3;0.3
8;01.10.2008;-2.5;-4.1;0.5
8;01.11.2008;0.9;-4;3.9
8;01.12.2008;5.6;1.4;10.2
8;01.13.2008;4;2.9;6.3
8;01.14.2008;2.3;0.3;5.5
8;01.15.2008;4;-0.4;7.6
8;01.16.2008;5.6;3;7.9
8;01.17.2008;4.6;4;5.7
8;01.18.2008;5.9;2.9;11
8;01.19.2008;2.6;0.1;8
8;01.20.2008;0.9;-1.8;3
8;01.21.2008;3.9;-1.9;7.9
8;01.22.2008;6;2.7;9.6
8;01.23.2008;-0.2;-3.7;8.7
8;01.24.2008;-1.3;-6.7;8.4
8;01.25.2008;-2.4;-6;4.9
8;01.26.2008;-1.6;-8.4;8.6
8;01.27.2008;0.7;-6.4;8.3
8;01.28.2008;1.9;-2.8;6.6
8;01.29.2008;0.3;-3.5;9.6
8;01.30.2008;-1;-5.8;1.6
8;01.31.2008;3.2;-1.9;6.8
8;02.01.2008;4;0.7;5.6
8;02.02.2008;3.9;2.2;6.9
8;02.03.2008;0.9;-0.2;3.4
8;02.04.2008;2.6;-0.2;4.3
8;02.05.2008;5.5;2.7;8.9
8;02.06.2008;3.6;-0.4;8.7
8;02.07.2008;2.3;-3.3;11.1
8;02.08.2008;3;-5.6;10
8;02.09.2008;-0.4;-6;8.6
8;02.10.2008;0;-6;8.6
8;02.11.2008;-1.6;-6.6;6.5
8;02.12.2008;-1.8;-6;6.1
8;02.13.2008;-2.5;-8.8;7.8
8;02.14.2008;-0.3;-9;11.1
8;02.15.2008;-0.2;-5.4;1.9
8;02.16.2008;-2.5;-8.9;3.9
8;02.17.2008;-5.5;-12.4;1.4
8;02.18.2008;-2.3;-11.1;10.9
8;02.19.2008;0.8;-7.5;14.2
8;02.20.2008;-0.1;-7.6;9.9
8;02.21.2008;1.4;-5.8;12.9
8;02.22.2008;2.6;-4.9;13.3
8;02.23.2008;4.9;-3;16.4
8;02.24.2008;6.1;-3.1;18
8;02.25.2008;5.5;-3.3;18
8;02.26.2008;6.1;-3.7;17.9
8;02.27.2008;4;-2.7;11.5
8;02.28.2008;3.3;-0.3;10.2
8;02.29.2008;6;-4;13.4
8;03.01.2008;5.6;2.5;9.6
8;03.02.2008;7.6;-1.4;18.7
8;03.03.2008;8.1;-1.2;16.7
8;03.04.2008;0.9;-0.1;9.7
8;03.05.2008;0.8;-1.4;5
8;03.06.2008;-0.3;-5.7;3.8
8;03.07.2008;1.6;-1.8;4.4
8;03.08.2008;2.1;-0.2;5.3
8;03.09.2008;4.8;0.2;10.7
8;03.10.2008;6;0.9;10.9
8;03.11.2008;4.7;2.6;10.7
8;03.12.2008;5.6;-2.3;12.8
8;03.13.2008;7;-0.9;15.1
8;03.14.2008;6.5;-2.6;13.7
8;03.15.2008;8;4.4;11.4
8;03.16.2008;8.1;6.4;11.4
8;03.17.2008;7.8;-0.5;16.2
8;03.18.2008;0.4;-1.1;8.7
8;03.19.2008;0.8;-3.2;8.5
8;03.20.2008;0.9;-4.2;9.1
8;03.21.2008;1.9;-4.6;8.6
8;03.22.2008;0.5;-0.3;4
8;03.23.2008;0.9;-1.1;4.6
8;03.24.2008;0.6;-0.3;2.1
8;03.25.2008;0.4;-2.3;6.4
8;03.26.2008;1.3;-7.1;10.1
8;03.27.2008;3.3;-0.5;5.1
8;03.28.2008;6.8;2.3;11
8;03.29.2008;7.6;2;16.6
8;03.30.2008;6.5;0.1;16.4
8;03.31.2008;8.2;-1.1;18.9
8;04.01.2008;10.2;1.8;19.1
8;04.02.2008;5.4;3.9;12.5
8;04.03.2008;6.2;1.7;13.1
8;04.04.2008;5.9;-1.8;14.9
8;04.05.2008;5;-3;14.2
8;04.06.2008;6.3;-2.9;14
8;04.07.2008;9.8;4.8;16.1
8;04.08.2008;4.1;2.3;9
8;04.09.2008;9.4;3.7;13.4
8;04.10.2008;11.2;8.6;14.1
8;04.11.2008;12.6;8.7;15.3
8;04.12.2008;8.9;6.4;14.3
8;04.13.2008;7.3;4.8;10.9
8;04.14.2008;7;0.7;14.8
8;04.15.2008;7.8;-0.3;14.2
8;04.16.2008;5.3;0.4;13
8;04.17.2008;7.8;2.3;14.4
8;04.18.2008;9.8;3.6;13.1
8;04.19.2008;9.4;7.7;15.7
8;04.20.2008;12.3;2.2;20.8
8;04.21.2008;9.3;3.4;17
8;04.22.2008;8.9;6.9;12.2
8;04.23.2008;10.4;5.4;18.1
8;04.24.2008;9.7;1.6;17.6
8;04.25.2008;7;2;17.3
8;04.26.2008;8.9;3.8;16.6
8;04.27.2008;10.8;0.3;19.8
8;04.28.2008;12.4;1.1;20.7
8;04.29.2008;8.9;3.5;12.2
8;04.30.2008;11.1;4.2;14.8
8;05.01.2008;11;7.8;17.1
8;05.02.2008;12.2;2.8;20.2
8;05.03.2008;13.3;3.9;20.3
8;05.04.2008;14.2;4.3;19.5
8;05.05.2008;8.1;6.5;14.2
8;05.06.2008;13.1;6;19
8;05.07.2008;12;3.1;19.6
8;05.08.2008;14.7;4.4;22
8;05.09.2008;15.7;5.5;22.8
8;05.10.2008;16.2;8.6;21.6
8;05.11.2008;14.4;6.2;20.7
8;05.12.2008;12.8;3.1;21.3
8;05.13.2008;14.7;3;23.4
8;05.14.2008;17.3;5.2;24.6
8;05.15.2008;17.5;6.2;24.8
8;05.16.2008;16.1;9.5;22
8;05.17.2008;17.1;12.1;21.5
8;05.18.2008;14.2;13.3;18.5
8;05.19.2008;16.2;12.9;23.8
8;05.20.2008;11.3;10.6;14.4
8;05.21.2008;12.6;10.5;15.9
8;05.22.2008;14.1;10.8;18.6
8;05.23.2008;14.6;12.1;19.5
8;05.24.2008;15.7;10.1;22.3
8;05.25.2008;19.3;11.3;24.5
8;05.26.2008;19.8;10.2;27.1
8;05.27.2008;22.8;10.4;32.6
8;05.28.2008;22.9;12.2;31.6
8;05.29.2008;22.6;14.1;30.4
8;05.30.2008;20.1;15.7;29.1
8;05.31.2008;18.9;11.9;24.7
8;06.01.2008;21.4;11.2;28
8;06.02.2008;19.2;15.7;27.4
8;06.03.2008;18.9;14.5;23.4
8;06.04.2008;17.5;14.2;22
8;06.05.2008;16.7;15.2;18.9
8;06.06.2008;16.3;14.5;19.4
8;06.07.2008;17.6;12.2;24.4
8;06.08.2008;17.1;13.9;23.4
8;06.09.2008;17.2;12.3;24
8;06.10.2008;19.5;10.4;26.6
8;06.11.2008;18.9;11.7;26.9
8;06.12.2008;15.5;13.6;17.9
8;06.13.2008;11.8;10.1;17
8;06.14.2008;10.5;9.5;14.1
8;06.15.2008;14.4;8.5;20.1
8;06.16.2008;14.6;10.7;18.1
8;06.17.2008;15.6;13.2;19.9
8;06.18.2008;17.4;14.5;23.6
8;06.19.2008;19.1;10.6;27.6
8;06.20.2008;19.4;12.6;27.6
8;06.21.2008;21.8;14.1;29.4
8;06.22.2008;23.4;12.9;31.5
8;06.23.2008;23.5;13.7;31.5
8;06.24.2008;24.3;15.8;31.4
8;06.25.2008;24.9;17;31.5
8;06.26.2008;25.3;18.2;30.2
8;06.27.2008;22;19.2;29
8;06.28.2008;21.4;17.2;26.9
8;06.29.2008;22.8;13.8;29.4
8;06.30.2008;22.8;16.5;29.5
8;07.01.2008;22.3;14.6;28.1
8;07.02.2008;23;14.5;30.1
8;07.03.2008;23.7;15.6;30.7
8;07.04.2008;21.8;16.6;29.4
8;07.05.2008;20.2;16.3;26.1
8;07.06.2008;20.2;13;28.6
8;07.07.2008;19.9;16.5;28.3
8;07.08.2008;13.8;12.1;17.7
8;07.09.2008;18.4;8.9;24.8
8;07.10.2008;20.4;11.9;27.2
8;07.11.2008;21.9;13.7;29.9
8;07.12.2008;22.1;14;29.9
8;07.13.2008;19.4;15.8;25.9
8;07.14.2008;15;13.1;20.3
8;07.15.2008;15.9;11;24.1
8;07.16.2008;18.9;8.8;26
8;07.17.2008;20.8;11.5;26.7
8;07.18.2008;16.4;14.1;20.5
8;07.19.2008;19.4;13.5;25.9
8;07.20.2008;20.7;11.9;27.5
8;07.21.2008;15.2;13.7;20.4
8;07.22.2008;14;11.5;20.1
8;07.23.2008;15.3;9.7;19.7
8;07.24.2008;20.7;14;26.9
8;07.25.2008;20.6;13.7;26.9
8;07.26.2008;19.6;13.8;28.5
8;07.27.2008;21.1;17.1;28.1
8;07.28.2008;21.3;13.3;28.6
8;07.29.2008;22.8;14.2;29.2
8;07.30.2008;21.3;16.1;29.4
8;07.31.2008;21.8;15.2;28.3
8;08.01.2008;22.6;15.6;30.3
8;08.02.2008;20.1;16.5;25.9
8;08.03.2008;21.9;13.8;29
8;08.04.2008;23;15;30
8;08.05.2008;21.9;18.4;28.4
8;08.06.2008;20.5;17.7;25.8
8;08.07.2008;20.9;13.7;27.6
8;08.08.2008;17.5;14.2;24.8
8;08.09.2008;17.6;12.5;24.4
8;08.10.2008;18.1;11.6;25.1
8;08.11.2008;19.5;11;26.8
8;08.12.2008;20.1;12.5;28.1
8;08.13.2008;21.3;15.9;28.7
8;08.14.2008;22.3;17.9;26.5
8;08.15.2008;19;15.3;27.8
8;08.16.2008;16.4;12.4;20.9
8;08.17.2008;16.1;13.3;21.8
8;08.18.2008;17.8;9.6;25.3
8;08.19.2008;19.1;9.8;27.1
8;08.20.2008;20.3;11.8;26.2
8;08.21.2008;19.7;17.2;25.2
8;08.22.2008;19.5;12.4;27.3
8;08.23.2008;14.1;11.7;23.9
8;08.24.2008;15.2;11.3;21.1
8;08.25.2008;15;7.6;22.2
8;08.26.2008;17;9.1;24.7
8;08.27.2008;17.6;10.1;25.2
8;08.28.2008;18.5;10.3;26.6
8;08.29.2008;19.2;11.6;27.7
8;08.30.2008;18.5;13.6;22.7
8;08.31.2008;16.2;14;21.2
8;09.01.2008;16.8;10.1;23.7
8;09.02.2008;17.8;12.2;25
8;09.03.2008;18.4;12;26.6
8;09.04.2008;18.9;14.1;27.2
8;09.05.2008;19.5;14.7;26.5
8;09.06.2008;21.2;15.3;28.7
8;09.07.2008;19.8;14.5;27.7
8;09.08.2008;16.6;14.6;22.7
8;09.09.2008;16.6;11.9;24.6
8;09.10.2008;17.9;9.9;26.8
8;09.11.2008;18.2;10.7;26.9
8;09.12.2008;18.8;13.1;28.4
8;09.13.2008;12.4;9.2;17.3
8;09.14.2008;9.1;8.2;13.2
8;09.15.2008;9.5;6.5;13
8;09.16.2008;9.6;7;14.1
8;09.17.2008;9.9;3.1;16
8;09.18.2008;10;7.2;14.3
8;09.19.2008;10.2;7.9;14.9
8;09.20.2008;10.2;0.8;17.6
8;09.21.2008;9.2;5.3;14.8
8;09.22.2008;9.4;5.1;13.9
8;09.23.2008;8.5;6.8;13.1
8;09.24.2008;7.9;1.9;14.1
8;09.25.2008;9.5;4.7;14.6
8;09.26.2008;9.7;6.4;15.4
8;09.27.2008;10.1;6.5;14.7
8;09.28.2008;7.4;4;15.4
8;09.29.2008;6.5;-0.6;17.4
8;09.30.2008;11;1;18.2
8;10.01.2008;12.2;10.5;14.5
8;10.02.2008;13.2;10.6;17.5
8;10.03.2008;9.8;6.4;16
8;10.04.2008;6.9;4.2;12.5
8;10.05.2008;5.8;-0.9;14.9
8;10.06.2008;8;0.2;19
8;10.07.2008;11.4;2.9;18.7
8;10.08.2008;11.1;4.9;19.7
8;10.09.2008;11.3;4.3;20.2
8;10.10.2008;12.6;8;20
8;10.11.2008;10.7;6.1;19.6
8;10.12.2008;11.2;4.3;20.4
8;10.13.2008;10.9;3.9;20.8
8;10.14.2008;13;5.1;21.8
8;10.15.2008;13;9.2;21.9
8;10.16.2008;12.4;5.8;16.4
8;10.17.2008;7.7;6.2;14.7
8;10.18.2008;4.7;0;13
8;10.19.2008;6.2;-1.3;16.6
8;10.20.2008;7.5;0.2;17.6
8;10.21.2008;7.8;0.3;17.1
8;10.22.2008;9.5;1.7;19.2
8;10.23.2008;9.1;4.5;11.7
8;10.24.2008;8.9;6;12.7
8;10.25.2008;9.3;7.7;11.1
8;10.26.2008;5.1;1.7;9.6
8;10.27.2008;8.9;0.2;11.6
8;10.28.2008;11.9;9.7;15.4
8;10.29.2008;15.3;11.6;20.6
8;10.30.2008;9.8;5.3;15.5
8;10.31.2008;10.7;6.4;14.7
8;11.01.2008;9.7;6.8;14.6
8;11.02.2008;10.2;5.3;18.5
8;11.03.2008;10;4.6;18.2
8;11.04.2008;9.8;4.5;12.6
8;11.05.2008;11.9;8.9;16.2
8;11.06.2008;11.9;9.2;14.3
8;11.07.2008;10.8;9.6;12.8
8;11.08.2008;9.6;7.6;13.2
8;11.09.2008;6.8;3.8;13.9
8;11.10.2008;4.9;1.1;6.9
8;11.11.2008;5.4;2.8;9.8
8;11.12.2008;7;1.4;8.6
8;11.13.2008;7.3;6.6;9.1
8;11.14.2008;7.6;6.1;10.1
8;11.15.2008;6.6;5;10.6
8;11.16.2008;2.4;-1.6;10.2
8;11.17.2008;3.5;0.9;7.6
8;11.18.2008;-0.7;-3.1;5.7
8;11.19.2008;0;-4.9;7.5
8;11.20.2008;3.6;-4.3;9.5
8;11.21.2008;6.4;4.3;9.6
8;11.22.2008;-1.7;-4.5;7.7
8;11.23.2008;-2.3;-8;6.7
8;11.24.2008;-0.5;-6;3.2
8;11.25.2008;-0.7;-2.9;0.6
8;11.26.2008;-2.7;-8.6;1.7
8;11.27.2008;-4.4;-9.3;-0.4
8;11.28.2008;-4;-6.6;-2.8
8;11.29.2008;-0.8;-3.3;0.3
8;11.30.2008;1.4;-0.5;3.4
8;12.01.2008;3.2;0;6.7
8;12.02.2008;3.5;0.8;5.7
8;12.03.2008;1.8;0.1;4.8
8;12.04.2008;-0.2;-2.1;0.7
8;12.05.2008;2.8;-1.7;5.5
8;12.06.2008;2.9;0.5;6.5
8;12.07.2008;-0.6;-2;2.9
8;12.08.2008;-1.6;-3.1;-0.1
8;12.09.2008;-1.6;-4.4;2.3
8;12.10.2008;1.3;-3;2.3
8;12.11.2008;3.5;1.3;4.4
8;12.12.2008;3.2;2.2;4.7
8;12.13.2008;2.8;1.2;4.4
8;12.14.2008;2.4;1.5;3.6
8;12.15.2008;3.4;2;4.5
8;12.16.2008;3.6;2.7;4.3
8;12.17.2008;3.4;2.6;4.8
8;12.18.2008;2.7;1;5.2
8;12.19.2008;0.8;-0.8;3.9
8;12.20.2008;-0.2;-1.6;1
8;12.21.2008;1;-4.4;7.8
8;12.22.2008;-1.3;-2.8;1.1
8;12.23.2008;-2;-4;0.2
8;12.24.2008;-0.4;-2.5;1.7
8;12.25.2008;-1;-3;1
8;12.26.2008;-4.2;-6.8;1.2
8;12.27.2008;-2.4;-6.6;0.7
8;12.28.2008;-3.9;-6.7;1
8;12.29.2008;-4.2;-7.5;-2.6
8;12.30.2008;-4.9;-5.8;-4
8;12.31.2008;-7.2;-9.5;-3.7
8;01.01.2009;-2.3;-10.2;-0.4
8;01.02.2009;-3.6;-4.3;-1.7
8;01.03.2009;-6.4;-9.9;-0.4
8;01.04.2009;-9.5;-14.8;-1.4
8;01.05.2009;-8.2;-13.9;-1.1
8;01.06.2009;-6;-11.7;-2.3
8;01.07.2009;-5.3;-8;-2.6
8;01.08.2009;-8.1;-12.9;-2.4
8;01.09.2009;-10.5;-16.9;-2.4
8;01.10.2009;-11.4;-16.3;-3
8;01.11.2009;-10.8;-15.5;-8.4
8;01.12.2009;-9.8;-11.9;-8.9
8;01.13.2009;-6.7;-11.3;-4
8;01.14.2009;-4.5;-6.4;-3.5
8;01.15.2009;-2.8;-4.7;0.1
8;01.16.2009;-3.2;-4.5;-0.9
8;01.17.2009;-3.6;-4.7;-2.4
8;01.18.2009;0.3;-5.3;2.9
8;01.19.2009;0.8;-2.5;2.9
8;01.20.2009;4;0.5;8.1
8;01.21.2009;3.2;0.9;5.3
8;01.22.2009;0.8;-1.9;3.9
8;01.23.2009;0.3;-1.1;1.3
8;01.24.2009;0.9;-0.7;1.6
8;01.25.2009;0.8;-1.3;4
8;01.26.2009;1.6;-1.1;6.4
8;01.27.2009;0.2;-0.5;1.2
8;01.28.2009;0.2;-1.1;2
8;01.29.2009;0.8;-1;3.2
8;01.30.2009;-0.2;-1;1
8;01.31.2009;-1.3;-2.1;0.2
8;02.01.2009;-1.9;-2.8;-0.7
8;02.02.2009;-1.4;-2.9;-0.2
8;02.03.2009;-0.2;-1.9;1.5
8;02.04.2009;0.7;-0.7;3.5
8;02.05.2009;3;-0.5;8.1
8;02.06.2009;2.3;0.4;5.3
8;02.07.2009;2.3;0.9;4.8
8;02.08.2009;2.1;0.4;3.9
8;02.09.2009;0;-3;5.5
8;02.10.2009;0.7;-4.8;3.5
8;02.11.2009;2.9;-0.9;7.3
8;02.12.2009;1.6;-5.7;7
8;02.13.2009;-0.8;-5.5;4.6
8;02.14.2009;1.3;-4.7;5.6
8;02.15.2009;-1.8;-6.5;4.6
8;02.16.2009;-1.4;-5.6;5.4
8;02.17.2009;0.2;-5.3;6.6
8;02.18.2009;-2.5;-8;3.5
8;02.19.2009;-4.5;-10.6;2.1
8;02.20.2009;-3.3;-9.7;3.9
8;02.21.2009;1.5;-6.9;7.8
8;02.22.2009;0;-1.4;3.5
8;02.23.2009;0.2;-4.5;6.9
8;02.24.2009;0.8;-3.8;6.5
8;02.25.2009;-1.3;-7;7.4
8;02.26.2009;-0.5;-5.1;7.4
8;02.27.2009;2;-5.1;12.9
8;02.28.2009;2.7;-4.9;14.5
8;03.01.2009;6.6;-3.1;12.9
8;03.02.2009;6.9;1.5;11.6
8;03.03.2009;6;3.1;8.7
8;03.04.2009;5.7;3.9;7.6
8;03.05.2009;4.8;2.5;6.9
8;03.06.2009;4.3;1.6;11.5
8;03.07.2009;8.3;-2;13.1
8;03.08.2009;5.7;-0.5;14.9
8;03.09.2009;-0.3;-3.2;5.7
8;03.10.2009;4.7;-6;12.5
8;03.11.2009;5.7;-2.3;13.8
8;03.12.2009;4.4;-4.1;12.2
8;03.13.2009;4.6;-2.8;14.1
8;03.14.2009;4.7;-3.7;14.9
8;03.15.2009;5.7;-2.5;15.8
8;03.16.2009;6.9;-3;15.1
8;03.17.2009;4.2;-1.6;12.5
8;03.18.2009;9.7;-3.7;14.6
8;03.19.2009;1.6;-4.5;8.9
8;03.20.2009;-0.8;-6;6.1
8;03.21.2009;1.8;-4.2;8.4
8;03.22.2009;2.5;-8;13.3
8;03.23.2009;5.3;-4.2;15.3
8;03.24.2009;1;-2.5;7.6
8;03.25.2009;0;-6.3;3.2
8;03.26.2009;5.9;-4;13.9
8;03.27.2009;6.7;-1.4;12.6
8;03.28.2009;7.5;5.6;9.8
8;03.29.2009;7.5;6.3;9.7
8;03.30.2009;5.9;4.6;7.2
8;03.31.2009;6.5;4.7;8.7
8;04.01.2009;9;5.3;13
8;04.02.2009;8.6;6.9;10
8;04.03.2009;10.9;7;17.4
8;04.04.2009;12;5.4;20.6
8;04.05.2009;12.2;3.6;21.7
8;04.06.2009;12.1;3.2;21.5
8;04.07.2009;11.6;2.8;22.4
8;04.08.2009;12.4;2.1;22.5
8;04.09.2009;11.7;3.1;22.3
8;04.10.2009;11.1;1.5;22.4
8;04.11.2009;11.2;0.9;22.1
8;04.12.2009;11.5;1.7;22
8;04.13.2009;10.6;2.5;21.3
8;04.14.2009;11.2;1.2;21.2
8;04.15.2009;11.9;1.8;22.5
8;04.16.2009;12.8;2.7;19.2
8;04.17.2009;10.6;7.7;16.5
8;04.18.2009;8.8;5.6;15.2
8;04.19.2009;9.8;3.9;12.3
8;04.20.2009;11.5;9.1;14.8
8;04.21.2009;10.6;9.1;16.1
8;04.22.2009;13.8;1.8;21.6
8;04.23.2009;7.6;5.6;13.4
8;04.24.2009;8.1;5.2;12.1
8;04.25.2009;11.4;4;19.2
8;04.26.2009;12.1;3.9;18.2
8;04.27.2009;12;8.7;15.5
8;04.28.2009;11;9.8;15.2
8;04.29.2009;10.1;8.8;14.1
8;04.30.2009;11.8;6.8;16.8
8;05.01.2009;13.1;5.2;22.8
8;05.02.2009;12;5.9;20.2
8;05.03.2009;11.1;6.2;18.1
8;05.04.2009;10.7;4.5;18.7
8;05.05.2009;10.5;7.4;16.3
8;05.06.2009;12.6;5.4;19.2
8;05.07.2009;16;9.2;24.7
8;05.08.2009;16.1;5.8;23.6
8;05.09.2009;15.8;6.4;22.8
8;05.10.2009;16.8;7.3;25.4
8;05.11.2009;16.9;7.3;25
8;05.12.2009;18.4;8.3;25.3
8;05.13.2009;14.6;12;19.7
8;05.14.2009;15.2;12.6;22.4
8;05.15.2009;15.4;6.3;22.3
8;05.16.2009;17.4;10.7;24.5
8;05.17.2009;18.6;8.4;26.1
8;05.18.2009;19.6;8.9;28.6
8;05.19.2009;19.4;10.1;26
8;05.20.2009;18.1;12.1;24.2
8;05.21.2009;19.4;9.5;27.8
8;05.22.2009;20.8;11.5;28.9
8;05.23.2009;21.3;10.7;29.2
8;05.24.2009;20;15.6;28.8
8;05.25.2009;20.2;11.9;31.4
8;05.26.2009;22.4;12.8;31.6
8;05.27.2009;12.4;10.5;22.3
8;05.28.2009;15.1;10;21.2
8;05.29.2009;13.6;9.7;20.6
8;05.30.2009;10.4;5.3;18.4
8;05.31.2009;11.7;7.4;17.8
8;06.01.2009;14.6;5;20.7
8;06.02.2009;15.8;6.7;22.3
8;06.03.2009;17.7;9.2;24.8
8;06.04.2009;13.8;13;18
8;06.05.2009;14.2;10.9;17.2
8;06.06.2009;19.2;13.9;23.3
8;06.07.2009;14.4;12.2;19.8
8;06.08.2009;16.1;9.3;23.6
8;06.09.2009;17.4;9.4;25.1
8;06.10.2009;17.3;9.9;24.8
8;06.11.2009;16.7;8.9;23.3
8;06.12.2009;18.2;10.2;23.8
8;06.13.2009;17.4;9.3;24.5
8;06.14.2009;20.4;10;28.7
8;06.15.2009;21.8;12.9;28.8
8;06.16.2009;21.4;14.4;29.4
8;06.17.2009;17.2;14.5;21.8
8;06.18.2009;19.9;9.2;27.4
8;06.19.2009;22.4;11.6;29.5
8;06.20.2009;11.6;9.4;22.3
8;06.21.2009;14.8;7.5;19.7
8;06.22.2009;12.9;6.8;16.3
8;06.23.2009;12.3;9.9;14.4
8;06.24.2009;14.6;11.5;17
8;06.25.2009;16.8;13.9;22.2
8;06.26.2009;18.2;10.7;25.3
8;06.27.2009;17.7;14.5;23.6
8;06.28.2009;18.6;14.1;22.9
8;06.29.2009;19.1;15.4;23.2
8;06.30.2009;19.7;15;25.6
8;07.01.2009;20.4;13.6;27.9
8;07.02.2009;20.7;15;26.9
8;07.03.2009;20.7;13.4;27.1
8;07.04.2009;19.9;16.3;27.5
8;07.05.2009;20.3;14.6;27.9
8;07.06.2009;18.6;13.3;25.2
8;07.07.2009;16.9;15.2;22.5
8;07.08.2009;12.5;11.5;16.7
8;07.09.2009;15.7;9.2;21.8
8;07.10.2009;14;12.8;17.3
8;07.11.2009;14.9;8.5;21.6
8;07.12.2009;17.2;8.4;24.3
8;07.13.2009;20;10.6;27.6
8;07.14.2009;21.7;12.7;28.3
8;07.15.2009;22.9;14.2;31
8;07.16.2009;23.3;15.3;30.3
8;07.17.2009;22.4;14.5;30.2
8;07.18.2009;15.7;12.2;21.8
8;07.19.2009;16.2;9;24.7
8;07.20.2009;18.5;9.6;26.9
8;07.21.2009;20.7;11.2;29.1
8;07.22.2009;22.3;12.9;28.7
8;07.23.2009;22.7;15;30.9
8;07.24.2009;22.4;13.5;30.3
8;07.25.2009;17.4;15.1;23.8
8;07.26.2009;17.9;9;24.7
8;07.27.2009;19.5;9.3;27.7
8;07.28.2009;20.3;11.8;28.3
8;07.29.2009;20.8;13.2;27.6
8;07.30.2009;23.2;13.3;30.8
8;07.31.2009;21.5;16.4;26.6
8;08.01.2009;22.1;14.2;29.4
8;08.02.2009;22.1;14.1;31.9
8;08.03.2009;18.9;12.9;28
8;08.04.2009;17.7;15.8;19.9
8;08.05.2009;18.7;14.2;25.7
8;08.06.2009;21.3;11.9;27.5
8;08.07.2009;19.8;13.2;26.3
8;08.08.2009;20.9;13.1;27.8
8;08.09.2009;20.8;15.7;27.2
8;08.10.2009;21;13.5;28.6
8;08.11.2009;20.6;15.5;28.5
8;08.12.2009;21;12.4;27.1
8;08.13.2009;21.7;15.2;29.8
8;08.14.2009;20.1;16.1;25.5
8;08.15.2009;20.4;13.7;27.6
8;08.16.2009;22.1;13.9;30.2
8;08.17.2009;21.3;15.6;30.5
8;08.18.2009;21.8;13.3;29.7
8;08.19.2009;23.3;15.1;29.6
8;08.20.2009;22.5;15.6;28.8
8;08.21.2009;23.2;15.6;30.1
8;08.22.2009;19.7;14.4;28.7
8;08.23.2009;18.8;14;24.7
8;08.24.2009;18.8;9.9;24
8;08.25.2009;17.9;11.4;26.3
8;08.26.2009;20.5;10.1;29.4
8;08.27.2009;22.3;13;32.1
8;08.28.2009;22.5;14.1;31.1
8;08.29.2009;16.5;14.3;21.9
8;08.30.2009;14.7;11.7;22
8;08.31.2009;15.2;6.3;23.6
8;09.01.2009;17.6;8;27.4
8;09.02.2009;19.7;10.3;28.5
8;09.03.2009;21;14.5;26.5
8;09.04.2009;16.9;14.5;22
8;09.05.2009;10.7;9.1;15.5
8;09.06.2009;11.6;3.9;20.8
8;09.07.2009;12.6;3.7;21.5
8;09.08.2009;15.4;5.2;22.6
8;09.09.2009;15.3;9.7;21.7
8;09.10.2009;16.5;11.3;23.5
8;09.11.2009;15.9;10.3;22.6
8;09.12.2009;16.1;10.8;25.3
8;09.13.2009;15.2;9;21.7
8;09.14.2009;12.9;12.3;15.4
8;09.15.2009;15.4;11.3;21.2
8;09.16.2009;15.9;12.1;20
8;09.17.2009;16.2;14;22.4
8;09.18.2009;16.1;13.5;19.9
8;09.19.2009;17.4;12.3;23.6
8;09.20.2009;15.7;11.3;23.3
8;09.21.2009;15.4;10;23.9
8;09.22.2009;15.2;8.6;24.1
8;09.23.2009;14.8;8.2;24
8;09.24.2009;15.1;8.7;24.4
8;09.25.2009;16.1;10.7;22.5
8;09.26.2009;13.7;10.5;21.4
8;09.27.2009;13.5;6.3;19.6
8;09.28.2009;13.4;7.1;22.4
8;09.29.2009;14;6.8;23.1
8;09.30.2009;14.5;7.4;22.7
8;10.01.2009;15.5;10.7;22.9
8;10.02.2009;12.3;10.8;15.1
8;10.03.2009;9.6;6.8;16.3
8;10.04.2009;10.4;3.6;19.8
8;10.05.2009;12.8;4.3;20.6
8;10.06.2009;14.8;9.5;23.6
8;10.07.2009;15.6;11.4;24.9
8;10.08.2009;14.8;8.7;22.6
8;10.09.2009;16.1;9.5;20.8
8;10.10.2009;15.2;13.9;18.2
8;10.11.2009;13.3;10.1;18.9
8;10.12.2009;9.7;5.9;13
8;10.13.2009;8.9;6.1;14
8;10.14.2009;5.4;0.5;10.6
8;10.15.2009;4.2;-2.6;10.5
8;10.16.2009;3;-4.4;10
8;10.17.2009;4.2;-3.1;12.6
8;10.18.2009;1.9;-1.1;8
8;10.19.2009;1.1;-3.4;11
8;10.20.2009;1.6;-3.5;11.1
8;10.21.2009;9.4;-3;13.7
8;10.22.2009;10;8.9;13.4
8;10.23.2009;10.2;4.3;13.4
8;10.24.2009;9.4;8.6;11.6
8;10.25.2009;7.9;3.8;15.8
8;10.26.2009;10;6.2;13.4
8;10.27.2009;7.7;3.2;16.5
8;10.28.2009;7;2;14.8
8;10.29.2009;8.2;3.3;15.8
8;10.30.2009;6.4;2.8;9.2
8;10.31.2009;0.9;-3;9.6
8;11.01.2009;0.1;-4.3;9
8;11.02.2009;0.6;-4.4;2.9
8;11.03.2009;1.9;-0.2;4.1
8;11.04.2009;2.7;0.2;4.2
8;11.05.2009;4.6;1.1;8.8
8;11.06.2009;4.3;3.7;5.3
8;11.07.2009;3.3;0.3;9.3
8;11.08.2009;3.9;-0.6;5.2
8;11.09.2009;5;1.1;7.9
8;11.10.2009;4.3;-0.4;8
8;11.11.2009;3.2;-0.8;10.8
8;11.12.2009;1.6;-4.3;10.3
8;11.13.2009;4.4;-1.9;13.6
8;11.14.2009;9.4;0.5;11.6
8;11.15.2009;8.3;2.4;13.2
8;11.16.2009;7.7;4.6;12.1
8;11.17.2009;7.3;3.8;15.4
8;11.18.2009;7.2;1.3;15
8;11.19.2009;3.8;-1.1;12.8
8;11.20.2009;3.4;-1.8;13.1
8;11.21.2009;3.2;-3;13.6
8;11.22.2009;3;-3.3;11.6
8;11.23.2009;7.3;1.7;14
8;11.24.2009;5.4;2.2;11.9
8;11.25.2009;4.5;-1.4;11.9
8;11.26.2009;8.6;3.3;10.1
8;11.27.2009;8.3;6.3;12
8;11.28.2009;5.5;2.5;8.2
8;11.29.2009;6.9;2.5;11
8;11.30.2009;10.9;6.3;14.5
8;12.01.2009;6.2;2.9;10.7
8;12.02.2009;5.2;2.3;9.5
8;12.03.2009;1.4;-0.7;4.3
8;12.04.2009;1.3;-0.1;2.2
8;12.05.2009;3.3;0.8;4.9
8;12.06.2009;1.3;-0.6;3.6
8;12.07.2009;3.8;-0.8;6.8
8;12.08.2009;5.2;4.3;7.3
8;12.09.2009;2;-1.1;8.7
8;12.10.2009;1.3;-4.5;6.2
8;12.11.2009;1;-2.3;3.3
8;12.12.2009;0.2;-3.7;3.9
8;12.13.2009;-2.1;-4;1.5
8;12.14.2009;-3.4;-4.3;-2.1
8;12.15.2009;-3.3;-4.4;-1.6
8;12.16.2009;-4;-4.6;-2.9
8;12.17.2009;-6.5;-8.2;-3
8;12.18.2009;-10.7;-13.8;-4.8
8;12.19.2009;-9;-15;-6.5
8;12.20.2009;-14.5;-18.4;-6.8
8;12.21.2009;-4.4;-20.3;1.1
8;12.22.2009;1;-0.3;2.6
8;12.23.2009;5.2;0.4;9.1
8;12.24.2009;8.7;3.3;12.1
8;12.25.2009;8.8;5.1;13.9
8;12.26.2009;2.8;-0.1;6.6
8;12.27.2009;1;0;3.6
8;12.28.2009;-2;-3.9;0.4
8;12.29.2009;-0.3;-5.4;2.4
8;12.30.2009;5.1;-0.4;8.1
8;12.31.2009;5.7;0.7;7.7
8;01.01.2010;5.5;4;7.4
8;01.02.2010;2.5;0.6;5.4
8;01.03.2010;-2.5;-6.1;3.8
8;01.04.2010;-5.1;-10.6;-3.1
8;01.05.2010;-2.4;-4.1;-1.2
8;01.06.2010;-2;-3.8;-0.8
8;01.07.2010;-0.4;-2.9;0.6
8;01.08.2010;-1.4;-1.9;0.1
8;01.09.2010;-0.2;-2.1;0.8
8;01.10.2010;0.2;-1;3.9
8;01.11.2010;-0.2;-1;0.6
8;01.12.2010;-0.5;-1.2;0.7
8;01.13.2010;-1.4;-2.1;-0.4
8;01.14.2010;-1.6;-2.7;0.1
8;01.15.2010;-0.8;-2.6;1.2
8;01.16.2010;-1.8;-4.5;1.5
8;01.17.2010;-6.3;-9.7;-0.8
8;01.18.2010;-7.3;-10.8;-1.3
8;01.19.2010;-7;-8.7;-3.4
8;01.20.2010;-8.4;-11.2;-2.6
8;01.21.2010;-6.2;-12.4;-3.1
8;01.22.2010;-3.6;-5.5;-1.9
8;01.23.2010;-4.6;-5.7;-3.1
8;01.24.2010;-4.6;-6;-3.5
8;01.25.2010;-5.1;-6.2;-3.4
8;01.26.2010;-7.1;-9.2;-3.6
8;01.27.2010;-10.5;-15.5;-2.4
8;01.28.2010;-10.7;-17.3;-3.1
8;01.29.2010;-6.9;-15.3;-3.7
8;01.30.2010;-1.5;-4.6;0.4
8;01.31.2010;-4.7;-8.7;0.5
8;02.01.2010;-9.7;-14.8;-2.7
8;02.02.2010;-9.5;-18.4;-1.2
8;02.03.2010;-6.7;-15.6;3.8
8;02.04.2010;-1.1;-8.7;3.1
8;02.05.2010;0.6;-3.5;2.2
8;02.06.2010;-0.3;-1.5;2.6
8;02.07.2010;-2.8;-4.4;0.8
8;02.08.2010;-4;-5.8;-1.6
8;02.09.2010;-4;-5.5;-2.8
8;02.10.2010;-3.5;-5;-2.3
8;02.11.2010;-1.9;-4;0.1
8;02.12.2010;-1.7;-3;1.8
8;02.13.2010;-4.3;-8.1;3.7
8;02.14.2010;-2.4;-8.1;-0.4
8;02.15.2010;-2.1;-3.9;1
8;02.16.2010;-2.2;-7.4;3.8
8;02.17.2010;0.9;-3;5
8;02.18.2010;1.5;-0.2;4.5
8;02.19.2010;2.3;-0.7;4
8;02.20.2010;0.4;-0.6;3.3
8;02.21.2010;-1.2;-3.5;4.3
8;02.22.2010;0.8;-4.1;5.2
8;02.23.2010;1.4;-3;8.9
8;02.24.2010;0.8;-2.6;5.8
8;02.25.2010;2.7;-4.2;10.3
8;02.26.2010;3.3;-0.3;5.1
8;02.27.2010;1.9;-1.6;11
8;02.28.2010;6.2;-1.3;11.7
8;03.01.2010;4.3;-0.3;13.5
8;03.02.2010;2.7;-1.2;9.9
8;03.03.2010;1.7;-3.7;4.8
8;03.04.2010;1.2;-0.2;3.4
8;03.05.2010;-1.3;-4.1;3.8
8;03.06.2010;-3.1;-9;2.9
8;03.07.2010;-3.1;-7.7;2.4
8;03.08.2010;-3.2;-10.4;1.4
8;03.09.2010;-0.8;-3.8;1.4
8;03.10.2010;-3.2;-4;0.4
8;03.11.2010;-1.5;-5.5;1.8
8;03.12.2010;-1.1;-5.3;6.6
8;03.13.2010;1.5;-7.1;9.7
8;03.14.2010;2.6;-6.1;12.4
8;03.15.2010;0.7;-5;10
8;03.16.2010;2.3;-5.2;12.3
8;03.17.2010;2.6;-4.6;9.9
8;03.18.2010;4.7;-2.6;14.4
8;03.19.2010;7.7;-1.1;14.5
8;03.20.2010;8.2;-0.9;12.8
8;03.21.2010;8.6;6.7;11.4
8;03.22.2010;8;3.7;10.4
8;03.23.2010;9.6;5.1;16.2
8;03.24.2010;9.9;0.8;17
8;03.25.2010;11.6;7.8;16.2
8;03.26.2010;10.6;8.2;12.7
8;03.27.2010;7.1;3.1;13.9
8;03.28.2010;6;-2;17.1
8;03.29.2010;9.8;1.9;18.1
8;03.30.2010;10;5.3;13
8;03.31.2010;6;3.5;10.1
8;04.01.2010;6.3;0.6;12.2
8;04.02.2010;4.1;1.9;7.7
8;04.03.2010;5.5;-2.6;13.6
8;04.04.2010;8.6;3.5;13.8
8;04.05.2010;9.6;5.5;12.4
8;04.06.2010;7.3;-1.5;16.1
8;04.07.2010;7.4;-2.6;16.3
8;04.08.2010;8.2;-1.6;17.9
8;04.09.2010;11.7;0;20.2
8;04.10.2010;7.3;5.6;13.2
8;04.11.2010;3;-2.1;11
8;04.12.2010;4.2;-1.5;6.3
8;04.13.2010;5.7;3.6;7.3
8;04.14.2010;6.2;3.2;10.2
8;04.15.2010;8.5;0.2;17.2
8;04.16.2010;10.2;-0.3;17
8;04.17.2010;9.9;5.5;16.5
8;04.18.2010;6;1.8;11.5
8;04.19.2010;9.6;0.3;19
8;04.20.2010;11.1;0.5;21.7
8;04.21.2010;10.9;3.6;20.9
8;04.22.2010;7.3;6.7;10.7
8;04.23.2010;11.2;3.6;17
8;04.24.2010;12;7.1;18.5
8;04.25.2010;12.8;4;20.7
8;04.26.2010;14.7;4.2;23.6
8;04.27.2010;13.3;9.4;18.6
8;04.28.2010;12.5;3.3;20.7
8;04.29.2010;15.4;3.3;23.2
8;04.30.2010;16.8;5.1;24.1
8;05.01.2010;16.4;6.7;22.7
8;05.02.2010;12.9;10.9;16.5
8;05.03.2010;12.8;10.8;15.5
8;05.04.2010;12.6;10.2;14.6
8;05.05.2010;13.1;11.8;15.4
8;05.06.2010;10.5;8.7;14.9
8;05.07.2010;10.2;4.6;16.7
8;05.08.2010;10.1;4.2;12.6
8;05.09.2010;12.3;7.3;18.4
8;05.10.2010;11.8;9.4;16.1
8;05.11.2010;14.1;7.6;18.3
8;05.12.2010;14.9;11.5;20.8
8;05.13.2010;11.9;9.7;17.6
8;05.14.2010;11.6;7.8;18.4
8;05.15.2010;11.1;7.9;12.9
8;05.16.2010;13;8.3;17.1
8;05.17.2010;14.4;9.2;19.2
8;05.18.2010;14.5;7;20.1
8;05.19.2010;13.2;1.6;18.7
8;05.20.2010;12.9;8.2;17.3
8;05.21.2010;12.5;6.8;16.7
8;05.22.2010;16.8;7.9;23.6
8;05.23.2010;17;8.5;23.8
8;05.24.2010;18.3;7.8;26.4
8;05.25.2010;19.6;9;26.9
8;05.26.2010;17.5;9.9;24.7
8;05.27.2010;17.6;7.4;25.2
8;05.28.2010;16.9;7.6;23.7
8;05.29.2010;15.9;8.5;24
8;05.30.2010;14.5;12.8;17.9
8;05.31.2010;11.2;8.9;15.2
8;06.01.2010;15.8;6.2;21.5
8;06.02.2010;11.8;6.7;17.2
8;06.03.2010;14.2;9.6;18.6
8;06.04.2010;16.3;11.8;21.2
8;06.05.2010;17.7;8.5;24.8
8;06.06.2010;20.1;9.6;27.3
8;06.07.2010;21.5;11.3;28.5
8;06.08.2010;21.6;11.8;27.9
8;06.09.2010;21.6;12.6;28.1
8;06.10.2010;22.1;13.5;28.4
8;06.11.2010;22.2;12.6;30.1
8;06.12.2010;22.8;13.1;30.7
8;06.13.2010;24.1;14;30
8;06.14.2010;21.4;17.1;26.4
8;06.15.2010;19.8;14.6;24.7
8;06.16.2010;17.8;16.5;22.3
8;06.17.2010;19.2;16.2;24.5
8;06.18.2010;17.8;14.6;24.3
8;06.19.2010;15.3;12.3;19.5
8;06.20.2010;11.9;11.4;14.5
8;06.21.2010;15.3;10.8;18.5
8;06.22.2010;16.5;8.2;21.4
8;06.23.2010;17.4;12.4;23.6
8;06.24.2010;18.2;7.9;23
8;06.25.2010;19;9.5;27.6
8;06.26.2010;19.3;14.7;26.6
8;06.27.2010;20.7;11.4;27.1
8;06.28.2010;20.6;11.2;27.5
8;06.29.2010;21.7;12;28.6
8;06.30.2010;21.3;13.9;29.8
8;07.01.2010;20.8;13.5;29.2
8;07.02.2010;23.3;14.5;30
8;07.03.2010;22.5;15.5;30.2
8;07.04.2010;20.3;14.8;27.9
8;07.05.2010;21;16.3;27.4
8;07.06.2010;16.8;15.6;26.2
8;07.07.2010;17;13.1;24
8;07.08.2010;18.8;8.8;25.7
8;07.09.2010;21.3;11.3;28.5
8;07.10.2010;23.1;13.5;30.4
8;07.11.2010;22.9;14.4;30.9
8;07.12.2010;23.9;15.4;32.2
8;07.13.2010;24.5;16.9;31.5
8;07.14.2010;25.8;18.1;33.1
8;07.15.2010;26.4;18;34.2
8;07.16.2010;26.2;17.7;33.3
8;07.17.2010;25.8;19;33.7
8;07.18.2010;20.8;18.4;24.5
8;07.19.2010;21.5;15.1;27.5
8;07.20.2010;21;17.4;26.8
8;07.21.2010;23.8;13.1;32.1
8;07.22.2010;26;14.8;33.5
8;07.23.2010;24.4;17;33.8
8;07.24.2010;15.7;14.2;21.5
8;07.25.2010;16.3;12.3;24.5
8;07.26.2010;17.6;8.2;23.6
8;07.27.2010;16.5;10.5;25.8
8;07.28.2010;19.4;10.9;27.5
8;07.29.2010;15.3;12.3;20.6
8;07.30.2010;14.7;11.8;17.3
8;07.31.2010;18.1;12.2;23.9
8;08.01.2010;19.5;11.3;28.1
8;08.02.2010;21.5;12.1;30.1
8;08.03.2010;18.2;14.3;28.5
8;08.04.2010;18.7;15.3;24.5
8;08.05.2010;16.4;10.7;23.2
8;08.06.2010;15;12.3;20.8
8;08.07.2010;17.3;12.5;23.3
8;08.08.2010;16.9;11.1;26.5
8;08.09.2010;20.1;11.4;25.2
8;08.10.2010;20.7;17.4;27.4
8;08.11.2010;21.1;14.2;28.5
8;08.12.2010;20.9;13;27.4
8;08.13.2010;16.8;15.7;20.1
8;08.14.2010;18.5;14.2;24
8;08.15.2010;18.7;15.8;26.1
8;08.16.2010;16.8;12;23.9
8;08.17.2010;17;9.7;24.1
8;08.18.2010;17.9;14.2;22.7
8;08.19.2010;19.9;16.1;26.1
8;08.20.2010;19.4;13.7;25.8
8;08.21.2010;20.7;15;27.9
8;08.22.2010;21.1;14;27.8
8;08.23.2010;21.4;13.7;29.3
8;08.24.2010;22.2;15.2;28.4
8;08.25.2010;17.4;16.8;21.9
8;08.26.2010;20;14.1;27.7
8;08.27.2010;21.4;15.4;28.3
8;08.28.2010;16;13.9;20.8
8;08.29.2010;13.4;9.1;20.1
8;08.30.2010;8.2;6;13.6
8;08.31.2010;12;3.8;18.8
8;09.01.2010;12.8;7.6;20.7
8;09.02.2010;13.3;3.8;22.3
8;09.03.2010;13.6;6.5;19.9
8;09.04.2010;14.3;10.2;20.4
8;09.05.2010;14.2;11.1;18.7
8;09.06.2010;11.2;9.6;14.2
8;09.07.2010;10.6;9.7;11.6
8;09.08.2010;13.5;10.2;16.1
8;09.09.2010;15;11.5;20.2
8;09.10.2010;14;11.7;20.1
8;09.11.2010;13.4;7.2;22.5
8;09.12.2010;14.8;7.1;21.7
8;09.13.2010;15.4;10.1;21.6
8;09.14.2010;15.1;8.6;22.3
8;09.15.2010;17.8;10.8;24.6
8;09.16.2010;15.9;11.8;19.1
8;09.17.2010;13.8;11.9;16.8
8;09.18.2010;10.3;9.8;12.5
8;09.19.2010;10.7;9.2;16.3
8;09.20.2010;10.6;8.2;18.3
8;09.21.2010;11.5;4.6;20.4
8;09.22.2010;11.8;5.4;20.8
8;09.23.2010;11.8;5.8;20.3
8;09.24.2010;13.9;7.7;19.3
8;09.25.2010;13.5;12.5;15.2
8;09.26.2010;12.5;11.8;14.7
8;09.27.2010;11.3;9.8;13.2
8;09.28.2010;12.3;9.4;16.3
8;09.29.2010;11.9;8.4;18.3
8;09.30.2010;11;6.4;13.6
8;10.01.2010;11.7;10.1;13.4
8;10.02.2010;12.6;10.1;18
8;10.03.2010;13.3;10.6;16.1
8;10.04.2010;14.4;10.3;18.5
8;10.05.2010;15.4;14.7;17.9
8;10.06.2010;12;11;15.4
8;10.07.2010;10.3;7.5;15.9
8;10.08.2010;7.7;2.3;15.8
8;10.09.2010;6.1;0.9;14.5
8;10.10.2010;5.8;1.1;13.3
8;10.11.2010;6.2;0.8;14.2
8;10.12.2010;7.2;0.5;14.2
8;10.13.2010;9.6;5;13.5
8;10.14.2010;8.1;5.3;14
8;10.15.2010;7;0.3;12.2
8;10.16.2010;7.9;4.7;11.1
8;10.17.2010;6.1;5.1;7.8
8;10.18.2010;7.2;5.4;9
8;10.19.2010;7.3;6.6;8.9
8;10.20.2010;5.6;2.8;11
8;10.21.2010;3.9;0.1;11.7
8;10.22.2010;5.5;-3.1;14.7
8;10.23.2010;8.6;1.1;15.3
8;10.24.2010;9.5;4;15.3
8;10.25.2010;6.6;4.6;11
8;10.26.2010;1.9;-1.2;7.5
8;10.27.2010;1.4;-3.6;10.6
8;10.28.2010;1.2;-4.1;10.1
8;10.29.2010;2.7;-3.4;14
8;10.30.2010;8.1;-3.4;15.3
8;10.31.2010;9.8;6.9;12.1
8;11.01.2010;11.3;8.7;14.2
8;11.02.2010;11.4;9.2;15
8;11.03.2010;9.2;7.2;11.5
8;11.04.2010;7.1;4.4;12.7
8;11.05.2010;8.9;1.8;15.9
8;11.06.2010;9.7;3.7;14.2
8;11.07.2010;10.1;7;12.2
8;11.08.2010;8.5;6.9;11.4
8;11.09.2010;4.7;2.7;7.9
8;11.10.2010;6.7;2.6;8.8
8;11.11.2010;5.1;1.2;11.7
8;11.12.2010;7.5;3.3;11
8;11.13.2010;8.6;4.4;14.6
8;11.14.2010;12.2;3.9;16.7
8;11.15.2010;11;6.7;15.2
8;11.16.2010;10.6;8.5;12.3
8;11.17.2010;9.7;9;11.3
8;11.18.2010;8.5;7.5;10.5
8;11.19.2010;7.1;5.4;10.9
8;11.20.2010;5.5;3.1;7.8
8;11.21.2010;6.3;4.3;7.3
8;11.22.2010;5.8;2.3;11.5
8;11.23.2010;3.9;0.6;6.5
8;11.24.2010;1.9;-1.7;8.6
8;11.25.2010;0.2;-3.3;5.9
8;11.26.2010;-0.8;-4.8;0.8
8;11.27.2010;-1.3;-4.8;3.5
8;11.28.2010;-1.4;-4.4;0.4
8;11.29.2010;0.3;-0.9;2.1
8;11.30.2010;-0.8;-3.7;2.7
8;12.01.2010;-1.7;-2.5;0.5
8;12.02.2010;0.1;-2.2;1.4
8;12.03.2010;-1;-1.6;1.2
8;12.04.2010;-2.8;-6;-0.5
8;12.05.2010;-3.6;-9.1;-2.4
8;12.06.2010;2;-2.9;7.4
8;12.07.2010;3.9;0.7;6.8
8;12.08.2010;3.7;2.1;6.1
8;12.09.2010;1.3;-2.3;9.9
8;12.10.2010;-0.8;-4.3;4.4
8;12.11.2010;-3.4;-7.6;4
8;12.12.2010;-2.1;-7.5;4.5
8;12.13.2010;-4.3;-6.3;0.3
8;12.14.2010;-5.5;-13.1;1.6
8;12.15.2010;-4.3;-8.8;0
8;12.16.2010;-7.2;-10.5;-2.8
8;12.17.2010;-7.1;-13.3;-3.3
8;12.18.2010;-4.7;-5.8;-2.3
8;12.19.2010;-3.5;-11.6;0.1
8;12.20.2010;1.5;-5.5;5.5
8;12.21.2010;2;-4;4.8
8;12.22.2010;1.6;0.7;3.1
8;12.23.2010;1.8;0.7;3.3
8;12.24.2010;4.3;1.3;6.5
8;12.25.2010;2.9;1.6;4.9
8;12.26.2010;-2;-3.9;2
8;12.27.2010;-6.1;-9.1;-1
8;12.28.2010;-6.2;-11.3;-1.8
8;12.29.2010;-5.5;-10.6;0.7
8;12.30.2010;-5.9;-9.2;1.1
8;12.31.2010;-5.2;-11;1.6
8;01.01.2011;-5.6;-8.5;-1
8;01.02.2011;-4.2;-9.6;-1.4
8;01.03.2011;-8.5;-11.7;-2.6
8;01.04.2011;-8.1;-12.9;-6.3
8;01.05.2011;-8.8;-11.9;-4
8;01.06.2011;-3.7;-12.7;0.5
8;01.07.2011;4.2;-1.8;5.7
8;01.08.2011;5.2;2.5;9.2
8;01.09.2011;8.3;2.9;10
8;01.10.2011;4.6;2.9;9
8;01.11.2011;3.9;2.7;5.8
8;01.12.2011;1.1;-2.1;6.7
8;01.13.2011;2.8;-2.3;6
8;01.14.2011;2.9;-1;11.8
8;01.15.2011;2.4;-2.1;11.4
8;01.16.2011;1.3;-2.7;11.4
8;01.17.2011;0.5;-4.6;10.4
8;01.18.2011;0.8;-5;10.7
8;01.19.2011;-0.6;-4.4;1.6
8;01.20.2011;0.2;-2.3;2.9
8;01.21.2011;-0.9;-3.7;1.9
8;01.22.2011;-3.3;-5.2;0.9
8;01.23.2011;-5.1;-10.8;1.4
8;01.24.2011;-2.8;-7.6;0.7
8;01.25.2011;-2.9;-5.9;-0.6
8;01.26.2011;-2.3;-7.1;4.3
8;01.27.2011;-0.5;-4.2;2.1
8;01.28.2011;-2.9;-6.1;1.8
8;01.29.2011;-2.7;-8.2;-0.1
8;01.30.2011;-2.2;-4;-0.7
8;01.31.2011;-2.5;-3.2;-1.4
8;02.01.2011;-3.1;-4.9;-1.6
8;02.02.2011;-3.1;-5.3;1
8;02.03.2011;-3.1;-5.6;2.4
8;02.04.2011;-1.8;-9.2;7.7
8;02.05.2011;1.3;-5.1;12.3
8;02.06.2011;1.9;-5.9;16.1
8;02.07.2011;1.7;-5.9;15.1
8;02.08.2011;2.2;-6.3;15.7
8;02.09.2011;0.7;-5.2;11.6
8;02.10.2011;0;-5.5;10
8;02.11.2011;1.6;-5.7;12.2
8;02.12.2011;2.9;-3.3;10.5
8;02.13.2011;0.6;-0.4;2.1
8;02.14.2011;1.2;-0.6;3.1
8;02.15.2011;0.5;-0.2;1.6
8;02.16.2011;0.3;-0.7;2.2
8;02.17.2011;0.3;-0.6;2.2
8;02.18.2011;1.1;-0.6;3.7
8;02.19.2011;1.5;-0.5;3.9
8;02.20.2011;1.6;-0.3;4.3
8;02.21.2011;-1.3;-2.6;1.4
8;02.22.2011;-1.9;-3.6;0.3
8;02.23.2011;-3.7;-6.3;1.6
8;02.24.2011;-4.7;-10.4;2.3
8;02.25.2011;-2.8;-10.6;4.8
8;02.26.2011;-2.6;-7.5;2.5
8;02.27.2011;-2.1;-8.4;1.9
8;02.28.2011;-1.3;-2.7;0.5
8;03.01.2011;-1.6;-3.5;0.8
8;03.02.2011;-1.5;-7.7;2
8;03.03.2011;-1.6;-3.5;0.1
8;03.04.2011;0.6;-2.4;5.9
8;03.05.2011;-0.2;-3;6.9
8;03.06.2011;-0.4;-7;2.5
8;03.07.2011;-0.5;-5.3;7
8;03.08.2011;-3.1;-9.5;5.9
8;03.09.2011;-0.7;-9.2;10.6
8;03.10.2011;1.6;-5.9;13.4
8;03.11.2011;2.9;-5.5;13.7
8;03.12.2011;4.1;-5;13.3
8;03.13.2011;7.2;0.8;10.7
8;03.14.2011;8.6;5.4;15
8;03.15.2011;9.2;5.6;13.2
8;03.16.2011;7.6;5.3;9.9
8;03.17.2011;8.5;6.2;11.7
8;03.18.2011;7.5;5.3;12.7
8;03.19.2011;5.9;0.3;11.3
8;03.20.2011;5;-3;12.2
8;03.21.2011;3.6;-4.8;10
8;03.22.2011;3.4;-4.8;13.8
8;03.23.2011;5.6;-3.9;17.2
8;03.24.2011;7.2;-2.6;19.3
8;03.25.2011;7.8;-1.9;19.1
8;03.26.2011;8.6;-0.8;17.4
8;03.27.2011;8.6;2.1;10.5
8;03.28.2011;8.9;6.5;12.8
8;03.29.2011;6.1;0.8;15.3
8;03.30.2011;7.6;-1.9;17.3
8;03.31.2011;9.8;-1.3;19.8
8;04.01.2011;10.8;4.9;19.3
8;04.02.2011;12.4;3.1;22.2
8;04.03.2011;13.5;2.9;23.4
8;04.04.2011;12.8;4.4;23.3
8;04.05.2011;10.1;6.3;17.3
8;04.06.2011;10.5;0;19.8
8;04.07.2011;16.7;5.4;27.6
8;04.08.2011;12.7;5.8;23.6
8;04.09.2011;17.8;4.5;25.7
8;04.10.2011;10.8;1.8;20.8
8;04.11.2011;11.4;1.6;20.2
8;04.12.2011;10.6;4;22.4
8;04.13.2011;7.6;2.9;12.9
8;04.14.2011;8.1;-1.6;15.3
8;04.15.2011;6;0;12.4
8;04.16.2011;5.9;-1.8;13.5
8;04.17.2011;7.6;-1.8;15.8
8;04.18.2011;8.5;-1.8;17.7
8;04.19.2011;9.9;-1;19.5
8;04.20.2011;11.6;0.1;21.9
8;04.21.2011;12.9;1.7;23
8;04.22.2011;12.4;1.2;22.6
8;04.23.2011;13.2;1.2;22.1
8;04.24.2011;13.3;2.3;22.3
8;04.25.2011;13.1;7.4;20.5
8;04.26.2011;12.5;7.7;18.6
8;04.27.2011;10.3;7.4;17
8;04.28.2011;10.7;6.9;14.7
8;04.29.2011;10.2;8.7;12
8;04.30.2011;10.5;8;16.7
8;05.01.2011;12.4;3.3;20.4
8;05.02.2011;11.8;6.3;17.9
8;05.03.2011;11.9;7.3;22
8;05.04.2011;9;4.3;14.7
8;05.05.2011;9.1;-0.9;16.3
8;05.06.2011;11.3;-0.7;19.4
8;05.07.2011;14.9;1.7;24
8;05.08.2011;12.3;3.7;21.4
8;05.09.2011;13.8;1.6;20.6
8;05.10.2011;14.4;3.5;23.2
8;05.11.2011;15.7;4.7;25.6
8;05.12.2011;18.4;6.7;26.3
8;05.13.2011;18.4;9.8;23.7
8;05.14.2011;15.8;9.8;23.9
8;05.15.2011;8.5;6.1;14.3
8;05.16.2011;12.4;3.9;17.4
8;05.17.2011;13.3;3.6;20
8;05.18.2011;14.9;5.5;22.8
8;05.19.2011;16.7;6.6;24.5
8;05.20.2011;17.2;7.7;26.2
8;05.21.2011;16.9;8.1;26.3
8;05.22.2011;18.8;9.4;25.4
8;05.23.2011;18.3;11.7;26.4
8;05.24.2011;19.3;8.8;27.3
8;05.25.2011;19.6;10.7;26.6
8;05.26.2011;18.9;9.2;26.5
8;05.27.2011;18.4;9.2;27.2
8;05.28.2011;9.6;7.2;16.5
8;05.29.2011;14.8;3.5;22.1
8;05.30.2011;17.3;7.1;24
8;05.31.2011;19.8;9.1;26.3
8;06.01.2011;17.6;9;25.2
8;06.02.2011;17.4;12.9;25.1
8;06.03.2011;18.6;11.6;25
8;06.04.2011;17.8;15.6;25.4
8;06.05.2011;18.1;14.2;23.2
8;06.06.2011;17.2;14.6;22.5
8;06.07.2011;15.9;11.4;21
8;06.08.2011;17.2;14.2;23.2
8;06.09.2011;15.1;11.8;21.5
8;06.10.2011;16.4;13.7;21.3
8;06.11.2011;19;13.1;23.5
8;06.12.2011;16.9;13.2;23.2
8;06.13.2011;17.9;12.3;23.1
8;06.14.2011;17.6;12.9;22.6
8;06.15.2011;18.4;10.1;25.6
8;06.16.2011;20.6;10.9;28
8;06.17.2011;20;12.4;25.1
8;06.18.2011;22.1;15.9;26.9
8;06.19.2011;10.3;9.3;22.2
8;06.20.2011;15.5;4.6;23.1
8;06.21.2011;19.9;8.7;27.3
8;06.22.2011;22.3;11.6;28.4
8;06.23.2011;21.2;15.1;28.3
8;06.24.2011;14.3;13;19.4
8;06.25.2011;16.5;11.5;22.4
8;06.26.2011;17.5;10.8;23.9
8;06.27.2011;20;10.7;26.1
8;06.28.2011;20.5;12.2;26.4
8;06.29.2011;21.5;10.6;29.1
8;06.30.2011;20.1;13.3;25.4
8;07.01.2011;15.6;10.3;22.7
8;07.02.2011;13.3;9.2;20.1
8;07.03.2011;16.4;5.5;23.6
8;07.04.2011;20.4;9.3;26.6
8;07.05.2011;19.4;14.9;26.7
8;07.06.2011;19.9;13.8;27.8
8;07.07.2011;22.8;12.8;29.7
8;07.08.2011;23;14.7;30.5
8;07.09.2011;24;13.5;32.2
8;07.10.2011;23.9;13.5;32.7
8;07.11.2011;24.1;14.8;31.7
8;07.12.2011;22.3;14.8;28.9
8;07.13.2011;24.4;16.6;32.9
8;07.14.2011;24.9;16.8;32.7
8;07.15.2011;18.6;16.6;22.9
8;07.16.2011;19.4;15.4;25.5
8;07.17.2011;19.8;11.6;27.6
8;07.18.2011;18;15.3;26
8;07.19.2011;19.9;12.2;25.5
8;07.20.2011;16.5;13.2;22.1
8;07.21.2011;17.1;11.4;26.5
8;07.22.2011;18.1;9.2;25.9
8;07.23.2011;15.7;13.9;20.6
8;07.24.2011;11.8;10.4;15.9
8;07.25.2011;13.3;10.6;16.9
8;07.26.2011;15.7;10.1;21.7
8;07.27.2011;18.6;10.2;25.1
8;07.28.2011;16.7;14.6;20.8
8;07.29.2011;16.6;10.5;24.7
8;07.30.2011;16.9;10.2;24.1
8;07.31.2011;18.5;12.9;25.2
8;08.01.2011;17.4;12.2;23.9
8;08.02.2011;20.5;12.3;26.9
8;08.03.2011;22.9;13;28.6
8;08.04.2011;20.2;15.3;27.7
8;08.05.2011;20.4;15.4;26.6
8;08.06.2011;20.6;15.5;26.8
8;08.07.2011;22.4;16.3;28.7
8;08.08.2011;21.1;17.8;27.3
8;08.09.2011;14.7;11.5;21.3
8;08.10.2011;15;7.9;22.1
8;08.11.2011;15.7;6.3;24
8;08.12.2011;18.3;8.7;26.5
8;08.13.2011;18.9;11.2;27.3
8;08.14.2011;20.6;11.8;28.6
8;08.15.2011;21.2;12;29.1
8;08.16.2011;20.8;13.3;26.9
8;08.17.2011;21;13.3;28
8;08.18.2011;22;13.3;31.5
8;08.19.2011;23.6;14.4;31.7
8;08.20.2011;22.5;15.1;30.2
8;08.21.2011;23.8;16.2;31.1
8;08.22.2011;24.1;16.5;33.1
8;08.23.2011;25.1;16.9;34
8;08.24.2011;23.2;15;33.7
8;08.25.2011;22.8;13.8;33.9
8;08.26.2011;22.2;12.8;33.9
8;08.27.2011;20.1;12.3;32.1
8;08.28.2011;15.4;12.7;22.2
8;08.29.2011;17.2;7.6;25.9
8;08.30.2011;18.9;10.9;25.8
8;08.31.2011;18.6;13.2;26.1
8;09.01.2011;19.6;13.1;28.4
8;09.02.2011;18.9;12.7;28.5
8;09.03.2011;19.6;11.5;29.1
8;09.04.2011;21.1;13.9;30.2
8;09.05.2011;18.8;17;23.1
8;09.06.2011;16.6;14;23.8
8;09.07.2011;17.3;8;25.5
8;09.08.2011;16.8;12.1;21.8
8;09.09.2011;18.5;11.6;26.4
8;09.10.2011;19.6;11.6;29.3
8;09.11.2011;20.2;12.2;29.1
8;09.12.2011;19.1;13.7;28.2
8;09.13.2011;19.1;11.6;28.5
8;09.14.2011;19.9;11.6;29.4
8;09.15.2011;17.7;15.6;24.3
8;09.16.2011;17.2;9.4;25.6
8;09.17.2011;19.9;9.9;27.6
8;09.18.2011;17.6;10.8;25.4
8;09.19.2011;10.5;7.5;17.3
8;09.20.2011;14.9;6.3;21.4
8;09.21.2011;16;13;23.3
8;09.22.2011;15.6;9.2;20.1
8;09.23.2011;15;11;22.3
8;09.24.2011;13.7;7.3;22.3
8;09.25.2011;14.2;6.9;23.3
8;09.26.2011;14.1;6.7;23.9
8;09.27.2011;14.5;6.5;24.3
8;09.28.2011;14.5;7.1;25
8;09.29.2011;13.6;7.8;23.3
8;09.30.2011;13.7;5.5;23.9
8;10.01.2011;14.7;7.1;24.9
8;10.02.2011;14.3;6.8;24.9
8;10.03.2011;13.9;6;24.3
8;10.04.2011;14.5;6.5;24.8
8;10.05.2011;13.8;6.7;24.3
8;10.06.2011;14.6;6.4;23.8
8;10.07.2011;5.8;2.1;14.9
8;10.08.2011;5.1;1.8;11.4
8;10.09.2011;8.5;-0.5;13.7
8;10.10.2011;5.4;-1.3;12.7
8;10.11.2011;10.7;2.8;21.1
8;10.12.2011;10.6;5.1;20.2
8;10.13.2011;10.1;6.5;12.1
8;10.14.2011;6.5;1.4;13.5
8;10.15.2011;2.9;-3.2;12.1
8;10.16.2011;1.6;-3.4;10.9
8;10.17.2011;2;-4.6;12.1
8;10.18.2011;4.1;-3.9;15.4
8;10.19.2011;8.6;-0.7;13.2
8;10.20.2011;1.8;-0.3;11.5
8;10.21.2011;2.7;0.1;9.6
8;10.22.2011;2.6;-2.8;6.1
8;10.23.2011;5.1;2.8;7.2
8;10.24.2011;6.4;4;10.1
8;10.25.2011;7.3;5.7;8.5
8;10.26.2011;9.4;7.2;11.1
8;10.27.2011;10.1;8.9;12.1
8;10.28.2011;9.9;6.2;14.5
8;10.29.2011;9.9;8.2;11.5
8;10.30.2011;9.3;8;13.1
8;10.31.2011;4.5;1.7;11.6
8;11.01.2011;4.5;2.1;5.9
8;11.02.2011;3.7;2.6;4.7
8;11.03.2011;7.8;2.5;11.2
8;11.04.2011;13.3;9.3;15.9
8;11.05.2011;13;10.5;16.4
8;11.06.2011;11.2;6;14.5
8;11.07.2011;9;7;11.9
8;11.08.2011;8.7;7.6;9.9
8;11.09.2011;6.4;3.5;10.6
8;11.10.2011;7;3.4;7.7
8;11.11.2011;2.6;-2;7.9
8;11.12.2011;1;-3.2;8.2
8;11.13.2011;-0.6;-5.2;8.1
8;11.14.2011;-1.3;-4.3;4
8;11.15.2011;-2.1;-4.6;1.8
8;11.16.2011;-1.8;-4;1
8;11.17.2011;-2.2;-3.6;-0.6
8;11.18.2011;-2.6;-3.6;-0.9
8;11.19.2011;-3;-4.3;-1.6
8;11.20.2011;-2.7;-3.7;-1.8
8;11.21.2011;-3.2;-3.8;-2.3
8;11.22.2011;-2.3;-4;-1.4
8;11.23.2011;-1.7;-2.4;-1
8;11.24.2011;-0.1;-1.9;1
8;11.25.2011;-0.2;-1.2;1.1
8;11.26.2011;-0.9;-1.8;-0.1
8;11.27.2011;-1.5;-4;5.5
8;11.28.2011;0.5;-5.5;11.6
8;11.29.2011;-2.3;-4.9;0.9
8;11.30.2011;-2;-5.1;3.5
8;12.01.2011;-2.9;-5.1;0.4
8;12.02.2011;5.3;-6.8;11.3
8;12.03.2011;8.3;5.9;10.8
8;12.04.2011;8.1;5;13.7
8;12.05.2011;7.8;6.1;10.9
8;12.06.2011;1;-2.9;7.7
8;12.07.2011;-0.5;-5;1.8
8;12.08.2011;1.1;-3.8;10.6
8;12.09.2011;4.5;-3.8;9.4
8;12.10.2011;6.1;1.7;11.7
8;12.11.2011;3.5;-2.5;5.6
8;12.12.2011;4.6;2.6;5.3
8;12.13.2011;3.5;0.8;7.7
8;12.14.2011;5.4;-1.1;7.4
8;12.15.2011;5.8;3.2;9.2
8;12.16.2011;5.5;1.1;8.4
8;12.17.2011;0.1;-2.3;8.6
8;12.18.2011;-2.5;-3.4;-0.6
8;12.19.2011;-1.7;-3;1.2
8;12.20.2011;-4.9;-6.7;-2.2
8;12.21.2011;-4.9;-8.7;-1.8
8;12.22.2011;-3;-7.3;-0.1
8;12.23.2011;-3.2;-5.8;1.5
8;12.24.2011;-2.6;-6;-1
8;12.25.2011;-0.9;-5.4;7.2
8;12.26.2011;-1.5;-6.4;1.1
8;12.27.2011;1.4;-0.6;4.9
8;12.28.2011;0.2;-0.9;1.8
8;12.29.2011;-0.5;-2.9;0.5
8;12.30.2011;0;-0.6;1.4
8;12.31.2011;-1;-3.1;1.4
8;01.01.2012;-0.3;-3.6;6.6
8;01.02.2012;4.1;-4.8;7.7
8;01.03.2012;4.6;3.9;6.1
8;01.04.2012;2.4;-1.1;8.2
8;01.05.2012;1.6;-2.4;5.3
8;01.06.2012;5.5;-4.2;9
8;01.07.2012;-0.4;-3.7;7.8
8;01.08.2012;0.4;-6;10.1
8;01.09.2012;1.6;-5.3;10.1
8;01.10.2012;3;-5.7;10.5
8;01.11.2012;-0.3;-5.6;7.8
8;01.12.2012;-2.1;-7.4;6.4
8;01.13.2012;1.6;-6.9;7.8
8;01.14.2012;0.2;-8.9;7.7
8;01.15.2012;-3.6;-9.4;6.5
8;01.16.2012;-6.1;-11.4;2.1
8;01.17.2012;-3.6;-11;4.8
8;01.18.2012;-3.3;-9.3;5.2
8;01.19.2012;-0.3;-7.4;3.7
8;01.20.2012;-0.2;-3.5;5.7
8;01.21.2012;-2.1;-7.2;5.2
8;01.22.2012;3.9;-4.9;10.5
8;01.23.2012;1.4;-4.6;10.1
8;01.24.2012;0.1;-3.1;6.7
8;01.25.2012;-1.3;-5.4;4.7
8;01.26.2012;-3.7;-9.5;2.9
8;01.27.2012;-4.5;-10.3;1.8
8;01.28.2012;-3.9;-9.8;1.5
8;01.29.2012;-2.9;-4.6;-0.3
8;01.30.2012;-4.8;-7.9;2
8;01.31.2012;-6.5;-12.5;-2
8;02.01.2012;-3.7;-7.3;-1.1
8;02.02.2012;-7;-8.3;-3.3
8;02.03.2012;-8.4;-11;-6.7
8;02.04.2012;-8.9;-10;-6.2
8;02.05.2012;-11.4;-13.8;-6.8
8;02.06.2012;-10.4;-18.4;-6.4
8;02.07.2012;-9.8;-11.8;-6.7
8;02.08.2012;-11.8;-18.9;-1.3
8;02.09.2012;-9.6;-19;-1.7
8;02.10.2012;-9.5;-14;-6
8;02.11.2012;-8.4;-13.5;-6.5
8;02.12.2012;-8.4;-12.7;-4.9
8;02.13.2012;-8.3;-12.3;-0.7
8;02.14.2012;-9.2;-17.3;-0.3
8;02.15.2012;-3.9;-15.5;3.1
8;02.16.2012;0.4;-6.5;7.2
8;02.17.2012;-2;-10.4;8.3
8;02.18.2012;-1.8;-8.4;8.5
8;02.19.2012;2.7;-6.3;9.8
8;02.20.2012;0.1;-0.6;2.7
8;02.21.2012;-0.1;-2.3;5.9
8;02.22.2012;-2.4;-8.9;7.8
8;02.23.2012;0.8;-7.9;8.2
8;02.24.2012;3.9;-3.7;17.4
8;02.25.2012;5.4;-2.7;17.4
8;02.26.2012;5.9;-1.6;11.1
8;02.27.2012;2.1;-0.8;8.8
8;02.28.2012;2;-5.2;9
8;02.29.2012;9.9;-2.4;21.8
8;03.01.2012;5.7;-1.1;16.4
8;03.02.2012;6.5;-2.3;16.9
8;03.03.2012;5.2;-0.1;12.5
8;03.04.2012;3.9;0.1;11.3
8;03.05.2012;4.6;-0.7;10.9
8;03.06.2012;3.2;-4.6;10.8
8;03.07.2012;-0.6;-6.1;7.4
8;03.08.2012;4;-6.1;12.7
8;03.09.2012;3.7;-4.8;12.1
8;03.10.2012;1.2;-6;11.7
8;03.11.2012;7.6;-5.6;14.7
8;03.12.2012;5.8;2.4;13.7
8;03.13.2012;6.5;-2.3;15.1
8;03.14.2012;5.9;0.2;16.3
8;03.15.2012;4.9;-1.2;13.3
8;03.16.2012;7.7;-3.7;21.2
8;03.17.2012;8.6;-2.2;19.2
8;03.18.2012;9.4;1.3;15.1
8;03.19.2012;9.4;5.8;15.4
8;03.20.2012;8;5.2;15.9
8;03.21.2012;8.1;0.7;18.8
8;03.22.2012;9.1;0.7;19.4
8;03.23.2012;9.5;0.5;21.2
8;03.24.2012;11.6;0.7;21.1
8;03.25.2012;9.7;6.4;19.5
8;03.26.2012;8.8;0.2;19.3
8;03.27.2012;12.7;-2.1;18.9
8;03.28.2012;11;1.6;22
8;03.29.2012;11.3;1.1;20.3
8;03.30.2012;9.3;2.4;18.8
8;03.31.2012;10.5;0.7;20.4
8;04.01.2012;2.7;0.2;11.3
8;04.02.2012;8.5;-5.1;16.9
8;04.03.2012;10.3;1;16.7
8;04.04.2012;12.3;9.1;17.6
8;04.05.2012;11.1;9.7;15.3
8;04.06.2012;11.3;9;16.4
8;04.07.2012;8.5;6.4;13.5
8;04.08.2012;3.1;1.9;6.8
8;04.09.2012;2.1;-4.7;9.8
8;04.10.2012;7.1;-3.5;15.6
8;04.11.2012;7.3;5.5;10.1
8;04.12.2012;7.7;2.9;15.5
8;04.13.2012;8.9;2.3;13.9
8;04.14.2012;8.8;6.6;12.1
8;04.15.2012;9.4;6.5;13.3
8;04.16.2012;9.4;7.5;11.9
8;04.17.2012;7.8;-1.1;13.6
8;04.18.2012;6.9;2;11.9
8;04.19.2012;7.7;5.6;15
8;04.20.2012;8;6.1;14.4
8;04.21.2012;9.3;4.7;16
8;04.22.2012;7;4.7;12.3
8;04.23.2012;8.3;3.1;12.7
8;04.24.2012;7.7;3.1;12.1
8;04.25.2012;11.1;1.9;17.7
8;04.26.2012;13.3;4.4;19.4
8;04.27.2012;15.7;2.3;26.3
8;04.28.2012;19.4;6;27.3
8;04.29.2012;17.5;8;25.8
8;04.30.2012;17.7;8.2;25.3
8;05.01.2012;17.3;7.3;26
8;05.02.2012;16.8;10.1;24.4
8;05.03.2012;16.3;6.7;24.3
8;05.04.2012;13.9;8.3;22.3
8;05.05.2012;13.7;5.3;20.7
8;05.06.2012;12.8;7.8;17.1
8;05.07.2012;11.4;10;16
8;05.08.2012;13.6;6.6;22.4
8;05.09.2012;16.5;6.9;24.6
8;05.10.2012;17.2;7.5;25.7
8;05.11.2012;19.3;9.1;27.1
8;05.12.2012;18.5;10.5;28.3
8;05.13.2012;7.1;3.9;16.7
8;05.14.2012;10.1;1.9;15.1
8;05.15.2012;12.8;3.8;18.8
8;05.16.2012;8.9;6.3;13.5
8;05.17.2012;11;7.6;17.2
8;05.18.2012;10.6;0.8;17.7
8;05.19.2012;14;2.2;21.8
8;05.20.2012;15.5;5.1;23.6
8;05.21.2012;12.3;11.3;14.6
8;05.22.2012;12.3;9.4;14.1
8;05.23.2012;15.8;10.8;23
8;05.24.2012;16.8;11.3;25.5
8;05.25.2012;15;7.2;22.5
8;05.26.2012;12.8;7.5;19.2
8;05.27.2012;16;6.1;22.1
8;05.28.2012;15.2;10.1;21.9
8;05.29.2012;16.2;10.1;22.7
8;05.30.2012;17.1;8;25.6
8;05.31.2012;18.3;12.1;24.3
8;06.01.2012;17.4;13.5;24.2
8;06.02.2012;15.4;14;16.7
8;06.03.2012;19.2;14.1;24.3
8;06.04.2012;16;12.4;21.6
8;06.05.2012;15.9;11.6;21.8
8;06.06.2012;16.1;11.1;22.7
8;06.07.2012;19;9.3;24.2
8;06.08.2012;19.7;13.6;26.9
8;06.09.2012;16;12.7;19.3
8;06.10.2012;18.3;14.6;23.3
8;06.11.2012;16;14.2;19.1
8;06.12.2012;13.1;11.6;16.2
8;06.13.2012;13.7;8.6;21
8;06.14.2012;16.7;9.2;23.4
8;06.15.2012;18.7;8.9;26.5
8;06.16.2012;20.6;9.9;29.3
8;06.17.2012;22.8;10;30.9
8;06.18.2012;23.6;13.9;30.7
8;06.19.2012;24.4;15.5;31.4
8;06.20.2012;24.8;16.3;32
8;06.21.2012;24.8;16.7;32.7
8;06.22.2012;20.6;15.9;26.6
8;06.23.2012;19.3;13.8;25.6
8;06.24.2012;21.4;13;28
8;06.25.2012;18.7;15.4;25.9
8;06.26.2012;18.5;12.7;24.4
8;06.27.2012;20.5;11.2;26.7
8;06.28.2012;22.2;13.1;29.3
8;06.29.2012;24.3;15.3;31.4
8;06.30.2012;25.3;16.3;32.1
8;07.01.2012;25.5;16.2;34
8;07.02.2012;25.3;15.9;31.6
8;07.03.2012;25.1;18.7;32
8;07.04.2012;24.4;16.8;31.3
8;07.05.2012;19.7;17.6;30.6
8;07.06.2012;18.5;14.6;26.3
8;07.07.2012;22.3;12.7;30.6
8;07.08.2012;22.9;13.4;30.8
8;07.09.2012;22.9;13.7;31.1
8;07.10.2012;21.3;16.7;28.9
8;07.11.2012;21.2;15.5;29.2
8;07.12.2012;18.9;14.9;23.2
8;07.13.2012;17.1;15.4;20.8
8;07.14.2012;20.4;13.9;27.3
8;07.15.2012;15;13.9;19.5
8;07.16.2012;16.6;12.5;23.7
8;07.17.2012;19;10;25.1
8;07.18.2012;20.2;13.5;27.7
8;07.19.2012;22.9;12;30.4
8;07.20.2012;22.3;14.2;28.6
8;07.21.2012;15;13.9;22.1
8;07.22.2012;14.9;12.1;19.4
8;07.23.2012;18.4;12.2;24
8;07.24.2012;20.2;14.6;28
8;07.25.2012;18.4;15.4;22.8
8;07.26.2012;20.6;14.9;27
8;07.27.2012;23.4;15.1;30.7
8;07.28.2012;24.5;15.6;32.4
8;07.29.2012;22.8;15.5;31.6
8;07.30.2012;22.1;14.6;27.3
8;07.31.2012;21.3;15.9;28.4
8;08.01.2012;22.3;13.5;29.4
8;08.02.2012;23.6;13.9;31.4
8;08.03.2012;24.4;14.9;32.3
8;08.04.2012;24.3;17.6;31.3
8;08.05.2012;24.6;15.3;34.2
8;08.06.2012;24.4;15.7;33.1
8;08.07.2012;23.9;18.1;28.5
8;08.08.2012;21.8;14.9;28.3
8;08.09.2012;19.5;13.7;27.3
8;08.10.2012;19.5;10.8;26.6
8;08.11.2012;15.5;12.2;24.2
8;08.12.2012;17.7;12;23.2
8;08.13.2012;19.5;9.2;26.5
8;08.14.2012;21.3;12.7;28.2
8;08.15.2012;22;12.3;30.8
8;08.16.2012;20.8;14.6;30.9
8;08.17.2012;19.9;14.1;28.2
8;08.18.2012;21.8;13.6;29.3
8;08.19.2012;22;13.9;30.5
8;08.20.2012;21.9;13.4;32.5
8;08.21.2012;23.1;12.4;34.1
8;08.22.2012;25.3;15.2;35.7
8;08.23.2012;22.2;17.9;29.4
8;08.24.2012;23.9;15.8;34
8;08.25.2012;23;14.6;33.2
8;08.26.2012;13.8;11;20.9
8;08.27.2012;14.8;7.7;23.8
8;08.28.2012;17.7;8;27.2
8;08.29.2012;18.9;12.1;27.4
8;08.30.2012;20.3;11.5;28.5
8;08.31.2012;16.5;15.9;19.4
8;09.01.2012;14;12.9;16.4
8;09.02.2012;17.6;13.7;22
8;09.03.2012;19.3;12.5;25.7
8;09.04.2012;19.9;16.4;26.3
8;09.05.2012;18.7;13.6;25.3
8;09.06.2012;18.6;14.7;24
8;09.07.2012;15.4;12.9;22.4
8;09.08.2012;15.7;7.4;25.1
8;09.09.2012;17;8.4;26.4
8;09.10.2012;18;10.4;26.8
8;09.11.2012;18.3;10.6;27.9
8;09.12.2012;16.1;12;21.8
8;09.13.2012;8.9;7.6;16.5
8;09.14.2012;11.8;8.2;15.2
8;09.15.2012;13.5;6.9;20.5
8;09.16.2012;12;8;18.5
8;09.17.2012;13.4;4.2;22.1
8;09.18.2012;14.5;6.6;23.2
8;09.19.2012;12.8;10;19.7
8;09.20.2012;9.6;6.4;18
8;09.21.2012;10.2;2.5;19.3
8;09.22.2012;11.8;3.8;19.9
8;09.23.2012;13.6;6.6;18.4
8;09.24.2012;15.9;12.5;21.2
8;09.25.2012;14.7;8.1;23.4
8;09.26.2012;17.5;10.9;21.7
8;09.27.2012;17.7;14.8;23.3
8;09.28.2012;13.9;9.1;18.9
8;09.29.2012;16.6;11.5;22.1
8;09.30.2012;14.3;12.2;17.3
8;10.01.2012;15.5;13.3;22.9
8;10.02.2012;14.8;12.8;17.3
8;10.03.2012;14.7;12.2;21.5
8;10.04.2012;15;9.5;20.9
8;10.05.2012;13.4;9;19.5
8;10.06.2012;13.6;7.5;22.1
8;10.07.2012;13.3;9.5;21
8;10.08.2012;8.8;6.4;14.6
8;10.09.2012;11.4;6.3;17.8
8;10.10.2012;10.3;9.3;11.6
8;10.11.2012;10.2;8.6;12.4
8;10.12.2012;11.1;9.3;13
8;10.13.2012;10.2;9.5;12
8;10.14.2012;10.6;5.2;16.1
8;10.15.2012;13.7;9.9;17.7
8;10.16.2012;10.1;9.3;15.1
8;10.17.2012;10.3;4.8;17.7
8;10.18.2012;10.4;5.4;19
8;10.19.2012;10.1;2.8;21.6
8;10.20.2012;8.9;1.8;19.8
8;10.21.2012;9.8;2.1;19.2
8;10.22.2012;8.9;3.7;17.8
8;10.23.2012;8.3;4.7;16.7
8;10.24.2012;7.2;3.2;8.9
8;10.25.2012;6.8;4.3;13.7
8;10.26.2012;7.5;0.8;11.3
8;10.27.2012;11.2;8.9;12.7
8;10.28.2012;0.1;-0.2;12
8;10.29.2012;0.3;-1.2;5.1
8;10.30.2012;-0.9;-3.9;5
8;10.31.2012;2.5;-4.1;5
8;11.01.2012;5.5;2.5;6.5
8;11.02.2012;7.9;3.8;13
8;11.03.2012;9.8;4.5;15.7
8;11.04.2012;12.3;8.6;14.6
8;11.05.2012;10;5;17.4
8;11.06.2012;4.8;1.1;7.6
8;11.07.2012;2.4;-1.3;9.6
8;11.08.2012;2.8;-2.5;8.9
8;11.09.2012;3.7;-1.4;14.2
8;11.10.2012;5.1;-0.9;7
8;11.11.2012;10.2;6.1;13.4
8;11.12.2012;11.9;10.8;13.9
8;11.13.2012;9.1;8.2;11.4
8;11.14.2012;7.3;6.2;10.9
8;11.15.2012;5.2;2.3;8.6
8;11.16.2012;5.6;4.4;6.8
8;11.17.2012;3.2;0.2;10.5
8;11.18.2012;3.4;-2.6;6.6
8;11.19.2012;7.4;4.6;9
8;11.20.2012;7.2;6.3;9.1
8;11.21.2012;7.3;6.2;9.1
8;11.22.2012;7.8;6.3;10.4
8;11.23.2012;7.4;5.9;9.8
8;11.24.2012;4.8;2.1;10.5
8;11.25.2012;7.7;1.9;13.5
8;11.26.2012;9.8;7.2;11.9
8;11.27.2012;9.9;8;12.7
8;11.28.2012;10.6;8.6;12.4
8;11.29.2012;6.4;4.5;11.7
8;11.30.2012;2;0.9;6
8;12.01.2012;2;1.2;3.6
8;12.02.2012;0.2;-0.6;1.7
8;12.03.2012;-1.2;-3.5;2.7
8;12.04.2012;-1.2;-5.7;0.5
8;12.05.2012;-0.2;-0.7;0.8
8;12.06.2012;-2;-3.7;-0.1
8;12.07.2012;-2.4;-3.9;0.5
8;12.08.2012;-3.6;-5.6;-0.7
8;12.09.2012;-10;-14.2;-1.5
8;12.10.2012;-10.4;-16.2;-3.6
8;12.11.2012;-8.4;-14.2;-0.6
8;12.12.2012;-9;-16;-3
8;12.13.2012;-7.9;-14.9;-3.7
8;12.14.2012;0;-6.3;1.3
8;12.15.2012;2.6;-0.1;4.1
8;12.16.2012;2.7;0.9;6.2
8;12.17.2012;1.4;-0.1;3
8;12.18.2012;1.2;0.2;3.2
8;12.19.2012;-0.9;-3.7;6
8;12.20.2012;-3.6;-6.2;-2
8;12.21.2012;-1;-4;0.5
8;12.22.2012;0.1;-0.7;0.9
8;12.23.2012;1.4;-1.8;5.7
8;12.24.2012;3.9;-1.9;9
8;12.25.2012;8.4;3.8;9.4
8;12.26.2012;6.4;4.7;9.1
8;12.27.2012;1.2;-0.6;5
8;12.28.2012;2.3;-2;11.3
8;12.29.2012;-2.2;-5;3.9
8;12.30.2012;-3.5;-5.7;-2.2
8;12.31.2012;-3.1;-4.3;-1.6
8;01.01.2013;-0.7;-5;3.1
8;01.02.2013;1.8;-0.5;3.6
8;01.03.2013;1.2;-1.6;6.3
8;01.04.2013;-0.7;-3.1;3.1
8;01.05.2013;10;-2.9;16.6
8;01.06.2013;2.3;-1.5;12.7
8;01.07.2013;0.6;-2.5;2.3
8;01.08.2013;0.5;-0.8;3.9
8;01.09.2013;1.7;-2.4;5.9
8;01.10.2013;2;-1.1;7.8
8;01.11.2013;0.9;-4.3;8.3
8;01.12.2013;-1.4;-4.2;3.9
8;01.13.2013;-1.7;-3.7;-0.2
8;01.14.2013;-2.1;-3.3;-0.2
8;01.15.2013;-1.6;-2.9;-0.2
8;01.16.2013;-1.4;-4;0.1
8;01.17.2013;-0.9;-4;2.6
8;01.18.2013;-1.6;-3.3;0.2
8;01.19.2013;-1.6;-3.9;-0.2
8;01.20.2013;0.7;-1.4;2.2
8;01.21.2013;1.2;-0.3;3.8
8;01.22.2013;0.6;-0.5;3.1
8;01.23.2013;-0.4;-2.9;3.9
8;01.24.2013;0.3;-2.5;1.8
8;01.25.2013;-2;-5.4;1.3
8;01.26.2013;-6;-9.3;0.9
8;01.27.2013;-4.9;-11.7;1.2
8;01.28.2013;-0.3;-5.8;3
8;01.29.2013;1.2;-1.5;6.2
8;01.30.2013;-1.2;-5.1;6.3
8;01.31.2013;-0.8;-6.1;9.3
8;02.01.2013;0.1;-6.6;3.3
8;02.02.2013;1.6;0;4.8
8;02.03.2013;2;-0.9;6.8
8;02.04.2013;1.7;-4.2;8.4
8;02.05.2013;2.5;-3.8;5.8
8;02.06.2013;0.5;-1.1;3.1
8;02.07.2013;-4.3;-8;0.6
8;02.08.2013;-4.9;-9.5;1
8;02.09.2013;-2.9;-7.4;0.1
8;02.10.2013;-5.7;-10.1;0.2
8;02.11.2013;-5.3;-13.9;-2.8
8;02.12.2013;-3.5;-6.2;1.3
8;02.13.2013;-2;-8.7;0.7
8;02.14.2013;0.2;-2.3;3.4
8;02.15.2013;-1.2;-4.4;4
8;02.16.2013;0.6;-3.7;5.8
8;02.17.2013;0.8;-1.6;3.7
8;02.18.2013;-0.5;-2.5;3.7
8;02.19.2013;-2.8;-9.8;3.4
8;02.20.2013;-0.8;-5.2;3.2
8;02.21.2013;-2.5;-3.7;0
8;02.22.2013;-3.6;-5.5;-0.1
8;02.23.2013;-2.3;-5.4;2
8;02.24.2013;-0.5;-2.7;1.8
8;02.25.2013;-0.3;-2;3
8;02.26.2013;0.6;-2;3.9
8;02.27.2013;1.3;-0.4;3.8
8;02.28.2013;1.8;-0.3;5.6
8;03.01.2013;1.6;-1.8;10.6
8;03.02.2013;-0.1;-4;7.8
8;03.03.2013;-1.3;-8.5;9.8
8;03.04.2013;-1.9;-8.5;7.7
8;03.05.2013;0.4;-8.1;7.1
8;03.06.2013;2.4;0.3;6.7
8;03.07.2013;3.1;1;6.3
8;03.08.2013;5.7;1.2;12.2
8;03.09.2013;4.3;-0.3;9.3
8;03.10.2013;4.4;2.1;6.8
8;03.11.2013;4.5;0.8;12.1
8;03.12.2013;4.6;1.8;7.4
8;03.13.2013;3.9;2.2;7.4
8;03.14.2013;1.1;-0.8;3.7
8;03.15.2013;0.8;-2.1;4.6
8;03.16.2013;-0.9;-7.6;4.8
8;03.17.2013;0.3;-2.8;2.3
8;03.18.2013;0.5;-0.4;1.1
8;03.19.2013;2.7;-1;11.7
8;03.20.2013;5.3;-2.7;12.8
8;03.21.2013;7.4;3.3;13
8;03.22.2013;5;-4;13.3
8;03.23.2013;1.4;-3.1;5.4
8;03.24.2013;-1.5;-2.7;2.4
8;03.25.2013;-4.1;-5.2;-2
8;03.26.2013;-2;-4.8;1.6
8;03.27.2013;-1.3;-4.5;2
8;03.28.2013;1.5;-8.8;9.5
8;03.29.2013;3.1;0.8;5.8
8;03.30.2013;3.4;1;5.4
8;03.31.2013;2.8;1.6;5
8;04.01.2013;1;0.1;2.8
8;04.02.2013;0.8;-0.3;3.4
8;04.03.2013;2.5;-0.5;5.7
8;04.04.2013;4;1.3;7.9
8;04.05.2013;4.8;2.3;6.9
8;04.06.2013;5.2;3.5;7.1
8;04.07.2013;5;3.1;7.8
8;04.08.2013;4.9;1.5;9
8;04.09.2013;7.8;3.5;13.2
8;04.10.2013;7.8;0.4;16
8;04.11.2013;10.4;0.1;17.1
8;04.12.2013;9.4;8;12.2
8;04.13.2013;8.6;6.1;17
8;04.14.2013;14.2;0.7;21.5
8;04.15.2013;14.2;4.4;21.2
8;04.16.2013;12.4;8.9;18.8
8;04.17.2013;14.4;6.5;23
8;04.18.2013;17.1;5.8;25.4
8;04.19.2013;13.1;9.2;19.9
8;04.20.2013;12.4;6.1;18.4
8;04.21.2013;12.1;4.3;21.2
8;04.22.2013;10.3;6.6;13.3
8;04.23.2013;11.2;7.3;19.2
8;04.24.2013;12.6;1.7;22.6
8;04.25.2013;15.1;2.3;25.4
8;04.26.2013;17;5.6;24.7
8;04.27.2013;15;12.3;18.6
8;04.28.2013;15.5;11.8;20.9
8;04.29.2013;15.7;7.8;23.1
8;04.30.2013;16.1;7.8;24.7
8;05.01.2013;19.9;7.8;27.7
8;05.02.2013;15.1;13.6;20.3
8;05.03.2013;17.1;11.9;22.5
8;05.04.2013;15.2;7.9;23
8;05.05.2013;13.4;10.9;16.8
8;05.06.2013;13.9;11.8;17.1
8;05.07.2013;14.9;12.5;21.7
8;05.08.2013;15.8;11.4;22.6
8;05.09.2013;16.2;7.9;24
8;05.10.2013;15.5;9.2;22.5
8;05.11.2013;11.8;10.4;15.6
8;05.12.2013;12;9.7;17.8
8;05.13.2013;13;8;19.5
8;05.14.2013;14;4.8;22.4
8;05.15.2013;15.5;4.6;24.2
8;05.16.2013;12.6;8.6;16.5
8;05.17.2013;12.5;11;15.8
8;05.18.2013;13.6;5.8;19.9
8;05.19.2013;12.7;5.3;21.9
8;05.20.2013;11.8;7.6;19.4
8;05.21.2013;12.4;7;19.9
8;05.22.2013;14.3;4.5;21.1
8;05.23.2013;11.7;9.2;16.1
8;05.24.2013;6.3;5.4;11.3
8;05.25.2013;8.1;4.6;13.4
8;05.26.2013;8.3;6.4;15.3
8;05.27.2013;12.6;7.1;19.3
8;05.28.2013;13.3;10.3;19.3
8;05.29.2013;12.4;8;19
8;05.30.2013;9.5;8.1;12
8;05.31.2013;9.8;7.3;12.2
8;06.01.2013;12.4;7.7;18.2
8;06.02.2013;14.9;9.3;18.8
8;06.03.2013;15.9;7.9;21.3
8;06.04.2013;14.8;9.5;19.2
8;06.05.2013;16.1;9.4;22
8;06.06.2013;15.3;11.1;22.8
8;06.07.2013;16.7;11.8;23.6
8;06.08.2013;15.7;11.7;26.1
8;06.09.2013;16.6;9.3;26.2
8;06.10.2013;15.5;11.4;21.9
8;06.11.2013;16.6;10.8;23.1
8;06.12.2013;19.7;7.6;26.1
8;06.13.2013;18.8;7.6;26.3
8;06.14.2013;20;10.1;27.8
8;06.15.2013;22.4;12.3;29.1
8;06.16.2013;23;14.3;30.7
8;06.17.2013;24.4;15.2;31.8
8;06.18.2013;26.1;15.2;34
8;06.19.2013;25.4;17.4;33.9
8;06.20.2013;24.3;14.8;33
8;06.21.2013;23.8;16;30.6
8;06.22.2013;22.4;13.3;29.1
8;06.23.2013;21.4;13.1;29.2
8;06.24.2013;12.8;10.7;18.9
8;06.25.2013;14.6;10.1;21.1
8;06.26.2013;13.2;7.4;21.4
8;06.27.2013;14.2;11.1;19
8;06.28.2013;13.7;6.9;18.4
8;06.29.2013;16.8;7.4;22.5
8;06.30.2013;18.5;12.2;24.2
8;07.01.2013;17.9;12.1;25
8;07.02.2013;20.6;10;27.6
8;07.03.2013;19;11.7;28
8;07.04.2013;19.5;12.8;27.8
8;07.05.2013;20.3;13.1;27.4
8;07.06.2013;20.3;13.4;28.5
8;07.07.2013;21;15.6;27.8
8;07.08.2013;22.4;15.2;28.1
8;07.09.2013;23;13.7;28.2
8;07.10.2013;21;13.8;28.9
8;07.11.2013;18.6;15.3;25.8
8;07.12.2013;18.2;15.4;23.6
8;07.13.2013;19.8;13.6;25.5
8;07.14.2013;20.1;13.5;26.6
8;07.15.2013;21.4;11.7;29
8;07.16.2013;20;13.9;26.6
8;07.17.2013;20.6;10.9;27.8
8;07.18.2013;20.9;11.9;28.5
8;07.19.2013;21.6;12.1;29.4
8;07.20.2013;24;13.4;30.8
8;07.21.2013;22.6;17.7;28.2
8;07.22.2013;21.6;12.4;29.5
8;07.23.2013;22.1;12.9;31.9
8;07.24.2013;19.3;13;29.4
8;07.25.2013;23.4;15.3;31.2
8;07.26.2013;25.2;15.9;34.4
8;07.27.2013;26.8;17.2;34.4
8;07.28.2013;26.7;18.5;35.2
8;07.29.2013;23.3;17.3;34.4
8;07.30.2013;20.9;14.1;29.2
8;07.31.2013;22.1;10.8;30.8
8;08.01.2013;23.1;12.8;31
8;08.02.2013;25.3;14.1;35.3
8;08.03.2013;26.7;13.9;37.3
8;08.04.2013;27.1;15.8;36.7
8;08.05.2013;26.9;17.5;34.7
8;08.06.2013;26.5;17.7;37.2
8;08.07.2013;26.1;15.7;37.6
8;08.08.2013;25.9;15.4;38.1
8;08.09.2013;22.4;16.4;34
8;08.10.2013;21.1;15.6;27
8;08.11.2013;20.5;11.8;28.5
8;08.12.2013;21;11.3;29.5
8;08.13.2013;22.5;12;31.7
8;08.14.2013;14.5;13.8;21.3
8;08.15.2013;16.9;10.9;24.4
8;08.16.2013;18.3;8.9;26.8
8;08.17.2013;19.5;9.5;29
8;08.18.2013;21.2;10.9;30.9
8;08.19.2013;22.1;11.5;31.2
8;08.20.2013;16.6;14.7;22.7
8;08.21.2013;19.6;12.1;25.6
8;08.22.2013;18.3;13.5;26.3
8;08.23.2013;19.5;10.5;26.7
8;08.24.2013;18.9;13.9;25.7
8;08.25.2013;16.3;14.7;20.1
8;08.26.2013;16.3;14.3;18.9
8;08.27.2013;17.3;14.3;23.6
8;08.28.2013;15.4;13.6;21.8
8;08.29.2013;15.7;11.8;23.1
8;08.30.2013;15.5;7.9;24.3
8;08.31.2013;16.7;9.6;25.4
8;09.01.2013;16.1;10;23.7
8;09.02.2013;14.6;12.3;19.9
8;09.03.2013;17.6;8.5;26.6
8;09.04.2013;19.3;11.3;25.5
8;09.05.2013;19.6;13.4;26.4
8;09.06.2013;18.7;15.8;25.2
8;09.07.2013;19.1;12.1;26.4
8;09.08.2013;18.9;13.1;25.3
8;09.09.2013;15.4;14.3;19.9
8;09.10.2013;15.3;13.1;18.4
8;09.11.2013;11.2;10.3;15.7
8;09.12.2013;11.8;7.1;17.9
8;09.13.2013;11.8;7.1;19.3
8;09.14.2013;13.3;4.3;22.3
8;09.15.2013;15;8.6;21.5
8;09.16.2013;16.6;8.6;23.7
8;09.17.2013;10.1;8.1;16.8
8;09.18.2013;11.1;5.1;17.3
8;09.19.2013;14.1;8.1;20
8;09.20.2013;13.3;11;20.9
8;09.21.2013;12.9;7.9;20
8;09.22.2013;12;6.2;19.8
8;09.23.2013;12.9;5.1;22.7
8;09.24.2013;13.9;5.5;22.6
8;09.25.2013;14.5;9.4;22
8;09.26.2013;15.2;8.5;23.7
8;09.27.2013;13.2;12.3;14.9
8;09.28.2013;11.8;10.5;13.6
8;09.29.2013;10.1;9.2;12.6
8;09.30.2013;8.3;7.7;9.7
8;10.01.2013;10.3;6;14.1
8;10.02.2013;9.9;7.3;14.6
8;10.03.2013;7.5;6.3;10.2
8;10.04.2013;6.3;3.8;11.8
8;10.05.2013;7.2;3;8.9
8;10.06.2013;11.1;5.9;14.8
8;10.07.2013;11.8;10.2;14.4
8;10.08.2013;12.6;10.3;16.2
8;10.09.2013;12;8.6;15
8;10.10.2013;13.6;10.8;15.6
8;10.11.2013;9.7;6;14.5
8;10.12.2013;9.1;3.3;12.5
8;10.13.2013;10.2;7.2;18.3
8;10.14.2013;9.4;3.6;13.2
8;10.15.2013;11.1;4.1;18.1
8;10.16.2013;12.2;7.6;17.9
8;10.17.2013;7.3;0;17.6
8;10.18.2013;7.8;0.2;18.4
8;10.19.2013;8.9;1.2;17.4
8;10.20.2013;13.2;5.1;18.1
8;10.21.2013;13;10.9;17.5
8;10.22.2013;14.4;8.9;19.7
8;10.23.2013;15;12.6;19.1
8;10.24.2013;14.3;11.3;17.3
8;10.25.2013;13.5;10.9;20.7
8;10.26.2013;12.4;8.7;21.1
8;10.27.2013;14.6;6.2;19
8;10.28.2013;16.8;12.9;20.3
8;10.29.2013;14.9;11.6;20.7
8;10.30.2013;10.7;9.9;14.2
8;10.31.2013;10.6;8.5;14.8
8;11.01.2013;7.9;2;16.4
8;11.02.2013;11.7;4.1;14.2
8;11.03.2013;11.1;9.4;15
8;11.04.2013;8.5;6.8;10.1
8;11.05.2013;8.4;7.4;10
8;11.06.2013;5.7;3.7;11
8;11.07.2013;7.9;3.3;11.3
8;11.08.2013;11.1;8.2;14.4
8;11.09.2013;10.8;6.7;16.2
8;11.10.2013;6.4;4.5;7.8
8;11.11.2013;8.2;6.3;10.9
8;11.12.2013;6.3;4.9;8.2
8;11.13.2013;7;5.7;8.5
8;11.14.2013;5.6;5;7.3
8;11.15.2013;4.6;3.1;5.8
8;11.16.2013;5.6;2.6;12.7
8;11.17.2013;4.2;-0.3;7.8
8;11.18.2013;7;2.7;11
8;11.19.2013;6.4;5.4;7.6
8;11.20.2013;6;3.6;7.5
8;11.21.2013;4.9;3.7;8.6
8;11.22.2013;4;1.7;5.1
8;11.23.2013;5.5;3.2;7.2
8;11.24.2013;5.6;3.7;8.3
8;11.25.2013;2.9;1.1;7.9
8;11.26.2013;2.1;-3.6;5.1
8;11.27.2013;-2.1;-5.7;5.4
8;11.28.2013;-2.4;-8.2;5.3
8;11.29.2013;-1.6;-8.1;6.9
8;11.30.2013;0;-3.7;3.3
8;12.01.2013;-1.6;-6;7.6
8;12.02.2013;-1.3;-6.8;8.9
8;12.03.2013;-2.6;-7.1;6.4
8;12.04.2013;-3.9;-8.7;3.7
8;12.05.2013;-2.9;-8.3;5.1
8;12.06.2013;-2.2;-7.5;7.9
8;12.07.2013;-2.3;-7.3;6
8;12.08.2013;-3.4;-7.2;2.1
8;12.09.2013;-1.5;-4.6;5.4
8;12.10.2013;2.2;-4.2;10.9
8;12.11.2013;1.7;-1.3;7.2
8;12.12.2013;-0.2;-3.9;3.3
8;12.13.2013;-2.1;-2.8;-0.6
8;12.14.2013;-2.6;-3.5;-2
8;12.15.2013;-2.8;-3.5;-2
8;12.16.2013;-3.4;-4.5;-2.1
8;12.17.2013;-4.6;-5.6;-2.8
8;12.18.2013;-5.1;-6.5;-4.4
8;12.19.2013;-1.2;-6.4;3.1
8;12.20.2013;2;-3.7;7.5
8;12.21.2013;3.7;0.4;5
8;12.22.2013;6;1.6;8.8
8;12.23.2013;5;0.5;8.9
8;12.24.2013;7.5;4.6;9.8
8;12.25.2013;9.2;6.4;10.3
8;12.26.2013;7.8;6.5;10.4
8;12.27.2013;6.5;5.2;8.6
8;12.28.2013;2.9;1.7;6.1
8;12.29.2013;5.5;2.6;7.9
8;12.30.2013;3.4;2.3;5.4
8;12.31.2013;3.4;2.5;4.2
8;01.01.2014;3.1;1.6;5.8
8;01.02.2014;3.4;-2.6;7.6
8;01.03.2014;5.5;3;8.9
8;01.04.2014;6.2;0.3;9
8;01.05.2014;7.5;6.3;10.5
8;01.06.2014;5.7;2.1;10
8;01.07.2014;4;0.7;10.5
8;01.08.2014;3.4;-1.7;12.1
8;01.09.2014;5.3;-1.9;8.5
8;01.10.2014;7.5;4.3;11.5
8;01.11.2014;7.4;3.5;10.5
8;01.12.2014;5.3;-2.3;12.1
8;01.13.2014;5;-2.2;8.5
8;01.14.2014;6.4;5.1;8
8;01.15.2014;4.5;1.2;8
8;01.16.2014;5.2;2.2;8.2
8;01.17.2014;7;1.7;9.6
8;01.18.2014;6.8;4.7;8.4
8;01.19.2014;7.9;5.9;10.2
8;01.20.2014;7;5.4;8.9
8;01.21.2014;6.8;5.4;10.4
8;01.22.2014;3.9;1.4;7.7
8;01.23.2014;4.3;2.7;5.5
8;01.24.2014;0.1;-0.5;4.4
8;01.25.2014;-1.1;-5.6;1.7
8;01.26.2014;-1.3;-2.8;0.6
8;01.27.2014;-1.4;-2.6;0.1
8;01.28.2014;-2.1;-3.9;-0.7
8;01.29.2014;-2.6;-4.3;-0.6
8;01.30.2014;-1.9;-4;-1
8;01.31.2014;-0.4;-2.2;0.7
8;02.01.2014;-1;-1.7;0.1
8;02.02.2014;-1;-2.5;0.5
8;02.03.2014;-2;-2.8;-0.5
8;02.04.2014;-2.5;-3.7;-1.8
8;02.05.2014;-0.4;-2.7;1.1
8;02.06.2014;0.2;-0.9;2.4
8;02.07.2014;3.8;-1.1;8.9
8;02.08.2014;2;0.6;5.5
8;02.09.2014;1.5;0.5;4.2
8;02.10.2014;0.6;-2.4;2.1
8;02.11.2014;1.9;0.4;4.7
8;02.12.2014;1.6;-0.5;5.3
8;02.13.2014;3.1;-2.9;8.2
8;02.14.2014;3.2;0.1;10.8
8;02.15.2014;5.3;-3.1;11.6
8;02.16.2014;9.3;5.8;12.2
8;02.17.2014;0.3;-0.5;10.6
8;02.18.2014;1.2;-0.3;2.8
8;02.19.2014;5.7;0.9;9.2
8;02.20.2014;4.1;2.5;8.3
8;02.21.2014;5.1;2.4;8.8
8;02.22.2014;3.5;2.4;5.2
8;02.23.2014;2.9;0.7;9
8;02.24.2014;4.4;0.4;12.7
8;02.25.2014;2.6;-3.4;11.7
8;02.26.2014;4.8;-2;12.6
8;02.27.2014;4.8;1.4;12
8;02.28.2014;3.5;-2.1;7.1
8;03.01.2014;5.3;2.7;9.3
8;03.02.2014;4.8;3.1;10.6
8;03.03.2014;4.9;-1.9;11.5
8;03.04.2014;5.3;2.1;10
8;03.05.2014;7.9;0.7;13.3
8;03.06.2014;8.7;2.9;13.8
8;03.07.2014;6.3;-1.3;13
8;03.08.2014;4.8;0.6;13.6
8;03.09.2014;7.3;-3.6;15.1
8;03.10.2014;4.8;-1.9;11.7
8;03.11.2014;3.6;-2.7;14.9
8;03.12.2014;5.2;-4.7;17.8
8;03.13.2014;5.5;-2.5;17.5
8;03.14.2014;6.4;-2.6;19
8;03.15.2014;6;-2;15.9
8;03.16.2014;7.8;-0.2;18.1
8;03.17.2014;9.4;-1.2;23.7
8;03.18.2014;10;-0.1;20.4
8;03.19.2014;9.8;3.6;19.7
8;03.20.2014;8.3;-0.5;19.7
8;03.21.2014;10;-0.3;19.3
8;03.22.2014;8.6;2.1;14.3
8;03.23.2014;8.3;6.2;10.6
8;03.24.2014;3.1;0.9;7.7
8;03.25.2014;1.9;-0.4;7.3
8;03.26.2014;5.3;1.1;9.1
8;03.27.2014;7;4.4;10.8
8;03.28.2014;8.6;4.3;17.2
8;03.29.2014;7.9;-0.5;19.1
8;03.30.2014;10;-0.3;20.8
8;03.31.2014;10.8;0.4;21.4
8;04.01.2014;10.5;3.2;20.2
8;04.02.2014;10.3;2.4;20
8;04.03.2014;9.7;2.3;15.9
8;04.04.2014;11.9;4.5;21
8;04.05.2014;11.4;9.4;15.5
8;04.06.2014;12.3;5.3;19.5
8;04.07.2014;11.4;3.7;20.3
8;04.08.2014;13.8;3.8;22.5
8;04.09.2014;10.5;8.3;15.6
8;04.10.2014;10;-1.1;17.5
8;04.11.2014;7.2;5.8;12.3
8;04.12.2014;8.3;1.1;16.8
8;04.13.2014;8.4;4.3;16.2
8;04.14.2014;9.6;0.9;17.7
8;04.15.2014;8.5;4.9;13.5
8;04.16.2014;8;-0.6;12.6
8;04.17.2014;8.4;3.4;14.2
8;04.18.2014;10.9;-1.7;18.4
8;04.19.2014;12.2;7.8;17.8
8;04.20.2014;8.9;8.4;11.8
8;04.21.2014;10.1;8.2;13
8;04.22.2014;13.8;5;21.2
8;04.23.2014;12.2;6.3;19.6
8;04.24.2014;14;8.6;21.2
8;04.25.2014;12.4;5.9;19.3
8;04.26.2014;13.5;8.1;19.8
8;04.27.2014;13.6;11.3;18.5
8;04.28.2014;13.3;10.7;18.3
8;04.29.2014;14.3;10.3;20.5
8;04.30.2014;12.1;6.2;20.3
8;05.01.2014;11.5;4.2;20.1
8;05.02.2014;10.9;4.2;20
8;05.03.2014;12;7.8;17
8;05.04.2014;10.1;5.9;18.2
8;05.05.2014;10.4;-0.9;17.7
8;05.06.2014;14.7;1.5;22.6
8;05.07.2014;11.9;4.6;18.4
8;05.08.2014;13.5;7.1;21.2
8;05.09.2014;16;4.7;24.1
8;05.10.2014;17.7;8.5;23.9
8;05.11.2014;11.2;6.2;19.1
8;05.12.2014;10.8;3.9;18.1
8;05.13.2014;7.2;6.1;10.4
8;05.14.2014;11.2;4.6;18
8;05.15.2014;13.2;10.3;15.5
8;05.16.2014;12.5;10.7;15.5
8;05.17.2014;12.5;7.8;18.6
8;05.18.2014;13.3;9.5;17.3
8;05.19.2014;15.3;7.8;21.8
8;05.20.2014;15.8;5.7;22.8
8;05.21.2014;16.8;6.9;24.3
8;05.22.2014;18.8;8.3;27
8;05.23.2014;18.8;10.6;25.6
8;05.24.2014;18.2;10.4;25.9
8;05.25.2014;19;8.7;26.1
8;05.26.2014;15.3;11.9;21.1
8;05.27.2014;15.2;9.5;20.5
8;05.28.2014;14.4;8.7;19.9
8;05.29.2014;14.9;11.5;22.2
8;05.30.2014;13.1;10.6;16.8
8;05.31.2014;13.2;3.5;19.1
8;06.01.2014;13.7;6.4;20.7
8;06.02.2014;15;5;22.4
8;06.03.2014;13.6;7.9;21.4
8;06.04.2014;15;5.7;23.5
8;06.05.2014;16.7;12.1;21.6
8;06.06.2014;20;10.8;27
8;06.07.2014;21.1;10;29.9
8;06.08.2014;22.9;11.9;30.5
8;06.09.2014;23.1;14.1;30.7
8;06.10.2014;23.8;13.3;31.9
8;06.11.2014;23.6;13.5;33.4
8;06.12.2014;21.3;14.9;31.2
8;06.13.2014;18;14.8;28
8;06.14.2014;17.6;14.1;23.2
8;06.15.2014;17.4;12.5;22.4
8;06.16.2014;16.1;11.4;20.1
8;06.17.2014;16.5;12.6;20.2
8;06.18.2014;16.2;8.7;23.5
8;06.19.2014;18.8;8.2;26.2
8;06.20.2014;17.2;10.3;24.6
8;06.21.2014;16.8;8.6;23.2
8;06.22.2014;20.3;8.4;26.8
8;06.23.2014;20.1;12.5;28.8
8;06.24.2014;16.8;14;24.7
8;06.25.2014;14.8;13.2;18.2
8;06.26.2014;16.8;10.6;23
8;06.27.2014;18.5;13.8;23.8
8;06.28.2014;20.5;11.5;27.4
8;06.29.2014;21.1;14.3;26.2
8;06.30.2014;13.9;11.3;20.7
8;07.01.2014;16;9.6;23.1
8;07.02.2014;19;9.2;25.2
8;07.03.2014;18.2;10.8;24.7
8;07.04.2014;19.2;9.7;26.3
8;07.05.2014;21.9;13;27.6
8;07.06.2014;22.1;13;29.6
8;07.07.2014;23.2;13.8;30.4
8;07.08.2014;18.3;17.3;22.5
8;07.09.2014;16;13;21.7
8;07.10.2014;13.3;12.8;15.5
8;07.11.2014;19.4;11.7;24
8;07.12.2014;16.3;11.7;24.3
8;07.13.2014;17.8;12.9;22.9
8;07.14.2014;17.3;13.3;24.5
8;07.15.2014;19.7;12.5;27.6
8;07.16.2014;21.6;12.9;29
8;07.17.2014;20.9;14.1;29.1
8;07.18.2014;21.1;12.4;28.7
8;07.19.2014;23.5;13.8;30.3
8;07.20.2014;24.2;15.3;30.5
8;07.21.2014;18.2;16.1;24.3
8;07.22.2014;17;13;19.8
8;07.23.2014;18.7;16.8;27.2
8;07.24.2014;19.5;10.9;26.1
8;07.25.2014;20.1;16.1;25.4
8;07.26.2014;17.8;15.5;27.2
8;07.27.2014;19.4;14.9;26
8;07.28.2014;19.8;15.2;25.1
8;07.29.2014;19.4;17.2;24.4
8;07.30.2014;17.8;15.9;21.5
8;07.31.2014;19.4;14.3;23.1
8;08.01.2014;20.9;16.9;27.3
8;08.02.2014;22.5;15.3;28.1
8;08.03.2014;20.9;14.8;28.7
8;08.04.2014;21.2;13.6;27.8
8;08.05.2014;17.8;15.3;23.8
8;08.06.2014;18.8;15;26.2
8;08.07.2014;19.5;12.2;26.8
8;08.08.2014;20.6;12.8;27.8
8;08.09.2014;21.7;13.9;29.2
8;08.10.2014;23.3;16.6;29.1
8;08.11.2014;23;16.7;30.1
8;08.12.2014;19.4;18.8;24.7
8;08.13.2014;18.6;15.8;22.4
8;08.14.2014;15.2;14.2;19.9
8;08.15.2014;14.5;12.1;17.9
8;08.16.2014;15.1;10.7;19.6
8;08.17.2014;14.7;6.9;23.4
8;08.18.2014;15.9;8;24
8;08.19.2014;15.3;11.4;20
8;08.20.2014;17.1;12.8;23.7
8;08.21.2014;16;14.3;21.2
8;08.22.2014;16.9;10.8;20.4
8;08.23.2014;15;14;17.4
8;08.24.2014;14.6;12.3;20.2
8;08.25.2014;14.5;12.1;20.2
8;08.26.2014;16.6;10.5;20.2
8;08.27.2014;18;15.6;25.4
8;08.28.2014;15.6;12.7;21.9
8;08.29.2014;16.5;8.5;24.3
8;08.30.2014;18.5;9.9;25.7
8;08.31.2014;18.8;14.3;23.8
8;09.01.2014;12.8;10.3;18.7
8;09.02.2014;12.4;9.4;16.3
8;09.03.2014;16.4;11.3;21.4
8;09.04.2014;17.1;15;21.5
8;09.05.2014;18;14.9;24.4
8;09.06.2014;16.3;13.6;21
8;09.07.2014;16.2;10.4;22.2
8;09.08.2014;16.9;10.7;24.7
8;09.09.2014;17.5;11.1;27.2
8;09.10.2014;16.1;14.9;19.4
8;09.11.2014;12.2;10.9;15.5
8;09.12.2014;12.9;10.7;16.9
8;09.13.2014;11.7;10.8;14.8
8;09.14.2014;13.6;10.6;18.7
8;09.15.2014;15.2;9.7;20
8;09.16.2014;15.4;11.9;20.3
8;09.17.2014;13.5;9.5;20.8
8;09.18.2014;15;10.1;20
8;09.19.2014;17;10.1;23.1
8;09.20.2014;17.3;12.7;23.6
8;09.21.2014;17.9;12.1;26.1
8;09.22.2014;13.4;10;20.4
8;09.23.2014;11.1;6.8;18.9
8;09.24.2014;11.8;6.4;19.5
8;09.25.2014;8.3;6;13.7
8;09.26.2014;11.6;3.9;18.5
8;09.27.2014;15.2;6.6;21.7
8;09.28.2014;14.2;10.8;21.6
8;09.29.2014;13.5;6.5;23.8
8;09.30.2014;15;6.3;23.5
8;10.01.2014;14.5;11.3;20.9
8;10.02.2014;14.9;10.3;20.7
8;10.03.2014;13.9;9.3;20
8;10.04.2014;12.4;8.3;17.5
8;10.05.2014;11.6;8.1;18.3
8;10.06.2014;12.1;8.6;18
8;10.07.2014;12.3;9.4;19.3
8;10.08.2014;14.6;9.3;18.7
8;10.09.2014;17.6;13.6;23
8;10.10.2014;14.9;11.6;22.6
8;10.11.2014;17;9.2;24.6
8;10.12.2014;15.4;10.6;23.7
8;10.13.2014;16.8;10.9;22.9
8;10.14.2014;15.1;11.4;23.3
8;10.15.2014;14.6;10.4;19.2
8;10.16.2014;15.8;13.1;20.2
8;10.17.2014;17.1;14;22.7
8;10.18.2014;14.1;10.4;22.1
8;10.19.2014;12.3;5.9;21.8
8;10.20.2014;13.2;5.8;22.6
8;10.21.2014;15.5;9.5;20.5
8;10.22.2014;5.7;3.1;15.5
8;10.23.2014;6.2;1.6;11.8
8;10.24.2014;10.3;6.8;16.3
8;10.25.2014;6.8;4.5;12.3
8;10.26.2014;6.5;1;11.4
8;10.27.2014;5.2;1.6;11.9
8;10.28.2014;4.2;0.7;11.8
8;10.29.2014;3.2;-3.1;9.3
8;10.30.2014;4.5;-0.4;13.4
8;10.31.2014;3.9;-1.7;12.8
8;11.01.2014;6;1.7;13.1
8;11.02.2014;5.3;1.1;12.6
8;11.03.2014;8.5;2.2;13.3
8;11.04.2014;11.6;7.9;15.4
8;11.05.2014;13.6;10.2;17.3
8;11.06.2014;13.4;11.6;15.6
8;11.07.2014;13;11.5;14.3
8;11.08.2014;10.9;9;14.5
8;11.09.2014;9.9;8.8;10.7
8;11.10.2014;12;9;15.1
8;11.11.2014;12.7;9.9;16.1
8;11.12.2014;12.4;11.1;14.7
8;11.13.2014;10.4;9.8;12.3
8;11.14.2014;10.5;9.4;12
8;11.15.2014;9.6;8.8;10.6
8;11.16.2014;9.9;6.4;16.6
8;11.17.2014;8.2;5.6;10.3
8;11.18.2014;7.5;4.7;9.3
8;11.19.2014;3.7;1.3;9.7
8;11.20.2014;2.8;1.3;4.1
8;11.21.2014;4.6;1.8;6.4
8;11.22.2014;2.8;0.8;7.4
8;11.23.2014;2.6;-1.1;3.4
8;11.24.2014;2.3;1.4;2.9
8;11.25.2014;3.3;2.3;4.3
8;11.26.2014;3.1;2.3;4.6
8;11.27.2014;2.5;1.7;3.2
8;11.28.2014;4.8;2.3;5.8
8;11.29.2014;5.6;4.9;7.1
8;11.30.2014;4.8;4.1;5.7
8;12.01.2014;2;0;5.1
8;12.02.2014;2.4;0;3.2
8;12.03.2014;1.8;1.4;2.8
8;12.04.2014;3.1;1.3;4.1
8;12.05.2014;4;2.2;4.9
8;12.06.2014;4.5;4;5.4
8;12.07.2014;4.8;2.9;6.6
8;12.08.2014;4.8;3.4;6.2
8;12.09.2014;0.2;-2.3;4.8
8;12.10.2014;-1.1;-6.1;5.1
8;12.11.2014;-1;-4.6;6.2
8;12.12.2014;-1.7;-6.7;6.3
8;12.13.2014;5.6;-3.6;10.3
8;12.14.2014;10.1;5.5;10.7
8;12.15.2014;6.9;3.1;11.6
8;12.16.2014;5.7;3;7.4
8;12.17.2014;4.6;3.1;6.6
8;12.18.2014;3.3;0.9;4.4
8;12.19.2014;3.6;-0.8;12.9
8;12.20.2014;4.4;0.1;13.8
8;12.21.2014;1.3;-2.6;11
8;12.22.2014;0.1;-4.5;3.8
8;12.23.2014;1.2;-2.5;9.2
8;12.24.2014;4;-2.1;7.7
8;12.25.2014;4.2;-1.1;10.3
8;12.26.2014;0.8;-3.4;7.1
8;12.27.2014;-3.4;-7.8;-1
8;12.28.2014;-2.5;-4.4;-0.6
8;12.29.2014;-7.3;-10.6;-0.6
8;12.30.2014;-8;-14.9;-1
8;12.31.2014;-8.6;-11.9;-2.6
8;01.01.2015;-9.8;-15.3;-3.3
8;01.02.2015;-2.9;-12.9;0.8
8;01.03.2015;-2.2;-8.8;0.7
8;01.04.2015;1;-5.7;10
8;01.05.2015;-0.5;-4.8;6.4
8;01.06.2015;-3.6;-8.2;7.1
8;01.07.2015;-4.4;-7.1;2.4
8;01.08.2015;-3.2;-9.7;2.7
8;01.09.2015;-0.5;-4.3;5.8
8;01.10.2015;0.6;-4.3;8.6
8;01.11.2015;1.9;-3.8;6.1
8;01.12.2015;-2.2;-5.1;2.6
8;01.13.2015;3.8;-5.2;11.1
8;01.14.2015;4.4;0.4;9.6
8;01.15.2015;2.3;-3.6;6.5
8;01.16.2015;8.3;3.1;10.8
8;01.17.2015;8.2;5.8;11.2
8;01.18.2015;4.3;-0.5;10.3
8;01.19.2015;1.8;-1.5;8
8;01.20.2015;1.1;-2.7;4.8
8;01.21.2015;1.8;-2.8;3.2
8;01.22.2015;3.9;2;5.5
8;01.23.2015;4.2;1.2;7.2
8;01.24.2015;3;1.7;6.8
8;01.25.2015;0.8;-1.1;4.6
8;01.26.2015;-0.7;-5.4;4.5
8;01.27.2015;-1.8;-4.2;3.2
8;01.28.2015;-1.5;-6.8;5.8
8;01.29.2015;-0.6;-5.8;1.9
8;01.30.2015;0;-0.8;2
8;01.31.2015;-2.4;-8.1;1
8;02.01.2015;-0.1;-3.3;2.6
8;02.02.2015;-4.2;-8.1;1.6
8;02.03.2015;-2.7;-11.7;-0.9
8;02.04.2015;-0.9;-6.2;3
8;02.05.2015;-1.3;-2.4;0.5
8;02.06.2015;-0.9;-2.1;2.7
8;02.07.2015;-5.4;-10.5;1.9
8;02.08.2015;-3.2;-13.8;3.2
8;02.09.2015;-2.4;-5.2;0.4
8;02.10.2015;0;-9.1;8.2
8;02.11.2015;0.8;-5.6;7.5
8;02.12.2015;1;-0.2;3.7
8;02.13.2015;0.8;-0.6;3.5
8;02.14.2015;0.8;-0.7;2.3
8;02.15.2015;0.6;-1.4;6.2
8;02.16.2015;0.5;-3.8;9.4
8;02.17.2015;0.9;-5.8;7.4
8;02.18.2015;-0.3;-3.2;6.3
8;02.19.2015;-1.4;-7.6;8.5
8;02.20.2015;0.6;-7;10.3
8;02.21.2015;2.5;-3.9;7.2
8;02.22.2015;3;-1;5.1
8;02.23.2015;3.6;1.3;5.7
8;02.24.2015;3.9;2.7;6.1
8;02.25.2015;3.1;1.4;7.1
8;02.26.2015;5.7;0.1;11.2
8;02.27.2015;4.1;0.8;9.6
8;02.28.2015;1.9;-2.5;7.1
8;03.01.2015;5.6;-2.7;10.9
8;03.02.2015;5.2;2.3;8.2
8;03.03.2015;2.5;-2.1;11.6
8;03.04.2015;3.8;-3.4;10.6
8;03.05.2015;5.9;0.5;10.1
8;03.06.2015;2.4;-2.6;10.3
8;03.07.2015;3.9;-5.7;11.3
8;03.08.2015;3.4;-5.7;11.2
8;03.09.2015;2.2;-4.3;11.4
8;03.10.2015;2.5;-4.6;13.2
8;03.11.2015;5.7;-3.6;10.5
8;03.12.2015;4.8;1.9;11.6
8;03.13.2015;2.7;-4.9;11.5
8;03.14.2015;4.6;-2.9;10.6
8;03.15.2015;4.1;-2;9.8
8;03.16.2015;4.9;-1.3;9
8;03.17.2015;4.4;-0.1;13.3
8;03.18.2015;5.5;-3.7;14.1
8;03.19.2015;5;-2.4;14.4
8;03.20.2015;4.4;-3.1;13.8
8;03.21.2015;4.2;-3.7;13.6
8;03.22.2015;8.2;1.5;14.1
8;03.23.2015;5.6;1.9;13.2
8;03.24.2015;5.7;-2.5;15.9
8;03.25.2015;6.9;1.3;9.2
8;03.26.2015;8.8;5.7;11.2
8;03.27.2015;7.2;5.8;9.3
8;03.28.2015;8.1;4.4;15.9
8;03.29.2015;7.7;-0.3;16.1
8;03.30.2015;9.9;4.7;16.9
8;03.31.2015;10;4;13.8
8;04.01.2015;6.7;1;13.9
8;04.02.2015;5.8;-3.7;12.9
8;04.03.2015;5.5;-3.8;13.7
8;04.04.2015;4.1;-0.1;7.7
8;04.05.2015;5.4;2.1;9.6
8;04.06.2015;4.4;-4.7;9.9
8;04.07.2015;8.2;1.7;12.2
8;04.08.2015;7.6;0.6;16.7
8;04.09.2015;7.2;-2.6;16.2
8;04.10.2015;11.3;-0.6;20.1
8;04.11.2015;11.4;0.2;19.9
8;04.12.2015;11.8;3.3;21.4
8;04.13.2015;14.6;2.1;24.4
8;04.14.2015;11.9;5.6;18.7
8;04.15.2015;14.2;3.3;24.3
8;04.16.2015;15.8;3.7;23.6
8;04.17.2015;11.4;9;16.6
8;04.18.2015;4.3;1.7;11.2
8;04.19.2015;4.4;-1.7;12.1
8;04.20.2015;9.2;-2;18.4
8;04.21.2015;15.2;1.4;22.3
8;04.22.2015;13.2;2.2;23.4
8;04.23.2015;13.7;3.8;21.2
8;04.24.2015;10.6;8.1;17.1
8;04.25.2015;12.8;2.2;18.1
8;04.26.2015;14.1;4.5;19.5
8;04.27.2015;13.2;10.6;17.9
8;04.28.2015;12;11.2;13.9
8;04.29.2015;12;3.2;16.5
8;04.30.2015;9.6;2.3;16
8;05.01.2015;10.2;3.9;13.8
8;05.02.2015;14.6;9.8;20
8;05.03.2015;13.4;12.4;15.2
8;05.04.2015;16.9;9.7;22.6
8;05.05.2015;16.9;9;24.1
8;05.06.2015;18.3;9.8;27
8;05.07.2015;16.4;11.5;22.9
8;05.08.2015;16.8;7.1;23.8
8;05.09.2015;15.5;11.4;24.1
8;05.10.2015;15.7;10.1;23.7
8;05.11.2015;15.5;5.7;22.9
8;05.12.2015;17;5.4;24.5
8;05.13.2015;18.3;8.5;27.4
8;05.14.2015;17.1;10.4;24.9
8;05.15.2015;12.8;12.1;16.1
8;05.16.2015;15.5;11.9;19.4
8;05.17.2015;16;11.2;21.8
8;05.18.2015;16.7;12.6;23
8;05.19.2015;18.4;9.1;26.6
8;05.20.2015;15.7;11.8;22.8
8;05.21.2015;10.6;8.7;14.9
8;05.22.2015;10.3;9.3;12.3
8;05.23.2015;10.3;8.8;12.4
8;05.24.2015;12.8;8.4;20.2
8;05.25.2015;15.2;8.1;21.4
8;05.26.2015;14;8.2;22.3
8;05.27.2015;14.1;10.3;18.4
8;05.28.2015;13.5;5.3;20
8;05.29.2015;15.8;4.2;24.9
8;05.30.2015;19;8.4;25.2
8;05.31.2015;15.5;13.8;21.4
8;06.01.2015;18.3;9.7;26.3
8;06.02.2015;19.5;10.8;27.4
8;06.03.2015;21.6;12.3;30
8;06.04.2015;23.4;16.5;29.8
8;06.05.2015;22.5;14.7;28.1
8;06.06.2015;22.6;15.3;29.6
8;06.07.2015;24.3;14.4;29.4
8;06.08.2015;21.4;13.3;28.4
8;06.09.2015;18.8;10.9;28.2
8;06.10.2015;19.9;11.6;26.3
8;06.11.2015;21.8;14;27.8
8;06.12.2015;22.1;14.1;29.7
8;06.13.2015;22.8;15.9;28.4
8;06.14.2015;19.3;13.9;28.5
8;06.15.2015;19.3;14.8;24.9
8;06.16.2015;16.4;15.4;18.8
8;06.17.2015;15.4;12.5;20.7
8;06.18.2015;16.5;6.6;22.5
8;06.19.2015;14.9;11.1;18.5
8;06.20.2015;11.7;10.5;17.8
8;06.21.2015;12.9;6.4;20.2
8;06.22.2015;16.2;7.1;22.7
8;06.23.2015;12;10.9;16.6
8;06.24.2015;14.4;9.9;20.6
8;06.25.2015;16.8;6.8;23.4
8;06.26.2015;19.3;10.1;25.1
8;06.27.2015;17.3;12.6;24.8
8;06.28.2015;19;13.4;25.3
8;06.29.2015;18.5;11;23.8
8;06.30.2015;20.8;13.2;27.4
8;07.01.2015;22.1;13.3;29
8;07.02.2015;24.3;14.5;30.7
8;07.03.2015;23.9;17.1;30.7
8;07.04.2015;24.6;18.3;29.8
8;07.05.2015;25;16.5;31.3
8;07.06.2015;25.8;17.5;34.2
8;07.07.2015;27.8;19.4;34.9
8;07.08.2015;24.3;19.4;31.7
8;07.09.2015;17.1;15;22.9
8;07.10.2015;18.5;10.8;24.4
8;07.11.2015;21.1;10.8;29.6
8;07.12.2015;22.3;14;31.3
8;07.13.2015;19.2;16.2;25.8
8;07.14.2015;22.4;14.9;29.3
8;07.15.2015;22.2;15.6;31.3
8;07.16.2015;24.3;15.9;31.4
8;07.17.2015;26.1;17.6;34.3
8;07.18.2015;26.6;17.9;33.1
8;07.19.2015;26.9;18.4;34.9
8;07.20.2015;25.2;18.3;32.1
8;07.21.2015;25.8;18.6;33.7
8;07.22.2015;26.9;17.9;34.5
8;07.23.2015;24.8;17.6;34.5
8;07.24.2015;24.1;18.6;30.3
8;07.25.2015;21.5;16.8;26
8;07.26.2015;16.2;15.4;22.2
8;07.27.2015;17.4;14.9;19.9
8;07.28.2015;17.8;15.5;20.6
8;07.29.2015;16.5;15.6;19.3
8;07.30.2015;14.4;13.6;16.6
8;07.31.2015;16.2;12.7;23.6
8;08.01.2015;18.7;7.8;24.6
8;08.02.2015;19.3;16.6;24.9
8;08.03.2015;21.2;15.7;27.2
8;08.04.2015;22.7;14.7;30
8;08.05.2015;24;19.1;30.4
8;08.06.2015;23.9;16.5;31.7
8;08.07.2015;24.8;16.8;32
8;08.08.2015;24.1;17.3;32.9
8;08.09.2015;23.2;16.3;32.3
8;08.10.2015;22.3;13.8;31
8;08.11.2015;21.3;13.7;31.5
8;08.12.2015;22.4;13.3;32.5
8;08.13.2015;23.8;13.7;33.3
8;08.14.2015;23.1;15.4;32.8
8;08.15.2015;21.3;17.1;29.8
8;08.16.2015;19.9;17;26.8
8;08.17.2015;17.3;16.3;20.1
8;08.18.2015;17.7;15;25
8;08.19.2015;16.2;13.7;19.6
8;08.20.2015;17.4;14.6;22
8;08.21.2015;16.7;13.8;20.3
8;08.22.2015;15.7;9.4;23.6
8;08.23.2015;16.6;8.1;23
8;08.24.2015;17.3;12.4;20.7
8;08.25.2015;16.3;14.6;24.8
8;08.26.2015;17.3;14.3;24
8;08.27.2015;18.7;10.5;29.1
8;08.28.2015;21.5;12;30.1
8;08.29.2015;21.5;13.6;31.4
8;08.30.2015;22.1;13.5;31.4
8;08.31.2015;21.1;13.4;30.5
8;09.01.2015;21.4;13.2;31.1
8;09.02.2015;18.1;13.8;24.8
8;09.03.2015;17.7;15.8;23.5
8;09.04.2015;17;14.2;20.4
8;09.05.2015;12.9;10.8;17.2
8;09.06.2015;12.4;8.1;20.5
8;09.07.2015;11.3;5.3;19.6
8;09.08.2015;13.5;3.7;20.1
8;09.09.2015;12.8;7.3;19.4
8;09.10.2015;12.6;4.5;18.9
8;09.11.2015;12.6;7.3;19.9
8;09.12.2015;14.1;5.5;23.7
8;09.13.2015;17.2;7.6;23.6
8;09.14.2015;16.6;13.2;20.9
8;09.15.2015;17.6;13.3;25.5
8;09.16.2015;18.3;12.4;25
8;09.17.2015;20.8;15.1;28
8;09.18.2015;20.5;16.6;27
8;09.19.2015;17.2;15.7;20
8;09.20.2015;15.1;12.4;22.5
8;09.21.2015;11.6;5.3;19.3
8;09.22.2015;12.2;3.9;19.9
8;09.23.2015;11.9;9.4;19.3
8;09.24.2015;11.1;8.6;12.9
8;09.25.2015;12.5;10.3;14.1
8;09.26.2015;13;11.4;17.5
8;09.27.2015;12.1;8.4;16.7
8;09.28.2015;8.3;3;17.4
8;09.29.2015;11.3;1.6;17.2
8;09.30.2015;9.6;5.6;12.9
8;10.01.2015;10.5;7.5;15.3
8;10.02.2015;11.1;9;17.1
8;10.03.2015;11.4;8;18.1
8;10.04.2015;13.7;8;18.4
8;10.05.2015;12.1;6.5;20
8;10.06.2015;12.5;8.1;15.3
8;10.07.2015;13.3;12.6;15.1
8;10.08.2015;12.4;10.2;17.6
8;10.09.2015;13;8.9;17.5
8;10.10.2015;11.3;10.6;13.4
8;10.11.2015;10.2;9.4;12.9
8;10.12.2015;8.8;6.7;10.1
8;10.13.2015;8.8;8.1;9.6
8;10.14.2015;8.8;8.4;10.4
8;10.15.2015;10;7.9;11.5
8;10.16.2015;7.8;3.8;14.6
8;10.17.2015;7.1;2.5;14.6
8;10.18.2015;10.4;4.6;16.5
8;10.19.2015;7.4;5.6;10.4
8;10.20.2015;6.7;3.1;12.8
8;10.21.2015;5.2;-0.8;13.5
8;10.22.2015;4.6;-0.2;13.8
8;10.23.2015;7.7;0.2;16.2
8;10.24.2015;6.6;2;16.3
8;10.25.2015;6.9;-0.3;14.6
8;10.26.2015;5.9;0.5;15.2
8;10.27.2015;7.5;3.5;15.4
8;10.28.2015;10.3;3.5;13.4
8;10.29.2015;10.7;9.9;12.3
8;10.30.2015;8.1;4.7;13.8
8;10.31.2015;7.3;-0.6;15.5
8;11.01.2015;3.2;-1.8;15.4
8;11.02.2015;1.8;-3.7;12.3
8;11.03.2015;3.1;-4.7;16.3
8;11.04.2015;6.9;-1.8;19.4
8;11.05.2015;6.9;1;18.1
8;11.06.2015;6.2;-0.4;18.3
8;11.07.2015;7.3;-0.3;19.5
8;11.08.2015;8.8;1.3;20.8
8;11.09.2015;8.2;0.5;21.4
8;11.10.2015;7.9;2.9;17.9
8;11.11.2015;8.6;1.2;21.9
8;11.12.2015;7.5;1;18.5
8;11.13.2015;5.2;0.4;14.6
8;11.14.2015;7.3;0.2;14.1
8;11.15.2015;6.8;3.3;13.4
8;11.16.2015;6.6;0.1;18.4
8;11.17.2015;5.1;-1.8;12.3
8;11.18.2015;5.1;1.3;14.3
8;11.19.2015;8;-1.6;14.6
8;11.20.2015;9.6;6.4;11.6
8;11.21.2015;1.9;-0.3;11.2
8;11.22.2015;0.7;-0.7;2.5
8;11.23.2015;-0.7;-3.9;1.9
8;11.24.2015;-0.2;-2.5;2.4
8;11.25.2015;-0.8;-2.6;0.4
8;11.26.2015;-1.3;-2.6;1.1
8;11.27.2015;-0.1;-6;7.2
8;11.28.2015;1.2;-0.7;7.2
8;11.29.2015;-0.6;-4.9;4.7
8;11.30.2015;0.1;-5.2;9.3
8;12.01.2015;5.7;-1.9;10.5
8;12.02.2015;4.6;0.3;14.7
8;12.03.2015;2.4;-3;5.2
8;12.04.2015;3.2;-0.4;10.2
8;12.05.2015;0.6;-2.7;7.2
8;12.06.2015;1.5;-3.9;11.2
8;12.07.2015;0.8;-4.8;12
8;12.08.2015;-0.5;-4.5;0.9
8;12.09.2015;1.9;0.6;2.7
8;12.10.2015;-0.4;-3.6;3.9
8;12.11.2015;-3.1;-5.6;-1.8
8;12.12.2015;-2.4;-3.6;0.1
8;12.13.2015;-1.7;-6.9;6.1
8;12.14.2015;0.3;-5.9;3.3
8;12.15.2015;0.5;-2.5;7.9
8;12.16.2015;-0.5;-4;5.4
8;12.17.2015;-0.5;-2.6;0.7
8;12.18.2015;-0.7;-1.9;0.6
8;12.19.2015;0.1;-3.7;8.3
8;12.20.2015;-1.9;-3.5;0.2
8;12.21.2015;0.6;-5.8;8.9
8;12.22.2015;2.1;-3.1;11.5
8;12.23.2015;0.9;-4.3;10.5
8;12.24.2015;-1.5;-5.1;4.8
8;12.25.2015;-0.1;-5.4;9.8
8;12.26.2015;-0.4;-5.2;10.7
8;12.27.2015;-0.4;-6;11.5
8;12.28.2015;-1.5;-6.3;8
8;12.29.2015;-1.4;-6.1;5.8
8;12.30.2015;0.8;-4.1;3.3
8;12.31.2015;-3.7;-5.7;1.5
8;01.01.2016;-3.8;-6.2;1.4
8;01.02.2016;-3.6;-9.9;-1.1
8;01.03.2016;-5;-5.9;-1.8
8;01.04.2016;-8.7;-11.4;-4.8
8;01.05.2016;-3.1;-11.8;-1.5
8;01.06.2016;-0.5;-2.6;0.9
8;01.07.2016;-2;-3.1;-0.5
8;01.08.2016;-2.1;-9.5;0.7
8;01.09.2016;1;-0.3;2.9
8;01.10.2016;5.7;0.5;8
8;01.11.2016;9;3.9;11.9
8;01.12.2016;2.9;-1;10.5
8;01.13.2016;-2;-4;4.8
8;01.14.2016;-1.1;-6.6;1.3
8;01.15.2016;-0.2;-1.7;4
8;01.16.2016;-1.5;-3.4;3.6
8;01.17.2016;-1.3;-9.1;3.6
8;01.18.2016;-6.1;-9;1.5
8;01.19.2016;-7.9;-12.4;-1.8
8;01.20.2016;-5;-12;2.5
8;01.21.2016;-4.3;-11.9;3.9
8;01.22.2016;-5.3;-9.5;0.6
8;01.23.2016;-6.9;-11.5;0.1
8;01.24.2016;-4.6;-11.8;3.3
8;01.25.2016;-0.1;-6.5;7.2
8;01.26.2016;0.5;-5.7;12.2
8;01.27.2016;3;-5.3;12.8
8;01.28.2016;2.9;-2.6;13
8;01.29.2016;2.4;-3.5;13.1
8;01.30.2016;4.9;-3.7;8.9
8;01.31.2016;5.3;4.7;9
8;02.01.2016;6.4;2;13.9
8;02.02.2016;8;-0.4;11.7
8;02.03.2016;5.7;3.3;10.2
8;02.04.2016;2.2;-1.5;9.4
8;02.05.2016;0.2;-5;9.3
8;02.06.2016;2.8;-6;11.4
8;02.07.2016;6.4;0.6;8.5
8;02.08.2016;7.8;5.7;9.7
8;02.09.2016;8.3;5.7;10.4
8;02.10.2016;2.4;-0.4;9.2
8;02.11.2016;-0.5;-5.5;8.3
8;02.12.2016;-0.1;-3.9;2
8;02.13.2016;1;-0.7;4.6
8;02.14.2016;1.9;0.3;3.7
8;02.15.2016;2.2;0.2;5.1
8;02.16.2016;1.2;-0.5;3.9
8;02.17.2016;0.5;-0.5;1.7
8;02.18.2016;2.3;-0.3;4.1
8;02.19.2016;3.5;1.9;6.2
8;02.20.2016;1.5;-1.3;8.1
8;02.21.2016;3.9;-3.2;11.8
8;02.22.2016;7.4;-0.2;10.8
8;02.23.2016;7.5;5.1;10.9
8;02.24.2016;3.6;1.5;8.6
8;02.25.2016;2.3;-1.1;5.1
8;02.26.2016;0.8;-0.4;3.8
8;02.27.2016;0.1;-4;2.9
8;02.28.2016;3.2;-0.4;4.8
8;02.29.2016;5.6;3.3;9.3
8;03.01.2016;3.3;0.2;10
8;03.02.2016;3.5;-3.7;11.1
8;03.03.2016;2.5;0.1;4.3
8;03.04.2016;4.1;1.3;11.6
8;03.05.2016;5.4;-2.6;7.9
8;03.06.2016;5.6;3.6;10.6
8;03.07.2016;1.5;-0.4;4.5
8;03.08.2016;3.1;-0.2;6.8
8;03.09.2016;3.2;0.5;5.6
8;03.10.2016;5.1;1.4;13.1
8;03.11.2016;6.5;2.9;10.9
8;03.12.2016;4.6;2.5;11.7
8;03.13.2016;5.3;1.1;10.1
8;03.14.2016;5.4;1.6;11.7
8;03.15.2016;1.3;-3.9;6.4
8;03.16.2016;2.1;-2.9;4.4
8;03.17.2016;3.8;0.6;12.1
8;03.18.2016;4.2;-4.3;15.6
8;03.19.2016;6.6;-3.7;16.8
8;03.20.2016;6;-2.6;16.4
8;03.21.2016;5.8;-1;11.3
8;03.22.2016;7.4;3.8;13.1
8;03.23.2016;3.6;0.5;8.4
8;03.24.2016;6.6;-2.6;12.6
8;03.25.2016;5.8;-3.5;12.4
8;03.26.2016;4.9;0.7;14.2
8;03.27.2016;5.9;-2.6;13.9
8;03.28.2016;8.3;1.8;10.6
8;03.29.2016;9.2;5.3;15.8
8;03.30.2016;10.3;3.5;13.6
8;03.31.2016;13.3;8.1;18.1
8;04.01.2016;13.5;6.1;18.9
8;04.02.2016;9.2;6.2;16.8
8;04.03.2016;12.9;0.5;22.1
8;04.04.2016;12.5;3.1;19.6
8;04.05.2016;12.7;4.4;22.4
8;04.06.2016;13.1;3.9;24.1
8;04.07.2016;14.3;4.3;22.4
8;04.08.2016;10.2;7.8;14.4
8;04.09.2016;9.2;8.7;10.4
8;04.10.2016;11.4;8.1;15.9
8;04.11.2016;11.6;8.2;20.1
8;04.12.2016;12.3;2.6;20.2
8;04.13.2016;13.5;6.2;20.9
8;04.14.2016;8.3;6.5;14.3
8;04.15.2016;12.6;3.2;18.9
8;04.16.2016;14.1;5.5;19.9
8;04.17.2016;14.1;7.1;20.3
8;04.18.2016;13.3;6.3;19.5
8;04.19.2016;8.2;5.5;14.6
8;04.20.2016;8;-0.5;16.5
8;04.21.2016;11.1;0.1;21
8;04.22.2016;12.6;2.4;20.9
8;04.23.2016;9.8;1.8;15.2
8;04.24.2016;5.9;3.6;11.1
8;04.25.2016;3.6;-0.5;11.6
8;04.26.2016;6.1;-1.6;11.2
8;04.27.2016;2.5;-0.4;12.5
8;04.28.2016;1.5;-0.5;5.5
8;04.29.2016;4.7;-0.8;14.3
8;04.30.2016;10.1;-2.3;18.2
8;05.01.2016;8.3;6.6;10.1
8;05.02.2016;11;7.1;16.6
8;05.03.2016;15.6;5.2;20.4
8;05.04.2016;14;9.9;18.4
8;05.05.2016;11.8;7.9;19.9
8;05.06.2016;13.7;3.8;21.6
8;05.07.2016;12.8;4.8;22.3
8;05.08.2016;12;4.3;21.5
8;05.09.2016;13.3;5.8;21.6
8;05.10.2016;12.9;7.4;16
8;05.11.2016;12.5;8.1;15.2
8;05.12.2016;12;9.9;16
8;05.13.2016;12.2;8.6;16.1
8;05.14.2016;12.6;10.4;17.7
8;05.15.2016;9;7.8;11.6
8;05.16.2016;9.7;4.8;15.7
8;05.17.2016;10.2;2.1;16.8
8;05.18.2016;10.8;3.4;17.6
8;05.19.2016;10.6;4.7;17.6
8;05.20.2016;12.9;8.4;20.5
8;05.21.2016;15.8;3.7;23.9
8;05.22.2016;17.4;7.1;27.3
8;05.23.2016;13.7;7.5;23
8;05.24.2016;12.1;9.3;18.1
8;05.25.2016;17.4;6.1;25
8;05.26.2016;18.3;9.7;26.6
8;05.27.2016;20.2;9.9;28.3
8;05.28.2016;21;9.8;28.2
8;05.29.2016;18.4;11.7;26.4
8;05.30.2016;15.3;12.5;19.1
8;05.31.2016;14.5;11.1;20.1
8;06.01.2016;14.6;10.4;19.9
8;06.02.2016;16.2;10.5;22
8;06.03.2016;17.2;9.4;24.1
8;06.04.2016;18.5;9.5;25.3
8;06.05.2016;17.4;10.7;24.7
8;06.06.2016;16.8;13.4;24.4
8;06.07.2016;18.3;9.5;25.5
8;06.08.2016;17.7;13.2;24.9
8;06.09.2016;15;14;17
8;06.10.2016;15.4;13;21.7
8;06.11.2016;15.7;9.7;23.3
8;06.12.2016;15.8;13.3;21.2
8;06.13.2016;16.4;13;23.2
8;06.14.2016;17;10.4;21.7
8;06.15.2016;16.4;13.8;22.1
8;06.16.2016;20.3;14;25.2
8;06.17.2016;19.1;17.4;23.3
8;06.18.2016;18.3;10.5;25
8;06.19.2016;16.1;9.2;21
8;06.20.2016;16.6;13.2;21.2
8;06.21.2016;19.1;10.8;26.3
8;06.22.2016;22.3;13;27.9
8;06.23.2016;23.6;15.2;29.4
8;06.24.2016;25.1;18.3;31.2
8;06.25.2016;23.7;18.2;31
8;06.26.2016;19.9;14.9;24.2
8;06.27.2016;16.3;14.2;21.5
8;06.28.2016;18.4;8.9;25.9
8;06.29.2016;21;11.6;29
8;06.30.2016;21.9;12.6;30
8;07.01.2016;22.1;16.4;28.8
8;07.02.2016;22.9;15.3;30.2
8;07.03.2016;16;14.9;21.3
8;07.04.2016;18.6;11.8;25.3
8;07.05.2016;20.7;10.8;27.9
8;07.06.2016;20.9;15;27.1
8;07.07.2016;19.9;15;25.3
8;07.08.2016;22.2;12.3;28.6
8;07.09.2016;22.1;16.6;28.9
8;07.10.2016;24.2;15.1;30.8
8;07.11.2016;24.6;16.1;32.3
8;07.12.2016;23.8;15.5;32.3
8;07.13.2016;21.5;17.7;28
8;07.14.2016;16.7;12.8;20.8
8;07.15.2016;15.3;10.2;18.5
8;07.16.2016;16.5;13.8;18.6
8;07.17.2016;18.1;12.2;25.8
8;07.18.2016;20.2;10.3;29.3
8;07.19.2016;21.4;14.1;28.1
8;07.20.2016;22.6;14.3;30.1
8;07.21.2016;23.7;14.7;30.9
8;07.22.2016;22.4;17.3;30.4
8;07.23.2016;22.9;15.3;32.1
8;07.24.2016;23.6;14.7;30.6
8;07.25.2016;21.5;18.1;29
8;07.26.2016;20.7;15.8;28.4
8;07.27.2016;20.4;17.4;28.3
8;07.28.2016;17.9;15.4;26.2
8;07.29.2016;21.1;15.1;28.4
8;07.30.2016;23.1;14.9;31
8;07.31.2016;22.4;18.4;30.9
8;08.01.2016;17.6;15.9;21.5
8;08.02.2016;18.6;13.5;24.6
8;08.03.2016;20.6;13.5;27.9
8;08.04.2016;22.7;13.6;29.6
8;08.05.2016;18.3;15.3;28
8;08.06.2016;17.4;14;25.4
8;08.07.2016;19.1;9.9;26.3
8;08.08.2016;19.1;10;27
8;08.09.2016;20.6;11;28.3
8;08.10.2016;13.2;12.1;20.4
8;08.11.2016;12.7;10.7;18.8
8;08.12.2016;14.5;5.6;20.7
8;08.13.2016;17.4;10.8;24.7
8;08.14.2016;20.5;10.9;28
8;08.15.2016;20.9;15.8;29.1
8;08.16.2016;20.2;13.3;26.8
8;08.17.2016;17.6;16;26
8;08.18.2016;17.8;13.4;23.5
8;08.19.2016;19.7;15.4;26.8
8;08.20.2016;21.5;15.8;27.2
8;08.21.2016;16.8;14.4;24.9
8;08.22.2016;18.6;10.2;23.7
8;08.23.2016;17.4;8.9;26
8;08.24.2016;18;10.4;25.7
8;08.25.2016;18.6;10.8;26.2
8;08.26.2016;18.6;11.1;26.5
8;08.27.2016;19.2;10.5;27.9
8;08.28.2016;20.2;12;28.5
8;08.29.2016;20.3;13.1;30.2
8;08.30.2016;20.1;15.4;26.6
8;08.31.2016;18.3;12.1;25.2
8;09.01.2016;18.6;10.1;26.7
8;09.02.2016;19.4;13.6;27.6
8;09.03.2016;19.8;12.7;27.8
8;09.04.2016;19.2;14.7;28.7
8;09.05.2016;16.5;14.6;22.1
8;09.06.2016;14.9;12.8;17.9
8;09.07.2016;17.5;9.5;25.4
8;09.08.2016;18.3;12.3;26.3
8;09.09.2016;19;11;28.5
8;09.10.2016;19.3;11.7;28
8;09.11.2016;19.1;12.8;28.2
8;09.12.2016;19.2;12.2;28.9
8;09.13.2016;19.4;12.1;28.6
8;09.14.2016;18.5;11.7;27.4
8;09.15.2016;17.9;12.4;25.8
8;09.16.2016;16.4;12.2;20.1
8;09.17.2016;16.5;15;20.4
8;09.18.2016;15;12.3;20.1
8;09.19.2016;18.3;12.2;23
8;09.20.2016;14.6;11.9;19.8
8;09.21.2016;11.5;9.1;17.6
8;09.22.2016;10.8;3.5;19.7
8;09.23.2016;12.3;5.6;21.3
8;09.24.2016;13.2;8.4;21.8
8;09.25.2016;12;5.2;21.4
8;09.26.2016;12.6;5.1;21.4
8;09.27.2016;11.8;7.5;20.8
8;09.28.2016;11.6;4.7;21.4
8;09.29.2016;13.7;6.3;23.4
8;09.30.2016;13.8;6.5;23
8;10.01.2016;16.3;9.4;23.4
8;10.02.2016;13.9;9.8;16.3
8;10.03.2016;9.5;6.6;17.1
8;10.04.2016;8.9;3.8;16.5
8;10.05.2016;6.5;2.8;15
8;10.06.2016;5.7;-2.5;16
8;10.07.2016;7.2;1;10.8
8;10.08.2016;8.5;6.2;12.6
8;10.09.2016;6.6;3.3;12.8
8;10.10.2016;5.6;1.6;8.1
8;10.11.2016;4.2;1.7;10.4
8;10.12.2016;5.1;-0.6;14.3
8;10.13.2016;5.3;-2;8.8
8;10.14.2016;9.6;6.9;11.4
8;10.15.2016;11.4;8.7;13.5
8;10.16.2016;9.9;6.7;15.3
8;10.17.2016;11.4;5.5;16.3
8;10.18.2016;10.4;9.2;12.5
8;10.19.2016;9.4;8;11.9
8;10.20.2016;6.4;6;9.3
8;10.21.2016;5.8;4.5;9.1
8;10.22.2016;4;0.7;10.4
8;10.23.2016;9;2.1;13.4
8;10.24.2016;12.7;9.3;14.4
8;10.25.2016;15.2;12.7;18.9
8;10.26.2016;13;11.7;14.7
8;10.27.2016;7.6;5;13.7
8;10.28.2016;5.8;3.1;11.3
8;10.29.2016;6.3;1.5;16.2
8;10.30.2016;6.2;-0.3;14.4
8;10.31.2016;5.8;2.5;11.8
8;11.01.2016;4.4;-1.3;12.5
8;11.02.2016;7.1;2.2;10.9
8;11.03.2016;3.1;-0.1;7.7
8;11.04.2016;1.9;-2.7;7.5
8;11.05.2016;8.7;-0.3;12.6
8;11.06.2016;11.9;11.1;15.6
8;11.07.2016;3.6;0.3;11.7
8;11.08.2016;2.8;1.7;4.4
8;11.09.2016;1.7;-0.4;6.7
8;11.10.2016;2.2;-0.1;8.5
8;11.11.2016;3.9;-0.1;6.1
8;11.12.2016;2.8;-0.4;9.4
8;11.13.2016;0.7;-4.6;4.8
8;11.14.2016;0.8;-0.7;4.6
8;11.15.2016;-1.8;-6.4;4.7
8;11.16.2016;2.6;-3.5;8.4
8;11.17.2016;7.7;1.3;12.3
8;11.18.2016;9.6;7.3;11.1
8;11.19.2016;9.5;8.6;12.8
8;11.20.2016;8.9;5.1;15.7
8;11.21.2016;10.1;7.2;11.6
8;11.22.2016;10.6;7.5;17.1
8;11.23.2016;9.5;6.7;15.3
8;11.24.2016;11.2;6.2;13.5
8;11.25.2016;10.8;8.4;12.9
8;11.26.2016;7.9;7.4;10.5
8;11.27.2016;8.6;7;10.3
8;11.28.2016;0.2;-3.3;8.7
8;11.29.2016;-3.1;-7;5.3
8;11.30.2016;-3.9;-8.6;2.2
8;12.01.2016;-3.1;-7.2;5
8;12.02.2016;-1.3;-6.7;7.2
8;12.03.2016;-2.1;-4.6;3.9
8;12.04.2016;-2;-7.6;4.9
8;12.05.2016;-1;-4.7;5.3
8;12.06.2016;-2.1;-8.2;7.2
8;12.07.2016;-1.9;-6.9;5.4
8;12.08.2016;-3;-8.1;5.3
8;12.09.2016;-1;-6.7;11.2
8;12.10.2016;-1.9;-7.2;7.8
8;12.11.2016;-0.8;-7.1;8.9
8;12.12.2016;0.2;-3.9;9.8
8;12.13.2016;-1.6;-6.4;4.2
8;12.14.2016;-0.3;-5.1;7.9
8;12.15.2016;-0.5;-5.3;2
8;12.16.2016;0.7;-0.3;2.9
8;12.17.2016;-3.5;-7.6;3.8
8;12.18.2016;-3.7;-9.7;3.6
8;12.19.2016;-1.5;-6;0.2
8;12.20.2016;-2.3;-2.8;-1.2
8;12.21.2016;-3.6;-3.8;-2.4
8;12.22.2016;-4.5;-4.8;-3.5
8;12.23.2016;-5.3;-7;-1
8;12.24.2016;-3.9;-8.6;1
8;12.25.2016;-2.9;-5.7;-0.6
8;12.26.2016;-0.2;-5.9;7.1
8;12.27.2016;3.3;-3.9;8.8
8;12.28.2016;3.6;-0.7;11.3
8;12.29.2016;-3;-6.4;3.9
8;12.30.2016;-4.9;-10.1;2.6
8;12.31.2016;-5.6;-11.1;4
8;01.01.2017;-5.7;-12.5;4.8
8;01.02.2017;-0.6;-11.3;8.6
8;01.03.2017;-3;-7.4;4
8;01.04.2017;-3.1;-10.3;4
8;01.05.2017;-2;-10;3.7
8;01.06.2017;-4.3;-5.7;-0.6
8;01.07.2017;-8.8;-16.1;-3.7
8;01.08.2017;-9.9;-12.8;-5.7
8;01.09.2017;-7.2;-16;-3.1
8;01.10.2017;-7.3;-9.5;-4.7
8;01.11.2017;-10.3;-17.7;-3.9
8;01.12.2017;-2;-14.1;1.1
8;01.13.2017;0.6;-1;3.6
8;01.14.2017;-1.8;-4;1.1
8;01.15.2017;-4;-5.7;0.1
8;01.16.2017;-3.8;-7.3;-0.2
8;01.17.2017;-1.8;-5.2;3.1
8;01.18.2017;-1.8;-4.9;0
8;01.19.2017;-3.1;-6;2.2
8;01.20.2017;-6.6;-11.7;0.3
8;01.21.2017;-7.4;-12.7;-0.6
8;01.22.2017;-8.3;-12.1;-5.9
8;01.23.2017;-7.4;-11.1;-3.8
8;01.24.2017;-6.6;-11.9;-4.8
8;01.25.2017;-4.2;-7;-3
8;01.26.2017;-2.7;-4.5;0
8;01.27.2017;-4.9;-7.1;1.6
8;01.28.2017;-4.8;-11.9;4.5
8;01.29.2017;-5.9;-9.8;-4.7
8;01.30.2017;-5.9;-6.9;-5
8;01.31.2017;-0.6;-6.2;1.8
8;02.01.2017;1.5;0.1;2.7
8;02.02.2017;3.7;0.5;8.3
8;02.03.2017;4;2.7;6.6
8;02.04.2017;3.8;-0.4;8.6
8;02.05.2017;2.7;-1.9;6.2
8;02.06.2017;3;1.4;6.2
8;02.07.2017;1.3;-0.6;4
8;02.08.2017;0.6;-0.2;2
8;02.09.2017;-0.8;-2.2;0.4
8;02.10.2017;-0.4;-1.4;0.6
8;02.11.2017;-0.1;-1.5;1.3
8;02.12.2017;0.7;-1;2.3
8;02.13.2017;0.1;-0.6;1.9
8;02.14.2017;-0.9;-3.4;5.1
8;02.15.2017;-1.6;-5.7;8.3
8;02.16.2017;0.9;-6;11.9
8;02.17.2017;4.1;-5.5;11.6
8;02.18.2017;3.7;-0.7;9.2
8;02.19.2017;1.3;-2.3;9.2
8;02.20.2017;1.1;-4.1;10.9
8;02.21.2017;3;-2.7;7.9
8;02.22.2017;5.2;-1.3;9.5
8;02.23.2017;7.8;2.1;10.3
8;02.24.2017;3.6;-0.6;9.8
8;02.25.2017;0.5;-3.6;8.1
8;02.26.2017;0.9;-5.7;10.2
8;02.27.2017;5.5;-2.4;14.1
8;02.28.2017;8.5;3.7;10.8
8;03.01.2017;2.6;-0.2;9.4
8;03.02.2017;3.3;-3.2;13.1
8;03.03.2017;6.9;-0.7;13.5
8;03.04.2017;9.2;4.8;12.4
8;03.05.2017;5.9;4.6;9.7
8;03.06.2017;5.5;2;10.8
8;03.07.2017;7.9;2.1;13.5
8;03.08.2017;4.9;-1.9;14.5
8;03.09.2017;6.8;-1.1;13.7
8;03.10.2017;7.9;0.3;14
8;03.11.2017;4.7;0.4;13.6
8;03.12.2017;4.5;-4.3;10.9
8;03.13.2017;2.3;-4.3;12.4
8;03.14.2017;8.6;-3.6;15.2
8;03.15.2017;5.4;-2.6;15.5
8;03.16.2017;6.1;-2.7;16.2
8;03.17.2017;8.1;-2.5;19.9
8;03.18.2017;8;0.3;15.8
8;03.19.2017;7.9;-0.2;15.3
8;03.20.2017;10.8;3.1;20.8
8;03.21.2017;11.9;2.4;18.3
8;03.22.2017;9.9;4.9;13.4
8;03.23.2017;10.2;7;18.7
8;03.24.2017;10;1.1;20
8;03.25.2017;8.7;3;16.9
8;03.26.2017;2.5;-0.7;10.3
8;03.27.2017;4.1;-4.7;15.4
8;03.28.2017;6.7;-4.1;19.6
8;03.29.2017;10.5;-1.3;22.6
8;03.30.2017;12.4;1.1;22.2
8;03.31.2017;11.2;2.1;22.6
8;04.01.2017;10.7;1.2;21.8
8;04.02.2017;10.8;3;21.7
8;04.03.2017;12.4;1.2;23.4
8;04.04.2017;10;2.9;21.8
8;04.05.2017;11.1;6.7;16.6
8;04.06.2017;10;6.6;16.9
8;04.07.2017;9.4;1.4;17.6
8;04.08.2017;13.7;1.8;22
8;04.09.2017;14;7.1;20.9
8;04.10.2017;14.3;3.8;23.6
8;04.11.2017;10.2;4.3;16.8
8;04.12.2017;9.5;3.8;17.1
8;04.13.2017;12.5;3.8;21.5
8;04.14.2017;13.6;8.2;20.2
8;04.15.2017;10.1;8.7;13.6
8;04.16.2017;8.9;3.2;16.5
8;04.17.2017;7.2;1.6;13.3
8;04.18.2017;3.7;1.7;7
8;04.19.2017;5.8;-0.6;8.3
8;04.20.2017;6.2;3.5;10.5
8;04.21.2017;5.8;-4.7;13.1
8;04.22.2017;9.4;-2.6;17.1
8;04.23.2017;6.3;4.6;9.7
8;04.24.2017;9.4;4.5;11.9
8;04.25.2017;12.1;9;16.2
8;04.26.2017;11.6;10.5;14.4
8;04.27.2017;12.1;10.3;13.7
8;04.28.2017;9.8;7.5;14.7
8;04.29.2017;7.9;1.7;14.1
8;04.30.2017;9.2;-0.4;15.5
8;05.01.2017;12.1;5.9;18
8;05.02.2017;11.2;5.5;18.5
8;05.03.2017;10.8;2.4;19.8
8;05.04.2017;10.6;2.8;16
8;05.05.2017;9.8;5.8;16.9
8;05.06.2017;11.8;2.1;20.1
8;05.07.2017;12.7;8.4;19.6
8;05.08.2017;13.4;6.7;20.8
8;05.09.2017;9.6;7.3;14.8
8;05.10.2017;9.4;3.7;15.1
8;05.11.2017;13.3;7.2;17
8;05.12.2017;15.6;12.2;21.8
8;05.13.2017;14.7;10.3;21.6
8;05.14.2017;15.7;12.4;24.3
8;05.15.2017;14.4;11.6;19.2
8;05.16.2017;16.9;6.8;24.2
8;05.17.2017;17.5;12.5;21.5
8;05.18.2017;17.8;6.9;25.2
8;05.19.2017;17.7;7.1;25.2
8;05.20.2017;13.1;7.8;19.9
8;05.21.2017;15.9;10.1;23
8;05.22.2017;16.4;7.2;24.6
8;05.23.2017;17.1;8.9;25.1
8;05.24.2017;17.6;12;22.1
8;05.25.2017;15.1;9.7;20.9
8;05.26.2017;16;6.3;22.9
8;05.27.2017;18.6;7.6;25.8
8;05.28.2017;18.9;9.6;26
8;05.29.2017;20.4;9.6;27.7
8;05.30.2017;21.4;11.9;29.4
8;05.31.2017;21.7;12.9;28.6
8;06.01.2017;20.1;13.4;27.9
8;06.02.2017;19.8;13.3;27.7
8;06.03.2017;18.6;12.1;26.7
8;06.04.2017;19.5;12;27.6
8;06.05.2017;18.3;15.1;23.2
8;06.06.2017;15.8;12.4;22.4
8;06.07.2017;11.7;10.7;15.1
8;06.08.2017;14.4;5.5;21.2
8;06.09.2017;17.9;6.9;25.4
8;06.10.2017;19.5;9.9;25.7
8;06.11.2017;19.7;12.7;26.2
8;06.12.2017;22.5;10.8;29.9
8;06.13.2017;23.4;14.2;29.5
8;06.14.2017;18.2;15.7;23.1
8;06.15.2017;20.9;12.2;27.4
8;06.16.2017;19;14.4;27.5
8;06.17.2017;17.8;12.8;24.6
8;06.18.2017;18.5;8.8;25.8
8;06.19.2017;20.3;9.5;27.4
8;06.20.2017;23.8;11.5;30.6
8;06.21.2017;22.1;14.9;32.6
8;06.22.2017;24.8;13.4;32.8
8;06.23.2017;24.3;18.5;32.1
8;06.24.2017;24.7;16.6;32.3
8;06.25.2017;18.8;16.1;24.2
8;06.26.2017;21.4;14.8;28.4
8;06.27.2017;18.5;14.8;26.4
8;06.28.2017;16.8;14.7;26
8;06.29.2017;17.4;13.8;24.3
8;06.30.2017;17.6;10.5;24.8
8;07.01.2017;17.5;13.4;24.4
8;07.02.2017;17.2;9.6;22.4
8;07.03.2017;19.3;13.9;25.4
8;07.04.2017;20.1;11.8;26.9
8;07.05.2017;22.4;12.8;29.4
8;07.06.2017;23.4;13.5;32.3
8;07.07.2017;22.6;15;31.2
8;07.08.2017;23.2;16.1;31.4
8;07.09.2017;24.7;18.4;32.5
8;07.10.2017;24.3;19.9;31.2
8;07.11.2017;21.2;14.9;30.2
8;07.12.2017;22;15.6;28.9
8;07.13.2017;19.9;15.9;26.3
8;07.14.2017;17;14;21.1
8;07.15.2017;19.6;11.1;24.7
8;07.16.2017;16.6;7.1;23.8
8;07.17.2017;18.9;7.9;26.8
8;07.18.2017;20.8;11;29
8;07.19.2017;22.2;12.2;29.6
8;07.20.2017;22.8;13.4;30.5
8;07.21.2017;23.4;13.9;30.9
8;07.22.2017;23.3;16.6;31.6
8;07.23.2017;24.4;14.2;31.5
8;07.24.2017;17.1;15;23.9
8;07.25.2017;15.9;11.3;24.7
8;07.26.2017;15.1;8;21.3
8;07.27.2017;18.4;12.1;25.2
8;07.28.2017;20.4;14.1;29
8;07.29.2017;21.8;14.3;28.9
8;07.30.2017;22;15.5;29
8;07.31.2017;24.2;15.2;32.6
8;08.01.2017;25.8;16.8;34.4
8;08.02.2017;25.6;17.2;36.2
8;08.03.2017;25.6;16.1;34.7
8;08.04.2017;26.9;18.1;36.1
8;08.05.2017;27;18.7;33.4
8;08.06.2017;21.4;16.9;29.8
8;08.07.2017;19.6;14.9;25.2
8;08.08.2017;21.2;14;28
8;08.09.2017;24;15.8;30.2
8;08.10.2017;21.2;18.4;28.3
8;08.11.2017;18.8;15.5;26.1
8;08.12.2017;16.3;11.9;22.1
8;08.13.2017;18.9;9.3;27.5
8;08.14.2017;19.6;11.3;27.1
8;08.15.2017;20.5;11.6;29.4
8;08.16.2017;21.6;12.9;29.9
8;08.17.2017;21.6;13.7;29.9
8;08.18.2017;22.7;14.2;32.2
8;08.19.2017;19.5;14;25.5
8;08.20.2017;16.2;11.9;23.2
8;08.21.2017;14.5;7;23.2
8;08.22.2017;14.8;5.7;23.2
8;08.23.2017;17.3;7.8;26.1
8;08.24.2017;20.3;9.9;29.5
8;08.25.2017;21.7;13.2;31.1
8;08.26.2017;22.3;13.5;31.8
8;08.27.2017;24.9;16;33.9
8;08.28.2017;18.8;13.9;28.5
8;08.29.2017;17.2;11.6;25.2
8;08.30.2017;18.9;10;28.2
8;08.31.2017;22.4;12.4;29.7
8;09.01.2017;16.8;14;22.5
8;09.02.2017;13.6;11.1;18
8;09.03.2017;12.7;10.3;18.9
8;09.04.2017;12.8;4;21.9
8;09.05.2017;14.5;7.7;22.9
8;09.06.2017;16.6;8.7;24.1
8;09.07.2017;13.4;12.5;16.3
8;09.08.2017;13.8;11.8;17.3
8;09.09.2017;15.1;10.3;19.3
8;09.10.2017;15.6;14.2;17
8;09.11.2017;16.2;15;17.7
8;09.12.2017;10.3;8.7;16.2
8;09.13.2017;12.1;5.7;19.4
8;09.14.2017;15.1;7.7;18.1
8;09.15.2017;10.1;9;16.6
8;09.16.2017;11.8;9.5;13.4
8;09.17.2017;12.1;9.9;17.3
8;09.18.2017;11.6;8.6;15.7
8;09.19.2017;7.8;7.2;11
8;09.20.2017;9;6.9;14.3
8;09.21.2017;9.4;2.5;20.3
8;09.22.2017;10.8;3.2;18.9
8;09.23.2017;13.3;3.7;20.6
8;09.24.2017;12.2;10.3;14.5
8;09.25.2017;11.5;10.5;14.8
8;09.26.2017;11.8;10.1;13.6
8;09.27.2017;13.3;9.9;16.6
8;09.28.2017;10.9;6;19.1
8;09.29.2017;10.9;4.6;18.4
8;09.30.2017;11.4;4.8;17.2
8;10.01.2017;8.6;4.9;17.3
8;10.02.2017;8.3;0.8;17
8;10.03.2017;10.3;4.7;14.6
8;10.04.2017;11.4;5.7;17.8
8;10.05.2017;14.5;7.9;19.7
8;10.06.2017;8.6;4.1;15.5
8;10.07.2017;7;0.4;16.5
8;10.08.2017;9.2;1.3;18.5
8;10.09.2017;9.9;2.3;17.4
8;10.10.2017;11.2;8.8;17.4
8;10.11.2017;9.7;4.4;18.6
8;10.12.2017;10.7;2.5;21.3
8;10.13.2017;10.7;4.3;21.1
8;10.14.2017;11.1;5;20.3
8;10.15.2017;11.4;6;20.8
8;10.16.2017;10.9;4.7;22
8;10.17.2017;11.4;2.6;22.7
8;10.18.2017;10.1;3.7;22.5
8;10.19.2017;8.9;0.9;22.2
8;10.20.2017;8;1.6;19.3
8;10.21.2017;8.8;2.4;18.6
8;10.22.2017;8.1;5.2;11.1
8;10.23.2017;8.7;4.2;13.4
8;10.24.2017;11;5.3;18.4
8;10.25.2017;5.9;-0.2;15.2
8;10.26.2017;8;0;19
8;10.27.2017;11.3;2.7;17.8
8;10.28.2017;5;1.8;13.5
8;10.29.2017;9.6;-0.2;14.9
8;10.30.2017;3.3;-1.2;14.2
8;10.31.2017;2.2;-5;12.2
8;11.01.2017;5;-3.2;13.4
8;11.02.2017;5.9;-1.3;13.3
8;11.03.2017;9.6;1.8;15.9
8;11.04.2017;9.5;4.8;13.2
8;11.05.2017;11;9.2;15.4
8;11.06.2017;6.2;5.7;10.1
8;11.07.2017;5.7;5;7.1
8;11.08.2017;6.6;5;7.8
8;11.09.2017;7.2;6.1;8.5
8;11.10.2017;5.9;3.4;10.9
8;11.11.2017;3.4;-0.7;7.2
8;11.12.2017;8;1.3;10.2
8;11.13.2017;1.8;0.5;9.2
8;11.14.2017;0.7;-2.3;7.6
8;11.15.2017;2;-4;4.6
8;11.16.2017;4.2;2.2;5.9
8;11.17.2017;5;3.7;6.8
8;11.18.2017;2.1;-0.5;6.3
8;11.19.2017;-0.9;-2.9;4
8;11.20.2017;-0.8;-3.9;6
8;11.21.2017;2.9;-4.3;10.5
8;11.22.2017;4.5;0.7;12.1
8;11.23.2017;3.9;-1.1;13
8;11.24.2017;4;-2.3;12
8;11.25.2017;8.7;1.6;10.4
8;11.26.2017;0.5;0;9
8;11.27.2017;-2.3;-6.7;4.9
8;11.28.2017;-1.3;-7;1.1
8;11.29.2017;0.2;0;1
8;11.30.2017;0.2;0;0.6
8;12.01.2017;-0.1;-0.5;1.2
8;12.02.2017;-1.6;-6.3;2.3
8;12.03.2017;-5.4;-8.1;-0.9
8;12.04.2017;-8.3;-12.1;-3.7
8;12.05.2017;-4.7;-10.7;1.5
8;12.06.2017;-3.5;-8.5;4.1
8;12.07.2017;-1.2;-8.6;3.3
8;12.08.2017;2.4;0.3;5.1
8;12.09.2017;-2.9;-5.9;3.3
8;12.10.2017;-1.7;-7.1;0.8
8;12.11.2017;8.6;0.6;13.3
8;12.12.2017;7.4;5.1;14
8;12.13.2017;0.6;0;6.3
8;12.14.2017;4;-0.2;5.2
8;12.15.2017;4.8;3.2;7.7
8;12.16.2017;0.1;-2.7;3.2
8;12.17.2017;-2.3;-4.3;0.4
8;12.18.2017;-3.8;-6.3;-1
8;12.19.2017;-5;-6;-3.6
8;12.20.2017;-3.3;-5.2;1.3
8;12.21.2017;-2.9;-8.6;0
8;12.22.2017;-3;-5.9;0.9
8;12.23.2017;-2.9;-4.7;-1.7
8;12.24.2017;-2.3;-7.4;4.7
8;12.25.2017;-1;-7;7.6
8;12.26.2017;3.1;-2.1;8.3
8;12.27.2017;5.8;1.2;7.8
8;12.28.2017;2;0.5;6.6
8;12.29.2017;-1.3;-4.4;1.7
8;12.30.2017;-2.4;-4.1;-0.4
8;12.31.2017;2;-5;7.7
8;01.01.2018;3.4;1;5.5
8;01.02.2018;0.6;0;2.7
8;01.03.2018;0.4;-2;5.7
8;01.04.2018;0.6;-5.2;3.6
8;01.05.2018;5.4;0.7;6.5
8;01.06.2018;8.2;5.5;11.9
8;01.07.2018;7.1;4.7;9.7
8;01.08.2018;5.5;2.3;7.3
8;01.09.2018;5.9;4.1;7.2
8;01.10.2018;5.5;2.9;9.1
8;01.11.2018;3.9;1.9;5.9
8;01.12.2018;2.5;-2.6;7.7
8;01.13.2018;3.2;1.4;6.1
8;01.14.2018;0.4;-0.3;3
8;01.15.2018;-0.6;-1.5;0.3
8;01.16.2018;3.2;-0.9;5.5
8;01.17.2018;1.9;-2.3;7.3
8;01.18.2018;1.3;-5.6;8.8
8;01.19.2018;2.9;0.1;6.1
8;01.20.2018;0;-2.9;3.4
8;01.21.2018;4.5;-1.4;10.5
8;01.22.2018;0.3;-4.2;5.8
8;01.23.2018;-0.2;-4.9;9.6
8;01.24.2018;0;-5.4;9.1
8;01.25.2018;4.3;-5.3;9
8;01.26.2018;5.3;0.5;10.2
8;01.27.2018;2.2;-3;12.2
8;01.28.2018;1.1;-3.2;3.4
8;01.29.2018;-0.1;-3.4;8.1
8;01.30.2018;2;-1.9;12.3
8;01.31.2018;4.3;-2.9;8.1
8;02.01.2018;6;4.6;7.9
8;02.02.2018;0.3;0;6.3
8;02.03.2018;0.2;-0.7;1.1
8;02.04.2018;-1.2;-4.3;2.1
8;02.05.2018;-0.6;-3.4;3.2
8;02.06.2018;-0.8;-2.7;1.6
8;02.07.2018;-0.2;-1.9;1.3
8;02.08.2018;-0.3;-1.8;3.2
8;02.09.2018;0.8;-1.3;3.7
8;02.10.2018;0.6;-0.3;4
8;02.11.2018;-0.8;-2.5;2.7
8;02.12.2018;-1.2;-6.8;0.5
8;02.13.2018;-2.5;-5.2;2.2
8;02.14.2018;-7.7;-13.9;1.4
8;02.15.2018;-6.5;-12;3.4
8;02.16.2018;-3;-12.5;4.9
8;02.17.2018;0.5;-6.7;5.7
8;02.18.2018;0.2;-0.3;1.9
8;02.19.2018;-0.8;-3.1;1.9
8;02.20.2018;-0.2;-2.6;2.3
8;02.21.2018;0.3;-3.8;4.2
8;02.22.2018;-0.5;-1.5;1.2
8;02.23.2018;-0.7;-2.2;1.3
8;02.24.2018;-1.9;-3.3;0
8;02.25.2018;-6.9;-8.4;-3.2
8;02.26.2018;-8.9;-17.2;-6.1
8;02.27.2018;-8.1;-9.8;-4.3
8;02.28.2018;-13.3;-20.2;-5.3
8;03.01.2018;-7.9;-16.3;-5.8
8;03.02.2018;-4.4;-6.2;-3.7
8;03.03.2018;-3.3;-4.9;-1.3
8;03.04.2018;-0.1;-4.6;2.2
8;03.05.2018;-0.4;-1;0.8
8;03.06.2018;0.2;-2;2.5
8;03.07.2018;2.4;-0.2;8.1
8;03.08.2018;2;-0.8;9.9
8;03.09.2018;2.3;-4.5;11.8
8;03.10.2018;6.5;-0.4;10.2
8;03.11.2018;4.7;2.7;7.9
8;03.12.2018;5.2;2.9;11.9
8;03.13.2018;6.3;-1.1;14.4
8;03.14.2018;4.4;-0.3;12.5
8;03.15.2018;5.6;1.4;10.7
8;03.16.2018;4.2;2.6;9.4
8;03.17.2018;3.5;0.4;5.6
8;03.18.2018;0.6;-0.8;3.9
8;03.19.2018;-1.2;-2.3;0.1
8;03.20.2018;-0.5;-2.5;0.8
8;03.21.2018;1;-3.4;5.9
8;03.22.2018;0.4;-5.9;6.7
8;03.23.2018;0.7;-6.3;8.6
8;03.24.2018;4.2;-2.9;10
8;03.25.2018;1.6;-0.6;7.1
8;03.26.2018;5.3;-4.4;11.3
8;03.27.2018;4.9;1.7;11.5
8;03.28.2018;8.9;-0.1;15.6
8;03.29.2018;8.1;6.1;10.1
8;03.30.2018;10;6.7;13.5
8;03.31.2018;7.5;5.5;11.8
8;04.01.2018;7.7;3.9;15.5
8;04.02.2018;6.8;-2.7;16
8;04.03.2018;10.4;3.8;17
8;04.04.2018;10.1;4.8;13.3
8;04.05.2018;9.4;7.5;15.9
8;04.06.2018;8.3;1.3;16.4
8;04.07.2018;7.5;-0.9;16
8;04.08.2018;9.4;1.1;20.6
8;04.09.2018;12.1;2.2;21.5
8;04.10.2018;10.4;8.8;15.6
8;04.11.2018;13;8.5;18.6
8;04.12.2018;11;10.3;13.1
8;04.13.2018;10.6;7.9;17.1
8;04.14.2018;12.4;1.3;20.8
8;04.15.2018;14.3;9.2;19.7
8;04.16.2018;14.9;11.5;21.2
8;04.17.2018;13.2;10.4;19.9
8;04.18.2018;14.1;4.6;22.8
8;04.19.2018;14.2;4.4;24.4
8;04.20.2018;15.7;4.2;25.4
8;04.21.2018;16.1;5.2;25.6
8;04.22.2018;16.3;6.4;26.4
8;04.23.2018;15.8;6.3;27
8;04.24.2018;15.2;7.6;23.9
8;04.25.2018;17.1;6.9;25.4
8;04.26.2018;13.9;7.6;21.4
8;04.27.2018;12.5;9.2;19.7
8;04.28.2018;15.7;5;24.9
8;04.29.2018;17.6;7;26.2
8;04.30.2018;16;9.6;21.6
8;05.01.2018;14.7;5.7;19.1
8;05.02.2018;17.5;11.7;24.6
8;05.03.2018;20.4;10.6;24.8
8;05.04.2018;15.1;14.5;22.6
8;05.05.2018;16.4;12.9;22.1
8;05.06.2018;17.9;9.9;24.2
8;05.07.2018;16.1;9.3;23.6
8;05.08.2018;14.8;7.2;23.3
8;05.09.2018;14.9;9.2;21.2
8;05.10.2018;16.4;10.1;23.3
8;05.11.2018;15.2;11.3;21.1
8;05.12.2018;15.8;9.3;23.3
8;05.13.2018;14.8;8.2;23.6
8;05.14.2018;13.8;10.4;20
8;05.15.2018;11.5;9.6;17.1
8;05.16.2018;11.8;5.2;18.9
8;05.17.2018;13.7;9.9;19.7
8;05.18.2018;14.5;8.4;21.6
8;05.19.2018;14.6;7.3;21.2
8;05.20.2018;16;8.2;21
8;05.21.2018;17.3;9.6;22.8
8;05.22.2018;15.7;9.1;20.5
8;05.23.2018;17.5;11.1;23.1
8;05.24.2018;17.3;12.6;24.3
8;05.25.2018;18.6;10.4;25.1
8;05.26.2018;19.1;13.3;25.5
8;05.27.2018;18.6;13.6;27.5
8;05.28.2018;20.8;11;27.5
8;05.29.2018;17.5;14.5;26
8;05.30.2018;19.6;12.8;26.4
8;05.31.2018;20.9;13.2;27.8
8;06.01.2018;20.1;13.3;26.2
8;06.02.2018;18.6;11.6;28.2
8;06.03.2018;20.3;10.7;27.6
8;06.04.2018;21.3;12.8;28.4
8;06.05.2018;17.6;12.5;26.9
8;06.06.2018;19.8;13.8;27.5
8;06.07.2018;19.2;13.2;25.4
8;06.08.2018;19.1;12.5;25.9
8;06.09.2018;20;15.8;26.5
8;06.10.2018;20.9;14.3;28.3
8;06.11.2018;23.1;15;30.7
8;06.12.2018;21.3;15.2;29.2
8;06.13.2018;18.1;13.1;22.6
8;06.14.2018;17.6;14.4;21.8
8;06.15.2018;17.8;13;22.8
8;06.16.2018;18.6;9.4;26.3
8;06.17.2018;19.1;13.1;25.5
8;06.18.2018;22;12.2;27.5
8;06.19.2018;21.7;10.4;27.8
8;06.20.2018;21.5;12.5;28.8
8;06.21.2018;23.1;13.8;29.9
8;06.22.2018;12.7;11.2;22.2
8;06.23.2018;15.8;9.1;21.5
8;06.24.2018;16.6;11.2;22
8;06.25.2018;14.1;12.2;20
8;06.26.2018;16;9.3;23.5
8;06.27.2018;17;12.3;23.2
8;06.28.2018;16.7;14.1;21.5
8;06.29.2018;22.4;12.4;27.8
8;06.30.2018;21;15.5;28.7
8;07.01.2018;17.8;14.1;20.8
8;07.02.2018;18.3;14;22.1
8;07.03.2018;20.9;15.3;27.2
8;07.04.2018;20.3;16.2;25.9
8;07.05.2018;21.3;13.7;29.5
8;07.06.2018;19.6;15.8;24.3
8;07.07.2018;20.3;16;28.1
8;07.08.2018;18.9;10.8;25.5
8;07.09.2018;18.7;14.8;26.6
8;07.10.2018;20.4;10.9;26.7
8;07.11.2018;15.7;15.2;19.9
8;07.12.2018;17.9;13.9;23.2
8;07.13.2018;19.6;16.3;26.4
8;07.14.2018;20;13.7;27.6
8;07.15.2018;18.8;16.3;24.1
8;07.16.2018;19;11.6;26.2
8;07.17.2018;19.7;14.5;27.8
8;07.18.2018;21.3;10.4;29.5
8;07.19.2018;22.2;10.5;30.6
8;07.20.2018;20.5;13.1;29.2
8;07.21.2018;19.3;13.1;26.5
8;07.22.2018;19.1;15.5;26.4
8;07.23.2018;17.4;15.3;23.8
8;07.24.2018;20.8;11;28.3
8;07.25.2018;21.6;12.7;30.2
8;07.26.2018;20;14.3;27.8
8;07.27.2018;20.4;12.9;27.8
8;07.28.2018;22.5;13.8;31
8;07.29.2018;23.9;18.9;30.5
8;07.30.2018;24.3;16.5;31.2
8;07.31.2018;25.5;16.7;31.9
8;08.01.2018;24.2;16.1;32.3
8;08.02.2018;21.4;17.8;28.5
8;08.03.2018;22;18;30.8
8;08.04.2018;22.5;15.3;30.3
8;08.05.2018;22.3;15.2;31.1
8;08.06.2018;23.5;16.6;30.8
8;08.07.2018;25.3;17.1;31.5
8;08.08.2018;23.6;16.7;31.7
8;08.09.2018;23.5;15.7;32.5
8;08.10.2018;22.3;15.9;30.5
8;08.11.2018;21.4;17.9;26.8
8;08.12.2018;20.4;16.5;27.4
8;08.13.2018;21.3;13.7;30.3
8;08.14.2018;19.6;16.6;24.2
8;08.15.2018;18.8;16.2;25.8
8;08.16.2018;19.3;11.2;27.1
8;08.17.2018;20.1;11.6;28.4
8;08.18.2018;20.7;13.6;29.7
8;08.19.2018;20.3;13.5;30.1
8;08.20.2018;21.1;12.9;30.3
8;08.21.2018;21.6;14.9;30.9
8;08.22.2018;21.5;13.8;31
8;08.23.2018;22.5;14.5;31.1
8;08.24.2018;18.1;14.3;29.4
8;08.25.2018;16.6;15.5;20.2
8;08.26.2018;11.4;10.6;15.5
8;08.27.2018;13.9;7.9;22.5
8;08.28.2018;16.9;8;25.6
8;08.29.2018;17.3;9.4;25.9
8;08.30.2018;18.6;9.9;27.3
8;08.31.2018;17;15.9;19.5
8;09.01.2018;16;15.4;18.3
8;09.02.2018;17.3;13.2;22
8;09.03.2018;15.6;13.8;19
8;09.04.2018;16.7;13.1;23.8
8;09.05.2018;19.1;13.6;26
8;09.06.2018;17.6;12.8;25.3
8;09.07.2018;17.4;11.4;24.1
8;09.08.2018;16.8;15.2;24.8
8;09.09.2018;17.8;10.6;25.9
8;09.10.2018;18.1;11.5;27
8;09.11.2018;18.5;12.1;28.3
8;09.12.2018;19.2;11.3;28.7
8;09.13.2018;19.4;12.7;27.3
8;09.14.2018;18.3;13.3;26.4
8;09.15.2018;17.4;15;23.6
8;09.16.2018;17.4;11.8;25.2
8;09.17.2018;18.4;11.3;26
8;09.18.2018;17.9;11.9;26.3
8;09.19.2018;18.6;11.3;26.5
8;09.20.2018;18.4;12.3;26.2
8;09.21.2018;18;11.8;26.8
8;09.22.2018;12.1;10.5;16.9
8;09.23.2018;12.2;10.3;14.6
8;09.24.2018;10.9;7.6;18
8;09.25.2018;8.7;1.6;15.7
8;09.26.2018;6.3;-1;15.7
8;09.27.2018;9.3;0.1;20
8;09.28.2018;10.9;2.4;22
8;09.29.2018;12.1;5.7;18
8;09.30.2018;7.2;1.2;16.1
8;10.01.2018;9.1;0.7;14.8
8;10.02.2018;8.5;6.2;14.7
8;10.03.2018;8.6;1.3;18.2
8;10.04.2018;9;2.1;18.5
8;10.05.2018;8.8;1.8;19.3
8;10.06.2018;13.5;5.5;18.7
8;10.07.2018;15.1;13;18.8
8;10.08.2018;15.1;12.1;20.2
8;10.09.2018;13.6;10.1;21.1
8;10.10.2018;12.3;8.4;20.8
8;10.11.2018;10.7;3.8;21
8;10.12.2018;11.2;4.7;20.1
8;10.13.2018;10.4;4.5;20
8;10.14.2018;10;3.9;19.6
8;10.15.2018;10.6;6.7;13.5
8;10.16.2018;11.7;9.3;15.6
8;10.17.2018;14.2;10.4;17.7
8;10.18.2018;13.9;11.1;20.9
8;10.19.2018;11.2;6;19.4
8;10.20.2018;11.9;6.7;18.5
8;10.21.2018;5.5;2.6;11.2
8;10.22.2018;6.7;1;15.9
8;10.23.2018;7.7;0.1;15.7
8;10.24.2018;11.9;2.6;22.6
8;10.25.2018;9.2;6.4;15.7
8;10.26.2018;11.8;3.2;14.1
8;10.27.2018;14.5;11.8;17.9
8;10.28.2018;13.9;12.9;16.9
8;10.29.2018;14.9;12;18
8;10.30.2018;10.5;8.3;16.2
8;10.31.2018;9.5;6.1;15.5
8;11.01.2018;9.2;3.6;11.1
8;11.02.2018;12.1;9.9;13.2
8;11.03.2018;14.2;12.4;17.8
8;11.04.2018;14.1;12.2;17.1
8;11.05.2018;12.3;10.8;14.5
8;11.06.2018;12.7;10.8;14.1
8;11.07.2018;12.3;10.4;14.6
8;11.08.2018;11.4;8.7;16.4
8;11.09.2018;11.3;8.7;13.5
8;11.10.2018;10.5;6.7;13.9
8;11.11.2018;11.8;8.8;16.3
8;11.12.2018;11.5;8.5;17.2
8;11.13.2018;9.7;4.7;15.4
8;11.14.2018;8.1;4;12.7
8;11.15.2018;8;6.5;11.2
8;11.16.2018;3.4;0.2;11.2
8;11.17.2018;1.6;-2.4;8.7
8;11.18.2018;1.9;-3.8;3.8
8;11.19.2018;1.1;0.3;2.4
8;11.20.2018;0.5;-0.1;1
8;11.21.2018;2.5;-0.2;3.8
8;11.22.2018;4.2;2.5;5.1
8;11.23.2018;5.2;3.9;6.6
8;11.24.2018;5.5;4.7;6.1
8;11.25.2018;6.8;5.5;7.5
8;11.26.2018;6.3;5.7;7.2
8;11.27.2018;3.8;2.2;6.2
8;11.28.2018;0.7;-1.6;4
8;11.29.2018;-1.2;-3.1;2.8
8;11.30.2018;-1.6;-4.1;0.2
8;12.01.2018;-0.3;-3.9;4
8;12.02.2018;0.3;-3.6;3.3
8;12.03.2018;6.2;-0.3;11.5
8;12.04.2018;5;0.5;14.5
8;12.05.2018;4.3;-0.5;6.7
8;12.06.2018;1.4;-1.1;3.7
8;12.07.2018;4.8;0.1;8.4
8;12.08.2018;3.4;0;8.1
8;12.09.2018;0.1;-2.3;5.9
8;12.10.2018;-0.7;-3.6;2.6
8;12.11.2018;-0.1;-5.4;7.3
8;12.12.2018;-3.2;-5.6;3.4
8;12.13.2018;-0.9;-6.3;0.5
8;12.14.2018;-0.5;-1.5;1
8;12.15.2018;-1.7;-4.5;2.4
8;12.16.2018;-1.7;-2.9;1
8;12.17.2018;-3.3;-5.4;1
8;12.18.2018;-2.3;-8.7;2.1
8;12.19.2018;-0.5;-4.3;1
8;12.20.2018;-0.4;-1.8;2.2
8;12.21.2018;2.4;-3;5.4
8;12.22.2018;0.5;-2.6;5.3
8;12.23.2018;1.3;-5.1;8
8;12.24.2018;5.6;0.5;11.5
8;12.25.2018;-3;-5.5;3.5
8;12.26.2018;-2.2;-6.8;5.8
8;12.27.2018;-2.6;-8.1;5.3
8;12.28.2018;-2.7;-5.7;2.3
8;12.29.2018;-2.6;-7.3;4.9
8;12.30.2018;2.8;-6.1;7.2
8;12.31.2018;1.4;-3.2;7.4
8;01.01.2019;-0.6;-3.8;6.1
8;01.02.2019;0.1;-6;7.9
8;01.03.2019;0.4;-4.5;3.8
8;01.04.2019;-2;-6.9;2.2
8;01.05.2019;-3.5;-5.4;0.8
8;01.06.2019;-0.8;-7.1;6.6
8;01.07.2019;-2.2;-5;0.3
8;01.08.2019;-3;-7.1;0.2
8;01.09.2019;-2.8;-7.7;1
8;01.10.2019;-1.4;-5.5;2.5
8;01.11.2019;-4.1;-6.9;2.1
8;01.12.2019;-3.4;-7;1.3
8;01.13.2019;0.2;-7.6;6
8;01.14.2019;4.6;-4.2;11.5
8;01.15.2019;-0.3;-4.6;8.9
8;01.16.2019;-0.2;-4.9;8.5
8;01.17.2019;5.4;-0.8;8
8;01.18.2019;0;-0.8;4.9
8;01.19.2019;-1.1;-2.8;0.8
8;01.20.2019;-3.4;-8.6;1.6
8;01.21.2019;-1.3;-3.6;0
8;01.22.2019;-2.3;-5;0.1
8;01.23.2019;-3.3;-4;-2.4
8;01.24.2019;-1.9;-5.6;0.2
8;01.25.2019;-8.3;-11.3;-0.9
8;01.26.2019;-8.4;-14.6;-1.7
8;01.27.2019;-1.8;-12.2;2.1
8;01.28.2019;0.7;0.2;2.6
8;01.29.2019;0.2;-1.5;3.7
8;01.30.2019;-1.2;-3.2;3.3
8;01.31.2019;-1.4;-5.8;0.9
8;02.01.2019;0.8;-1.9;1.2
8;02.02.2019;5.4;0.8;8
8;02.03.2019;5.8;3;11.4
8;02.04.2019;1;-2.1;8.1
8;02.05.2019;-0.6;-2.9;3.6
8;02.06.2019;-1.5;-6.6;7.6
8;02.07.2019;-1.8;-7.1;5.9
8;02.08.2019;-0.6;-3.5;7.3
8;02.09.2019;1.4;-4.8;10.4
8;02.10.2019;4.9;-2.8;6.7
8;02.11.2019;5.1;1.5;7.2
8;02.12.2019;4.3;-3.3;9.9
8;02.13.2019;-1;-6.3;8.3
8;02.14.2019;1;-4.9;11.4
8;02.15.2019;0.8;-5.8;11
8;02.16.2019;1.4;-5;12.8
8;02.17.2019;2.2;-5.2;15.4
8;02.18.2019;1.9;-5.3;15.4
8;02.19.2019;3;-4.8;15
8;02.20.2019;3.6;-4.8;13.2
8;02.21.2019;4.4;-3.1;13.5
8;02.22.2019;7.2;-1.8;16.6
8;02.23.2019;-0.1;-2.1;7.9
8;02.24.2019;-1.7;-9.1;5.6
8;02.25.2019;1.3;-5.2;11.7
8;02.26.2019;10.6;-3.7;19.8
8;02.27.2019;5.6;1.6;16.8
8;02.28.2019;6.5;-4.2;19.6
8;03.01.2019;5.8;-3.5;15.3
8;03.02.2019;6.4;-3.2;14.2
8;03.03.2019;6.4;-3.3;16.7
8;03.04.2019;6.9;-2.7;14.6
8;03.05.2019;4.1;0.4;13
8;03.06.2019;7.7;-2.8;15
8;03.07.2019;11.3;5.1;14.9
8;03.08.2019;7.2;2.5;16
8;03.09.2019;10.4;3.6;15.8
8;03.10.2019;8.2;0.1;11.2
8;03.11.2019;1.6;-0.5;10.6
8;03.12.2019;3;-1;12
8;03.13.2019;4.3;-3.1;9.9
8;03.14.2019;4.2;-2.5;12.3
8;03.15.2019;5.3;-4.4;14.8
8;03.16.2019;9.4;-1.9;16.4
8;03.17.2019;10.1;3.6;14.8
8;03.18.2019;3.4;2;10.4
8;03.19.2019;3.5;1.2;6.9
8;03.20.2019;3.5;-3.8;10.3
8;03.21.2019;3.4;-5.1;13.2
8;03.22.2019;5.1;-3.9;17.6
8;03.23.2019;7.3;-2.4;20.1
8;03.24.2019;9.5;-0.8;21.4
8;03.25.2019;6.1;0.6;16.9
8;03.26.2019;3.6;-0.1;12.4
8;03.27.2019;3.4;-3.2;10
8;03.28.2019;4.2;-3.5;13.4
8;03.29.2019;5.9;1.4;14.7
8;03.30.2019;5.9;-2.8;18.5
8;03.31.2019;8.8;-2.1;21.1
8;04.01.2019;11.1;-0.4;19.7
8;04.02.2019;10.3;0.7;18.8
8;04.03.2019;8.8;4.4;14.9
8;04.04.2019;11.9;4.6;16.6
8;04.05.2019;8.6;6.7;13
8;04.06.2019;7;5;11.1
8;04.07.2019;7.4;-0.2;15.2
8;04.08.2019;11.3;5.3;17.2
8;04.09.2019;8.7;5;12.4
8;04.10.2019;10.6;7.8;12.9
8;04.11.2019;8;6.7;10.4
8;04.12.2019;4.9;4;6.7
8;04.13.2019;6.8;3.6;10.4
8;04.14.2019;6.3;4.4;9
8;04.15.2019;8.2;4;15.5
8;04.16.2019;7.4;-1.1;17
8;04.17.2019;11.3;-1.1;19.2
8;04.18.2019;11.8;0.7;18.2
8;04.19.2019;10.2;0.5;20.4
8;04.20.2019;11.3;1.1;21.5
8;04.21.2019;12.3;0.2;22.3
8;04.22.2019;12.7;1.8;21.4
8;04.23.2019;10.3;8.5;11.5
8;04.24.2019;12.8;10;18.3
8;04.25.2019;14.9;8.2;22
8;04.26.2019;14.8;9.9;22.2
8;04.27.2019;9.2;4.5;15.6
8;04.28.2019;6.1;2.5;8
8;04.29.2019;7.7;3.3;12.7
8;04.30.2019;9.3;5.2;14
8;05.01.2019;11.8;2.2;20.8
8;05.02.2019;12.1;2.3;20.6
8;05.03.2019;10.6;7.6;13
8;05.04.2019;10.6;8.8;12.9
8;05.05.2019;5.7;4.7;10.2
8;05.06.2019;5.8;1.5;12.7
8;05.07.2019;6.3;-2.8;14.8
8;05.08.2019;10.2;-0.9;16.4
8;05.09.2019;7.7;5.7;11.6
8;05.10.2019;11.2;3.8;20
8;05.11.2019;14.8;4.4;20
8;05.12.2019;11.2;8.1;15
8;05.13.2019;10.9;8.8;13.1
8;05.14.2019;6.3;4.9;11.4
8;05.15.2019;5.8;3.5;7
8;05.16.2019;9.6;5.2;14.1
8;05.17.2019;11.9;7.7;16.8
8;05.18.2019;12.5;6.4;17.6
8;05.19.2019;11.4;9.9;18.5
8;05.20.2019;11.6;8.7;14.7
8;05.21.2019;12.6;10;15.6
8;05.22.2019;13.5;6.9;21.6
8;05.23.2019;15.4;7;22.2
8;05.24.2019;18.5;9.3;23.1
8;05.25.2019;13.9;8.6;23.2
8;05.26.2019;15.6;7.6;23.9
8;05.27.2019;13.8;12.2;15.6
8;05.28.2019;14.6;12.6;17.9
8;05.29.2019;10.8;9.1;14
8;05.30.2019;11.8;8.8;15.1
8;05.31.2019;13.5;8.2;21.8
8;06.01.2019;17;5.3;25.8
8;06.02.2019;16.4;10.9;26
8;06.03.2019;19.2;8.9;27.3
8;06.04.2019;19.7;11.3;27.5
8;06.05.2019;21;11.5;26.7
8;06.06.2019;19.9;15.2;25.4
8;06.07.2019;20.3;12.6;25.9
8;06.08.2019;20.9;11.5;29.6
8;06.09.2019;21.5;13.4;27.8
8;06.10.2019;22.1;14.1;29.8
8;06.11.2019;21.1;15.7;29.1
8;06.12.2019;23.2;14.3;30.3
8;06.13.2019;23.8;14.2;29.1
8;06.14.2019;22.8;10.4;31.9
8;06.15.2019;23.4;14.8;31.7
8;06.16.2019;23.1;13.6;31.3
8;06.17.2019;20.6;14.9;27.2
8;06.18.2019;19.5;15.5;26.8
8;06.19.2019;19.7;12.9;27.7
8;06.20.2019;20.4;12;30.1
8;06.21.2019;18.6;12.7;27.7
8;06.22.2019;18.8;15.8;22.7
8;06.23.2019;19.4;16.8;24.2
8;06.24.2019;21.9;14.9;28.1
8;06.25.2019;23.1;14.7;29.2
8;06.26.2019;24.7;16;31.2
8;06.27.2019;26.5;16.6;34.2
8;06.28.2019;23.4;20.8;28.2
8;06.29.2019;21.1;12.7;27.6
8;06.30.2019;22.3;11.6;30.6
8;07.01.2019;24;12.6;33.8
8;07.02.2019;20.8;14.5;31.1
8;07.03.2019;19.8;14.9;27.9
8;07.04.2019;18.8;15.8;23.7
8;07.05.2019;21.6;12.6;30
8;07.06.2019;25.1;15.3;31.8
8;07.07.2019;20.4;14.6;28.6
8;07.08.2019;17.9;13.6;24
8;07.09.2019;17.8;15.3;21.1
8;07.10.2019;16.9;14.7;22.4
8;07.11.2019;17.9;8;23.6
8;07.12.2019;18.2;14.7;26.1
8;07.13.2019;17.5;13.1;24.4
8;07.14.2019;16.8;9.1;24.3
8;07.15.2019;18.8;12;24.3
8;07.16.2019;19.3;8.8;26.8
8;07.17.2019;21.1;9.1;29.1
8;07.18.2019;19.2;15.1;26.9
8;07.19.2019;20.4;14.4;29.6
8;07.20.2019;24.1;12.2;30.4
8;07.21.2019;22.7;16.2;31.2
8;07.22.2019;22.6;15.8;29.5
8;07.23.2019;24.6;15;31.9
8;07.24.2019;26;16.1;33.4
8;07.25.2019;25.7;18.4;33.4
8;07.26.2019;25.6;18.9;34.8
8;07.27.2019;22.5;17.3;30.6
8;07.28.2019;18;15.5;20.3
8;07.29.2019;20.3;17.1;25.8
8;07.30.2019;23.5;14.3;30.4
8;07.31.2019;22.7;18.5;30.3
8;08.01.2019;23;17.5;28.2
8;08.02.2019;18.2;16.5;22.8
8;08.03.2019;18.4;13.6;25.8
8;08.04.2019;19.3;12.8;26.5
8;08.05.2019;20.9;12.8;28.5
8;08.06.2019;21.3;14.5;29.8
8;08.07.2019;23.1;16.9;29.1
8;08.08.2019;20.6;18.1;24.2
8;08.09.2019;22;15.7;29.8
8;08.10.2019;24.5;15.3;31.7
8;08.11.2019;21.8;19.4;27.4
8;08.12.2019;24.4;15.3;33.4
8;08.13.2019;19.9;17.6;23.9
8;08.14.2019;15.5;13.3;21.5
8;08.15.2019;17.5;8.3;24.5
8;08.16.2019;16.7;13.9;23.2
8;08.17.2019;18.5;9.7;27.4
8;08.18.2019;20.9;12;29.1
8;08.19.2019;21.8;13.5;30.6
8;08.20.2019;22.6;14;30.7
8;08.21.2019;19.8;17.4;25.2
8;08.22.2019;18.3;15.6;22.7
8;08.23.2019;19.7;16.8;23.1
8;08.24.2019;20.3;16.1;28.9
8;08.25.2019;19.9;14.4;26.4
8;08.26.2019;20.1;14.7;26.4
8;08.27.2019;20.7;16;28.1
8;08.28.2019;21.8;15.6;28.9
8;08.29.2019;21.7;16.2;29.3
8;08.30.2019;19.9;16.8;27.8
8;08.31.2019;21.1;14.7;29.3
8;09.01.2019;20.8;14.5;29.1
8;09.02.2019;18.6;14.1;25.8
8;09.03.2019;15.6;13;21.7
8;09.04.2019;14.8;7.6;23.2
8;09.05.2019;16.3;7.6;25
8;09.06.2019;14.6;13;17.2
8;09.07.2019;15.6;13.7;18
8;09.08.2019;14;12.8;15.9
8;09.09.2019;13.3;10.8;20.4
8;09.10.2019;12.9;6;21.3
8;09.11.2019;13.8;6.5;20.6
8;09.12.2019;15.6;8.3;24.4
8;09.13.2019;16.3;8.7;24.5
8;09.14.2019;18.3;9.5;23.9
8;09.15.2019;17.3;14.8;24.8
8;09.16.2019;17.9;10.1;27.2
8;09.17.2019;19.3;13.6;26
8;09.18.2019;13.2;11.6;18.6
8;09.19.2019;12.7;10.1;17.9
8;09.20.2019;8.3;4;16.6
8;09.21.2019;9.1;1.9;18.4
8;09.22.2019;12.1;2.5;18.4
8;09.23.2019;14.5;10.5;19
8;09.24.2019;14.6;12.4;19.8
8;09.25.2019;14;10.3;16.4
8;09.26.2019;13.5;9.2;20.8
8;09.27.2019;15.4;7.7;22.8
8;09.28.2019;15;12.1;20.6
8;09.29.2019;16.1;13.3;19.2
8;09.30.2019;16.4;13;23.4
8;10.01.2019;15.8;11.8;20.4
8;10.02.2019;11.9;9;20.4
8;10.03.2019;8.6;5.1;14.6
8;10.04.2019;7.7;0.4;15.1
8;10.05.2019;10.9;5;19.3
8;10.06.2019;9.4;1.2;15
8;10.07.2019;9.5;7;13.9
8;10.08.2019;7.6;1.9;15.8
8;10.09.2019;11.4;2.7;16.1
8;10.10.2019;11.9;10.7;14.4
8;10.11.2019;9.3;6.1;17.2
8;10.12.2019;10.4;2.2;19.4
8;10.13.2019;11.2;4.4;20.5
8;10.14.2019;11.7;7.1;20.1
8;10.15.2019;12.4;6.3;17.3
8;10.16.2019;14.2;11.4;21
8;10.17.2019;11.7;8.5;19.6
8;10.18.2019;12.8;6;19.5
8;10.19.2019;13.8;8.3;18.1
8;10.20.2019;15.1;10.6;19.8
8;10.21.2019;13.9;10.9;21.7
8;10.22.2019;13.1;6.3;23.6
8;10.23.2019;12.3;5.4;22.2
8;10.24.2019;10.7;3.7;22.7
8;10.25.2019;10.2;2.3;20.7
8;10.26.2019;9.8;2.5;20.7
8;10.27.2019;10;2.2;21.8
8;10.28.2019;11;3.6;16.3
8;10.29.2019;7.2;6.8;12.3
8;10.30.2019;6.3;5.6;8.1
8;10.31.2019;5.3;4.3;7.6
8;11.01.2019;5.5;4.4;7.8
8;11.02.2019;8.5;5;10
8;11.03.2019;13.9;9.2;19
8;11.04.2019;10.3;7.4;13.9
8;11.05.2019;11.9;8.5;16.1
8;11.06.2019;8.9;7.7;12.5
8;11.07.2019;6.5;3.3;12.8
8;11.08.2019;6.8;0.5;9.3
8;11.09.2019;5.8;2.3;12.1
8;11.10.2019;5.1;2.5;9.7
8;11.11.2019;5.4;1.5;6.8
8;11.12.2019;6.7;5.9;7.4
8;11.13.2019;5.8;4.6;7
8;11.14.2019;5.9;4.5;7.2
8;11.15.2019;7.9;5.9;8.7
8;11.16.2019;9.4;7.2;12.1
8;11.17.2019;11.6;7.5;14.6
8;11.18.2019;7.7;5.4;11.5
8;11.19.2019;7.6;6;9.5
8;11.20.2019;7.4;3.9;9.3
8;11.21.2019;6.2;4.5;10.1
8;11.22.2019;7.2;4.7;7.8
8;11.23.2019;8.1;6.6;9.7
8;11.24.2019;7.9;7.1;9.1
8;11.25.2019;7;6.5;8.1
8;11.26.2019;5.3;5;6.9
8;11.27.2019;7.7;4.6;9.5
8;11.28.2019;9.2;7.3;13.3
8;11.29.2019;6.7;1.6;10.7
8;11.30.2019;2.6;0.2;7.2
8;12.01.2019;1.4;-1.9;3.1
8;12.02.2019;2.6;1.7;4.2
8;12.03.2019;-0.1;-3.1;6
8;12.04.2019;-1.8;-5.8;5.1
8;12.05.2019;-3.1;-4.8;-0.3
8;12.06.2019;-0.9;-6.8;8.5
8;12.07.2019;0.4;-5.1;8.4
8;12.08.2019;0.3;-4.5;8.1
8;12.09.2019;5.8;-0.5;7.1
8;12.10.2019;0.8;-3.2;8.8
8;12.11.2019;-3.6;-8.1;5
8;12.12.2019;-2.1;-7.6;-0.6
8;12.13.2019;-0.2;-2.3;1.3
8;12.14.2019;-2;-3.9;3.3
8;12.15.2019;0.5;-3.9;1.8
8;12.16.2019;7.6;1.2;10.7
8;12.17.2019;9.9;6.1;15
8;12.18.2019;9;5.2;14.7
8;12.19.2019;9.6;7.1;10.9
8;12.20.2019;9.3;6.2;12
8;12.21.2019;9;7.4;12.1
8;12.22.2019;5.5;4.9;8.2
8;12.23.2019;5.5;-0.5;9.8
8;12.24.2019;2.4;-3.4;9.6
8;12.25.2019;3.4;-5.2;9
8;12.26.2019;0.7;-4.4;8.7
8;12.27.2019;1;-1.8;4.2
8;12.28.2019;-1;-4.4;6.4
8;12.29.2019;-3;-8;2.1
8;12.30.2019;-4.2;-9.2;2.9
8;12.31.2019;-1.8;-7.1;5.3
8;01.01.2020;-3.1;-7.4;5.3
8;01.02.2020;-3.4;-7.6;3.8
8;01.03.2020;-2.3;-8.8;6.2
8;01.04.2020;-0.6;-7.3;5.3
8;01.05.2020;1;-5.2;10
8;01.06.2020;-4.2;-9.7;3.9
8;01.07.2020;-4.4;-9.6;3.2
8;01.08.2020;-3.6;-9.5;6.5
8;01.09.2020;-0.7;-5.6;8.1
8;01.10.2020;-0.8;-6.8;9.8
8;01.11.2020;-1.1;-7.2;8.3
8;01.12.2020;-0.5;-4.2;7.6
8;01.13.2020;-2.6;-7.4;3.3
8;01.14.2020;-1.6;-7.4;8.2
8;01.15.2020;-0.2;-6.8;9.4
8;01.16.2020;1.6;-6;8.5
8;01.17.2020;0.7;-4.7;6.1
8;01.18.2020;0.2;-0.1;0.9
8;01.19.2020;-0.9;-4.8;5.3
8;01.20.2020;-0.2;-5.7;4.2
8;01.21.2020;-2.9;-6.7;5.2
8;01.22.2020;-1.4;-8;10.2
8;01.23.2020;-3.6;-8;4.2
8;01.24.2020;-3;-9.6;6.3
8;01.25.2020;2.4;-4.6;8.5
8;01.26.2020;3.5;0;7
8;01.27.2020;1.9;1.1;3.9
8;01.28.2020;5;0.8;7
8;01.29.2020;1.7;-2;8.6
8;01.30.2020;1.4;-4.7;8.2
8;01.31.2020;4.1;-2.3;12.8
8;02.01.2020;8.1;-1.3;10.8
8;02.02.2020;5.3;0.2;10.7
8;02.03.2020;7.9;0.9;11.8
8;02.04.2020;7.5;3.5;11.4
8;02.05.2020;4.8;1.1;7.6
8;02.06.2020;0.2;-4;11.3
8;02.07.2020;-1.7;-7.4;7.8
8;02.08.2020;-1.3;-7.1;7.8
8;02.09.2020;4;-6.8;9.4
8;02.10.2020;6;4.4;8.7
8;02.11.2020;7.3;3.1;13.6
8;02.12.2020;1.4;-1.8;9.9
8;02.13.2020;5.4;-5.1;10.8
8;02.14.2020;4.4;-0.5;14.1
8;02.15.2020;2.6;-4.3;12.1
8;02.16.2020;6.4;-4.6;13.3
8;02.17.2020;6.7;-0.9;10.2
8;02.18.2020;6.6;5.1;11.4
8;02.19.2020;4.7;1.3;11.2
8;02.20.2020;1.2;-4.6;9.6
8;02.21.2020;1.8;-5.7;13.2
8;02.22.2020;4.1;-4.2;13
8;02.23.2020;6.3;-2.1;13.5
8;02.24.2020;6.3;0.5;11.5
8;02.25.2020;7.8;2.5;10.7
8;02.26.2020;2.9;0.1;9.5
8;02.27.2020;0.8;-1.3;7.5
8;02.28.2020;0.9;-2.1;10.2
8;02.29.2020;5.1;-5.1;12
8;03.01.2020;6;5;8.5
8;03.02.2020;7.3;4.9;11.7
8;03.03.2020;5.3;4.1;11.2
8;03.04.2020;3.5;1;8.4
8;03.05.2020;4.1;-4.1;8.9
8;03.06.2020;2.8;1.9;6.3
8;03.07.2020;3.4;0.6;12.4
8;03.08.2020;1.5;-3.9;11.1
8;03.09.2020;4.2;-2.7;11.9
8;03.10.2020;3.7;-3;12
8;03.11.2020;7.1;-1.3;19
8;03.12.2020;9.6;-1.2;17.8
8;03.13.2020;7.5;2.1;10.9
8;03.14.2020;6.4;2.2;12.2
8;03.15.2020;1.9;-1.9;9.8
8;03.16.2020;2.4;-5.7;13.8
8;03.17.2020;7.6;-4.3;18.7
8;03.18.2020;8.2;1.4;18.9
8;03.19.2020;8.5;-0.4;19.8
8;03.20.2020;9;-0.2;20.1
8;03.21.2020;7.8;0.4;18.7
8;03.22.2020;2.4;0.6;6.4
8;03.23.2020;1;-4.1;6.3
8;03.24.2020;2;-4.7;5.9
8;03.25.2020;0.4;-1.4;4
8;03.26.2020;1.6;-1;4.6
8;03.27.2020;6.3;0.4;13.4
8;03.28.2020;6.2;-2;16.9
8;03.29.2020;8.5;-1.8;17.8
8;03.30.2020;1.9;1;10.7
8;03.31.2020;1.6;-4.2;7.5
8;04.01.2020;0.6;-5.6;9
8;04.02.2020;1.8;-6.6;11.9
8;04.03.2020;7.2;-4.9;16.6
8;04.04.2020;8.7;1.2;16.2
8;04.05.2020;8.5;-3.6;17.3
8;04.06.2020;11.7;-0.5;18.9
8;04.07.2020;7.4;-2.5;19.6
8;04.08.2020;7.5;-3.7;19.9
8;04.09.2020;10.1;-2.7;22.6
8;04.10.2020;11.7;0.3;23.2
8;04.11.2020;14.5;2;23
8;04.12.2020;12.9;2.8;24.2
8;04.13.2020;13.5;3.5;22.8
8;04.14.2020;2.2;-0.8;13.8
8;04.15.2020;4.4;-4.2;14
8;04.16.2020;11;-2.6;22.6
8;04.17.2020;12.8;-0.1;24.5
8;04.18.2020;15;1.9;24.8
8;04.19.2020;16.1;4.7;25
8;04.20.2020;11.6;8.6;15.9
8;04.21.2020;11.9;4.4;16.9
8;04.22.2020;11;-0.4;18
8;04.23.2020;11;0.4;19.5
8;04.24.2020;13.5;0.1;23.8
8;04.25.2020;14.8;3.4;24.2
8;04.26.2020;14.3;10.2;21
8;04.27.2020;14.2;4.8;22.4
8;04.28.2020;12.9;5.7;18.4
8;04.29.2020;10.8;8.9;14.2
8;04.30.2020;13.6;4.9;20.6
8;05.01.2020;12.5;8.9;17.9
8;05.02.2020;11.2;7.4;19.3
8;05.03.2020;10.4;6.9;17.9
8;05.04.2020;12.9;1.6;21.3
8;05.05.2020;11.9;4.4;15.4
8;05.06.2020;9;6.8;16
8;05.07.2020;13.7;0.6;22.6
8;05.08.2020;14.9;4.3;24.5
8;05.09.2020;16.8;5.9;25.5
8;05.10.2020;16.6;7.9;23.5
8;05.11.2020;13.6;9.5;18.3
8;05.12.2020;8.2;6.4;13
8;05.13.2020;12.5;6.1;18.3
8;05.14.2020;17.8;9.3;24.8
8;05.15.2020;12.9;8.9;15.6
8;05.16.2020;11;7.9;14.8
8;05.17.2020;15;9.8;19
8;05.18.2020;15.9;8.6;22.5
8;05.19.2020;13.6;11.6;16.8
8;05.20.2020;13.4;11.6;20.1
8;05.21.2020;15.7;6.2;22.4
8;05.22.2020;16.1;6.2;23.3
8;05.23.2020;19.2;11.7;24.7
8;05.24.2020;14.2;10.9;20.9
8;05.25.2020;15.1;7.1;21.7
8;05.26.2020;15.4;9;20.3
8;05.27.2020;14.2;6;21.4
8;05.28.2020;12.3;3.7;20
8;05.29.2020;11.4;2.8;19.1
8;05.30.2020;12.4;5;16.8
8;05.31.2020;12;2;17.3
8;06.01.2020;15.9;8.4;23.1
8;06.02.2020;16.5;8.1;23.6
8;06.03.2020;18.6;8.7;25.9
8;06.04.2020;15.1;12.3;19.7
8;06.05.2020;14;12.5;16.4
8;06.06.2020;16.5;11.4;22.6
8;06.07.2020;16.8;11.1;23.2
8;06.08.2020;14;13.2;15.3
8;06.09.2020;14.2;12.7;19.5
8;06.10.2020;13.5;8.6;20.9
8;06.11.2020;16;6.2;21.8
8;06.12.2020;16.6;6.9;24.4
8;06.13.2020;20.4;9.4;27.1
8;06.14.2020;19.3;10.8;24.9
8;06.15.2020;16.5;15.4;19
8;06.16.2020;17.8;14.4;23.8
8;06.17.2020;18.4;13.3;24
8;06.18.2020;19.5;10.2;25.6
8;06.19.2020;17.5;13.9;22.8
8;06.20.2020;18;12.8;23.2
8;06.21.2020;19.3;13.8;23.3
8;06.22.2020;24.2;20.3;27.6
8;06.23.2020;22.3;11;29.2
8;06.24.2020;19.2;10.4;25.3
8;06.25.2020;15.1;14;18
8;06.26.2020;18.8;12.9;26.6
8;06.27.2020;21.8;12.3;28.4
8;06.28.2020;22.8;14.1;30.4
8;06.29.2020;20.2;15.1;29.6
8;06.30.2020;19.8;15.3;25.8
8;07.01.2020;23.1;14.2;29.5
8;07.02.2020;21.1;15.2;28.9
8;07.03.2020;17.3;16.1;21.3
8;07.04.2020;18.1;10.8;25
8;07.05.2020;20.7;10.6;27.5
8;07.06.2020;21;13.2;29.4
8;07.07.2020;15.7;11;21.9
8;07.08.2020;18.2;9;25.9
8;07.09.2020;20.6;11.3;27.9
8;07.10.2020;21.8;12.4;30.4
8;07.11.2020;17.7;12.7;25.2
8;07.12.2020;17.5;12.3;22.3
8;07.13.2020;16.4;7.9;22.4
8;07.14.2020;16.6;7.3;23.2
8;07.15.2020;18.2;9.2;25.2
8;07.16.2020;18.3;13.7;24.7
8;07.17.2020;15.5;13.7;20.5
8;07.18.2020;14.8;10.9;20.3
8;07.19.2020;18.2;7.8;24.5
8;07.20.2020;20.9;12.9;29.4
8;07.21.2020;21.4;13;29.6
8;07.22.2020;21.2;14.3;28.7
8;07.23.2020;20.8;14.5;28.3
8;07.24.2020;18.4;15.3;23.7
8;07.25.2020;18.9;15.3;27.1
8;07.26.2020;20.7;12.3;28.3
8;07.27.2020;21.9;13.6;29
8;07.28.2020;23.6;14.7;32.4
8;07.29.2020;22.5;16.2;30.4
8;07.30.2020;23.1;17.6;29.7
8;07.31.2020;23.7;18.2;30.9
8;08.01.2020;24.8;18.2;31
8;08.02.2020;18.3;17;24.1
8;08.03.2020;18.3;16.4;23.7
8;08.04.2020;17.2;15.5;22.7
8;08.05.2020;16.1;14.2;21.9
8;08.06.2020;20.1;14.6;26.8
8;08.07.2020;20.7;13.5;29.7
8;08.08.2020;22;12.9;30.2
8;08.09.2020;22.3;14.3;30.2
8;08.10.2020;23.2;15.4;30.1
8;08.11.2020;21.4;16.4;26.4
8;08.12.2020;21.7;15.1;28.5
8;08.13.2020;23.4;16.7;30.2
8;08.14.2020;20;16.4;28.3
8;08.15.2020;20.6;15.7;26.7
8;08.16.2020;21.1;16.2;26.8
8;08.17.2020;21;16.9;29
8;08.18.2020;18.8;14.5;23.1
8;08.19.2020;18.4;12.6;26.1
8;08.20.2020;20.7;11.9;28.8
8;08.21.2020;22.3;14.4;30.7
8;08.22.2020;23.1;15.5;31.1
8;08.23.2020;20.6;18.1;23.8
8;08.24.2020;17.2;15.4;22.7
8;08.25.2020;17.8;13.5;25.7
8;08.26.2020;18.8;10.7;26.6
8;08.27.2020;19.3;12.6;26.8
8;08.28.2020;21.2;13.8;28
8;08.29.2020;21.6;18.1;28.4
8;08.30.2020;18.4;15.7;25.1
8;08.31.2020;14.6;12.7;18.8
8;09.01.2020;15.2;12.2;21.8
8;09.02.2020;14.5;11.1;21.1
8;09.03.2020;14.5;9.6;22.9
8;09.04.2020;16;7.3;25.1
8;09.05.2020;17.9;9.6;27.7
8;09.06.2020;18.2;10.3;26.2
8;09.07.2020;16.7;15.4;20.1
8;09.08.2020;15.9;12.4;23.3
8;09.09.2020;16.1;8.4;24.4
8;09.10.2020;18.6;10.1;25.9
8;09.11.2020;17.6;12.8;25.4
8;09.12.2020;17.6;10.5;26.8
8;09.13.2020;19.1;11.2;27.9
8;09.14.2020;18.2;11.7;27.3
8;09.15.2020;18.4;10.9;27.7
8;09.16.2020;18.2;12.5;26.2
8;09.17.2020;17.8;11;26.9
8;09.18.2020;16.6;13.1;20.3
8;09.19.2020;12.5;7.3;21.4
8;09.20.2020;13.1;5.9;21.9
8;09.21.2020;14.9;8;21.7
8;09.22.2020;16.4;12.2;21.1
8;09.23.2020;15.5;14;19.6
8;09.24.2020;16.2;10.8;23.3
8;09.25.2020;13.6;12.1;17.3
8;09.26.2020;9.5;6.7;14.4
8;09.27.2020;10;3.6;14.4
8;09.28.2020;9.1;8.1;11.3
8;09.29.2020;10.2;4.9;17.3
8;09.30.2020;10.8;4.8;19.6
8;10.01.2020;11.9;4.2;20
8;10.02.2020;14;10.7;18.3
8;10.03.2020;15;9.9;18.6
8;10.04.2020;12.7;10.3;17.3
8;10.05.2020;12.1;8.7;18.2
8;10.06.2020;11.8;5.5;18.2
8;10.07.2020;9;5.9;12.6
8;10.08.2020;9.1;5.7;16.2
8;10.09.2020;10.8;3.7;18.3
8;10.10.2020;12.2;6.3;17.7
8;10.11.2020;5.8;4.3;12.6
8;10.12.2020;4.8;2.6;10.5
8;10.13.2020;7.6;1.9;13.6
8;10.14.2020;7.5;0.1;15.4
8;10.15.2020;6.3;5.6;7.5
8;10.16.2020;8;5.4;11
8;10.17.2020;7.4;5.8;10.9
8;10.18.2020;8;4.5;13.9
8;10.19.2020;7.1;4.3;12.3
8;10.20.2020;7.7;2.3;15.7
8;10.21.2020;11.7;3.5;16.5
8;10.22.2020;9.8;3.4;17.8
8;10.23.2020;13.3;4.9;17
8;10.24.2020;13.5;12.5;16.3
8;10.25.2020;13.2;10.4;17
8;10.26.2020;13.8;10.2;16.3
8;10.27.2020;11.1;8.3;14.4
8;10.28.2020;8.3;5.4;16.6
8;10.29.2020;7.5;2.3;15.3
8;10.30.2020;10.5;4.5;16.3
8;10.31.2020;9.3;3.4;19.5
8;11.01.2020;9.3;2;15.1
8;11.02.2020;10.3;5.4;18.3
8;11.03.2020;10.2;4.5;18.3
8;11.04.2020;10.1;5.9;11.8
8;11.05.2020;9.5;8.8;11.1
8;11.06.2020;5.3;2.2;13.9
8;11.07.2020;3;-1.6;11.9
8;11.08.2020;2.1;-2.6;10.7
8;11.09.2020;3.4;-1.3;4.9
8;11.10.2020;4.3;3.5;4.9
8;11.11.2020;5.1;3.9;6.6
8;11.12.2020;5.6;3.7;7
8;11.13.2020;4.8;1.9;10.9
8;11.14.2020;4.7;0.1;13.2
8;11.15.2020;4.5;-0.8;8.5
8;11.16.2020;6.6;1.1;8.3
8;11.17.2020;5.5;0.5;12.6
8;11.18.2020;3.4;-1.1;12
8;11.19.2020;2.2;-0.8;3.2
8;11.20.2020;2.8;-0.8;7.8
8;11.21.2020;-0.8;-5.2;7.6
8;11.22.2020;-1.5;-7.1;6.1
8;11.23.2020;-0.3;-5.5;6.6
8;11.24.2020;-0.1;-4;8.5
8;11.25.2020;-1.8;-6.4;4.5
8;11.26.2020;-1.7;-3.3;-0.9
8;11.27.2020;-1;-3.2;-0.1
8;11.28.2020;0.3;-2;1.4
8;11.29.2020;-0.2;-1.8;2.8
8;11.30.2020;-1.6;-6.1;3.8
8;12.01.2020;-2;-6.5;0.2
8;12.02.2020;-2;-2.5;-1
8;12.03.2020;-2.1;-3.2;-0.5
8;12.04.2020;-1.7;-4.9;-0.1
8;12.05.2020;0.4;-1.8;1.2
8;12.06.2020;1.6;-0.6;3.5
8;12.07.2020;2.6;0.5;5
8;12.08.2020;1;-0.3;2.7
8;12.09.2020;0.5;0.2;1.4
8;12.10.2020;1.5;-0.1;3.4
8;12.11.2020;2.1;0.6;3.6
8;12.12.2020;2.6;1.3;4.1
8;12.13.2020;1.2;-0.2;2.9
8;12.14.2020;-0.2;-0.6;1.2
8;12.15.2020;-0.5;-1.2;0
8;12.16.2020;-0.5;-2.6;3.6
8;12.17.2020;1.3;-3.6;10.3
8;12.18.2020;1.9;-3.4;3.7
8;12.19.2020;3.4;2.4;4
8;12.20.2020;3.6;3.3;4.4
8;12.21.2020;4.1;3.3;4.8
8;12.22.2020;5.5;3.5;7.9
8;12.23.2020;7;5.4;8.9
8;12.24.2020;8.1;6.3;9.7
8;12.25.2020;3.3;2.8;7.4
8;12.26.2020;0.5;-1.1;3.9
8;12.27.2020;-1.9;-6.1;1.1
8;12.28.2020;0.1;-3.1;3.4
8;12.29.2020;1.4;-1.5;3
8;12.30.2020;1.9;0.2;5
8;12.31.2020;0.8;-1.7;3.6
8;01.01.2021;0.8;-3.7;3.4
8;01.02.2021;3.6;1.3;6.1
8;01.03.2021;2.7;0.6;4.9
8;01.04.2021;2;0.3;3.1
8;01.05.2021;1.8;0;4.1
8;01.06.2021;0.3;0;1.9
8;01.07.2021;0.3;-0.1;1.4
8;01.08.2021;-0.8;-2.4;1.4
8;01.09.2021;-3.8;-9;-0.2
8;01.10.2021;-2.8;-6.1;-1.1
8;01.11.2021;-6;-9.1;0.5
8;01.12.2021;-7.3;-13.5;-3.3
8;01.13.2021;-6.1;-11.7;1.9
8;01.14.2021;-1.9;-10.6;5.2
8;01.15.2021;-5.9;-11.8;2.6
8;01.16.2021;-7.1;-11.8;-0.6
8;01.17.2021;-6.5;-12.5;-0.9
8;01.18.2021;-3.9;-5.9;1.5
8;01.19.2021;-3.6;-11.3;3.8
8;01.20.2021;2.8;-3.8;4.9
8;01.21.2021;3.4;1;7
8;01.22.2021;6.6;1.5;8.3
8;01.23.2021;4.5;3.3;8.1
8;01.24.2021;0.6;-2;3.6
8;01.25.2021;-0.7;-2.4;1.6
8;01.26.2021;-2.3;-3.2;-0.6
8;01.27.2021;-3.2;-6;-0.8
8;01.28.2021;-2;-7.5;2.3
8;01.29.2021;-1;-5.1;2.3
8;01.30.2021;0.4;-3.7;4.1
8;01.31.2021;-0.3;-0.8;2.9
8;02.01.2021;-0.7;-2;1
8;02.02.2021;-0.6;-3.3;1.8
8;02.03.2021;4;-1.4;6.7
8;02.04.2021;8;4;12.4
8;02.05.2021;8.3;5.9;10.8
8;02.06.2021;9.3;7.1;11.2
8;02.07.2021;9.7;8.2;12.9
8;02.08.2021;5.1;3.5;9.3
8;02.09.2021;4.7;2.4;6.5
8;02.10.2021;3.9;2.8;4.5
8;02.11.2021;-1.4;-3.2;4.6
8;02.12.2021;-5.7;-8.9;-2.6
8;02.13.2021;-4.8;-9.1;-0.7
8;02.14.2021;-4;-10.3;4.2
8;02.15.2021;-3.6;-11.3;3.9
8;02.16.2021;1.4;-3.7;8.6
8;02.17.2021;0.8;-4.1;9.6
8;02.18.2021;2;-5.1;10.6
8;02.19.2021;2.6;-1.8;10.6
8;02.20.2021;4.7;-1.3;14.1
8;02.21.2021;5.3;2.4;13
8;02.22.2021;4.1;-2.7;13.3
8;02.23.2021;5.2;-3.6;17.8
8;02.24.2021;6.1;-2.7;20.2
8;02.25.2021;6.3;-1.6;19.8
8;02.26.2021;6.1;-2.7;20
8;02.27.2021;5.3;-1.1;11.4
8;02.28.2021;0.7;-5;11
8;03.01.2021;3.3;-5.4;13.9
8;03.02.2021;2.3;-4.3;14.4
8;03.03.2021;3.6;-5.6;16
8;03.04.2021;5.9;-2.3;14.8
8;03.05.2021;5.6;0.4;15.2
8;03.06.2021;0;-2.8;6.3
8;03.07.2021;-1;-7.6;8
8;03.08.2021;4.3;-5.9;12
8;03.09.2021;3;-1.2;8.8
8;03.10.2021;0.6;-4.7;8.6
8;03.11.2021;4.3;-3.5;8.8
8;03.12.2021;6.7;4.7;9.2
8;03.13.2021;7.1;0;13.7
8;03.14.2021;2.6;1.1;8.2
8;03.15.2021;2.2;-0.7;11.4
8;03.16.2021;5.6;-2.7;14.2
8;03.17.2021;1;-4.4;10.3
8;03.18.2021;0.2;-5.5;8.5
8;03.19.2021;-0.7;-5.7;7.5
8;03.20.2021;-1.7;-6.1;5.3
8;03.21.2021;1.3;-8.1;7.5
8;03.22.2021;4.3;-5.1;10.8
8;03.23.2021;3.9;-2.5;11.7
8;03.24.2021;4.5;-4.9;14.7
8;03.25.2021;5.4;-3.9;16.2
8;03.26.2021;9;-1.7;19.3
8;03.27.2021;6;-1.1;14.3
8;03.28.2021;4.8;1.5;8.9
8;03.29.2021;7.9;-0.6;19.1
8;03.30.2021;10.3;0.1;22.5
8;03.31.2021;11.3;1.5;23.6
8;04.01.2021;13.6;2.2;25.9
8;04.02.2021;12.9;5.3;21.1
8;04.03.2021;7.4;5.4;14.1
8;04.04.2021;3.4;-2;11.2
8;04.05.2021;6.7;-4.1;13
8;04.06.2021;-0.6;-2;7.9
8;04.07.2021;-2;-5;3.7
8;04.08.2021;1.8;-7.5;11.7
8;04.09.2021;6.9;-5;13.5
8;04.10.2021;9.8;-1.4;15.9
8;04.11.2021;8.6;7.8;10.2
8;04.12.2021;8.3;6.8;11
8;04.13.2021;2.8;2.3;6.8
8;04.14.2021;3.3;0;10.2
8;04.15.2021;3.4;-4.1;10.9
8;04.16.2021;6.3;-2.1;12.3
8;04.17.2021;6.2;-2.9;12.4
8;04.18.2021;5.6;1;9.9
8;04.19.2021;6.3;-0.4;12.3
8;04.20.2021;6.4;2.3;15.1
8;04.21.2021;9.4;-1.9;17.3
8;04.22.2021;9.7;0.2;18.7
8;04.23.2021;10;2.6;18
8;04.24.2021;10;-0.7;18.7
8;04.25.2021;13.1;0.5;22.7
8;04.26.2021;5.9;4.2;12.7
8;04.27.2021;6;1.3;7.5
8;04.28.2021;8.5;5.7;13.2
8;04.29.2021;13.3;6.2;17.5
8;04.30.2021;14.8;11.1;21.1
8;05.01.2021;16.4;9.5;21.3
8;05.02.2021;9.7;7;15.2
8;05.03.2021;7.9;4.9;14.2
8;05.04.2021;11.8;0.2;18.4
8;05.05.2021;9.8;4.4;16.5
8;05.06.2021;5.4;3.2;7.7
8;05.07.2021;7.9;4.8;11.2
8;05.08.2021;8.9;2;17.2
8;05.09.2021;13.3;1.5;23.6
8;05.10.2021;16;6.1;23.9
8;05.11.2021;19;7;25
8;05.12.2021;12.5;11.1;19.2
8;05.13.2021;12.6;8.6;17.9
8;05.14.2021;11.5;9.2;15
8;05.15.2021;11;8.3;17
8;05.16.2021;13.1;10.1;17.7
8;05.17.2021;9.8;7.7;15.4
8;05.18.2021;12.9;5.5;20.6
8;05.19.2021;8.1;7.1;12.6
8;05.20.2021;11.9;6.4;19.5
8;05.21.2021;12.5;3.7;20.1
8;05.22.2021;13.6;9.2;16.5
8;05.23.2021;10.4;8.4;15.8
8;05.24.2021;9.4;5;10.7
8;05.25.2021;10.7;7.5;18.6
8;05.26.2021;11.9;3.8;19.4
8;05.27.2021;13.9;5;22.4
8;05.28.2021;13.9;7.2;20.6
8;05.29.2021;11.2;7.9;19.2
8;05.30.2021;11.1;4.7;18.6
8;05.31.2021;13.6;2.5;19.6
8;06.01.2021;15.7;5;21.4
8;06.02.2021;17.1;5.9;25.1
8;06.03.2021;17.8;7.6;26.1
8;06.04.2021;19.4;9.8;27.7
8;06.05.2021;20.3;11.2;28.1
8;06.06.2021;17.6;14.4;22.3
8;06.07.2021;16.1;14.9;21.5
8;06.08.2021;18.1;12;26.3
8;06.09.2021;17.9;10.8;25.8
8;06.10.2021;17.3;14.2;23.7
8;06.11.2021;17.3;9.9;25.6
8;06.12.2021;19.9;12;27.1
8;06.13.2021;18.9;15.9;24.2
8;06.14.2021;16.4;9.2;22.4
8;06.15.2021;18.8;8;26.3
8;06.16.2021;21.9;13.3;28.5
8;06.17.2021;22.2;13;29.2
8;06.18.2021;22;14.3;29.6
8;06.19.2021;24.2;14.4;31.3
8;06.20.2021;24.6;16.9;31.2
8;06.21.2021;25.4;17.1;31.2
8;06.22.2021;23.2;15.6;31.1
8;06.23.2021;24.6;12.3;32.3
8;06.24.2021;26.6;16.8;32.5
8;06.25.2021;21.4;15.5;29.7
8;06.26.2021;21.4;14.1;28.5
8;06.27.2021;23.3;15.2;29.6
8;06.28.2021;24;14.3;33
8;06.29.2021;24.7;13.2;32.8
8;06.30.2021;23.8;14.9;29.8
8;07.01.2021;15.5;12.7;22.4
8;07.02.2021;17.7;10.1;25.2
8;07.03.2021;21.1;10.4;28.5
8;07.04.2021;19.4;17.2;24.3
8;07.05.2021;19.4;15.7;25.2
8;07.06.2021;22.1;12.9;31
8;07.07.2021;24.6;14.3;32.8
8;07.08.2021;24.9;15.1;31.6
8;07.09.2021;23.2;18.1;28.9
8;07.10.2021;21.8;15.4;27.3
8;07.11.2021;21.5;16.3;29.1
8;07.12.2021;21.6;15.6;29
8;07.13.2021;22.5;14.9;30.2
8;07.14.2021;19.1;15.9;26.1
8;07.15.2021;18.2;10.8;26.1
8;07.16.2021;18.5;12.2;24.3
8;07.17.2021;18.4;16.7;22.9
8;07.18.2021;18.4;15.8;27.2
8;07.19.2021;21.1;16.2;29.3
8;07.20.2021;21.4;12.5;27.7
8;07.21.2021;20.5;16.9;26.1
8;07.22.2021;20.8;18;26.1
8;07.23.2021;21.4;17.2;27.6
8;07.24.2021;23.3;13.5;29.6
8;07.25.2021;22.9;15.7;30.9
8;07.26.2021;23.2;14.6;30.2
8;07.27.2021;21.7;16.2;28.2
8;07.28.2021;21.5;14.2;31.3
8;07.29.2021;22.4;14.5;29.1
8;07.30.2021;24.1;15.1;31.9
8;07.31.2021;22;17;28.5
8;08.01.2021;19.4;16.7;26.2
8;08.02.2021;17.5;14;22.6
8;08.03.2021;18.8;12.6;25
8;08.04.2021;18.9;15.5;23.9
8;08.05.2021;17.8;15.5;23.8
8;08.06.2021;19.4;12.4;27.1
8;08.07.2021;20.3;13;28.3
8;08.08.2021;21;16.6;28.9
8;08.09.2021;19.6;13.9;27.7
8;08.10.2021;21.8;13.5;29.2
8;08.11.2021;21.5;14.7;30.3
8;08.12.2021;22.7;14.4;30.1
8;08.13.2021;23.5;15.4;32.3
8;08.14.2021;23.6;18;33.6
8;08.15.2021;24.2;15.1;32.9
8;08.16.2021;23.7;17.6;31.4
8;08.17.2021;16.7;14.4;22.8
8;08.18.2021;16.9;12.4;23.6
8;08.19.2021;18.6;9.2;25.7
8;08.20.2021;19.3;11.8;27.1
8;08.21.2021;19.9;11.5;28.2
8;08.22.2021;21.1;12.4;29
8;08.23.2021;14.8;13.6;20.7
8;08.24.2021;17.2;11.2;24.3
8;08.25.2021;14.9;12.4;21.8
8;08.26.2021;15.3;7;23.9
8;08.27.2021;15.5;12.4;20.7
8;08.28.2021;13.9;12.2;19.6
8;08.29.2021;12.2;9.6;19.3
8;08.30.2021;14.3;6.8;20.2
8;08.31.2021;15.6;6.8;23.3
8;09.01.2021;15.1;7.7;23.9
8;09.02.2021;15;6.3;23.4
8;09.03.2021;15.4;9.8;23.5
8;09.04.2021;15.8;7.9;24.2
8;09.05.2021;15.7;7.7;24.9
8;09.06.2021;15.7;7.2;24.9
8;09.07.2021;15.3;7.6;23.7
8;09.08.2021;14.8;7.9;23.9
8;09.09.2021;14.7;5.7;24.8
8;09.10.2021;15.6;6.8;25.3
8;09.11.2021;16.6;7.6;26.8
8;09.12.2021;16.7;8.8;26.7
8;09.13.2021;17.1;9.2;27
8;09.14.2021;18.2;9.7;28.7
8;09.15.2021;18.8;9.7;28.5
8;09.16.2021;17.4;13;23
8;09.17.2021;16.2;15;18.9
8;09.18.2021;14.2;12;21.1
8;09.19.2021;14.5;8.4;18.6
8;09.20.2021;11.2;10.3;14.7
8;09.21.2021;12.7;9.7;17.4
8;09.22.2021;11.2;7.4;18.9
8;09.23.2021;10.9;2.9;20.4
8;09.24.2021;12.8;4.6;22.7
8;09.25.2021;13.4;6.6;23.1
8;09.26.2021;16.3;7.3;23.5
8;09.27.2021;16.5;13.9;23.1
8;09.28.2021;17.2;11.6;24.5
8;09.29.2021;16.1;11.6;24
8;09.30.2021;12.2;9.5;17.9
8;10.01.2021;11.9;4.4;17.8
8;10.02.2021;11.7;9.3;18.5
8;10.03.2021;14.6;6.6;20.6
8;10.04.2021;15.5;12.4;21.6
8;10.05.2021;15.6;9.9;20.7
8;10.06.2021;10.6;8.6;15
8;10.07.2021;11;8.3;14.3
8;10.08.2021;10.6;8.3;13.1
8;10.09.2021;8.7;3.2;15.1
8;10.10.2021;6.4;1.6;9.9
8;10.11.2021;7.8;5.3;14.3
8;10.12.2021;6;2;11.4
8;10.13.2021;6;1.4;14.4
8;10.14.2021;5;-2.5;12.4
8;10.15.2021;5.2;-0.9;14.7
8;10.16.2021;6.9;-1.4;16.2
8;10.17.2021;6.3;2;15.7
8;10.18.2021;8.3;0;15.7
8;10.19.2021;9;4.5;13.4
8;10.20.2021;12.2;5.6;16.9
8;10.21.2021;12.8;10.5;14.1
8;10.22.2021;11.9;9.4;14.6
8;10.23.2021;6.3;2.5;12
8;10.24.2021;4.5;-0.1;13.1
8;10.25.2021;3;-2.6;11.6
8;10.26.2021;2.9;0.1;7.7
8;10.27.2021;4.2;-1.6;13.9
8;10.28.2021;6.3;-1.3;12.5
8;10.29.2021;3.1;0.2;8.6
8;10.30.2021;1.9;-2.2;7.6
8;10.31.2021;5.3;-0.8;15.7
8;11.01.2021;7.2;0.3;9
8;11.02.2021;8.3;5.9;12.5
8;11.03.2021;9;6.1;9.7
8;11.04.2021;9.8;6.3;16.2
8;11.05.2021;5.9;2.2;8.3
8;11.06.2021;7;4.7;10.6
8;11.07.2021;6.8;4.5;10.2
8;11.08.2021;6.2;5.4;7.7
8;11.09.2021;4.6;2;9.5
8;11.10.2021;3.1;-1.4;10.5
8;11.11.2021;2.2;-0.7;5.3
8;11.12.2021;4.8;1.2;5.6
8;11.13.2021;6.3;3.4;10.5
8;11.14.2021;6.9;5.4;7.9
8;11.15.2021;6.1;3.7;10.2
8;11.16.2021;5;1.3;9.3
8;11.17.2021;6.4;4.5;7.9
8;11.18.2021;5.7;4.4;8.3
8;11.19.2021;2.3;0.6;7.4
8;11.20.2021;2.5;-0.6;9.9
8;11.21.2021;2;-1.1;8
8;11.22.2021;4.8;0.7;6
8;11.23.2021;1.7;-2.4;12.3
8;11.24.2021;-1.6;-5.7;5.4
8;11.25.2021;0.1;-3.9;1.8
8;11.26.2021;2.1;1;4.5
8;11.27.2021;1.4;0.1;3
8;11.28.2021;3.3;1.3;4.4
8;11.29.2021;-0.8;-3.5;3.3
8;11.30.2021;-2.2;-5.5;-0.9
8;12.01.2021;0.8;-6;2.7
8;12.02.2021;1.4;0.1;4.2
8;12.03.2021;-0.4;-2.3;3.1
8;12.04.2021;-0.7;-3.3;0.5
8;12.05.2021;0.4;0.1;1.3
8;12.06.2021;-0.1;-1.5;0.5
8;12.07.2021;-2.3;-2.9;-0.2
8;12.08.2021;-1.5;-4.7;0.1
8;12.09.2021;-0.1;-1.6;0.8
8;12.10.2021;-1.8;-6.7;0.2
8;12.11.2021;-4.3;-7.2;-0.3
8;12.12.2021;-3.6;-7.6;-1.5
8;12.13.2021;-2.1;-4.2;0.9
8;12.14.2021;-1.3;-6;-0.1
8;12.15.2021;0.3;-0.4;1
8;12.16.2021;-0.1;-2.2;2.2
8;12.17.2021;-2.2;-2.9;-0.3
8;12.18.2021;-2.3;-3.3;-1.5
8;12.19.2021;-4.1;-5.9;-0.3
8;12.20.2021;-4.2;-8.3;1.8
8;12.21.2021;-2.9;-7.6;0.6
8;12.22.2021;-1.3;-3.9;-0.2
8;12.23.2021;-2.7;-6.1;-0.2
8;12.24.2021;-0.6;-5.4;3.9
8;12.25.2021;1.4;-2.2;3.5
8;12.26.2021;1.3;0.7;2.5
8;12.27.2021;1.3;0.3;2.9
8;12.28.2021;1.9;-0.6;4.9
8;12.29.2021;0.1;-3.1;2.8
8;12.30.2021;0.9;-1.1;4.7
8;12.31.2021;-0.4;-2.5;5
8;01.01.2022;0.4;-5;8.1
8;01.02.2022;0.8;-4.1;7.7
8;01.03.2022;2.5;-3.1;5
8;01.04.2022;6.4;1.8;8.7
8;01.05.2022;4.8;0.9;11.6
8;01.06.2022;-0.4;-3.8;4.5
8;01.07.2022;-5.6;-7;-1.4
8;01.08.2022;-6.6;-9.4;-1.3
8;01.09.2022;-3.7;-8.3;-1.8
8;01.10.2022;-1.2;-5;4.6
8;01.11.2022;-2.7;-6.9;3.6
8;01.12.2022;-5.2;-9.9;1.9
8;01.13.2022;-4.6;-10.7;3.8
8;01.14.2022;-2.1;-8.3;7.3
8;01.15.2022;-1.7;-6.8;6.7
8;01.16.2022;-3.1;-6.6;3.6
8;01.17.2022;-1.7;-6.7;3.3
8;01.18.2022;-1.4;-6.8;8.2
8;01.19.2022;-3.6;-7.4;2.3
8;01.20.2022;-2.1;-7;5.3
8;01.21.2022;-2.3;-5.2;3.3
8;01.22.2022;-0.4;-9.8;7.5
8;01.23.2022;-1.1;-5.5;3.7
8;01.24.2022;-0.5;-4.4;0.8
8;01.25.2022;-1.4;-4.2;6.3
8;01.26.2022;-2.4;-6.6;3
8;01.27.2022;-2.4;-6.2;2.9
8;01.28.2022;2.5;-7.3;10.5
8;01.29.2022;-1.9;-5.5;5.6
8;01.30.2022;-0.6;-7;11
8;01.31.2022;-1.2;-6.6;0.1
8;02.01.2022;-0.1;-1.9;3.9
8;02.02.2022;6;-5.1;11.2
8;02.03.2022;0.3;-5;8.1
8;02.04.2022;2.7;-3;12
8;02.05.2022;3.4;-3.5;12.1
8;02.06.2022;2.6;-4.7;7
8;02.07.2022;5.6;3.3;9.4
8;02.08.2022;1.8;-2.1;11.3
8;02.09.2022;2.5;-3.8;14.4
8;02.10.2022;1.4;-5.4;11
8;02.11.2022;4.3;-3.9;12.4
8;02.12.2022;-1.2;-5.1;7.6
8;02.13.2022;-0.5;-6.5;7.3
8;02.14.2022;2.6;-7.5;7.3
8;02.15.2022;3.7;2.3;5.7
8;02.16.2022;2.5;0.5;4.5
8;02.17.2022;1.8;-0.7;9.3
8;02.18.2022;7.2;-4.1;13.2
8;02.19.2022;6.8;5;9.9
8;02.20.2022;3.4;1.3;7.2
8;02.21.2022;4;-1.4;9.4
8;02.22.2022;2.4;-2.4;11.2
8;02.23.2022;2.6;-3.8;14.2
8;02.24.2022;4.6;-4.1;14.2
8;02.25.2022;1.8;-3.8;10.5
8;02.26.2022;1.7;-2.3;8.6
8;02.27.2022;3.8;-0.6;8.8
8;02.28.2022;-0.8;-6.4;7.5
8;03.01.2022;-1;-5.7;7.8
8;03.02.2022;-1.1;-8.8;9.1
8;03.03.2022;1.3;-7.8;10.9
8;03.04.2022;1.6;-5.8;8.8
8;03.05.2022;0.4;-6.5;6
8;03.06.2022;0;-2.8;5.6
8;03.07.2022;-0.8;-8.1;5.8
8;03.08.2022;-1.8;-7.2;7.7
8;03.09.2022;0.5;-8;11
8;03.10.2022;3;-6.8;12.1
8;03.11.2022;0.3;-2.3;6.4
8;03.12.2022;-2.6;-9.7;7.5
8;03.13.2022;-0.2;-9.8;10.9
8;03.14.2022;2.8;-6.7;13.7
8;03.15.2022;5.5;-4.2;10.3
8;03.16.2022;7.9;4.1;14.6
8;03.17.2022;8;2.5;13.7
8;03.18.2022;5.3;-1.3;11.9
8;03.19.2022;4.6;-5.5;11.2
8;03.20.2022;3.8;-3.2;10.8
8;03.21.2022;1.5;-6.1;12.4
8;03.22.2022;2.3;-5.9;15.1
8;03.23.2022;4.9;-6;19.7
8;03.24.2022;8.1;-4.3;21.7
8;03.25.2022;8;-3;20.3
8;03.26.2022;7.6;-2.2;20.7
8;03.27.2022;8.1;-2.1;20.4
8;03.28.2022;11.4;-1.5;21.8
8;03.29.2022;9.9;-1.8;18
8;03.30.2022;7.5;2.8;11.5
8;03.31.2022;6;5.4;7.8
8;04.01.2022;7.6;4.9;11.2
8;04.02.2022;2;0.3;7.5
8;04.03.2022;4;-0.6;8.8
8;04.04.2022;2.8;1;8.8
8;04.05.2022;5;-1.6;13.5
8;04.06.2022;8.5;-1.6;17.1
8;04.07.2022;11.2;1.2;19.1
8;04.08.2022;12.3;7.9;14.5
8;04.09.2022;4.2;0.5;13.8
8;04.10.2022;3.7;-1.2;12
8;04.11.2022;6.9;-1.7;14.9
8;04.12.2022;9.1;-2.1;18.7
8;04.13.2022;10.6;-0.2;20.5
8;04.14.2022;12.8;1.7;23.6
8;04.15.2022;10.3;2.9;19
8;04.16.2022;9.9;5.6;18
8;04.17.2022;8;-3.4;15
8;04.18.2022;7.3;-3.6;14.8
8;04.19.2022;7.7;3.3;13.8
8;04.20.2022;5.5;0.6;12.9
8;04.21.2022;8.4;-2.5;13.3
8;04.22.2022;8.9;7.2;11.2
8;04.23.2022;11;8.5;15.4
8;04.24.2022;10.8;8.2;16.7
8;04.25.2022;9.1;2.5;16
8;04.26.2022;10.3;2.8;14.3
8;04.27.2022;9.7;7;14.6
8;04.28.2022;9.7;2.5;18.3
8;04.29.2022;11.4;-0.1;18.8
8;04.30.2022;11.8;2.8;19.6
8;05.01.2022;9.8;5.9;17.3
8;05.02.2022;12.7;8.9;18.8
8;05.03.2022;12.6;4.5;20.6
8;05.04.2022;13.6;4.4;22.5
8;05.05.2022;14.1;4.8;20.5
8;05.06.2022;12.3;10.1;14.3
8;05.07.2022;12.5;11.2;14.2
8;05.08.2022;12.7;10.5;20
8;05.09.2022;13.8;6.6;21.8
8;05.10.2022;15.5;5.6;23.4
8;05.11.2022;17.5;7;26.5
8;05.12.2022;19.2;8.3;28.6
8;05.13.2022;18;8.4;26.5
8;05.14.2022;17.1;13.2;24
8;05.15.2022;18.5;10;26.2
8;05.16.2022;20.3;10.4;27.8
8;05.17.2022;19.2;14.3;26.2
8;05.18.2022;16.1;9.9;22.6
8;05.19.2022;16.8;5.2;25.8
8;05.20.2022;18.7;8.2;28.3
8;05.21.2022;20.7;11.2;29
8;05.22.2022;19.1;12.9;25.9
8;05.23.2022;19.7;16.3;23.7
8;05.24.2022;19.5;13.9;26.1
8;05.25.2022;18.9;13.5;26.1
8;05.26.2022;18.3;14.9;23.9
8;05.27.2022;21.8;11.7;28.9
8;05.28.2022;11.9;10.6;22
8;05.29.2022;9.5;8.4;11.5
8;05.30.2022;10.4;5.4;14.8
8;05.31.2022;16.3;8.1;24.2
8;06.01.2022;18.7;8.9;26.4
8;06.02.2022;19.9;10.7;27.4
8;06.03.2022;19.9;13.8;25.9
8;06.04.2022;22.3;14.5;30.4
8;06.05.2022;22.4;14.1;29.6
8;06.06.2022;20.9;14.8;27.4
8;06.07.2022;19.4;12.1;26.3
8;06.08.2022;16.2;13.8;22.4
8;06.09.2022;17.5;10.2;19.1
8;06.10.2022;18.5;15.6;24.8
8;06.11.2022;18.9;11.4;25.8
8;06.12.2022;20.9;9.3;28.2
8;06.13.2022;19.1;12.1;27.8
8;06.14.2022;18.4;12.9;24.9
8;06.15.2022;20.9;10.1;27.8
8;06.16.2022;20.1;13.3;29.5
8;06.17.2022;20;13.6;28.1
8;06.18.2022;21.3;13.1;27.8
8;06.19.2022;23.4;12.2;30.6
8;06.20.2022;23.8;12.7;30.3
8;06.21.2022;23.3;15.7;31.9
8;06.22.2022;22.6;17.3;28.1
8;06.23.2022;22.9;15.6;27.8
8;06.24.2022;22.5;18.3;28.9
8;06.25.2022;20.8;14;27.5
8;06.26.2022;24.3;14.3;30.8
8;06.27.2022;24.9;14.5;33.6
8;06.28.2022;23;14.8;31.6
8;06.29.2022;23.6;18.7;31
8;06.30.2022;25.4;14.6;31.7
8;07.01.2022;22.9;15;32.3
8;07.02.2022;22.1;14.1;28.6
8;07.03.2022;23.9;13.5;32.7
8;07.04.2022;25.6;15.6;33.9
8;07.05.2022;22;17.5;28.2
8;07.06.2022;21.6;15.1;29.6
8;07.07.2022;18;15.2;26.3
8;07.08.2022;17.9;12.3;25.8
8;07.09.2022;18.7;6.9;25.9
8;07.10.2022;17.7;12.8;25.6
8;07.11.2022;19.2;14.2;24.8
8;07.12.2022;19.8;10.3;26.7
8;07.13.2022;22;9.5;30.6
8;07.14.2022;23.7;14.4;32.6
8;07.15.2022;22.1;13.6;29.7
8;07.16.2022;22.5;16.5;29.1
8;07.17.2022;21.4;17.8;27.6
8;07.18.2022;21.4;11.8;29.3
8;07.19.2022;22.9;12.1;31.5
8;07.20.2022;23.5;12.4;33.2
8;07.21.2022;25.2;13.1;34.8
8;07.22.2022;26.4;16.1;35.3
8;07.23.2022;28.3;16.1;37.2
8;07.24.2022;24.9;18.2;32.1
8;07.25.2022;27.2;16.6;34.9
8;07.26.2022;22.9;18.4;28.4
8;07.27.2022;21.2;17.4;29.4
8;07.28.2022;22.1;13.8;29.5
8;07.29.2022;22.3;14;32.6
8;07.30.2022;18.4;16.3;24.8
8;07.31.2022;22.4;10.6;30.5
8;08.01.2022;23.6;14.1;32.4
8;08.02.2022;20.7;16.6;28.1
8;08.03.2022;22.4;13.3;31.6
8;08.04.2022;24.7;14.3;33.6
8;08.05.2022;28;15.5;36.3
8;08.06.2022;21.7;20.1;31.8
8;08.07.2022;22.3;15.8;25.6
8;08.08.2022;22;19;26.4
8;08.09.2022;22.8;14.6;29.4
8;08.10.2022;21.8;10.7;28.7
8;08.11.2022;22.2;9.9;29.1
8;08.12.2022;19.2;14.7;26.5
8;08.13.2022;15.5;10.5;19.6
8;08.14.2022;20.1;9.6;30.2
8;08.15.2022;22.2;12;31.3
8;08.16.2022;22.3;14.5;31.1
8;08.17.2022;23.5;13.3;31.9
8;08.18.2022;21.6;15.8;33.6
8;08.19.2022;19.7;17.1;25.8
8;08.20.2022;20.3;13.8;28.2
8;08.21.2022;19.1;15.9;24.5
8;08.22.2022;18.2;13.1;24.3
8;08.23.2022;19.2;15.1;24.5
8;08.24.2022;22;11.9;28.8
8;08.25.2022;22.2;17.4;29.8
8;08.26.2022;22.9;16.1;31.1
8;08.27.2022;20.8;15.2;29.7
8;08.28.2022;20.9;15.6;27.2
8;08.29.2022;20.3;17.6;26.1
8;08.30.2022;21.3;14.7;29.2
8;08.31.2022;19.2;16.6;22.5
8;09.01.2022;14.8;13.9;18.2
8;09.02.2022;16.8;7.7;23.6
8;09.03.2022;17.5;9;25.7
8;09.04.2022;18.2;10.5;28
8;09.05.2022;19.5;10.8;27.3
8;09.06.2022;20.9;12.8;30
8;09.07.2022;21.2;14.2;29.8
8;09.08.2022;17.3;14.4;19.8
8;09.09.2022;16.8;16.2;19.8
8;09.10.2022;15.5;12.2;24
8;09.11.2022;16.6;10.4;23.4
8;09.12.2022;15.6;7.2;24.8
8;09.13.2022;17.4;8.6;26.7
8;09.14.2022;20.1;13.2;24.4
8;09.15.2022;17.3;15.6;22.8
8;09.16.2022;13.3;12;15.7
8;09.17.2022;9;6.8;12.2
8;09.18.2022;11.1;4.9;18.6
8;09.19.2022;12.3;7.8;20.6
8;09.20.2022;11.6;2.2;19.5
8;09.21.2022;8.6;3.1;16.6
8;09.22.2022;7.2;1;17
8;09.23.2022;9.3;0.7;18.3
8;09.24.2022;11.5;3.7;16.3
8;09.25.2022;12.3;11.5;13.2
8;09.26.2022;11.9;9.1;16.8
8;09.27.2022;10.3;9.2;13.5
8;09.28.2022;10.6;5.3;13.2
8;09.29.2022;10.8;10.1;12.3
8;09.30.2022;13.4;10;16.7
8;10.01.2022;13.2;10.5;18.9
8;10.02.2022;13.1;5.3;20.7
8;10.03.2022;12.3;8.6;20.8
8;10.04.2022;11.5;4.2;19.1
8;10.05.2022;12.6;6.5;20.6
8;10.06.2022;12.7;5.6;22.4
8;10.07.2022;13.3;6.8;21.9
8;10.08.2022;12.6;6.9;20.2
8;10.09.2022;13;9.3;16.8
8;10.10.2022;12;9.3;19.1
8;10.11.2022;12.4;6.2;19.8
8;10.12.2022;12.5;6.3;19.3
8;10.13.2022;11.3;6.8;18.5
8;10.14.2022;11.3;6.2;19.3
8;10.15.2022;10.8;5.8;18.5
8;10.16.2022;11.4;4.5;20.8
8;10.17.2022;12.3;5.6;21.9
8;10.18.2022;11.7;5.3;21.1
8;10.19.2022;13.5;5.8;20.1
8;10.20.2022;12.2;10.7;14.5
8;10.21.2022;13.9;8;18
8;10.22.2022;12.1;9.2;16.2
8;10.23.2022;13;7.3;16
8;10.24.2022;16;10.9;20.9
8;10.25.2022;11.7;9.1;17.3
8;10.26.2022;12.3;6.9;19.1
8;10.27.2022;12.4;7.4;21
8;10.28.2022;10.8;5.3;20.2
8;10.29.2022;11.1;4.7;20.5
8;10.30.2022;11.9;5.5;22.5
8;10.31.2022;11.9;4.7;23.2
8;11.01.2022;12.7;3;23
8;11.02.2022;12.9;6.5;19.6
8;11.03.2022;12.8;11.4;15.6
8;11.04.2022;10.8;7.7;16.1
8;11.05.2022;6.3;2.8;12.8
8;11.06.2022;5.4;-0.9;11
8;11.07.2022;6.5;2.1;15.9
8;11.08.2022;5.7;-0.8;13.8
8;11.09.2022;11.9;2.1;15.1
8;11.10.2022;9.5;6.8;13.3
8;11.11.2022;5.8;3;11.1
8;11.12.2022;6.4;2.2;10.9
8;11.13.2022;6.8;1.1;12.4
8;11.14.2022;8.8;7.1;10.6
8;11.15.2022;9.7;8.3;13.1
8;11.16.2022;9.1;7.9;10.5
8;11.17.2022;8.4;7.1;11.5
8;11.18.2022;5.9;3.3;10
8;11.19.2022;4.1;0.5;5.9
8;11.20.2022;3.6;3;5.2
8;11.21.2022;1.9;0.2;3.1
8;11.22.2022;3.8;1.9;4.5
8;11.23.2022;4.4;2.7;5.7
8;11.24.2022;1;-0.6;5.7
8;11.25.2022;0.3;-2.1;2.3
8;11.26.2022;0.3;-1.6;6.1
8;11.27.2022;0.9;-3.2;8.1
8;11.28.2022;2.8;-1.5;6.5
8;11.29.2022;2;0.8;4.3
8;11.30.2022;2.8;0.6;4
8;12.01.2022;2.6;1.8;3.7
8;12.02.2022;2;0.2;2.8
8;12.03.2022;2.5;2.1;2.9
8;12.04.2022;3.2;2.4;3.5
8;12.05.2022;4.3;2.5;5.1
8;12.06.2022;3.4;0.8;6.5
8;12.07.2022;3.7;-0.8;8.9
8;12.08.2022;2.4;1.7;4.3
8;12.09.2022;3.2;-0.6;3.8
8;12.10.2022;1.8;0.1;4.5
8;12.11.2022;0;-0.3;0.9
8;12.12.2022;-3.2;-5.4;1.4
8;12.13.2022;-3.4;-6.9;-2.1
8;12.14.2022;-3.4;-5.4;-0.2
8;12.15.2022;-1.7;-7.7;0.1
8;12.16.2022;1.3;0;2.6
8;12.17.2022;0.5;0;3.1
8;12.18.2022;-0.4;-1.5;1.8
8;12.19.2022;-0.3;-1.2;1.2
8;12.20.2022;1.1;-1;3
8;12.21.2022;1.7;-2.1;5.5
8;12.22.2022;3.5;-0.2;8.7
8;12.23.2022;6.8;2.4;10.4
8;12.24.2022;5.6;3.1;9.3
8;12.25.2022;5.8;1;8.8
8;12.26.2022;7.6;0.5;10.7
8;12.27.2022;7.2;1.4;11.3
8;12.28.2022;2.3;-1.1;7.6
8;12.29.2022;5.3;-2.4;10.9
8;12.30.2022;7.5;5.7;10
8;12.31.2022;6.7;2.3;14.9
8;01.01.2023;6.3;2.6;14
8;01.02.2023;7.1;0.9;11.3
8;01.03.2023;5.3;0.7;7.8
8;01.04.2023;5.3;2.7;9.7
8;01.05.2023;5.1;1.5;9.2
8;01.06.2023;1.3;-1.9;4.6
8;01.07.2023;4.6;-0.8;7.2
8;01.08.2023;5.1;-2.5;9.1
8;01.09.2023;5.9;4.4;8.3
8;01.10.2023;6.7;1.8;11.3
8;01.11.2023;0.4;-4.6;7.1
8;01.12.2023;1.7;-1.2;9.5
8;01.13.2023;1.5;-2.1;5.6
8;01.14.2023;2.4;-2;10.8
8;01.15.2023;3.6;-2.5;6.7
8;01.16.2023;0.5;0;5.8
8;01.17.2023;-0.1;-3.9;0.8
8;01.18.2023;0.9;0;2.1
8;01.19.2023;0.3;-0.1;1.9
8;01.20.2023;-2.3;-4.8;0.3
8;01.21.2023;-3.8;-11;-0.3
8;01.22.2023;-1.2;-4.2;-0.1
8;01.23.2023;0.7;-2.1;2.3
8;01.24.2023;0.8;-0.5;2.5
8;01.25.2023;1;-1.6;3.1
8;01.26.2023;0.3;-0.4;1.2
8;01.27.2023;-0.6;-3.6;2.3
8;01.28.2023;-2.2;-6.1;0.7
8;01.29.2023;-0.4;-1.6;1.2
8;01.30.2023;-4.2;-8.5;2.9
8;01.31.2023;-0.5;-6.4;8.3
8;02.01.2023;-0.9;-8.9;8.5
8;02.02.2023;-0.2;-8;8.4
8;02.03.2023;0.8;-3.1;8.7
8;02.04.2023;5.2;-4;9.4
8;02.05.2023;-2.8;-5.5;2.7
8;02.06.2023;-3.3;-5.8;0.3
8;02.07.2023;-5.6;-10.5;1.2
8;02.08.2023;-2.9;-10.2;-0.2
8;02.09.2023;-3.9;-8.6;2.9
8;02.10.2023;-4.8;-11;2.9
8;02.11.2023;-2.9;-9.7;5.3
8;02.12.2023;0.1;-5.3;10.2
8;02.13.2023;1;-2.3;9.9
8;02.14.2023;0.2;-5.4;10.2
8;02.15.2023;-0.1;-5.4;9.2
8;02.16.2023;1.7;-5.5;11.9
8;02.17.2023;4.3;-2.4;12.3
8;02.18.2023;4.4;-0.6;9.8
8;02.19.2023;4;0.3;11.3
8;02.20.2023;4.2;-3;13.7
8;02.21.2023;4.7;-1.6;13.7
8;02.22.2023;4.2;-3;13.7
8;02.23.2023;2.5;-1;6.8
8;02.24.2023;4.9;-2.3;9.5
8;02.25.2023;5.9;3.1;12
8;02.26.2023;0.7;0;3.1
8;02.27.2023;0.1;-1.3;3.6
8;02.28.2023;0.8;-1.3;3
8;03.01.2023;1.4;-0.3;3.6
8;03.02.2023;3.1;1.2;4.8
8;03.03.2023;2.5;0.9;7.2
8;03.04.2023;2.7;-0.1;10.3
8;03.05.2023;0.5;-4.2;7.9
8;03.06.2023;3.3;-2.8;6.1
8;03.07.2023;5.3;3.2;9
8;03.08.2023;7.7;2.1;11.4
8;03.09.2023;9;6.4;15
8;03.10.2023;7.8;2.5;15.8
8;03.11.2023;6.8;3;13.1
8;03.12.2023;2.5;0.3;10
8;03.13.2023;8.4;-2.6;14.9
8;03.14.2023;8.9;7.9;12.2
8;03.15.2023;5.9;3.3;11
8;03.16.2023;1.7;-3.8;10.7
8;03.17.2023;3;-4.8;12.4
8;03.18.2023;5;-3.8;16.3
8;03.19.2023;8.8;-1.1;16.6
8;03.20.2023;6.2;1.5;13.7
8;03.21.2023;8.3;-1.6;18.4
8;03.22.2023;10.2;1.9;20.7
8;03.23.2023;9.8;0.8;20.4
8;03.24.2023;12.3;1.7;19.3
8;03.25.2023;6.1;2.7;13.3
8;03.26.2023;8.3;0.7;15.2
8;03.27.2023;6.6;3.2;12.5
8;03.28.2023;2.7;-4.1;11.4
8;03.29.2023;6.7;-3.7;15.8
8;03.30.2023;8.8;2.4;12
8;03.31.2023;9;8;11.5
8;04.01.2023;8.5;3.9;16.4
8;04.02.2023;10.2;1.9;17.4
8;04.03.2023;4.9;0.6;11.6
8;04.04.2023;2.8;-5.6;10.3
8;04.05.2023;2;-5.4;8.8
8;04.06.2023;2.9;-5.4;12.5
8;04.07.2023;7.5;-4.5;16.2
8;04.08.2023;5.9;2;10.5
8;04.09.2023;4;3.1;8.7
8;04.10.2023;5.6;-2;14.4
8;04.11.2023;6.6;-0.6;15.8
8;04.12.2023;10.1;1.3;15.4
8;04.13.2023;5.6;4.3;12.1
8;04.14.2023;6.2;3.1;9.2
8;04.15.2023;6.3;5.1;10.4
8;04.16.2023;7.1;1.8;13.4
8;04.17.2023;9.2;4.4;16.6
8;04.18.2023;10;2.7;16.4
8;04.19.2023;11.4;6.5;17.7
8;04.20.2023;8.5;7.3;11.7
8;04.21.2023;9.9;6.5;17.1
8;04.22.2023;11.6;1.4;20.9
8;04.23.2023;13;3.1;20.1
8;04.24.2023;9.8;8.9;13
8;04.25.2023;9.3;4.8;14.8
8;04.26.2023;9.9;-0.1;17.3
8;04.27.2023;11.5;4.1;18.1
8;04.28.2023;9.3;2.7;16.3
8;04.29.2023;13.6;5.5;22.8
8;04.30.2023;13.5;6.9;18.9
8;05.01.2023;12.8;4.3;17
8;05.02.2023;11.2;10.3;13.1
8;05.03.2023;10.8;8.5;15.1
8;05.04.2023;12.3;3.9;19.6
8;05.05.2023;15.2;4.8;24.4
8;05.06.2023;15.5;7.1;25.2
8;05.07.2023;16.9;7.3;24.2
8;05.08.2023;11.8;10.4;15.8
8;05.09.2023;11.7;9.5;17.6
8;05.10.2023;11;5;15.3
8;05.11.2023;10.4;10;12.3
8;05.12.2023;11;9.5;12.5
8;05.13.2023;10.7;8.8;14.7
8;05.14.2023;10.2;9.7;12.6
8;05.15.2023;14.2;8.6;19
8;05.16.2023;11.2;10.5;14.5
8;05.17.2023;11.3;9.3;13.7
8;05.18.2023;12.9;5.6;16.9
8;05.19.2023;12.9;10.6;16.8
8;05.20.2023;15.1;11.6;21.5
8;05.21.2023;18.1;9;24.3
8;05.22.2023;19;11.2;26
8;05.23.2023;18.2;9.7;26.4
8;05.24.2023;15.5;13;19.3
8;05.25.2023;18.1;14;24.1
8;05.26.2023;19.9;12.6;25.1
8;05.27.2023;18.2;9.2;23.7
8;05.28.2023;18.4;8.2;24.2
8;05.29.2023;17.9;8.7;25.3
8;05.30.2023;17.5;8.5;23.9
8;05.31.2023;15.9;8.8;20.2
8;06.01.2023;18.6;13.1;25.2
8;06.02.2023;18.3;10.6;26.9
8;06.03.2023;16.5;14.2;20.6
8;06.04.2023;17;13.3;22.3
8;06.05.2023;15.3;14.6;17.6
8;06.06.2023;16.9;14.6;20.9
8;06.07.2023;18.2;13.4;25.5
8;06.08.2023;16.4;12.2;24.1
8;06.09.2023;19;11.9;25.5
8;06.10.2023;17.8;13.1;22.2
8;06.11.2023;18.9;14.1;23.3
8;06.12.2023;18.3;15.3;23
8;06.13.2023;17.6;10.2;23.3
8;06.14.2023;18;13.2;23.3
8;06.15.2023;17.4;12.1;23.7
8;06.16.2023;16.3;8.5;24.4
8;06.17.2023;18.8;8;26.1
8;06.18.2023;20;10.6;27.9
8;06.19.2023;22.8;11.6;30.6
8;06.20.2023;24.7;13.5;29.6
8;06.21.2023;25.6;16;32.5
8;06.22.2023;26;16.9;32.6
8;06.23.2023;21.5;16.6;31.7
8;06.24.2023;20.4;14.1;25.5
8;06.25.2023;21.5;11.4;27.2
8;06.26.2023;22.9;12.3;30.6
8;06.27.2023;17.8;14.3;23.5
8;06.28.2023;16.9;13.8;22.5
8;06.29.2023;18.9;9.2;28.1
8;06.30.2023;21.6;11.8;27.4
8;07.01.2023;19;16.3;24.1
8;07.02.2023;21;14.5;26.7
8;07.03.2023;18.2;17.3;20.4
8;07.04.2023;19.9;15.7;25.9
8;07.05.2023;20.2;13;26.2
8;07.06.2023;19.2;16.1;23
8;07.07.2023;19.8;15.4;25.8
8;07.08.2023;21.7;12.2;29.3
8;07.09.2023;24.4;15.6;31.3
8;07.10.2023;25.8;15.8;33
8;07.11.2023;26.2;16.3;32.2
8;07.12.2023;22.1;18.5;29.5
8;07.13.2023;18.2;15.1;23.9
8;07.14.2023;19.6;13.4;26.7
8;07.15.2023;24.1;13.6;31
8;07.16.2023;24.6;16.1;33.2
8;07.17.2023;26.2;16.4;33.9
8;07.18.2023;22.4;18.6;30
8;07.19.2023;18.1;15.5;28.8
8;07.20.2023;21;15.6;28.6
8;07.21.2023;18.8;16.9;23.3
8;07.22.2023;17.3;14;23.9
8;07.23.2023;20.2;11.3;28.7
8;07.24.2023;21.6;14.4;28.4
8;07.25.2023;18.1;15;22.2
8;07.26.2023;16.1;14.1;22.5
8;07.27.2023;15.9;8.5;23.7
8;07.28.2023;19.3;9.7;26.5
8;07.29.2023;21.6;13.7;28.9
8;07.30.2023;20;17.1;26.2
8;07.31.2023;20.5;14.8;26.6
8;08.01.2023;18.1;14.4;24.6
8;08.02.2023;20.1;13.7;26
8;08.03.2023;20.9;16.9;28
8;08.04.2023;16.1;15.6;19.4
8;08.05.2023;15.5;14.9;17.1
8;08.06.2023;13.8;12;19.5
8;08.07.2023;14.9;10.4;23.7
8;08.08.2023;15.5;7;23.4
8;08.09.2023;17.1;9.1;23.1
8;08.10.2023;18.3;14.2;23.9
8;08.11.2023;18.9;13.6;25.5
8;08.12.2023;19.5;11.3;27
8;08.13.2023;21.9;13.2;30
8;08.14.2023;21.1;15.3;29
8;08.15.2023;21.2;13.3;29.3
8;08.16.2023;19.1;14.3;29.2
8;08.17.2023;21.7;14;28.6
8;08.18.2023;20.8;16.3;27.5
8;08.19.2023;22.2;15.1;29.4
8;08.20.2023;22.5;15.4;30.5
8;08.21.2023;23.5;15.2;31.8
8;08.22.2023;23.6;15.7;32.8
8;08.23.2023;23.7;16.3;32
8;08.24.2023;24.8;17.2;32.8
8;08.25.2023;24.4;17.7;33.9
8;08.26.2023;23.8;15.7;33.4
8;08.27.2023;23;15.4;32.5
8;08.28.2023;19.1;16.2;25.7
8;08.29.2023;16.2;15.3;19.8
8;08.30.2023;14.6;13.9;15.5
8;08.31.2023;16.1;13.3;22.2
8;09.01.2023;18.3;12.8;25.9
8;09.02.2023;19.1;10.9;27.2
8;09.03.2023;19.9;12.4;26.1
8;09.04.2023;18.2;15.2;24.4
8;09.05.2023;16.3;7.3;24.6
8;09.06.2023;17.4;8.8;25.8
8;09.07.2023;17.9;10.7;26.2
8;09.08.2023;17.7;9.7;26.9
8;09.09.2023;17.8;9.9;27
8;09.10.2023;18;10;28
8;09.11.2023;18.1;9.5;28
8;09.12.2023;19;10.5;28.7
8;09.13.2023;19.2;11.9;26.9
8;09.14.2023;17.5;14.2;23.8
8;09.15.2023;17.1;14;24.1
8;09.16.2023;18.6;10.5;25.5
8;09.17.2023;18.5;11.6;26.2
8;09.18.2023;18.5;11.8;24.7
8;09.19.2023;17.3;15.1;23.2
8;09.20.2023;17.4;10.5;23.8
8;09.21.2023;17.1;14.9;22.8
8;09.22.2023;18.5;13.8;24
8;09.23.2023;15.2;13.8;18.8
8;09.24.2023;12.1;11.1;13.9
8;09.25.2023;12.7;6.6;19.8
8;09.26.2023;16;9.6;24.9
8;09.27.2023;15.8;10.3;25.5
8;09.28.2023;14.9;8.2;24.8
8;09.29.2023;14;6.7;24.5
8;09.30.2023;15.1;7.9;23.2
8;10.01.2023;15.5;10;22.7
8;10.02.2023;15.6;9.9;23.9
8;10.03.2023;16.6;10.6;26.1
8;10.04.2023;13;9.3;18.3
8;10.05.2023;14;9.2;20.6
8;10.06.2023;12.3;7.6;21.1
8;10.07.2023;14.5;5.4;23.5
8;10.08.2023;16.7;8.8;25.1
8;10.09.2023;14.4;11.1;19.2
8;10.10.2023;15.7;10.5;20.4
8;10.11.2023;14.1;8.9;22.4
8;10.12.2023;13.9;6.8;23.9
8;10.13.2023;14.7;7.8;24.7
8;10.14.2023;15.9;9.5;23.6
8;10.15.2023;9.3;7.6;16.2
8;10.16.2023;5;1.7;11.2
8;10.17.2023;5.7;-1.5;10.3
8;10.18.2023;8.1;3.9;10.9
8;10.19.2023;12.2;8.2;13.7
8;10.20.2023;19.6;13.5;23.5
8;10.21.2023;14.9;11.8;21.4
8;10.22.2023;12.2;8.7;20.2
8;10.23.2023;12.5;5.7;19.9
8;10.24.2023;14.7;11.5;16
8;10.25.2023;12.8;10.3;17.2
8;10.26.2023;13.7;10.8;18.1
8;10.27.2023;13.6;10.9;16.8
8;10.28.2023;11.1;8.4;17.3
8;10.29.2023;12.5;5.2;16.7
8;10.30.2023;14;11.6;17.1
8;10.31.2023;10;6.4;17.1
8;11.01.2023;7.4;3;10.2
8;11.02.2023;12;5.8;14.8
8;11.03.2023;8.2;5.9;14.8
8;11.04.2023;6.5;2.1;11.9
8;11.05.2023;10;6.4;16
8;11.06.2023;9;3.4;16.9
8;11.07.2023;7.4;1.2;12.2
8;11.08.2023;5.1;1.3;13.1
8;11.09.2023;6;0;12.7
8;11.10.2023;7.8;6;10.1
8;11.11.2023;5.2;2;11.7
8;11.12.2023;2.2;-2.8;7.1
8;11.13.2023;6.1;-1.5;12.7
8;11.14.2023;10.2;6.2;12.5
8;11.15.2023;7.5;2.8;17.4
8;11.16.2023;4.8;-1.3;9.4
8;11.17.2023;9.1;3.8;14.1
8;11.18.2023;1.3;-3.2;9.5
8;11.19.2023;2.6;-2;12.5
8;11.20.2023;3;-2.4;7.6
8;11.21.2023;5.8;3.4;8.3
8;11.22.2023;3.5;-1.4;11.3
8;11.23.2023;1;-2.3;6.5
8;11.24.2023;3.8;-3.7;10.4
8;11.25.2023;3.2;-1.2;6.6
8;11.26.2023;-1.1;-4.7;7.9
8;11.27.2023;1.7;-6.3;4.3
8;11.28.2023;4.4;2.2;7.9
8;11.29.2023;-0.1;-4.1;5.9
8;11.30.2023;1.1;-2.1;1.6
8;12.01.2023;10.7;1.6;13.7
8;12.02.2023;6;0.6;14.4
8;12.03.2023;-0.2;-1.4;2
8;12.04.2023;-2.3;-4;-0.8
8;12.05.2023;0.8;-2.2;2.2
8;12.06.2023;1.8;1;3.1
8;12.07.2023;-0.3;-1.3;1.7
8;12.08.2023;-1;-2;-0.6
8;12.09.2023;0.6;-0.7;2.5
8;12.10.2023;1.6;-2.2;6.8
8;12.11.2023;1.7;-2;5.4
8;12.12.2023;4.1;-0.7;5.6
8;12.13.2023;4.6;2.4;7.7
8;12.14.2023;3.2;1.5;4.9
8;12.15.2023;0.5;-0.8;4.3
8;12.16.2023;0.4;-2.9;8
8;12.17.2023;-0.5;-4.3;6.8
8;12.18.2023;-0.1;-4.5;8
8;12.19.2023;-0.9;-4.7;7
8;12.20.2023;-1.7;-5.4;2.7
8;12.21.2023;-1;-4.7;1.7
8;12.22.2023;2.1;-1.8;11
8;12.23.2023;2.5;-4.9;14.1
8;12.24.2023;1.2;-3.2;5.3
8;12.25.2023;5.7;0.1;13.2
8;12.26.2023;3.4;0.3;11.1
8;12.27.2023;5.1;-2.1;10.9
8;12.28.2023;7.6;1.7;11
8;12.29.2023;5.9;-1.7;11.5
8;12.30.2023;4;-1.5;11.3
8;12.31.2023;6.6;-1.1;10
