postaja;datum;pad
8;01.01.1993;0
8;01.02.1993;0
8;01.03.1993;0
8;01.04.1993;0
8;01.05.1993;0
8;01.06.1993;0
8;01.07.1993;0
8;01.08.1993;0
8;01.09.1993;0
8;01.10.1993;0
8;01.11.1993;0
8;01.12.1993;0
8;01.13.1993;0
8;01.14.1993;1.6
8;01.15.1993;0
8;01.16.1993;0
8;01.17.1993;0
8;01.18.1993;0
8;01.19.1993;0
8;01.20.1993;0
8;01.21.1993;0
8;01.22.1993;0
8;01.23.1993;0
8;01.24.1993;0
8;01.25.1993;0
8;01.26.1993;0
8;01.27.1993;0
8;01.28.1993;0
8;01.29.1993;0
8;01.30.1993;0.2
8;01.31.1993;0
8;02.01.1993;0
8;02.02.1993;0
8;02.03.1993;0
8;02.04.1993;0
8;02.05.1993;0
8;02.06.1993;0
8;02.07.1993;0
8;02.08.1993;0
8;02.09.1993;0
8;02.10.1993;0
8;02.11.1993;0
8;02.12.1993;0
8;02.13.1993;0
8;02.14.1993;0
8;02.15.1993;0
8;02.16.1993;0
8;02.17.1993;0
8;02.18.1993;0
8;02.19.1993;0
8;02.20.1993;0.8
8;02.21.1993;0
8;02.22.1993;0
8;02.23.1993;0
8;02.24.1993;0
8;02.25.1993;0
8;02.26.1993;0
8;02.27.1993;0
8;02.28.1993;0.5
8;03.01.1993;0
8;03.02.1993;0
8;03.03.1993;1.6
8;03.04.1993;0.7
8;03.05.1993;0.7
8;03.06.1993;0
8;03.07.1993;0
8;03.08.1993;1.8
8;03.09.1993;0
8;03.10.1993;0
8;03.11.1993;0
8;03.12.1993;0
8;03.13.1993;0
8;03.14.1993;0
8;03.15.1993;0
8;03.16.1993;0
8;03.17.1993;0
8;03.18.1993;0
8;03.19.1993;0
8;03.20.1993;0
8;03.21.1993;0
8;03.22.1993;0
8;03.23.1993;0
8;03.24.1993;4.6
8;03.25.1993;19.5
8;03.26.1993;10.6
8;03.27.1993;0
8;03.28.1993;0
8;03.29.1993;0
8;03.30.1993;0
8;03.31.1993;0
8;04.01.1993;0
8;04.02.1993;0
8;04.03.1993;0
8;04.04.1993;2.4
8;04.05.1993;0
8;04.06.1993;0
8;04.07.1993;0
8;04.08.1993;0
8;04.09.1993;0.2
8;04.10.1993;0
8;04.11.1993;6.8
8;04.12.1993;17.6
8;04.13.1993;10.9
8;04.14.1993;3.5
8;04.15.1993;8.4
8;04.16.1993;0.1
8;04.17.1993;0
8;04.18.1993;0
8;04.19.1993;0
8;04.20.1993;0
8;04.21.1993;0
8;04.22.1993;0
8;04.23.1993;0
8;04.24.1993;0
8;04.25.1993;0
8;04.26.1993;0
8;04.27.1993;0
8;04.28.1993;0.1
8;04.29.1993;0
8;04.30.1993;1.7
8;05.01.1993;1.3
8;05.02.1993;2.1
8;05.03.1993;0
8;05.04.1993;0
8;05.05.1993;4.4
8;05.06.1993;0.1
8;05.07.1993;0
8;05.08.1993;2
8;05.09.1993;2.7
8;05.10.1993;1.1
8;05.11.1993;0
8;05.12.1993;0
8;05.13.1993;0
8;05.14.1993;2
8;05.15.1993;0
8;05.16.1993;5.7
8;05.17.1993;0
8;05.18.1993;0
8;05.19.1993;0
8;05.20.1993;0
8;05.21.1993;0
8;05.22.1993;0
8;05.23.1993;0
8;05.24.1993;0
8;05.25.1993;0
8;05.26.1993;0
8;05.27.1993;0
8;05.28.1993;0
8;05.29.1993;0.7
8;05.30.1993;2.5
8;05.31.1993;0
8;06.01.1993;0.1
8;06.02.1993;0
8;06.03.1993;0.1
8;06.04.1993;24.2
8;06.05.1993;0
8;06.06.1993;2.8
8;06.07.1993;0
8;06.08.1993;1.3
8;06.09.1993;0
8;06.10.1993;0
8;06.11.1993;6.7
8;06.12.1993;5.1
8;06.13.1993;0.4
8;06.14.1993;0
8;06.15.1993;0
8;06.16.1993;0
8;06.17.1993;0
8;06.18.1993;13.6
8;06.19.1993;0
8;06.20.1993;0
8;06.21.1993;14.8
8;06.22.1993;5.3
8;06.23.1993;0
8;06.24.1993;15.9
8;06.25.1993;15
8;06.26.1993;0
8;06.27.1993;0
8;06.28.1993;0.1
8;06.29.1993;1.4
8;06.30.1993;0
8;07.01.1993;0
8;07.02.1993;0
8;07.03.1993;0
8;07.04.1993;0
8;07.05.1993;0
8;07.06.1993;0
8;07.07.1993;4.9
8;07.08.1993;0
8;07.09.1993;0
8;07.10.1993;0
8;07.11.1993;2.6
8;07.12.1993;30.2
8;07.13.1993;4
8;07.14.1993;0
8;07.15.1993;0
8;07.16.1993;0
8;07.17.1993;0
8;07.18.1993;0.1
8;07.19.1993;7.7
8;07.20.1993;0.8
8;07.21.1993;0.3
8;07.22.1993;0.5
8;07.23.1993;0
8;07.24.1993;0
8;07.25.1993;0
8;07.26.1993;5
8;07.27.1993;54.6
8;07.28.1993;0
8;07.29.1993;0
8;07.30.1993;0
8;07.31.1993;0
8;08.01.1993;0
8;08.02.1993;0
8;08.03.1993;0
8;08.04.1993;0
8;08.05.1993;0
8;08.06.1993;0
8;08.07.1993;0.4
8;08.08.1993;0
8;08.09.1993;9.1
8;08.10.1993;11.5
8;08.11.1993;0.3
8;08.12.1993;0
8;08.13.1993;0
8;08.14.1993;0
8;08.15.1993;0
8;08.16.1993;0
8;08.17.1993;0
8;08.18.1993;3.1
8;08.19.1993;0
8;08.20.1993;0
8;08.21.1993;0
8;08.22.1993;0
8;08.23.1993;0
8;08.24.1993;0
8;08.25.1993;1.7
8;08.26.1993;23.8
8;08.27.1993;0.8
8;08.28.1993;11.2
8;08.29.1993;5.9
8;08.30.1993;0
8;08.31.1993;0
8;09.01.1993;0.5
8;09.02.1993;0
8;09.03.1993;0
8;09.04.1993;6.1
8;09.05.1993;14.4
8;09.06.1993;0.1
8;09.07.1993;0
8;09.08.1993;0
8;09.09.1993;1.5
8;09.10.1993;15.4
8;09.11.1993;38.3
8;09.12.1993;0.5
8;09.13.1993;0.5
8;09.14.1993;6.9
8;09.15.1993;4.3
8;09.16.1993;1.1
8;09.17.1993;21.7
8;09.18.1993;16.7
8;09.19.1993;1.4
8;09.20.1993;0.1
8;09.21.1993;0
8;09.22.1993;0
8;09.23.1993;0
8;09.24.1993;0
8;09.25.1993;3.6
8;09.26.1993;56.7
8;09.27.1993;18.9
8;09.28.1993;2.7
8;09.29.1993;7.3
8;09.30.1993;19
8;10.01.1993;0.6
8;10.02.1993;5.7
8;10.03.1993;33.7
8;10.04.1993;0
8;10.05.1993;0
8;10.06.1993;2.4
8;10.07.1993;47
8;10.08.1993;7.3
8;10.09.1993;26
8;10.10.1993;0.7
8;10.11.1993;0
8;10.12.1993;0
8;10.13.1993;0
8;10.14.1993;0.7
8;10.15.1993;4.3
8;10.16.1993;5.1
8;10.17.1993;0
8;10.18.1993;2.7
8;10.19.1993;8.9
8;10.20.1993;0.3
8;10.21.1993;6.8
8;10.22.1993;67.3
8;10.23.1993;52.5
8;10.24.1993;25.2
8;10.25.1993;4.6
8;10.26.1993;0
8;10.27.1993;0
8;10.28.1993;0
8;10.29.1993;0
8;10.30.1993;0
8;10.31.1993;0
8;11.01.1993;0
8;11.02.1993;0
8;11.03.1993;1.2
8;11.04.1993;0.2
8;11.05.1993;0
8;11.06.1993;32.4
8;11.07.1993;11.8
8;11.08.1993;5
8;11.09.1993;5.9
8;11.10.1993;0.1
8;11.11.1993;1.4
8;11.12.1993;6.5
8;11.13.1993;18
8;11.14.1993;1
8;11.15.1993;4.9
8;11.16.1993;1.7
8;11.17.1993;0
8;11.18.1993;0
8;11.19.1993;0
8;11.20.1993;0
8;11.21.1993;1.6
8;11.22.1993;12.3
8;11.23.1993;0.2
8;11.24.1993;0
8;11.25.1993;0
8;11.26.1993;0
8;11.27.1993;0
8;11.28.1993;0
8;11.29.1993;2.9
8;11.30.1993;3
8;12.01.1993;0.1
8;12.02.1993;0
8;12.03.1993;0
8;12.04.1993;0
8;12.05.1993;0
8;12.06.1993;0
8;12.07.1993;0
8;12.08.1993;0.2
8;12.09.1993;0.1
8;12.10.1993;0.2
8;12.11.1993;0.3
8;12.12.1993;5.8
8;12.13.1993;0
8;12.14.1993;10
8;12.15.1993;45
8;12.16.1993;8.4
8;12.17.1993;6.9
8;12.18.1993;0
8;12.19.1993;0
8;12.20.1993;0.1
8;12.21.1993;0.1
8;12.22.1993;9.6
8;12.23.1993;0
8;12.24.1993;0.2
8;12.25.1993;29
8;12.26.1993;5.1
8;12.27.1993;6
8;12.28.1993;0
8;12.29.1993;0
8;12.30.1993;0
8;12.31.1993;0
8;01.01.1994;6.5
8;01.02.1994;15.4
8;01.03.1994;0
8;01.04.1994;0.3
8;01.05.1994;33.9
8;01.06.1994;0.9
8;01.07.1994;4.6
8;01.08.1994;0.3
8;01.09.1994;10
8;01.10.1994;0
8;01.11.1994;0.3
8;01.12.1994;1.2
8;01.13.1994;0
8;01.14.1994;0
8;01.15.1994;10.4
8;01.16.1994;0
8;01.17.1994;0
8;01.18.1994;1.3
8;01.19.1994;0
8;01.20.1994;0
8;01.21.1994;0
8;01.22.1994;0
8;01.23.1994;0
8;01.24.1994;0
8;01.25.1994;0
8;01.26.1994;0.2
8;01.27.1994;0.6
8;01.28.1994;0
8;01.29.1994;0
8;01.30.1994;0
8;01.31.1994;0
8;02.01.1994;0
8;02.02.1994;0
8;02.03.1994;0
8;02.04.1994;1
8;02.05.1994;0.2
8;02.06.1994;17.5
8;02.07.1994;1.1
8;02.08.1994;0
8;02.09.1994;2.4
8;02.10.1994;0
8;02.11.1994;0
8;02.12.1994;0
8;02.13.1994;0
8;02.14.1994;0
8;02.15.1994;0
8;02.16.1994;0
8;02.17.1994;0
8;02.18.1994;0
8;02.19.1994;0
8;02.20.1994;0
8;02.21.1994;0
8;02.22.1994;0
8;02.23.1994;0
8;02.24.1994;0.1
8;02.25.1994;9.4
8;02.26.1994;0
8;02.27.1994;0
8;02.28.1994;0
8;03.01.1994;0
8;03.02.1994;6.4
8;03.03.1994;0.5
8;03.04.1994;0.2
8;03.05.1994;0
8;03.06.1994;0
8;03.07.1994;0
8;03.08.1994;0
8;03.09.1994;0
8;03.10.1994;0
8;03.11.1994;0.7
8;03.12.1994;0.1
8;03.13.1994;0
8;03.14.1994;0
8;03.15.1994;0
8;03.16.1994;0
8;03.17.1994;2.6
8;03.18.1994;0.2
8;03.19.1994;0
8;03.20.1994;0
8;03.21.1994;0
8;03.22.1994;0
8;03.23.1994;0
8;03.24.1994;0
8;03.25.1994;0
8;03.26.1994;0
8;03.27.1994;8.2
8;03.28.1994;0
8;03.29.1994;0
8;03.30.1994;0
8;03.31.1994;0
8;04.01.1994;0
8;04.02.1994;49
8;04.03.1994;1
8;04.04.1994;0
8;04.05.1994;7.3
8;04.06.1994;5.1
8;04.07.1994;0
8;04.08.1994;0
8;04.09.1994;0
8;04.10.1994;22.5
8;04.11.1994;10.3
8;04.12.1994;2.6
8;04.13.1994;6.1
8;04.14.1994;7.5
8;04.15.1994;0.8
8;04.16.1994;0.6
8;04.17.1994;5.7
8;04.18.1994;17.1
8;04.19.1994;3.5
8;04.20.1994;0
8;04.21.1994;0
8;04.22.1994;0
8;04.23.1994;0
8;04.24.1994;0
8;04.25.1994;0
8;04.26.1994;0
8;04.27.1994;0.2
8;04.28.1994;0
8;04.29.1994;0
8;04.30.1994;0
8;05.01.1994;0
8;05.02.1994;6.1
8;05.03.1994;0
8;05.04.1994;0
8;05.05.1994;0.1
8;05.06.1994;11.9
8;05.07.1994;0
8;05.08.1994;0
8;05.09.1994;0
8;05.10.1994;0
8;05.11.1994;1.7
8;05.12.1994;0.8
8;05.13.1994;0
8;05.14.1994;0
8;05.15.1994;0.3
8;05.16.1994;0
8;05.17.1994;0
8;05.18.1994;0
8;05.19.1994;43.3
8;05.20.1994;11.5
8;05.21.1994;5.4
8;05.22.1994;0
8;05.23.1994;0
8;05.24.1994;0
8;05.25.1994;1.2
8;05.26.1994;0.8
8;05.27.1994;15.4
8;05.28.1994;0.6
8;05.29.1994;0
8;05.30.1994;17.1
8;05.31.1994;4.1
8;06.01.1994;0
8;06.02.1994;0
8;06.03.1994;0
8;06.04.1994;1
8;06.05.1994;36.6
8;06.06.1994;6.5
8;06.07.1994;0
8;06.08.1994;0
8;06.09.1994;0
8;06.10.1994;8.3
8;06.11.1994;2.4
8;06.12.1994;7.5
8;06.13.1994;15.7
8;06.14.1994;1.8
8;06.15.1994;0
8;06.16.1994;0
8;06.17.1994;0
8;06.18.1994;13.7
8;06.19.1994;0
8;06.20.1994;0
8;06.21.1994;5.6
8;06.22.1994;0
8;06.23.1994;0
8;06.24.1994;0.4
8;06.25.1994;0
8;06.26.1994;0
8;06.27.1994;0
8;06.28.1994;0
8;06.29.1994;12.4
8;06.30.1994;0
8;07.01.1994;0.4
8;07.02.1994;0
8;07.03.1994;0
8;07.04.1994;0
8;07.05.1994;0.3
8;07.06.1994;16.5
8;07.07.1994;14.6
8;07.08.1994;18.1
8;07.09.1994;10.9
8;07.10.1994;1.3
8;07.11.1994;0
8;07.12.1994;0
8;07.13.1994;4.9
8;07.14.1994;2.8
8;07.15.1994;0
8;07.16.1994;7
8;07.17.1994;0
8;07.18.1994;0
8;07.19.1994;8.2
8;07.20.1994;17.1
8;07.21.1994;6.1
8;07.22.1994;0
8;07.23.1994;0
8;07.24.1994;0
8;07.25.1994;0
8;07.26.1994;0
8;07.27.1994;0
8;07.28.1994;0
8;07.29.1994;0
8;07.30.1994;0
8;07.31.1994;0
8;08.01.1994;0
8;08.02.1994;0
8;08.03.1994;0.1
8;08.04.1994;0.1
8;08.05.1994;0
8;08.06.1994;0
8;08.07.1994;13.6
8;08.08.1994;1.1
8;08.09.1994;1.2
8;08.10.1994;0
8;08.11.1994;0.5
8;08.12.1994;31.6
8;08.13.1994;10.3
8;08.14.1994;22.3
8;08.15.1994;0.2
8;08.16.1994;0
8;08.17.1994;0
8;08.18.1994;19.5
8;08.19.1994;4
8;08.20.1994;0
8;08.21.1994;0
8;08.22.1994;0
8;08.23.1994;0.1
8;08.24.1994;0.3
8;08.25.1994;27.2
8;08.26.1994;25.4
8;08.27.1994;0
8;08.28.1994;0
8;08.29.1994;0.1
8;08.30.1994;20.7
8;08.31.1994;0.9
8;09.01.1994;0.5
8;09.02.1994;0.4
8;09.03.1994;5.5
8;09.04.1994;7.4
8;09.05.1994;0
8;09.06.1994;0
8;09.07.1994;0
8;09.08.1994;0
8;09.09.1994;11.6
8;09.10.1994;8.7
8;09.11.1994;0
8;09.12.1994;0
8;09.13.1994;0
8;09.14.1994;8.3
8;09.15.1994;57.2
8;09.16.1994;9.4
8;09.17.1994;25.4
8;09.18.1994;3.2
8;09.19.1994;3.1
8;09.20.1994;0
8;09.21.1994;0
8;09.22.1994;3.5
8;09.23.1994;0.4
8;09.24.1994;0
8;09.25.1994;0
8;09.26.1994;0
8;09.27.1994;11.1
8;09.28.1994;0
8;09.29.1994;0
8;09.30.1994;0
8;10.01.1994;0
8;10.02.1994;0
8;10.03.1994;23.3
8;10.04.1994;22.3
8;10.05.1994;21.5
8;10.06.1994;0
8;10.07.1994;0.2
8;10.08.1994;0.5
8;10.09.1994;0.5
8;10.10.1994;0
8;10.11.1994;0
8;10.12.1994;0
8;10.13.1994;0
8;10.14.1994;0
8;10.15.1994;0
8;10.16.1994;0
8;10.17.1994;0
8;10.18.1994;1
8;10.19.1994;0
8;10.20.1994;0
8;10.21.1994;0
8;10.22.1994;0
8;10.23.1994;0
8;10.24.1994;9.7
8;10.25.1994;17
8;10.26.1994;0.7
8;10.27.1994;20.8
8;10.28.1994;0
8;10.29.1994;45.5
8;10.30.1994;0.8
8;10.31.1994;0
8;11.01.1994;0
8;11.02.1994;0
8;11.03.1994;0.3
8;11.04.1994;0
8;11.05.1994;0
8;11.06.1994;0
8;11.07.1994;6.7
8;11.08.1994;5.1
8;11.09.1994;0
8;11.10.1994;0.2
8;11.11.1994;43.8
8;11.12.1994;3.4
8;11.13.1994;0
8;11.14.1994;0
8;11.15.1994;0
8;11.16.1994;0
8;11.17.1994;1.3
8;11.18.1994;0.1
8;11.19.1994;0
8;11.20.1994;0
8;11.21.1994;0
8;11.22.1994;0
8;11.23.1994;0
8;11.24.1994;0
8;11.25.1994;0
8;11.26.1994;0
8;11.27.1994;0.4
8;11.28.1994;0
8;11.29.1994;0
8;11.30.1994;0.1
8;12.01.1994;0
8;12.02.1994;0
8;12.03.1994;0
8;12.04.1994;0
8;12.05.1994;0
8;12.06.1994;0.1
8;12.07.1994;9.2
8;12.08.1994;0
8;12.09.1994;0
8;12.10.1994;0.6
8;12.11.1994;0.1
8;12.12.1994;0
8;12.13.1994;0
8;12.14.1994;0
8;12.15.1994;0
8;12.16.1994;0
8;12.17.1994;0
8;12.18.1994;0
8;12.19.1994;0
8;12.20.1994;2.3
8;12.21.1994;26.2
8;12.22.1994;11.9
8;12.23.1994;3.4
8;12.24.1994;0.6
8;12.25.1994;0.9
8;12.26.1994;0
8;12.27.1994;0
8;12.28.1994;0
8;12.29.1994;0
8;12.30.1994;0
8;12.31.1994;33.8
8;01.01.1995;3.6
8;01.02.1995;0.5
8;01.03.1995;0
8;01.04.1995;0
8;01.05.1995;0
8;01.06.1995;0
8;01.07.1995;0
8;01.08.1995;0
8;01.09.1995;0
8;01.10.1995;0
8;01.11.1995;0
8;01.12.1995;0
8;01.13.1995;0
8;01.14.1995;0
8;01.15.1995;0
8;01.16.1995;0
8;01.17.1995;0
8;01.18.1995;0
8;01.19.1995;0.2
8;01.20.1995;5.3
8;01.21.1995;0
8;01.22.1995;12
8;01.23.1995;0.1
8;01.24.1995;22.5
8;01.25.1995;2.4
8;01.26.1995;0
8;01.27.1995;20.7
8;01.28.1995;0
8;01.29.1995;0.1
8;01.30.1995;0
8;01.31.1995;0.2
8;02.01.1995;0
8;02.02.1995;0
8;02.03.1995;0
8;02.04.1995;0
8;02.05.1995;0
8;02.06.1995;0
8;02.07.1995;0
8;02.08.1995;0
8;02.09.1995;0
8;02.10.1995;3
8;02.11.1995;0.1
8;02.12.1995;2.7
8;02.13.1995;0
8;02.14.1995;0.3
8;02.15.1995;0.9
8;02.16.1995;0
8;02.17.1995;4.1
8;02.18.1995;12.4
8;02.19.1995;39
8;02.20.1995;0
8;02.21.1995;0
8;02.22.1995;0
8;02.23.1995;0.3
8;02.24.1995;19.5
8;02.25.1995;7.1
8;02.26.1995;1
8;02.27.1995;38.4
8;02.28.1995;0
8;03.01.1995;0
8;03.02.1995;0.1
8;03.03.1995;34
8;03.04.1995;3.3
8;03.05.1995;29.6
8;03.06.1995;0.1
8;03.07.1995;3.1
8;03.08.1995;0
8;03.09.1995;0
8;03.10.1995;5
8;03.11.1995;0
8;03.12.1995;0
8;03.13.1995;0
8;03.14.1995;0
8;03.15.1995;0
8;03.16.1995;1.3
8;03.17.1995;5.9
8;03.18.1995;0
8;03.19.1995;0.1
8;03.20.1995;5
8;03.21.1995;12.1
8;03.22.1995;0
8;03.23.1995;0
8;03.24.1995;0
8;03.25.1995;0
8;03.26.1995;0
8;03.27.1995;0
8;03.28.1995;18.1
8;03.29.1995;1.1
8;03.30.1995;1.3
8;03.31.1995;0
8;04.01.1995;0
8;04.02.1995;0
8;04.03.1995;0
8;04.04.1995;0
8;04.05.1995;0
8;04.06.1995;0
8;04.07.1995;0.2
8;04.08.1995;0
8;04.09.1995;0
8;04.10.1995;0
8;04.11.1995;0
8;04.12.1995;0.1
8;04.13.1995;0
8;04.14.1995;1.5
8;04.15.1995;0
8;04.16.1995;0
8;04.17.1995;0
8;04.18.1995;0
8;04.19.1995;0
8;04.20.1995;0.3
8;04.21.1995;0.3
8;04.22.1995;0.3
8;04.23.1995;0
8;04.24.1995;0
8;04.25.1995;17.8
8;04.26.1995;11.3
8;04.27.1995;0
8;04.28.1995;0
8;04.29.1995;0
8;04.30.1995;0
8;05.01.1995;0.6
8;05.02.1995;1.6
8;05.03.1995;0
8;05.04.1995;0
8;05.05.1995;0
8;05.06.1995;0
8;05.07.1995;0
8;05.08.1995;0
8;05.09.1995;0
8;05.10.1995;1
8;05.11.1995;8.3
8;05.12.1995;16.5
8;05.13.1995;38.2
8;05.14.1995;10.9
8;05.15.1995;2.4
8;05.16.1995;0
8;05.17.1995;0.5
8;05.18.1995;5.5
8;05.19.1995;9.3
8;05.20.1995;31.8
8;05.21.1995;0
8;05.22.1995;0
8;05.23.1995;0
8;05.24.1995;0
8;05.25.1995;0
8;05.26.1995;0
8;05.27.1995;0
8;05.28.1995;0
8;05.29.1995;0
8;05.30.1995;0.6
8;05.31.1995;0.3
8;06.01.1995;19.4
8;06.02.1995;14.5
8;06.03.1995;0.2
8;06.04.1995;0.5
8;06.05.1995;0.1
8;06.06.1995;23.3
8;06.07.1995;0.6
8;06.08.1995;0
8;06.09.1995;0
8;06.10.1995;2.6
8;06.11.1995;29.3
8;06.12.1995;23.6
8;06.13.1995;4.5
8;06.14.1995;3.6
8;06.15.1995;1.2
8;06.16.1995;1.5
8;06.17.1995;0.5
8;06.18.1995;0.1
8;06.19.1995;0.6
8;06.20.1995;0
8;06.21.1995;0
8;06.22.1995;0
8;06.23.1995;44.1
8;06.24.1995;6.8
8;06.25.1995;5.5
8;06.26.1995;0.9
8;06.27.1995;0
8;06.28.1995;0
8;06.29.1995;0
8;06.30.1995;0
8;07.01.1995;0
8;07.02.1995;0
8;07.03.1995;0.1
8;07.04.1995;4.8
8;07.05.1995;1.1
8;07.06.1995;13.5
8;07.07.1995;1.3
8;07.08.1995;0
8;07.09.1995;0
8;07.10.1995;0
8;07.11.1995;0
8;07.12.1995;0
8;07.13.1995;10.9
8;07.14.1995;0
8;07.15.1995;0
8;07.16.1995;0.1
8;07.17.1995;0.3
8;07.18.1995;1
8;07.19.1995;0.6
8;07.20.1995;0
8;07.21.1995;0
8;07.22.1995;0
8;07.23.1995;0
8;07.24.1995;15.6
8;07.25.1995;0
8;07.26.1995;0
8;07.27.1995;0
8;07.28.1995;0
8;07.29.1995;18.9
8;07.30.1995;0.2
8;07.31.1995;0
8;08.01.1995;0
8;08.02.1995;1.4
8;08.03.1995;20.5
8;08.04.1995;0
8;08.05.1995;0
8;08.06.1995;0
8;08.07.1995;0
8;08.08.1995;0.4
8;08.09.1995;2.9
8;08.10.1995;25.2
8;08.11.1995;0
8;08.12.1995;0
8;08.13.1995;0
8;08.14.1995;0
8;08.15.1995;0
8;08.16.1995;3.6
8;08.17.1995;9.8
8;08.18.1995;0.3
8;08.19.1995;30.6
8;08.20.1995;7.3
8;08.21.1995;16.6
8;08.22.1995;4.8
8;08.23.1995;1.1
8;08.24.1995;0
8;08.25.1995;1.7
8;08.26.1995;5.1
8;08.27.1995;1.1
8;08.28.1995;16.6
8;08.29.1995;38.8
8;08.30.1995;0
8;08.31.1995;0
8;09.01.1995;0.9
8;09.02.1995;3
8;09.03.1995;0
8;09.04.1995;22.4
8;09.05.1995;7.2
8;09.06.1995;0
8;09.07.1995;0
8;09.08.1995;15.2
8;09.09.1995;65.2
8;09.10.1995;18.6
8;09.11.1995;0
8;09.12.1995;0
8;09.13.1995;0
8;09.14.1995;24
8;09.15.1995;16.5
8;09.16.1995;14.4
8;09.17.1995;21.5
8;09.18.1995;0
8;09.19.1995;0
8;09.20.1995;50.7
8;09.21.1995;0.9
8;09.22.1995;0
8;09.23.1995;0
8;09.24.1995;0
8;09.25.1995;0
8;09.26.1995;0
8;09.27.1995;0
8;09.28.1995;0
8;09.29.1995;23.6
8;09.30.1995;0
8;10.01.1995;0
8;10.02.1995;0
8;10.03.1995;0
8;10.04.1995;0
8;10.05.1995;0
8;10.06.1995;0.1
8;10.07.1995;0
8;10.08.1995;0
8;10.09.1995;0
8;10.10.1995;0
8;10.11.1995;0
8;10.12.1995;0
8;10.13.1995;0
8;10.14.1995;0
8;10.15.1995;0
8;10.16.1995;0
8;10.17.1995;0
8;10.18.1995;0
8;10.19.1995;0
8;10.20.1995;0
8;10.21.1995;0
8;10.22.1995;0
8;10.23.1995;0
8;10.24.1995;0
8;10.25.1995;0
8;10.26.1995;0
8;10.27.1995;0
8;10.28.1995;0
8;10.29.1995;0
8;10.30.1995;0.2
8;10.31.1995;1.2
8;11.01.1995;0
8;11.02.1995;0
8;11.03.1995;0
8;11.04.1995;0
8;11.05.1995;0
8;11.06.1995;0
8;11.07.1995;0
8;11.08.1995;0.3
8;11.09.1995;0
8;11.10.1995;0
8;11.11.1995;1.3
8;11.12.1995;2.7
8;11.13.1995;0.7
8;11.14.1995;0.2
8;11.15.1995;0
8;11.16.1995;0.4
8;11.17.1995;25.4
8;11.18.1995;33.9
8;11.19.1995;0.6
8;11.20.1995;0
8;11.21.1995;0
8;11.22.1995;0
8;11.23.1995;0
8;11.24.1995;0
8;11.25.1995;0
8;11.26.1995;0
8;11.27.1995;1.1
8;11.28.1995;4.1
8;11.29.1995;1.4
8;11.30.1995;0
8;12.01.1995;0.1
8;12.02.1995;0
8;12.03.1995;0
8;12.04.1995;0
8;12.05.1995;1.6
8;12.06.1995;1.6
8;12.07.1995;7.8
8;12.08.1995;1.1
8;12.09.1995;0
8;12.10.1995;0
8;12.11.1995;0
8;12.12.1995;2.9
8;12.13.1995;2.4
8;12.14.1995;15.1
8;12.15.1995;2.6
8;12.16.1995;0
8;12.17.1995;3.5
8;12.18.1995;5.5
8;12.19.1995;3.2
8;12.20.1995;0
8;12.21.1995;0
8;12.22.1995;1.4
8;12.23.1995;17.8
8;12.24.1995;35.4
8;12.25.1995;0.1
8;12.26.1995;1.1
8;12.27.1995;49.4
8;12.28.1995;7
8;12.29.1995;0
8;12.30.1995;0
8;12.31.1995;3.6
8;01.01.1996;20.7
8;01.02.1996;5.3
8;01.03.1996;0
8;01.04.1996;0.1
8;01.05.1996;0
8;01.06.1996;0.2
8;01.07.1996;0.3
8;01.08.1996;18.6
8;01.09.1996;14.3
8;01.10.1996;0.3
8;01.11.1996;1.5
8;01.12.1996;1.7
8;01.13.1996;0.2
8;01.14.1996;0.5
8;01.15.1996;0
8;01.16.1996;0
8;01.17.1996;0
8;01.18.1996;0
8;01.19.1996;0
8;01.20.1996;0
8;01.21.1996;0.4
8;01.22.1996;0
8;01.23.1996;1.4
8;01.24.1996;8.2
8;01.25.1996;12.2
8;01.26.1996;0.6
8;01.27.1996;0
8;01.28.1996;0.6
8;01.29.1996;0
8;01.30.1996;0
8;01.31.1996;0
8;02.01.1996;0
8;02.02.1996;0
8;02.03.1996;0
8;02.04.1996;12.4
8;02.05.1996;6
8;02.06.1996;0
8;02.07.1996;0
8;02.08.1996;0.5
8;02.09.1996;0
8;02.10.1996;0
8;02.11.1996;0
8;02.12.1996;0
8;02.13.1996;5.7
8;02.14.1996;11
8;02.15.1996;0
8;02.16.1996;0
8;02.17.1996;0
8;02.18.1996;0.3
8;02.19.1996;2.4
8;02.20.1996;68.1
8;02.21.1996;0
8;02.22.1996;0.7
8;02.23.1996;0.8
8;02.24.1996;0
8;02.25.1996;0
8;02.26.1996;0
8;02.27.1996;0
8;02.28.1996;0
8;02.29.1996;0
8;03.01.1996;0
8;03.02.1996;0
8;03.03.1996;0
8;03.04.1996;0
8;03.05.1996;0
8;03.06.1996;0
8;03.07.1996;0
8;03.08.1996;0
8;03.09.1996;0
8;03.10.1996;0
8;03.11.1996;0
8;03.12.1996;0.7
8;03.13.1996;4.5
8;03.14.1996;1
8;03.15.1996;0
8;03.16.1996;0
8;03.17.1996;2.9
8;03.18.1996;0.3
8;03.19.1996;0
8;03.20.1996;0
8;03.21.1996;0
8;03.22.1996;0
8;03.23.1996;1.9
8;03.24.1996;0
8;03.25.1996;0
8;03.26.1996;0
8;03.27.1996;0
8;03.28.1996;0
8;03.29.1996;0
8;03.30.1996;0
8;03.31.1996;2.8
8;04.01.1996;0
8;04.02.1996;30.9
8;04.03.1996;44.6
8;04.04.1996;3.5
8;04.05.1996;0.7
8;04.06.1996;1.3
8;04.07.1996;0
8;04.08.1996;0
8;04.09.1996;0
8;04.10.1996;0
8;04.11.1996;0
8;04.12.1996;0
8;04.13.1996;1.5
8;04.14.1996;1.1
8;04.15.1996;0
8;04.16.1996;0
8;04.17.1996;0
8;04.18.1996;0
8;04.19.1996;0
8;04.20.1996;0
8;04.21.1996;0
8;04.22.1996;0
8;04.23.1996;0
8;04.24.1996;0
8;04.25.1996;1.3
8;04.26.1996;13.8
8;04.27.1996;1.8
8;04.28.1996;7.8
8;04.29.1996;0
8;04.30.1996;1.2
8;05.01.1996;14.4
8;05.02.1996;4
8;05.03.1996;6.4
8;05.04.1996;14.7
8;05.05.1996;0
8;05.06.1996;3.4
8;05.07.1996;0
8;05.08.1996;0
8;05.09.1996;0.1
8;05.10.1996;0.2
8;05.11.1996;10.1
8;05.12.1996;2.9
8;05.13.1996;26.8
8;05.14.1996;0
8;05.15.1996;1.6
8;05.16.1996;1.8
8;05.17.1996;0.4
8;05.18.1996;0
8;05.19.1996;0
8;05.20.1996;1.8
8;05.21.1996;9.8
8;05.22.1996;2.1
8;05.23.1996;1.4
8;05.24.1996;0
8;05.25.1996;0
8;05.26.1996;0
8;05.27.1996;5
8;05.28.1996;16.2
8;05.29.1996;0
8;05.30.1996;0
8;05.31.1996;0
8;06.01.1996;0
8;06.02.1996;0
8;06.03.1996;0
8;06.04.1996;0
8;06.05.1996;0
8;06.06.1996;0
8;06.07.1996;0
8;06.08.1996;0
8;06.09.1996;0
8;06.10.1996;0
8;06.11.1996;0
8;06.12.1996;0
8;06.13.1996;0
8;06.14.1996;0.1
8;06.15.1996;0
8;06.16.1996;0
8;06.17.1996;2.5
8;06.18.1996;0
8;06.19.1996;0
8;06.20.1996;1.2
8;06.21.1996;12.8
8;06.22.1996;49.3
8;06.23.1996;22.4
8;06.24.1996;0.4
8;06.25.1996;0.3
8;06.26.1996;17.4
8;06.27.1996;8.5
8;06.28.1996;1.6
8;06.29.1996;0
8;06.30.1996;25.6
8;07.01.1996;0.8
8;07.02.1996;55
8;07.03.1996;39
8;07.04.1996;0
8;07.05.1996;0
8;07.06.1996;0
8;07.07.1996;2.8
8;07.08.1996;0
8;07.09.1996;10.2
8;07.10.1996;0
8;07.11.1996;0.3
8;07.12.1996;0.3
8;07.13.1996;0
8;07.14.1996;0
8;07.15.1996;0
8;07.16.1996;11.6
8;07.17.1996;8.7
8;07.18.1996;0
8;07.19.1996;0
8;07.20.1996;0
8;07.21.1996;0
8;07.22.1996;0
8;07.23.1996;0
8;07.24.1996;0.8
8;07.25.1996;1.8
8;07.26.1996;4.2
8;07.27.1996;0
8;07.28.1996;0
8;07.29.1996;0
8;07.30.1996;0
8;07.31.1996;3.8
8;08.01.1996;0
8;08.02.1996;0
8;08.03.1996;0
8;08.04.1996;21.1
8;08.05.1996;1.6
8;08.06.1996;0
8;08.07.1996;0
8;08.08.1996;18
8;08.09.1996;0.4
8;08.10.1996;0
8;08.11.1996;0
8;08.12.1996;7.3
8;08.13.1996;61.1
8;08.14.1996;2.9
8;08.15.1996;0
8;08.16.1996;6.2
8;08.17.1996;0
8;08.18.1996;0
8;08.19.1996;0
8;08.20.1996;0
8;08.21.1996;0
8;08.22.1996;0
8;08.23.1996;0.6
8;08.24.1996;0
8;08.25.1996;0.6
8;08.26.1996;8.1
8;08.27.1996;10.6
8;08.28.1996;1.1
8;08.29.1996;21.4
8;08.30.1996;17.9
8;08.31.1996;0.1
8;09.01.1996;0.1
8;09.02.1996;0.7
8;09.03.1996;1.2
8;09.04.1996;1.3
8;09.05.1996;2.3
8;09.06.1996;4.4
8;09.07.1996;0
8;09.08.1996;0
8;09.09.1996;0
8;09.10.1996;0
8;09.11.1996;0
8;09.12.1996;1.4
8;09.13.1996;8.3
8;09.14.1996;10.4
8;09.15.1996;0
8;09.16.1996;0
8;09.17.1996;0
8;09.18.1996;0
8;09.19.1996;2.1
8;09.20.1996;5
8;09.21.1996;2.2
8;09.22.1996;24.8
8;09.23.1996;12.9
8;09.24.1996;6.9
8;09.25.1996;18
8;09.26.1996;2
8;09.27.1996;0
8;09.28.1996;0
8;09.29.1996;0
8;09.30.1996;0
8;10.01.1996;0
8;10.02.1996;0
8;10.03.1996;38.9
8;10.04.1996;0
8;10.05.1996;1.5
8;10.06.1996;32.1
8;10.07.1996;8.4
8;10.08.1996;0
8;10.09.1996;0
8;10.10.1996;0
8;10.11.1996;0.6
8;10.12.1996;0
8;10.13.1996;0
8;10.14.1996;0
8;10.15.1996;8.6
8;10.16.1996;11
8;10.17.1996;31.6
8;10.18.1996;9.6
8;10.19.1996;4.8
8;10.20.1996;0
8;10.21.1996;0
8;10.22.1996;0
8;10.23.1996;0
8;10.24.1996;0
8;10.25.1996;0
8;10.26.1996;0
8;10.27.1996;0
8;10.28.1996;0
8;10.29.1996;0
8;10.30.1996;12.6
8;10.31.1996;0
8;11.01.1996;0
8;11.02.1996;0
8;11.03.1996;0
8;11.04.1996;0
8;11.05.1996;0
8;11.06.1996;1.3
8;11.07.1996;0.5
8;11.08.1996;0
8;11.09.1996;0.8
8;11.10.1996;0
8;11.11.1996;8.8
8;11.12.1996;4.1
8;11.13.1996;0
8;11.14.1996;0
8;11.15.1996;9.9
8;11.16.1996;0.7
8;11.17.1996;36
8;11.18.1996;34
8;11.19.1996;38.1
8;11.20.1996;1.1
8;11.21.1996;30.3
8;11.22.1996;7.9
8;11.23.1996;7.6
8;11.24.1996;0
8;11.25.1996;0
8;11.26.1996;4.6
8;11.27.1996;5.4
8;11.28.1996;1.9
8;11.29.1996;7.7
8;11.30.1996;0.1
8;12.01.1996;0
8;12.02.1996;0
8;12.03.1996;0.4
8;12.04.1996;0
8;12.05.1996;0
8;12.06.1996;0
8;12.07.1996;0
8;12.08.1996;0
8;12.09.1996;0
8;12.10.1996;0
8;12.11.1996;0.8
8;12.12.1996;0.6
8;12.13.1996;0
8;12.14.1996;8
8;12.15.1996;3.4
8;12.16.1996;0
8;12.17.1996;0
8;12.18.1996;0
8;12.19.1996;0
8;12.20.1996;0
8;12.21.1996;16.7
8;12.22.1996;4
8;12.23.1996;14.1
8;12.24.1996;14.6
8;12.25.1996;10.1
8;12.26.1996;0.5
8;12.27.1996;0
8;12.28.1996;0
8;12.29.1996;0
8;12.30.1996;0
8;12.31.1996;0
8;01.01.1997;12.3
8;01.02.1997;20.5
8;01.03.1997;5.8
8;01.04.1997;9.8
8;01.05.1997;28.1
8;01.06.1997;2.3
8;01.07.1997;3.4
8;01.08.1997;0
8;01.09.1997;0
8;01.10.1997;11.7
8;01.11.1997;2
8;01.12.1997;0.5
8;01.13.1997;0
8;01.14.1997;0
8;01.15.1997;0
8;01.16.1997;0
8;01.17.1997;0
8;01.18.1997;0
8;01.19.1997;0
8;01.20.1997;0
8;01.21.1997;5.8
8;01.22.1997;6.8
8;01.23.1997;0
8;01.24.1997;0
8;01.25.1997;0
8;01.26.1997;1.2
8;01.27.1997;0
8;01.28.1997;0
8;01.29.1997;0
8;01.30.1997;0
8;01.31.1997;0
8;02.01.1997;0
8;02.02.1997;0
8;02.03.1997;0
8;02.04.1997;0
8;02.05.1997;0
8;02.06.1997;0
8;02.07.1997;0
8;02.08.1997;0
8;02.09.1997;0
8;02.10.1997;0
8;02.11.1997;0
8;02.12.1997;0
8;02.13.1997;0
8;02.14.1997;7.4
8;02.15.1997;0
8;02.16.1997;0
8;02.17.1997;0
8;02.18.1997;0
8;02.19.1997;0.6
8;02.20.1997;0
8;02.21.1997;0
8;02.22.1997;0
8;02.23.1997;0
8;02.24.1997;0
8;02.25.1997;0
8;02.26.1997;3.1
8;02.27.1997;9.7
8;02.28.1997;0
8;03.01.1997;0
8;03.02.1997;0
8;03.03.1997;0
8;03.04.1997;0
8;03.05.1997;0
8;03.06.1997;0.3
8;03.07.1997;1.9
8;03.08.1997;0
8;03.09.1997;0
8;03.10.1997;0
8;03.11.1997;0
8;03.12.1997;0
8;03.13.1997;0
8;03.14.1997;0
8;03.15.1997;0
8;03.16.1997;0
8;03.17.1997;0
8;03.18.1997;0.4
8;03.19.1997;3.3
8;03.20.1997;4.9
8;03.21.1997;0.7
8;03.22.1997;0
8;03.23.1997;0
8;03.24.1997;3.3
8;03.25.1997;0
8;03.26.1997;1.1
8;03.27.1997;0
8;03.28.1997;0
8;03.29.1997;0.7
8;03.30.1997;0
8;03.31.1997;0
8;04.01.1997;0.1
8;04.02.1997;0
8;04.03.1997;0
8;04.04.1997;0.1
8;04.05.1997;0.1
8;04.06.1997;0
8;04.07.1997;2
8;04.08.1997;0
8;04.09.1997;0
8;04.10.1997;0
8;04.11.1997;0
8;04.12.1997;0
8;04.13.1997;0
8;04.14.1997;0
8;04.15.1997;0
8;04.16.1997;1.1
8;04.17.1997;0
8;04.18.1997;0
8;04.19.1997;0
8;04.20.1997;0
8;04.21.1997;27.1
8;04.22.1997;3
8;04.23.1997;0
8;04.24.1997;0
8;04.25.1997;0
8;04.26.1997;0
8;04.27.1997;0.2
8;04.28.1997;21.2
8;04.29.1997;0.6
8;04.30.1997;4.7
8;05.01.1997;0
8;05.02.1997;0
8;05.03.1997;0
8;05.04.1997;0
8;05.05.1997;0
8;05.06.1997;0.4
8;05.07.1997;24.4
8;05.08.1997;5
8;05.09.1997;18.8
8;05.10.1997;4.3
8;05.11.1997;0.3
8;05.12.1997;0
8;05.13.1997;0
8;05.14.1997;0
8;05.15.1997;0
8;05.16.1997;0
8;05.17.1997;0
8;05.18.1997;0
8;05.19.1997;0
8;05.20.1997;0
8;05.21.1997;4.8
8;05.22.1997;1.3
8;05.23.1997;0.3
8;05.24.1997;0
8;05.25.1997;5.2
8;05.26.1997;0
8;05.27.1997;0
8;05.28.1997;4.8
8;05.29.1997;4.9
8;05.30.1997;0
8;05.31.1997;0
8;06.01.1997;0
8;06.02.1997;4.4
8;06.03.1997;5.7
8;06.04.1997;0
8;06.05.1997;1.8
8;06.06.1997;13.4
8;06.07.1997;0.9
8;06.08.1997;0
8;06.09.1997;0
8;06.10.1997;11.7
8;06.11.1997;0
8;06.12.1997;0.1
8;06.13.1997;1
8;06.14.1997;0
8;06.15.1997;6.9
8;06.16.1997;0
8;06.17.1997;2.9
8;06.18.1997;27.3
8;06.19.1997;10
8;06.20.1997;36.4
8;06.21.1997;0.1
8;06.22.1997;0
8;06.23.1997;31.2
8;06.24.1997;0.6
8;06.25.1997;0.2
8;06.26.1997;0
8;06.27.1997;1.9
8;06.28.1997;1.3
8;06.29.1997;0.2
8;06.30.1997;0
8;07.01.1997;0.2
8;07.02.1997;0
8;07.03.1997;0
8;07.04.1997;0
8;07.05.1997;4.9
8;07.06.1997;8.1
8;07.07.1997;0.5
8;07.08.1997;0
8;07.09.1997;0
8;07.10.1997;0
8;07.11.1997;0.7
8;07.12.1997;16.8
8;07.13.1997;0
8;07.14.1997;17.2
8;07.15.1997;16.7
8;07.16.1997;0
8;07.17.1997;0
8;07.18.1997;8.7
8;07.19.1997;16.1
8;07.20.1997;0
8;07.21.1997;0.7
8;07.22.1997;0
8;07.23.1997;0
8;07.24.1997;1.8
8;07.25.1997;10.2
8;07.26.1997;0.5
8;07.27.1997;0.3
8;07.28.1997;0
8;07.29.1997;0
8;07.30.1997;6.6
8;07.31.1997;0
8;08.01.1997;22.8
8;08.02.1997;1.8
8;08.03.1997;0
8;08.04.1997;0
8;08.05.1997;0
8;08.06.1997;0
8;08.07.1997;0.1
8;08.08.1997;0.5
8;08.09.1997;1.4
8;08.10.1997;0
8;08.11.1997;3.2
8;08.12.1997;0
8;08.13.1997;0
8;08.14.1997;0
8;08.15.1997;0
8;08.16.1997;20
8;08.17.1997;0.1
8;08.18.1997;2.9
8;08.19.1997;2.4
8;08.20.1997;6.2
8;08.21.1997;0.2
8;08.22.1997;0
8;08.23.1997;0
8;08.24.1997;9.3
8;08.25.1997;0
8;08.26.1997;0
8;08.27.1997;1.4
8;08.28.1997;0
8;08.29.1997;13.5
8;08.30.1997;13.6
8;08.31.1997;0
8;09.01.1997;0
8;09.02.1997;0
8;09.03.1997;0
8;09.04.1997;0
8;09.05.1997;0
8;09.06.1997;0
8;09.07.1997;1.6
8;09.08.1997;18.1
8;09.09.1997;0.9
8;09.10.1997;0
8;09.11.1997;0
8;09.12.1997;0
8;09.13.1997;0
8;09.14.1997;63.1
8;09.15.1997;3.2
8;09.16.1997;0
8;09.17.1997;0
8;09.18.1997;0
8;09.19.1997;0
8;09.20.1997;0
8;09.21.1997;0.3
8;09.22.1997;0
8;09.23.1997;0
8;09.24.1997;0
8;09.25.1997;0
8;09.26.1997;0
8;09.27.1997;0
8;09.28.1997;0
8;09.29.1997;0
8;09.30.1997;0
8;10.01.1997;0
8;10.02.1997;0.7
8;10.03.1997;0.1
8;10.04.1997;0
8;10.05.1997;0
8;10.06.1997;0
8;10.07.1997;0
8;10.08.1997;2.3
8;10.09.1997;0
8;10.10.1997;0
8;10.11.1997;5.9
8;10.12.1997;0
8;10.13.1997;5.3
8;10.14.1997;0.7
8;10.15.1997;0
8;10.16.1997;0
8;10.17.1997;0
8;10.18.1997;0
8;10.19.1997;0
8;10.20.1997;0
8;10.21.1997;0
8;10.22.1997;3.6
8;10.23.1997;0
8;10.24.1997;0
8;10.25.1997;0
8;10.26.1997;0
8;10.27.1997;0
8;10.28.1997;0
8;10.29.1997;0
8;10.30.1997;0
8;10.31.1997;0.3
8;11.01.1997;0
8;11.02.1997;0
8;11.03.1997;0
8;11.04.1997;0
8;11.05.1997;0
8;11.06.1997;8.4
8;11.07.1997;4.2
8;11.08.1997;65.8
8;11.09.1997;11.2
8;11.10.1997;13.9
8;11.11.1997;6.4
8;11.12.1997;0.8
8;11.13.1997;8.5
8;11.14.1997;6.8
8;11.15.1997;0
8;11.16.1997;0.3
8;11.17.1997;0.8
8;11.18.1997;0
8;11.19.1997;2.5
8;11.20.1997;0
8;11.21.1997;0
8;11.22.1997;0
8;11.23.1997;0
8;11.24.1997;28.7
8;11.25.1997;0.7
8;11.26.1997;0.1
8;11.27.1997;0.4
8;11.28.1997;0
8;11.29.1997;0
8;11.30.1997;38.9
8;12.01.1997;33.6
8;12.02.1997;1.3
8;12.03.1997;14.6
8;12.04.1997;18.1
8;12.05.1997;0
8;12.06.1997;0
8;12.07.1997;0
8;12.08.1997;0
8;12.09.1997;0
8;12.10.1997;1.5
8;12.11.1997;0
8;12.12.1997;0.6
8;12.13.1997;8.8
8;12.14.1997;0
8;12.15.1997;0
8;12.16.1997;0
8;12.17.1997;0
8;12.18.1997;5.7
8;12.19.1997;6.5
8;12.20.1997;6.6
8;12.21.1997;27.9
8;12.22.1997;3.7
8;12.23.1997;0
8;12.24.1997;0
8;12.25.1997;0
8;12.26.1997;0.2
8;12.27.1997;60.1
8;12.28.1997;0.7
8;12.29.1997;0
8;12.30.1997;0
8;12.31.1997;0
8;01.01.1998;0
8;01.02.1998;0
8;01.03.1998;8.7
8;01.04.1998;7.2
8;01.05.1998;1.6
8;01.06.1998;0
8;01.07.1998;0
8;01.08.1998;0
8;01.09.1998;0
8;01.10.1998;0
8;01.11.1998;0
8;01.12.1998;0
8;01.13.1998;0
8;01.14.1998;0
8;01.15.1998;0
8;01.16.1998;0
8;01.17.1998;1.1
8;01.18.1998;0
8;01.19.1998;0
8;01.20.1998;9
8;01.21.1998;0
8;01.22.1998;0
8;01.23.1998;0
8;01.24.1998;0
8;01.25.1998;0
8;01.26.1998;0
8;01.27.1998;0
8;01.28.1998;0
8;01.29.1998;0
8;01.30.1998;0
8;01.31.1998;0
8;02.01.1998;0
8;02.02.1998;0
8;02.03.1998;0
8;02.04.1998;0
8;02.05.1998;0
8;02.06.1998;0
8;02.07.1998;0
8;02.08.1998;0
8;02.09.1998;0
8;02.10.1998;0
8;02.11.1998;0
8;02.12.1998;0
8;02.13.1998;0
8;02.14.1998;0
8;02.15.1998;0
8;02.16.1998;0
8;02.17.1998;0
8;02.18.1998;0
8;02.19.1998;0
8;02.20.1998;0
8;02.21.1998;0
8;02.22.1998;0
8;02.23.1998;0
8;02.24.1998;3.5
8;02.25.1998;0
8;02.26.1998;0
8;02.27.1998;0
8;02.28.1998;0
8;03.01.1998;0.8
8;03.02.1998;20.2
8;03.03.1998;0
8;03.04.1998;0
8;03.05.1998;0.1
8;03.06.1998;11.5
8;03.07.1998;0
8;03.08.1998;0
8;03.09.1998;3.1
8;03.10.1998;0
8;03.11.1998;1.6
8;03.12.1998;0
8;03.13.1998;0
8;03.14.1998;0
8;03.15.1998;0
8;03.16.1998;1.6
8;03.17.1998;0
8;03.18.1998;0
8;03.19.1998;0
8;03.20.1998;0
8;03.21.1998;8.9
8;03.22.1998;1
8;03.23.1998;0.2
8;03.24.1998;0
8;03.25.1998;0
8;03.26.1998;0
8;03.27.1998;0
8;03.28.1998;0
8;03.29.1998;0
8;03.30.1998;0
8;03.31.1998;0
8;04.01.1998;0
8;04.02.1998;0
8;04.03.1998;0
8;04.04.1998;0
8;04.05.1998;0.3
8;04.06.1998;41.2
8;04.07.1998;10
8;04.08.1998;2.8
8;04.09.1998;4.7
8;04.10.1998;3.1
8;04.11.1998;11.7
8;04.12.1998;7.9
8;04.13.1998;7.2
8;04.14.1998;8.8
8;04.15.1998;0
8;04.16.1998;14.6
8;04.17.1998;0
8;04.18.1998;13.2
8;04.19.1998;2.4
8;04.20.1998;0.8
8;04.21.1998;0
8;04.22.1998;0
8;04.23.1998;1.7
8;04.24.1998;0.1
8;04.25.1998;0.8
8;04.26.1998;0
8;04.27.1998;0
8;04.28.1998;0
8;04.29.1998;8
8;04.30.1998;3.8
8;05.01.1998;1.3
8;05.02.1998;0.8
8;05.03.1998;0.1
8;05.04.1998;4.2
8;05.05.1998;1.1
8;05.06.1998;0
8;05.07.1998;0
8;05.08.1998;0
8;05.09.1998;0
8;05.10.1998;0
8;05.11.1998;0
8;05.12.1998;0
8;05.13.1998;8.5
8;05.14.1998;1.4
8;05.15.1998;0
8;05.16.1998;1.4
8;05.17.1998;3.8
8;05.18.1998;2.7
8;05.19.1998;0.3
8;05.20.1998;0
8;05.21.1998;0
8;05.22.1998;0.2
8;05.23.1998;0.2
8;05.24.1998;0.7
8;05.25.1998;8.4
8;05.26.1998;1.1
8;05.27.1998;0
8;05.28.1998;0
8;05.29.1998;0
8;05.30.1998;0.8
8;05.31.1998;0
8;06.01.1998;0.3
8;06.02.1998;0
8;06.03.1998;0
8;06.04.1998;0.9
8;06.05.1998;0
8;06.06.1998;0
8;06.07.1998;0
8;06.08.1998;0.9
8;06.09.1998;13.5
8;06.10.1998;0
8;06.11.1998;0.3
8;06.12.1998;10.7
8;06.13.1998;2.3
8;06.14.1998;0
8;06.15.1998;0
8;06.16.1998;3.3
8;06.17.1998;11.2
8;06.18.1998;0
8;06.19.1998;1.1
8;06.20.1998;0
8;06.21.1998;0
8;06.22.1998;0
8;06.23.1998;3.4
8;06.24.1998;33.6
8;06.25.1998;1.4
8;06.26.1998;0
8;06.27.1998;0
8;06.28.1998;0
8;06.29.1998;2.2
8;06.30.1998;1
8;07.01.1998;0
8;07.02.1998;0
8;07.03.1998;33.6
8;07.04.1998;26.4
8;07.05.1998;0
8;07.06.1998;2.7
8;07.07.1998;0
8;07.08.1998;38.2
8;07.09.1998;0
8;07.10.1998;0
8;07.11.1998;0
8;07.12.1998;6.6
8;07.13.1998;2.1
8;07.14.1998;27.2
8;07.15.1998;66.1
8;07.16.1998;0.4
8;07.17.1998;0
8;07.18.1998;0
8;07.19.1998;0
8;07.20.1998;0
8;07.21.1998;0
8;07.22.1998;0
8;07.23.1998;0
8;07.24.1998;0
8;07.25.1998;0
8;07.26.1998;22.7
8;07.27.1998;0
8;07.28.1998;10
8;07.29.1998;24.9
8;07.30.1998;0
8;07.31.1998;0
8;08.01.1998;0
8;08.02.1998;0
8;08.03.1998;0
8;08.04.1998;0
8;08.05.1998;14.9
8;08.06.1998;0.2
8;08.07.1998;0
8;08.08.1998;0
8;08.09.1998;0
8;08.10.1998;0
8;08.11.1998;0
8;08.12.1998;0
8;08.13.1998;0
8;08.14.1998;2.1
8;08.15.1998;0
8;08.16.1998;0
8;08.17.1998;0
8;08.18.1998;0
8;08.19.1998;4.3
8;08.20.1998;4.1
8;08.21.1998;0
8;08.22.1998;14.3
8;08.23.1998;48.2
8;08.24.1998;0
8;08.25.1998;7.2
8;08.26.1998;0
8;08.27.1998;0
8;08.28.1998;28.2
8;08.29.1998;0
8;08.30.1998;0
8;08.31.1998;0
8;09.01.1998;0
8;09.02.1998;0.3
8;09.03.1998;0
8;09.04.1998;27.7
8;09.05.1998;9.6
8;09.06.1998;35.1
8;09.07.1998;3.5
8;09.08.1998;0
8;09.09.1998;2.1
8;09.10.1998;0
8;09.11.1998;0
8;09.12.1998;2.7
8;09.13.1998;28.5
8;09.14.1998;17
8;09.15.1998;1.4
8;09.16.1998;0
8;09.17.1998;0
8;09.18.1998;10.9
8;09.19.1998;0
8;09.20.1998;0
8;09.21.1998;0
8;09.22.1998;0
8;09.23.1998;0
8;09.24.1998;0
8;09.25.1998;0
8;09.26.1998;0
8;09.27.1998;10.8
8;09.28.1998;7.1
8;09.29.1998;18.6
8;09.30.1998;0
8;10.01.1998;12.6
8;10.02.1998;25.5
8;10.03.1998;0.6
8;10.04.1998;11.6
8;10.05.1998;7.3
8;10.06.1998;45.8
8;10.07.1998;25.3
8;10.08.1998;19.3
8;10.09.1998;7.8
8;10.10.1998;6.5
8;10.11.1998;0
8;10.12.1998;1
8;10.13.1998;3.2
8;10.14.1998;0
8;10.15.1998;0
8;10.16.1998;0
8;10.17.1998;0
8;10.18.1998;0
8;10.19.1998;54.2
8;10.20.1998;29.1
8;10.21.1998;0.1
8;10.22.1998;0
8;10.23.1998;0
8;10.24.1998;0
8;10.25.1998;0.7
8;10.26.1998;6.7
8;10.27.1998;0.6
8;10.28.1998;0
8;10.29.1998;0
8;10.30.1998;24.5
8;10.31.1998;0
8;11.01.1998;0.4
8;11.02.1998;0.2
8;11.03.1998;4.8
8;11.04.1998;14.1
8;11.05.1998;69.4
8;11.06.1998;11.6
8;11.07.1998;0
8;11.08.1998;0
8;11.09.1998;0
8;11.10.1998;0
8;11.11.1998;6.4
8;11.12.1998;0
8;11.13.1998;0
8;11.14.1998;0
8;11.15.1998;13.1
8;11.16.1998;0
8;11.17.1998;0
8;11.18.1998;0
8;11.19.1998;0
8;11.20.1998;0
8;11.21.1998;0
8;11.22.1998;0
8;11.23.1998;0.1
8;11.24.1998;0.7
8;11.25.1998;0
8;11.26.1998;0.9
8;11.27.1998;0.1
8;11.28.1998;0.3
8;11.29.1998;0
8;11.30.1998;0
8;12.01.1998;0
8;12.02.1998;1.1
8;12.03.1998;0.6
8;12.04.1998;0
8;12.05.1998;14.8
8;12.06.1998;0
8;12.07.1998;0
8;12.08.1998;0
8;12.09.1998;0
8;12.10.1998;0
8;12.11.1998;1.7
8;12.12.1998;0
8;12.13.1998;0
8;12.14.1998;0
8;12.15.1998;0
8;12.16.1998;0
8;12.17.1998;0
8;12.18.1998;0
8;12.19.1998;0
8;12.20.1998;0
8;12.21.1998;15.1
8;12.22.1998;4
8;12.23.1998;0
8;12.24.1998;0
8;12.25.1998;0
8;12.26.1998;0
8;12.27.1998;0
8;12.28.1998;0
8;12.29.1998;0
8;12.30.1998;0
8;12.31.1998;0
8;01.01.1999;0
8;01.02.1999;0
8;01.03.1999;5.9
8;01.04.1999;0.1
8;01.05.1999;0
8;01.06.1999;0
8;01.07.1999;0
8;01.08.1999;0
8;01.09.1999;1
8;01.10.1999;1.7
8;01.11.1999;12.8
8;01.12.1999;19.8
8;01.13.1999;1.6
8;01.14.1999;0
8;01.15.1999;0
8;01.16.1999;0
8;01.17.1999;0
8;01.18.1999;0
8;01.19.1999;0
8;01.20.1999;0
8;01.21.1999;0
8;01.22.1999;0.1
8;01.23.1999;0
8;01.24.1999;0
8;01.25.1999;0
8;01.26.1999;0
8;01.27.1999;0.2
8;01.28.1999;5.9
8;01.29.1999;0
8;01.30.1999;0
8;01.31.1999;0
8;02.01.1999;0
8;02.02.1999;0
8;02.03.1999;0
8;02.04.1999;0
8;02.05.1999;0
8;02.06.1999;0
8;02.07.1999;0
8;02.08.1999;3.4
8;02.09.1999;0
8;02.10.1999;72.7
8;02.11.1999;11.7
8;02.12.1999;0
8;02.13.1999;0
8;02.14.1999;0
8;02.15.1999;1.4
8;02.16.1999;0
8;02.17.1999;0
8;02.18.1999;0
8;02.19.1999;0
8;02.20.1999;0
8;02.21.1999;0
8;02.22.1999;1.8
8;02.23.1999;4.9
8;02.24.1999;0
8;02.25.1999;0
8;02.26.1999;0
8;02.27.1999;0
8;02.28.1999;0
8;03.01.1999;0
8;03.02.1999;0
8;03.03.1999;0
8;03.04.1999;1.7
8;03.05.1999;10
8;03.06.1999;2.4
8;03.07.1999;11.1
8;03.08.1999;3.6
8;03.09.1999;0
8;03.10.1999;0
8;03.11.1999;0
8;03.12.1999;0
8;03.13.1999;0
8;03.14.1999;0
8;03.15.1999;0
8;03.16.1999;1.4
8;03.17.1999;0.1
8;03.18.1999;0
8;03.19.1999;0
8;03.20.1999;0
8;03.21.1999;0
8;03.22.1999;0
8;03.23.1999;16.2
8;03.24.1999;0
8;03.25.1999;0
8;03.26.1999;0
8;03.27.1999;2.9
8;03.28.1999;14.3
8;03.29.1999;8.6
8;03.30.1999;0.4
8;03.31.1999;0
8;04.01.1999;0
8;04.02.1999;0
8;04.03.1999;0
8;04.04.1999;0
8;04.05.1999;0
8;04.06.1999;0
8;04.07.1999;0
8;04.08.1999;31.6
8;04.09.1999;6.8
8;04.10.1999;0
8;04.11.1999;0
8;04.12.1999;0
8;04.13.1999;6.4
8;04.14.1999;4.4
8;04.15.1999;3.1
8;04.16.1999;6.3
8;04.17.1999;22.8
8;04.18.1999;12.3
8;04.19.1999;2.6
8;04.20.1999;5.1
8;04.21.1999;0
8;04.22.1999;12.9
8;04.23.1999;10.6
8;04.24.1999;0
8;04.25.1999;0.3
8;04.26.1999;0
8;04.27.1999;0
8;04.28.1999;0.9
8;04.29.1999;0
8;04.30.1999;0
8;05.01.1999;0
8;05.02.1999;1
8;05.03.1999;11.8
8;05.04.1999;0
8;05.05.1999;26.4
8;05.06.1999;0
8;05.07.1999;0.1
8;05.08.1999;0
8;05.09.1999;8.2
8;05.10.1999;3.8
8;05.11.1999;0
8;05.12.1999;0
8;05.13.1999;22.6
8;05.14.1999;0
8;05.15.1999;21.8
8;05.16.1999;2.6
8;05.17.1999;0.2
8;05.18.1999;0
8;05.19.1999;0
8;05.20.1999;0
8;05.21.1999;22.8
8;05.22.1999;5.2
8;05.23.1999;0.8
8;05.24.1999;0
8;05.25.1999;0
8;05.26.1999;1.9
8;05.27.1999;0
8;05.28.1999;0
8;05.29.1999;13.3
8;05.30.1999;0
8;05.31.1999;0
8;06.01.1999;0
8;06.02.1999;0
8;06.03.1999;0
8;06.04.1999;0
8;06.05.1999;2.6
8;06.06.1999;0
8;06.07.1999;0
8;06.08.1999;9.1
8;06.09.1999;22.9
8;06.10.1999;0
8;06.11.1999;2.2
8;06.12.1999;44.9
8;06.13.1999;40.3
8;06.14.1999;0
8;06.15.1999;0
8;06.16.1999;48.7
8;06.17.1999;0
8;06.18.1999;2
8;06.19.1999;2.9
8;06.20.1999;2.2
8;06.21.1999;0
8;06.22.1999;21.9
8;06.23.1999;0
8;06.24.1999;0
8;06.25.1999;0
8;06.26.1999;0
8;06.27.1999;0
8;06.28.1999;0
8;06.29.1999;0.1
8;06.30.1999;0
8;07.01.1999;13.3
8;07.02.1999;7.6
8;07.03.1999;0
8;07.04.1999;0
8;07.05.1999;0
8;07.06.1999;0
8;07.07.1999;0.7
8;07.08.1999;16.2
8;07.09.1999;0
8;07.10.1999;36.9
8;07.11.1999;19.8
8;07.12.1999;2.8
8;07.13.1999;0.1
8;07.14.1999;0
8;07.15.1999;10.2
8;07.16.1999;39.2
8;07.17.1999;0
8;07.18.1999;0
8;07.19.1999;0
8;07.20.1999;0
8;07.21.1999;0
8;07.22.1999;0
8;07.23.1999;35.3
8;07.24.1999;0
8;07.25.1999;0
8;07.26.1999;0.1
8;07.27.1999;0.2
8;07.28.1999;0.4
8;07.29.1999;0
8;07.30.1999;0
8;07.31.1999;0
8;08.01.1999;0
8;08.02.1999;0
8;08.03.1999;0
8;08.04.1999;6.6
8;08.05.1999;0
8;08.06.1999;0
8;08.07.1999;0
8;08.08.1999;0
8;08.09.1999;2.7
8;08.10.1999;0
8;08.11.1999;13.7
8;08.12.1999;0
8;08.13.1999;17.4
8;08.14.1999;0.7
8;08.15.1999;0
8;08.16.1999;0.3
8;08.17.1999;28.1
8;08.18.1999;0
8;08.19.1999;0.3
8;08.20.1999;0
8;08.21.1999;39.2
8;08.22.1999;0.2
8;08.23.1999;0
8;08.24.1999;0
8;08.25.1999;0
8;08.26.1999;0
8;08.27.1999;0
8;08.28.1999;1.3
8;08.29.1999;8
8;08.30.1999;5.8
8;08.31.1999;1.4
8;09.01.1999;0
8;09.02.1999;0.2
8;09.03.1999;0.4
8;09.04.1999;0.9
8;09.05.1999;0.2
8;09.06.1999;0
8;09.07.1999;0
8;09.08.1999;1.9
8;09.09.1999;0
8;09.10.1999;0
8;09.11.1999;0
8;09.12.1999;0
8;09.13.1999;0
8;09.14.1999;0
8;09.15.1999;0
8;09.16.1999;0
8;09.17.1999;0
8;09.18.1999;0
8;09.19.1999;1.3
8;09.20.1999;0.2
8;09.21.1999;32.9
8;09.22.1999;0.6
8;09.23.1999;0
8;09.24.1999;0
8;09.25.1999;0
8;09.26.1999;0
8;09.27.1999;8.8
8;09.28.1999;4.6
8;09.29.1999;9.5
8;09.30.1999;0
8;10.01.1999;16.5
8;10.02.1999;0
8;10.03.1999;0
8;10.04.1999;6.2
8;10.05.1999;9.5
8;10.06.1999;1
8;10.07.1999;0
8;10.08.1999;0
8;10.09.1999;0
8;10.10.1999;0
8;10.11.1999;0
8;10.12.1999;0
8;10.13.1999;0
8;10.14.1999;0
8;10.15.1999;0
8;10.16.1999;0
8;10.17.1999;0
8;10.18.1999;0
8;10.19.1999;0
8;10.20.1999;0
8;10.21.1999;3.9
8;10.22.1999;3
8;10.23.1999;1.8
8;10.24.1999;22.2
8;10.25.1999;15.7
8;10.26.1999;0.3
8;10.27.1999;1.8
8;10.28.1999;0
8;10.29.1999;0
8;10.30.1999;0
8;10.31.1999;0
8;11.01.1999;0
8;11.02.1999;0
8;11.03.1999;0
8;11.04.1999;3.1
8;11.05.1999;0
8;11.06.1999;0.6
8;11.07.1999;19.1
8;11.08.1999;0.1
8;11.09.1999;0
8;11.10.1999;12.2
8;11.11.1999;0.2
8;11.12.1999;0
8;11.13.1999;0
8;11.14.1999;0
8;11.15.1999;11.7
8;11.16.1999;6.1
8;11.17.1999;0.9
8;11.18.1999;9.4
8;11.19.1999;15.8
8;11.20.1999;5
8;11.21.1999;0
8;11.22.1999;20.1
8;11.23.1999;0
8;11.24.1999;0
8;11.25.1999;0
8;11.26.1999;0
8;11.27.1999;0
8;11.28.1999;0
8;11.29.1999;0
8;11.30.1999;0
8;12.01.1999;0
8;12.02.1999;0
8;12.03.1999;0
8;12.04.1999;0
8;12.05.1999;0
8;12.06.1999;2.3
8;12.07.1999;0
8;12.08.1999;0
8;12.09.1999;1.1
8;12.10.1999;4.7
8;12.11.1999;21.1
8;12.12.1999;0
8;12.13.1999;26.7
8;12.14.1999;0
8;12.15.1999;14.4
8;12.16.1999;15.1
8;12.17.1999;0
8;12.18.1999;0
8;12.19.1999;0
8;12.20.1999;16.4
8;12.21.1999;0.2
8;12.22.1999;0
8;12.23.1999;0
8;12.24.1999;0
8;12.25.1999;0
8;12.26.1999;6
8;12.27.1999;15.2
8;12.28.1999;13.5
8;12.29.1999;11.5
8;12.30.1999;0
8;12.31.1999;0
8;01.01.2000;0
8;01.02.2000;0
8;01.03.2000;0
8;01.04.2000;0
8;01.05.2000;0
8;01.06.2000;0
8;01.07.2000;0
8;01.08.2000;0
8;01.09.2000;0
8;01.10.2000;0.9
8;01.11.2000;0.2
8;01.12.2000;0
8;01.13.2000;0
8;01.14.2000;0
8;01.15.2000;0
8;01.16.2000;0
8;01.17.2000;0
8;01.18.2000;0
8;01.19.2000;0
8;01.20.2000;0
8;01.21.2000;0
8;01.22.2000;1
8;01.23.2000;2.3
8;01.24.2000;1.7
8;01.25.2000;0
8;01.26.2000;0
8;01.27.2000;0
8;01.28.2000;0
8;01.29.2000;0
8;01.30.2000;0
8;01.31.2000;0
8;02.01.2000;0
8;02.02.2000;0
8;02.03.2000;0
8;02.04.2000;0
8;02.05.2000;0
8;02.06.2000;0
8;02.07.2000;0
8;02.08.2000;0
8;02.09.2000;0
8;02.10.2000;1
8;02.11.2000;0
8;02.12.2000;0
8;02.13.2000;0
8;02.14.2000;0
8;02.15.2000;0
8;02.16.2000;0.1
8;02.17.2000;9
8;02.18.2000;0
8;02.19.2000;0
8;02.20.2000;0
8;02.21.2000;0
8;02.22.2000;0
8;02.23.2000;0
8;02.24.2000;0
8;02.25.2000;0
8;02.26.2000;0
8;02.27.2000;0
8;02.28.2000;0
8;02.29.2000;0
8;03.01.2000;3.7
8;03.02.2000;51.8
8;03.03.2000;0
8;03.04.2000;0
8;03.05.2000;0
8;03.06.2000;0
8;03.07.2000;0
8;03.08.2000;0
8;03.09.2000;0
8;03.10.2000;0
8;03.11.2000;0
8;03.12.2000;0
8;03.13.2000;0
8;03.14.2000;0
8;03.15.2000;0
8;03.16.2000;0
8;03.17.2000;1.7
8;03.18.2000;0.1
8;03.19.2000;0
8;03.20.2000;0
8;03.21.2000;0
8;03.22.2000;0
8;03.23.2000;0
8;03.24.2000;0
8;03.25.2000;0
8;03.26.2000;0.1
8;03.27.2000;8.7
8;03.28.2000;17.8
8;03.29.2000;3.9
8;03.30.2000;44.2
8;03.31.2000;4.1
8;04.01.2000;0
8;04.02.2000;9.7
8;04.03.2000;0
8;04.04.2000;1.4
8;04.05.2000;0
8;04.06.2000;1.9
8;04.07.2000;0.1
8;04.08.2000;0
8;04.09.2000;0
8;04.10.2000;0
8;04.11.2000;0
8;04.12.2000;6.3
8;04.13.2000;8.5
8;04.14.2000;0.5
8;04.15.2000;0
8;04.16.2000;1.5
8;04.17.2000;0
8;04.18.2000;0.7
8;04.19.2000;2.3
8;04.20.2000;0
8;04.21.2000;0
8;04.22.2000;0
8;04.23.2000;0
8;04.24.2000;0
8;04.25.2000;4.6
8;04.26.2000;0
8;04.27.2000;0
8;04.28.2000;0
8;04.29.2000;0
8;04.30.2000;14.7
8;05.01.2000;0
8;05.02.2000;14.6
8;05.03.2000;0.9
8;05.04.2000;0
8;05.05.2000;0
8;05.06.2000;0
8;05.07.2000;0
8;05.08.2000;3.8
8;05.09.2000;2.4
8;05.10.2000;0
8;05.11.2000;0
8;05.12.2000;0
8;05.13.2000;24.4
8;05.14.2000;0
8;05.15.2000;0
8;05.16.2000;0
8;05.17.2000;0
8;05.18.2000;0
8;05.19.2000;0.9
8;05.20.2000;19.6
8;05.21.2000;6.5
8;05.22.2000;1.4
8;05.23.2000;17.6
8;05.24.2000;0
8;05.25.2000;0
8;05.26.2000;0
8;05.27.2000;0
8;05.28.2000;0
8;05.29.2000;5.5
8;05.30.2000;39.5
8;05.31.2000;0
8;06.01.2000;0.9
8;06.02.2000;0
8;06.03.2000;0
8;06.04.2000;0
8;06.05.2000;0
8;06.06.2000;0
8;06.07.2000;1.2
8;06.08.2000;9.1
8;06.09.2000;0
8;06.10.2000;0
8;06.11.2000;0
8;06.12.2000;0
8;06.13.2000;32.7
8;06.14.2000;0.2
8;06.15.2000;0
8;06.16.2000;14
8;06.17.2000;0
8;06.18.2000;0
8;06.19.2000;0
8;06.20.2000;0
8;06.21.2000;0
8;06.22.2000;0
8;06.23.2000;0
8;06.24.2000;11.8
8;06.25.2000;25.8
8;06.26.2000;5.8
8;06.27.2000;1.1
8;06.28.2000;0
8;06.29.2000;7.7
8;06.30.2000;8.1
8;07.01.2000;0
8;07.02.2000;0.1
8;07.03.2000;0
8;07.04.2000;0
8;07.05.2000;0
8;07.06.2000;0
8;07.07.2000;0
8;07.08.2000;0
8;07.09.2000;47.2
8;07.10.2000;0
8;07.11.2000;40.9
8;07.12.2000;6.7
8;07.13.2000;0
8;07.14.2000;1.3
8;07.15.2000;10.8
8;07.16.2000;3
8;07.17.2000;8.5
8;07.18.2000;0.5
8;07.19.2000;0
8;07.20.2000;2.4
8;07.21.2000;0
8;07.22.2000;0
8;07.23.2000;2.3
8;07.24.2000;0.1
8;07.25.2000;0
8;07.26.2000;0
8;07.27.2000;1.3
8;07.28.2000;0
8;07.29.2000;10.4
8;07.30.2000;8
8;07.31.2000;0
8;08.01.2000;0
8;08.02.2000;0
8;08.03.2000;0
8;08.04.2000;0
8;08.05.2000;5.1
8;08.06.2000;39.8
8;08.07.2000;1.5
8;08.08.2000;0
8;08.09.2000;0
8;08.10.2000;1.1
8;08.11.2000;0
8;08.12.2000;0
8;08.13.2000;0.4
8;08.14.2000;0
8;08.15.2000;0
8;08.16.2000;0
8;08.17.2000;0
8;08.18.2000;0
8;08.19.2000;0
8;08.20.2000;0
8;08.21.2000;0
8;08.22.2000;0
8;08.23.2000;0
8;08.24.2000;0
8;08.25.2000;0
8;08.26.2000;0
8;08.27.2000;0
8;08.28.2000;0
8;08.29.2000;3.3
8;08.30.2000;0
8;08.31.2000;0.4
8;09.01.2000;12.5
8;09.02.2000;0
8;09.03.2000;29.1
8;09.04.2000;0.9
8;09.05.2000;6.2
8;09.06.2000;0
8;09.07.2000;6.7
8;09.08.2000;0.3
8;09.09.2000;0
8;09.10.2000;0
8;09.11.2000;0
8;09.12.2000;0
8;09.13.2000;0
8;09.14.2000;0
8;09.15.2000;0
8;09.16.2000;0
8;09.17.2000;15.3
8;09.18.2000;3.2
8;09.19.2000;0.7
8;09.20.2000;2
8;09.21.2000;17.3
8;09.22.2000;1.7
8;09.23.2000;0
8;09.24.2000;0
8;09.25.2000;0
8;09.26.2000;0
8;09.27.2000;0
8;09.28.2000;0
8;09.29.2000;0
8;09.30.2000;0
8;10.01.2000;23.4
8;10.02.2000;25.8
8;10.03.2000;10.9
8;10.04.2000;7.2
8;10.05.2000;0.2
8;10.06.2000;0
8;10.07.2000;12.8
8;10.08.2000;30.3
8;10.09.2000;0.5
8;10.10.2000;7.6
8;10.11.2000;24.5
8;10.12.2000;0.5
8;10.13.2000;0
8;10.14.2000;0
8;10.15.2000;0
8;10.16.2000;10.3
8;10.17.2000;0
8;10.18.2000;2.1
8;10.19.2000;0.6
8;10.20.2000;1.9
8;10.21.2000;0
8;10.22.2000;0
8;10.23.2000;0
8;10.24.2000;0
8;10.25.2000;0
8;10.26.2000;0
8;10.27.2000;0
8;10.28.2000;0
8;10.29.2000;0
8;10.30.2000;0
8;10.31.2000;10.6
8;11.01.2000;11.6
8;11.02.2000;9.2
8;11.03.2000;1.7
8;11.04.2000;34.8
8;11.05.2000;22.3
8;11.06.2000;7.2
8;11.07.2000;57.4
8;11.08.2000;22.4
8;11.09.2000;24.8
8;11.10.2000;8.6
8;11.11.2000;0
8;11.12.2000;0
8;11.13.2000;0.9
8;11.14.2000;11.1
8;11.15.2000;19.5
8;11.16.2000;29.7
8;11.17.2000;22.1
8;11.18.2000;18.6
8;11.19.2000;6.7
8;11.20.2000;6.2
8;11.21.2000;24.7
8;11.22.2000;10.4
8;11.23.2000;0.1
8;11.24.2000;0
8;11.25.2000;21.7
8;11.26.2000;11.1
8;11.27.2000;0
8;11.28.2000;0
8;11.29.2000;0
8;11.30.2000;0
8;12.01.2000;0
8;12.02.2000;0
8;12.03.2000;0
8;12.04.2000;0
8;12.05.2000;0
8;12.06.2000;0
8;12.07.2000;0
8;12.08.2000;0
8;12.09.2000;0.3
8;12.10.2000;14.7
8;12.11.2000;0
8;12.12.2000;0
8;12.13.2000;0
8;12.14.2000;0
8;12.15.2000;4.1
8;12.16.2000;49.1
8;12.17.2000;0
8;12.18.2000;0
8;12.19.2000;0
8;12.20.2000;1
8;12.21.2000;0
8;12.22.2000;0
8;12.23.2000;0
8;12.24.2000;0
8;12.25.2000;2.6
8;12.26.2000;17
8;12.27.2000;6.3
8;12.28.2000;16.4
8;12.29.2000;10.8
8;12.30.2000;14
8;12.31.2000;0
8;01.01.2001;0
8;01.02.2001;0
8;01.03.2001;6
8;01.04.2001;2.1
8;01.05.2001;1
8;01.06.2001;0.5
8;01.07.2001;9.4
8;01.08.2001;7.7
8;01.09.2001;28.2
8;01.10.2001;0.8
8;01.11.2001;0
8;01.12.2001;0
8;01.13.2001;0
8;01.14.2001;0
8;01.15.2001;0
8;01.16.2001;0
8;01.17.2001;0
8;01.18.2001;0
8;01.19.2001;1.9
8;01.20.2001;0
8;01.21.2001;2.3
8;01.22.2001;1.5
8;01.23.2001;0
8;01.24.2001;1.1
8;01.25.2001;18.8
8;01.26.2001;51.2
8;01.27.2001;0.1
8;01.28.2001;16.6
8;01.29.2001;0.2
8;01.30.2001;0.4
8;01.31.2001;3.1
8;02.01.2001;0
8;02.02.2001;0
8;02.03.2001;0
8;02.04.2001;0
8;02.05.2001;1.1
8;02.06.2001;1.4
8;02.07.2001;0
8;02.08.2001;0
8;02.09.2001;4.3
8;02.10.2001;6
8;02.11.2001;0
8;02.12.2001;0
8;02.13.2001;0
8;02.14.2001;0
8;02.15.2001;0
8;02.16.2001;0
8;02.17.2001;0
8;02.18.2001;0
8;02.19.2001;0
8;02.20.2001;0
8;02.21.2001;0
8;02.22.2001;0
8;02.23.2001;0
8;02.24.2001;4.4
8;02.25.2001;2.1
8;02.26.2001;0
8;02.27.2001;0
8;02.28.2001;0
8;03.01.2001;12.2
8;03.02.2001;0
8;03.03.2001;22.8
8;03.04.2001;11.8
8;03.05.2001;30.9
8;03.06.2001;9.4
8;03.07.2001;0
8;03.08.2001;0
8;03.09.2001;0.7
8;03.10.2001;7.7
8;03.11.2001;0
8;03.12.2001;0
8;03.13.2001;9.1
8;03.14.2001;36.9
8;03.15.2001;0.3
8;03.16.2001;0
8;03.17.2001;0
8;03.18.2001;4.7
8;03.19.2001;0
8;03.20.2001;29.1
8;03.21.2001;0
8;03.22.2001;0.7
8;03.23.2001;3.9
8;03.24.2001;0
8;03.25.2001;0
8;03.26.2001;6.3
8;03.27.2001;5.7
8;03.28.2001;1.4
8;03.29.2001;5.9
8;03.30.2001;13
8;03.31.2001;5.7
8;04.01.2001;0
8;04.02.2001;0
8;04.03.2001;0
8;04.04.2001;0
8;04.05.2001;9.9
8;04.06.2001;4
8;04.07.2001;0
8;04.08.2001;11.2
8;04.09.2001;3.9
8;04.10.2001;0
8;04.11.2001;0
8;04.12.2001;20.3
8;04.13.2001;0
8;04.14.2001;0
8;04.15.2001;0
8;04.16.2001;0
8;04.17.2001;8.8
8;04.18.2001;0
8;04.19.2001;0
8;04.20.2001;8.2
8;04.21.2001;23.8
8;04.22.2001;4
8;04.23.2001;0
8;04.24.2001;0
8;04.25.2001;0
8;04.26.2001;2
8;04.27.2001;10.9
8;04.28.2001;0
8;04.29.2001;0
8;04.30.2001;0
8;05.01.2001;0
8;05.02.2001;0
8;05.03.2001;0
8;05.04.2001;0.8
8;05.05.2001;2.8
8;05.06.2001;17.2
8;05.07.2001;5.9
8;05.08.2001;3.1
8;05.09.2001;0.1
8;05.10.2001;0.4
8;05.11.2001;0
8;05.12.2001;0.1
8;05.13.2001;0
8;05.14.2001;0
8;05.15.2001;0
8;05.16.2001;0
8;05.17.2001;0
8;05.18.2001;0.1
8;05.19.2001;9.9
8;05.20.2001;0
8;05.21.2001;0
8;05.22.2001;11.2
8;05.23.2001;0
8;05.24.2001;0
8;05.25.2001;0
8;05.26.2001;4.6
8;05.27.2001;0
8;05.28.2001;0
8;05.29.2001;0
8;05.30.2001;0
8;05.31.2001;21.8
8;06.01.2001;29.9
8;06.02.2001;1.7
8;06.03.2001;0
8;06.04.2001;0.9
8;06.05.2001;0
8;06.06.2001;0
8;06.07.2001;7.3
8;06.08.2001;0
8;06.09.2001;0
8;06.10.2001;0
8;06.11.2001;0.1
8;06.12.2001;19.5
8;06.13.2001;0
8;06.14.2001;0
8;06.15.2001;3.8
8;06.16.2001;0
8;06.17.2001;0.5
8;06.18.2001;31.8
8;06.19.2001;0.2
8;06.20.2001;0
8;06.21.2001;0
8;06.22.2001;0
8;06.23.2001;0
8;06.24.2001;0
8;06.25.2001;0
8;06.26.2001;0
8;06.27.2001;0
8;06.28.2001;0
8;06.29.2001;5
8;06.30.2001;0
8;07.01.2001;14.3
8;07.02.2001;0
8;07.03.2001;0
8;07.04.2001;2.4
8;07.05.2001;0
8;07.06.2001;0
8;07.07.2001;0
8;07.08.2001;3.4
8;07.09.2001;0
8;07.10.2001;0
8;07.11.2001;0
8;07.12.2001;0
8;07.13.2001;1.2
8;07.14.2001;0
8;07.15.2001;0
8;07.16.2001;0
8;07.17.2001;10.7
8;07.18.2001;10.3
8;07.19.2001;9.6
8;07.20.2001;13.3
8;07.21.2001;8.9
8;07.22.2001;0
8;07.23.2001;0
8;07.24.2001;0
8;07.25.2001;0
8;07.26.2001;0
8;07.27.2001;0
8;07.28.2001;0
8;07.29.2001;0
8;07.30.2001;15.3
8;07.31.2001;0.2
8;08.01.2001;0
8;08.02.2001;0
8;08.03.2001;0
8;08.04.2001;0
8;08.05.2001;0.1
8;08.06.2001;4.2
8;08.07.2001;0
8;08.08.2001;0
8;08.09.2001;0
8;08.10.2001;4.1
8;08.11.2001;5.1
8;08.12.2001;0.4
8;08.13.2001;0
8;08.14.2001;0
8;08.15.2001;0
8;08.16.2001;0
8;08.17.2001;0
8;08.18.2001;0
8;08.19.2001;0
8;08.20.2001;0
8;08.21.2001;0
8;08.22.2001;0
8;08.23.2001;1.5
8;08.24.2001;0
8;08.25.2001;0
8;08.26.2001;0
8;08.27.2001;0
8;08.28.2001;0
8;08.29.2001;0
8;08.30.2001;0
8;08.31.2001;0.5
8;09.01.2001;17.3
8;09.02.2001;0.2
8;09.03.2001;0.2
8;09.04.2001;0.1
8;09.05.2001;24.2
8;09.06.2001;0.1
8;09.07.2001;0
8;09.08.2001;0
8;09.09.2001;0.4
8;09.10.2001;6.2
8;09.11.2001;0
8;09.12.2001;4.4
8;09.13.2001;0
8;09.14.2001;0.5
8;09.15.2001;55.2
8;09.16.2001;0
8;09.17.2001;18.8
8;09.18.2001;0.5
8;09.19.2001;0.3
8;09.20.2001;0.6
8;09.21.2001;0
8;09.22.2001;0
8;09.23.2001;1.6
8;09.24.2001;38.6
8;09.25.2001;8.2
8;09.26.2001;38.6
8;09.27.2001;3.2
8;09.28.2001;0
8;09.29.2001;0
8;09.30.2001;1
8;10.01.2001;12.5
8;10.02.2001;0
8;10.03.2001;0
8;10.04.2001;0
8;10.05.2001;31.2
8;10.06.2001;0.2
8;10.07.2001;0
8;10.08.2001;8.5
8;10.09.2001;0
8;10.10.2001;0
8;10.11.2001;0
8;10.12.2001;0
8;10.13.2001;0
8;10.14.2001;0
8;10.15.2001;0
8;10.16.2001;0
8;10.17.2001;0
8;10.18.2001;0
8;10.19.2001;0
8;10.20.2001;0
8;10.21.2001;10.7
8;10.22.2001;13.5
8;10.23.2001;0
8;10.24.2001;0
8;10.25.2001;0.4
8;10.26.2001;0.8
8;10.27.2001;0
8;10.28.2001;0
8;10.29.2001;0
8;10.30.2001;0
8;10.31.2001;0
8;11.01.2001;0
8;11.02.2001;0
8;11.03.2001;0
8;11.04.2001;0
8;11.05.2001;0
8;11.06.2001;0
8;11.07.2001;0
8;11.08.2001;0
8;11.09.2001;21.9
8;11.10.2001;13.8
8;11.11.2001;2.2
8;11.12.2001;10.5
8;11.13.2001;2.4
8;11.14.2001;0
8;11.15.2001;0
8;11.16.2001;0
8;11.17.2001;0
8;11.18.2001;0
8;11.19.2001;0
8;11.20.2001;0
8;11.21.2001;0
8;11.22.2001;0
8;11.23.2001;1.8
8;11.24.2001;0.1
8;11.25.2001;0
8;11.26.2001;0
8;11.27.2001;0
8;11.28.2001;4
8;11.29.2001;0
8;11.30.2001;0
8;12.01.2001;0
8;12.02.2001;0
8;12.03.2001;0
8;12.04.2001;0
8;12.05.2001;0
8;12.06.2001;0.1
8;12.07.2001;0
8;12.08.2001;0
8;12.09.2001;0
8;12.10.2001;0
8;12.11.2001;0
8;12.12.2001;0.7
8;12.13.2001;7.7
8;12.14.2001;9
8;12.15.2001;0
8;12.16.2001;0
8;12.17.2001;0
8;12.18.2001;0
8;12.19.2001;0
8;12.20.2001;0
8;12.21.2001;0
8;12.22.2001;0
8;12.23.2001;0.3
8;12.24.2001;0
8;12.25.2001;0
8;12.26.2001;0
8;12.27.2001;11.9
8;12.28.2001;0
8;12.29.2001;0
8;12.30.2001;3.1
8;12.31.2001;0.8
8;01.01.2002;0
8;01.02.2002;0
8;01.03.2002;0
8;01.04.2002;0
8;01.05.2002;0
8;01.06.2002;0
8;01.07.2002;0
8;01.08.2002;0
8;01.09.2002;0
8;01.10.2002;0
8;01.11.2002;0
8;01.12.2002;0
8;01.13.2002;0
8;01.14.2002;2.2
8;01.15.2002;3.4
8;01.16.2002;7.1
8;01.17.2002;0.6
8;01.18.2002;0
8;01.19.2002;0
8;01.20.2002;0
8;01.21.2002;0
8;01.22.2002;0
8;01.23.2002;0
8;01.24.2002;0
8;01.25.2002;3.9
8;01.26.2002;0
8;01.27.2002;0.3
8;01.28.2002;0
8;01.29.2002;0
8;01.30.2002;0
8;01.31.2002;0
8;02.01.2002;0
8;02.02.2002;0
8;02.03.2002;0
8;02.04.2002;0
8;02.05.2002;0
8;02.06.2002;0.1
8;02.07.2002;13.7
8;02.08.2002;4.9
8;02.09.2002;0
8;02.10.2002;0
8;02.11.2002;1.1
8;02.12.2002;0
8;02.13.2002;0
8;02.14.2002;0
8;02.15.2002;2.8
8;02.16.2002;0.2
8;02.17.2002;20.4
8;02.18.2002;25.7
8;02.19.2002;0
8;02.20.2002;0
8;02.21.2002;0
8;02.22.2002;0.7
8;02.23.2002;0
8;02.24.2002;0
8;02.25.2002;0
8;02.26.2002;0
8;02.27.2002;0
8;02.28.2002;0.2
8;03.01.2002;9.1
8;03.02.2002;6.2
8;03.03.2002;1.1
8;03.04.2002;5.6
8;03.05.2002;0
8;03.06.2002;0.2
8;03.07.2002;1.4
8;03.08.2002;0
8;03.09.2002;0
8;03.10.2002;0
8;03.11.2002;0
8;03.12.2002;0
8;03.13.2002;0
8;03.14.2002;0
8;03.15.2002;0
8;03.16.2002;0
8;03.17.2002;0
8;03.18.2002;0
8;03.19.2002;0
8;03.20.2002;0
8;03.21.2002;0
8;03.22.2002;5.3
8;03.23.2002;0
8;03.24.2002;0
8;03.25.2002;0.2
8;03.26.2002;0
8;03.27.2002;0
8;03.28.2002;0
8;03.29.2002;0
8;03.30.2002;0
8;03.31.2002;0
8;04.01.2002;0
8;04.02.2002;0
8;04.03.2002;0
8;04.04.2002;0
8;04.05.2002;0
8;04.06.2002;3.7
8;04.07.2002;0
8;04.08.2002;0
8;04.09.2002;3.2
8;04.10.2002;7.2
8;04.11.2002;0.6
8;04.12.2002;19.7
8;04.13.2002;27.1
8;04.14.2002;3.4
8;04.15.2002;3.7
8;04.16.2002;7.2
8;04.17.2002;1.2
8;04.18.2002;4.6
8;04.19.2002;2.6
8;04.20.2002;0.2
8;04.21.2002;8.8
8;04.22.2002;3.1
8;04.23.2002;0.1
8;04.24.2002;0
8;04.25.2002;0.1
8;04.26.2002;0
8;04.27.2002;7.4
8;04.28.2002;15.1
8;04.29.2002;0
8;04.30.2002;2.1
8;05.01.2002;0
8;05.02.2002;0
8;05.03.2002;0
8;05.04.2002;0
8;05.05.2002;2.3
8;05.06.2002;1.6
8;05.07.2002;0
8;05.08.2002;0
8;05.09.2002;1
8;05.10.2002;23
8;05.11.2002;0
8;05.12.2002;0
8;05.13.2002;0
8;05.14.2002;0.6
8;05.15.2002;1.4
8;05.16.2002;0
8;05.17.2002;0
8;05.18.2002;0
8;05.19.2002;0
8;05.20.2002;20.4
8;05.21.2002;1.1
8;05.22.2002;0.1
8;05.23.2002;0
8;05.24.2002;0
8;05.25.2002;0
8;05.26.2002;24.6
8;05.27.2002;5.1
8;05.28.2002;5.9
8;05.29.2002;8.7
8;05.30.2002;0
8;05.31.2002;0
8;06.01.2002;0
8;06.02.2002;0.5
8;06.03.2002;0
8;06.04.2002;0
8;06.05.2002;0
8;06.06.2002;0
8;06.07.2002;24.3
8;06.08.2002;6.5
8;06.09.2002;0
8;06.10.2002;0.9
8;06.11.2002;0.1
8;06.12.2002;0
8;06.13.2002;0
8;06.14.2002;0
8;06.15.2002;0
8;06.16.2002;0
8;06.17.2002;43.4
8;06.18.2002;0
8;06.19.2002;0
8;06.20.2002;0
8;06.21.2002;0
8;06.22.2002;0
8;06.23.2002;0
8;06.24.2002;0
8;06.25.2002;14.8
8;06.26.2002;8.5
8;06.27.2002;0
8;06.28.2002;2
8;06.29.2002;51.1
8;06.30.2002;0
8;07.01.2002;0
8;07.02.2002;0
8;07.03.2002;0
8;07.04.2002;0
8;07.05.2002;7.3
8;07.06.2002;0
8;07.07.2002;5
8;07.08.2002;0.7
8;07.09.2002;0
8;07.10.2002;0
8;07.11.2002;0
8;07.12.2002;0
8;07.13.2002;0
8;07.14.2002;0
8;07.15.2002;29.5
8;07.16.2002;14.4
8;07.17.2002;0
8;07.18.2002;0
8;07.19.2002;5.8
8;07.20.2002;0
8;07.21.2002;0
8;07.22.2002;3.4
8;07.23.2002;12.3
8;07.24.2002;0
8;07.25.2002;3.1
8;07.26.2002;0.3
8;07.27.2002;0
8;07.28.2002;0
8;07.29.2002;0
8;07.30.2002;2
8;07.31.2002;2.4
8;08.01.2002;8.9
8;08.02.2002;0.6
8;08.03.2002;0
8;08.04.2002;0.1
8;08.05.2002;15.6
8;08.06.2002;5.1
8;08.07.2002;29.9
8;08.08.2002;0
8;08.09.2002;1.1
8;08.10.2002;3.8
8;08.11.2002;25
8;08.12.2002;43.4
8;08.13.2002;1.1
8;08.14.2002;0
8;08.15.2002;0
8;08.16.2002;0
8;08.17.2002;0
8;08.18.2002;1.2
8;08.19.2002;3.3
8;08.20.2002;0
8;08.21.2002;4.3
8;08.22.2002;22.6
8;08.23.2002;1.2
8;08.24.2002;0
8;08.25.2002;0
8;08.26.2002;0
8;08.27.2002;1.2
8;08.28.2002;2.6
8;08.29.2002;4.7
8;08.30.2002;10.8
8;08.31.2002;0
8;09.01.2002;3.5
8;09.02.2002;0
8;09.03.2002;1.3
8;09.04.2002;0
8;09.05.2002;2.3
8;09.06.2002;0.1
8;09.07.2002;9.4
8;09.08.2002;0
8;09.09.2002;0.2
8;09.10.2002;0
8;09.11.2002;4.2
8;09.12.2002;0
8;09.13.2002;0
8;09.14.2002;0
8;09.15.2002;0
8;09.16.2002;0
8;09.17.2002;0
8;09.18.2002;0
8;09.19.2002;0
8;09.20.2002;0
8;09.21.2002;2.6
8;09.22.2002;22.9
8;09.23.2002;6.2
8;09.24.2002;30.5
8;09.25.2002;13.6
8;09.26.2002;6.9
8;09.27.2002;0
8;09.28.2002;0
8;09.29.2002;0
8;09.30.2002;0
8;10.01.2002;0
8;10.02.2002;0
8;10.03.2002;0
8;10.04.2002;0
8;10.05.2002;0.1
8;10.06.2002;0.4
8;10.07.2002;0.6
8;10.08.2002;0.3
8;10.09.2002;2.3
8;10.10.2002;0.2
8;10.11.2002;20.8
8;10.12.2002;36.6
8;10.13.2002;8.5
8;10.14.2002;0
8;10.15.2002;0
8;10.16.2002;0
8;10.17.2002;0
8;10.18.2002;9.2
8;10.19.2002;5.9
8;10.20.2002;0
8;10.21.2002;0
8;10.22.2002;16.6
8;10.23.2002;22.7
8;10.24.2002;19.7
8;10.25.2002;0.2
8;10.26.2002;0
8;10.27.2002;0
8;10.28.2002;0.1
8;10.29.2002;0
8;10.30.2002;0
8;10.31.2002;0
8;11.01.2002;0
8;11.02.2002;0
8;11.03.2002;0
8;11.04.2002;20
8;11.05.2002;0
8;11.06.2002;0.5
8;11.07.2002;0
8;11.08.2002;0
8;11.09.2002;0
8;11.10.2002;0
8;11.11.2002;0
8;11.12.2002;0
8;11.13.2002;2
8;11.14.2002;10.4
8;11.15.2002;0
8;11.16.2002;0
8;11.17.2002;0.9
8;11.18.2002;18.5
8;11.19.2002;16
8;11.20.2002;0.7
8;11.21.2002;0.3
8;11.22.2002;24.2
8;11.23.2002;23
8;11.24.2002;0
8;11.25.2002;3.4
8;11.26.2002;0.5
8;11.27.2002;0.2
8;11.28.2002;0
8;11.29.2002;0.6
8;11.30.2002;14
8;12.01.2002;1.8
8;12.02.2002;0
8;12.03.2002;10.2
8;12.04.2002;0.5
8;12.05.2002;1.3
8;12.06.2002;0.6
8;12.07.2002;0.1
8;12.08.2002;0.2
8;12.09.2002;0
8;12.10.2002;0
8;12.11.2002;0
8;12.12.2002;1.1
8;12.13.2002;0.7
8;12.14.2002;2.2
8;12.15.2002;0.1
8;12.16.2002;4.2
8;12.17.2002;1.6
8;12.18.2002;1.2
8;12.19.2002;0
8;12.20.2002;0
8;12.21.2002;0
8;12.22.2002;0
8;12.23.2002;0
8;12.24.2002;0.7
8;12.25.2002;0.2
8;12.26.2002;0
8;12.27.2002;0
8;12.28.2002;1.3
8;12.29.2002;7.7
8;12.30.2002;0
8;12.31.2002;0
8;01.01.2003;9.9
8;01.02.2003;0
8;01.03.2003;6.2
8;01.04.2003;0
8;01.05.2003;0.9
8;01.06.2003;13.2
8;01.07.2003;17.3
8;01.08.2003;3.1
8;01.09.2003;10.3
8;01.10.2003;5.4
8;01.11.2003;2.2
8;01.12.2003;0.1
8;01.13.2003;0
8;01.14.2003;0
8;01.15.2003;0
8;01.16.2003;0
8;01.17.2003;0
8;01.18.2003;0
8;01.19.2003;0
8;01.20.2003;0
8;01.21.2003;0
8;01.22.2003;19.2
8;01.23.2003;1.2
8;01.24.2003;0
8;01.25.2003;0
8;01.26.2003;0
8;01.27.2003;0
8;01.28.2003;0
8;01.29.2003;0
8;01.30.2003;0
8;01.31.2003;0.3
8;02.01.2003;0
8;02.02.2003;0
8;02.03.2003;0
8;02.04.2003;19.1
8;02.05.2003;16.8
8;02.06.2003;0
8;02.07.2003;0
8;02.08.2003;0
8;02.09.2003;1.5
8;02.10.2003;0
8;02.11.2003;0
8;02.12.2003;0.1
8;02.13.2003;0
8;02.14.2003;0
8;02.15.2003;0
8;02.16.2003;0
8;02.17.2003;0.4
8;02.18.2003;0
8;02.19.2003;0
8;02.20.2003;0
8;02.21.2003;0
8;02.22.2003;0
8;02.23.2003;0
8;02.24.2003;0
8;02.25.2003;0
8;02.26.2003;0
8;02.27.2003;0
8;02.28.2003;0
8;03.01.2003;0
8;03.02.2003;0
8;03.03.2003;0
8;03.04.2003;0
8;03.05.2003;0
8;03.06.2003;0
8;03.07.2003;0.6
8;03.08.2003;0
8;03.09.2003;0
8;03.10.2003;0
8;03.11.2003;0
8;03.12.2003;0
8;03.13.2003;0.4
8;03.14.2003;0
8;03.15.2003;0
8;03.16.2003;0
8;03.17.2003;0
8;03.18.2003;0
8;03.19.2003;0
8;03.20.2003;0
8;03.21.2003;0
8;03.22.2003;0
8;03.23.2003;0
8;03.24.2003;0
8;03.25.2003;0
8;03.26.2003;0
8;03.27.2003;0
8;03.28.2003;0
8;03.29.2003;0
8;03.30.2003;0
8;03.31.2003;0
8;04.01.2003;0.6
8;04.02.2003;0
8;04.03.2003;35.8
8;04.04.2003;8.8
8;04.05.2003;0
8;04.06.2003;0.1
8;04.07.2003;1.1
8;04.08.2003;0
8;04.09.2003;0
8;04.10.2003;0
8;04.11.2003;11.5
8;04.12.2003;0.7
8;04.13.2003;11.1
8;04.14.2003;0
8;04.15.2003;0
8;04.16.2003;0
8;04.17.2003;0
8;04.18.2003;0
8;04.19.2003;0
8;04.20.2003;0
8;04.21.2003;0.1
8;04.22.2003;0
8;04.23.2003;0
8;04.24.2003;0.2
8;04.25.2003;0
8;04.26.2003;0
8;04.27.2003;2.8
8;04.28.2003;3.7
8;04.29.2003;0
8;04.30.2003;0
8;05.01.2003;0.7
8;05.02.2003;0
8;05.03.2003;0
8;05.04.2003;0
8;05.05.2003;0
8;05.06.2003;0
8;05.07.2003;0
8;05.08.2003;0
8;05.09.2003;0
8;05.10.2003;0
8;05.11.2003;0
8;05.12.2003;0
8;05.13.2003;0
8;05.14.2003;0.6
8;05.15.2003;2.1
8;05.16.2003;0
8;05.17.2003;0
8;05.18.2003;0
8;05.19.2003;0
8;05.20.2003;0
8;05.21.2003;37.7
8;05.22.2003;0
8;05.23.2003;0
8;05.24.2003;0
8;05.25.2003;0
8;05.26.2003;0
8;05.27.2003;7.5
8;05.28.2003;0.5
8;05.29.2003;0.9
8;05.30.2003;0.4
8;05.31.2003;2.5
8;06.01.2003;0
8;06.02.2003;0.1
8;06.03.2003;1.6
8;06.04.2003;0
8;06.05.2003;0
8;06.06.2003;0
8;06.07.2003;0
8;06.08.2003;0
8;06.09.2003;0
8;06.10.2003;0
8;06.11.2003;0
8;06.12.2003;0
8;06.13.2003;0
8;06.14.2003;0.3
8;06.15.2003;3.8
8;06.16.2003;0.2
8;06.17.2003;12.1
8;06.18.2003;0.7
8;06.19.2003;0
8;06.20.2003;0
8;06.21.2003;0.6
8;06.22.2003;0
8;06.23.2003;0
8;06.24.2003;0.1
8;06.25.2003;1.7
8;06.26.2003;0.4
8;06.27.2003;12.5
8;06.28.2003;2.4
8;06.29.2003;18.7
8;06.30.2003;2.2
8;07.01.2003;0
8;07.02.2003;2.6
8;07.03.2003;0
8;07.04.2003;15.2
8;07.05.2003;2.8
8;07.06.2003;0.1
8;07.07.2003;0
8;07.08.2003;0
8;07.09.2003;0
8;07.10.2003;6.4
8;07.11.2003;1.4
8;07.12.2003;0
8;07.13.2003;0
8;07.14.2003;3.3
8;07.15.2003;0
8;07.16.2003;0
8;07.17.2003;0
8;07.18.2003;3
8;07.19.2003;0
8;07.20.2003;0
8;07.21.2003;0
8;07.22.2003;0
8;07.23.2003;0.5
8;07.24.2003;8.5
8;07.25.2003;2.4
8;07.26.2003;0
8;07.27.2003;0
8;07.28.2003;0
8;07.29.2003;9.4
8;07.30.2003;0
8;07.31.2003;0
8;08.01.2003;6.4
8;08.02.2003;0
8;08.03.2003;0
8;08.04.2003;0
8;08.05.2003;0
8;08.06.2003;0
8;08.07.2003;4.5
8;08.08.2003;0
8;08.09.2003;0
8;08.10.2003;0
8;08.11.2003;8
8;08.12.2003;0
8;08.13.2003;0
8;08.14.2003;0
8;08.15.2003;8.1
8;08.16.2003;21
8;08.17.2003;0
8;08.18.2003;0
8;08.19.2003;9.4
8;08.20.2003;0
8;08.21.2003;0
8;08.22.2003;0
8;08.23.2003;0
8;08.24.2003;0.2
8;08.25.2003;8.7
8;08.26.2003;3.7
8;08.27.2003;0
8;08.28.2003;0
8;08.29.2003;23.9
8;08.30.2003;0.8
8;08.31.2003;3.1
8;09.01.2003;24.3
8;09.02.2003;0.1
8;09.03.2003;0.3
8;09.04.2003;0
8;09.05.2003;0
8;09.06.2003;0
8;09.07.2003;0
8;09.08.2003;0
8;09.09.2003;0.8
8;09.10.2003;16.3
8;09.11.2003;1.9
8;09.12.2003;1.8
8;09.13.2003;0
8;09.14.2003;0.1
8;09.15.2003;0
8;09.16.2003;0
8;09.17.2003;0
8;09.18.2003;0
8;09.19.2003;0
8;09.20.2003;0
8;09.21.2003;0
8;09.22.2003;0
8;09.23.2003;0
8;09.24.2003;19.6
8;09.25.2003;3.7
8;09.26.2003;0
8;09.27.2003;0
8;09.28.2003;0
8;09.29.2003;1.6
8;09.30.2003;18.8
8;10.01.2003;0
8;10.02.2003;0
8;10.03.2003;0
8;10.04.2003;37.5
8;10.05.2003;58.7
8;10.06.2003;9.3
8;10.07.2003;0.5
8;10.08.2003;3.9
8;10.09.2003;0
8;10.10.2003;0
8;10.11.2003;0
8;10.12.2003;0
8;10.13.2003;0
8;10.14.2003;0
8;10.15.2003;0
8;10.16.2003;0
8;10.17.2003;0
8;10.18.2003;0
8;10.19.2003;0
8;10.20.2003;0
8;10.21.2003;20.9
8;10.22.2003;12.4
8;10.23.2003;0
8;10.24.2003;20.5
8;10.25.2003;3.2
8;10.26.2003;0
8;10.27.2003;0
8;10.28.2003;0
8;10.29.2003;0
8;10.30.2003;7.7
8;10.31.2003;8.5
8;11.01.2003;6.9
8;11.02.2003;29.2
8;11.03.2003;2
8;11.04.2003;0
8;11.05.2003;0
8;11.06.2003;0
8;11.07.2003;0.2
8;11.08.2003;4.4
8;11.09.2003;2.4
8;11.10.2003;0.1
8;11.11.2003;0
8;11.12.2003;0
8;11.13.2003;0
8;11.14.2003;0
8;11.15.2003;0
8;11.16.2003;0
8;11.17.2003;5.4
8;11.18.2003;5.3
8;11.19.2003;0
8;11.20.2003;0
8;11.21.2003;0
8;11.22.2003;0
8;11.23.2003;0
8;11.24.2003;0
8;11.25.2003;0
8;11.26.2003;0.3
8;11.27.2003;95.6
8;11.28.2003;0.7
8;11.29.2003;11.7
8;11.30.2003;2.7
8;12.01.2003;0
8;12.02.2003;0
8;12.03.2003;0
8;12.04.2003;0.2
8;12.05.2003;0
8;12.06.2003;0
8;12.07.2003;0
8;12.08.2003;0
8;12.09.2003;0
8;12.10.2003;0
8;12.11.2003;0.9
8;12.12.2003;3.6
8;12.13.2003;0
8;12.14.2003;0
8;12.15.2003;0
8;12.16.2003;0
8;12.17.2003;0
8;12.18.2003;0
8;12.19.2003;0
8;12.20.2003;0
8;12.21.2003;0
8;12.22.2003;29.3
8;12.23.2003;1.6
8;12.24.2003;0
8;12.25.2003;0
8;12.26.2003;0
8;12.27.2003;0
8;12.28.2003;0
8;12.29.2003;7.2
8;12.30.2003;33.1
8;12.31.2003;27.3
8;01.01.2004;8.2
8;01.02.2004;0
8;01.03.2004;0
8;01.04.2004;0.8
8;01.05.2004;0
8;01.06.2004;0
8;01.07.2004;0
8;01.08.2004;0
8;01.09.2004;0.4
8;01.10.2004;4.3
8;01.11.2004;0.4
8;01.12.2004;0
8;01.13.2004;3.9
8;01.14.2004;0
8;01.15.2004;8.2
8;01.16.2004;0
8;01.17.2004;3.1
8;01.18.2004;44.3
8;01.19.2004;6.9
8;01.20.2004;0
8;01.21.2004;0
8;01.22.2004;0
8;01.23.2004;0
8;01.24.2004;0
8;01.25.2004;0
8;01.26.2004;0
8;01.27.2004;0.1
8;01.28.2004;7.4
8;01.29.2004;0
8;01.30.2004;0
8;01.31.2004;0
8;02.01.2004;0
8;02.02.2004;0
8;02.03.2004;0
8;02.04.2004;0
8;02.05.2004;0
8;02.06.2004;0
8;02.07.2004;0
8;02.08.2004;0
8;02.09.2004;0
8;02.10.2004;0
8;02.11.2004;0
8;02.12.2004;1.6
8;02.13.2004;1
8;02.14.2004;0
8;02.15.2004;0
8;02.16.2004;0
8;02.17.2004;0
8;02.18.2004;0
8;02.19.2004;5.1
8;02.20.2004;0
8;02.21.2004;0
8;02.22.2004;11.9
8;02.23.2004;9.4
8;02.24.2004;45.8
8;02.25.2004;7.7
8;02.26.2004;0
8;02.27.2004;16.1
8;02.28.2004;16.2
8;02.29.2004;2.1
8;03.01.2004;0.2
8;03.02.2004;0
8;03.03.2004;0
8;03.04.2004;0
8;03.05.2004;0
8;03.06.2004;0
8;03.07.2004;0.7
8;03.08.2004;27.7
8;03.09.2004;3.1
8;03.10.2004;0
8;03.11.2004;0
8;03.12.2004;0
8;03.13.2004;0
8;03.14.2004;0
8;03.15.2004;0
8;03.16.2004;0
8;03.17.2004;0
8;03.18.2004;0
8;03.19.2004;0
8;03.20.2004;0
8;03.21.2004;0
8;03.22.2004;2.2
8;03.23.2004;44.1
8;03.24.2004;9.7
8;03.25.2004;8.4
8;03.26.2004;0.2
8;03.27.2004;1
8;03.28.2004;0
8;03.29.2004;0
8;03.30.2004;0
8;03.31.2004;0
8;04.01.2004;0
8;04.02.2004;0
8;04.03.2004;0
8;04.04.2004;0
8;04.05.2004;0
8;04.06.2004;21.7
8;04.07.2004;53.8
8;04.08.2004;4.7
8;04.09.2004;0.8
8;04.10.2004;17.7
8;04.11.2004;0
8;04.12.2004;0
8;04.13.2004;0.3
8;04.14.2004;1.4
8;04.15.2004;0
8;04.16.2004;0.3
8;04.17.2004;2.7
8;04.18.2004;0
8;04.19.2004;7.9
8;04.20.2004;8
8;04.21.2004;0
8;04.22.2004;0
8;04.23.2004;0
8;04.24.2004;0.4
8;04.25.2004;11.9
8;04.26.2004;0
8;04.27.2004;0
8;04.28.2004;0
8;04.29.2004;0
8;04.30.2004;0
8;05.01.2004;0.7
8;05.02.2004;0.1
8;05.03.2004;0
8;05.04.2004;0.3
8;05.05.2004;19.5
8;05.06.2004;27.1
8;05.07.2004;2.5
8;05.08.2004;14.3
8;05.09.2004;0.8
8;05.10.2004;0.6
8;05.11.2004;0
8;05.12.2004;0
8;05.13.2004;2
8;05.14.2004;0
8;05.15.2004;0
8;05.16.2004;0
8;05.17.2004;0
8;05.18.2004;0
8;05.19.2004;0
8;05.20.2004;0
8;05.21.2004;0
8;05.22.2004;0
8;05.23.2004;53.1
8;05.24.2004;0
8;05.25.2004;0
8;05.26.2004;0
8;05.27.2004;0
8;05.28.2004;0.3
8;05.29.2004;6.1
8;05.30.2004;0
8;05.31.2004;0
8;06.01.2004;0
8;06.02.2004;8.5
8;06.03.2004;2.9
8;06.04.2004;0.1
8;06.05.2004;0.4
8;06.06.2004;3.2
8;06.07.2004;0
8;06.08.2004;0
8;06.09.2004;0
8;06.10.2004;0
8;06.11.2004;0
8;06.12.2004;0.1
8;06.13.2004;43.6
8;06.14.2004;4.2
8;06.15.2004;0
8;06.16.2004;0
8;06.17.2004;13.1
8;06.18.2004;0
8;06.19.2004;0.3
8;06.20.2004;1.9
8;06.21.2004;36.8
8;06.22.2004;0.8
8;06.23.2004;0
8;06.24.2004;0.1
8;06.25.2004;0
8;06.26.2004;40.3
8;06.27.2004;0
8;06.28.2004;0
8;06.29.2004;23.7
8;06.30.2004;0
8;07.01.2004;0
8;07.02.2004;41.4
8;07.03.2004;17.2
8;07.04.2004;0
8;07.05.2004;0
8;07.06.2004;0
8;07.07.2004;5.3
8;07.08.2004;0
8;07.09.2004;0
8;07.10.2004;0
8;07.11.2004;3.2
8;07.12.2004;11.8
8;07.13.2004;0
8;07.14.2004;6.1
8;07.15.2004;0
8;07.16.2004;0
8;07.17.2004;0
8;07.18.2004;0
8;07.19.2004;0
8;07.20.2004;0
8;07.21.2004;0
8;07.22.2004;0
8;07.23.2004;0
8;07.24.2004;19.4
8;07.25.2004;6.6
8;07.26.2004;0
8;07.27.2004;18.9
8;07.28.2004;2.3
8;07.29.2004;0
8;07.30.2004;0
8;07.31.2004;0
8;08.01.2004;0
8;08.02.2004;5.3
8;08.03.2004;0.3
8;08.04.2004;26.2
8;08.05.2004;0
8;08.06.2004;0
8;08.07.2004;1.8
8;08.08.2004;5.4
8;08.09.2004;22.7
8;08.10.2004;0.8
8;08.11.2004;0
8;08.12.2004;0
8;08.13.2004;19.2
8;08.14.2004;15.7
8;08.15.2004;0
8;08.16.2004;0
8;08.17.2004;0
8;08.18.2004;0
8;08.19.2004;0
8;08.20.2004;0
8;08.21.2004;42.2
8;08.22.2004;14.9
8;08.23.2004;0
8;08.24.2004;0
8;08.25.2004;0.1
8;08.26.2004;4.1
8;08.27.2004;15.7
8;08.28.2004;0
8;08.29.2004;0
8;08.30.2004;0
8;08.31.2004;2.3
8;09.01.2004;13.8
8;09.02.2004;0.1
8;09.03.2004;0
8;09.04.2004;0
8;09.05.2004;0.1
8;09.06.2004;0
8;09.07.2004;0
8;09.08.2004;0
8;09.09.2004;0
8;09.10.2004;0
8;09.11.2004;0
8;09.12.2004;0
8;09.13.2004;3.6
8;09.14.2004;0
8;09.15.2004;7.1
8;09.16.2004;29.4
8;09.17.2004;1.8
8;09.18.2004;0
8;09.19.2004;0
8;09.20.2004;0
8;09.21.2004;0
8;09.22.2004;0.1
8;09.23.2004;0
8;09.24.2004;7.1
8;09.25.2004;46.4
8;09.26.2004;0.2
8;09.27.2004;0
8;09.28.2004;0
8;09.29.2004;0
8;09.30.2004;0
8;10.01.2004;0
8;10.02.2004;5.6
8;10.03.2004;0
8;10.04.2004;0
8;10.05.2004;0
8;10.06.2004;0
8;10.07.2004;0
8;10.08.2004;0
8;10.09.2004;0
8;10.10.2004;23.9
8;10.11.2004;34.8
8;10.12.2004;0
8;10.13.2004;0
8;10.14.2004;0
8;10.15.2004;10.1
8;10.16.2004;21.4
8;10.17.2004;37.1
8;10.18.2004;0.3
8;10.19.2004;0
8;10.20.2004;0
8;10.21.2004;0
8;10.22.2004;0
8;10.23.2004;24.8
8;10.24.2004;0
8;10.25.2004;0
8;10.26.2004;0
8;10.27.2004;0
8;10.28.2004;4.2
8;10.29.2004;0
8;10.30.2004;41.6
8;10.31.2004;15.1
8;11.01.2004;29.4
8;11.02.2004;0.2
8;11.03.2004;0
8;11.04.2004;0
8;11.05.2004;0
8;11.06.2004;10.1
8;11.07.2004;4.1
8;11.08.2004;2.1
8;11.09.2004;0
8;11.10.2004;0.8
8;11.11.2004;31.3
8;11.12.2004;0
8;11.13.2004;0
8;11.14.2004;1.7
8;11.15.2004;0
8;11.16.2004;0
8;11.17.2004;0
8;11.18.2004;0
8;11.19.2004;0
8;11.20.2004;0.1
8;11.21.2004;0
8;11.22.2004;0
8;11.23.2004;0
8;11.24.2004;0
8;11.25.2004;0
8;11.26.2004;0
8;11.27.2004;0
8;11.28.2004;0
8;11.29.2004;0
8;11.30.2004;2.9
8;12.01.2004;45.3
8;12.02.2004;1.3
8;12.03.2004;0.5
8;12.04.2004;0
8;12.05.2004;0
8;12.06.2004;2
8;12.07.2004;0
8;12.08.2004;0
8;12.09.2004;0
8;12.10.2004;0
8;12.11.2004;0
8;12.12.2004;0
8;12.13.2004;0
8;12.14.2004;0
8;12.15.2004;0
8;12.16.2004;0
8;12.17.2004;2.8
8;12.18.2004;1.8
8;12.19.2004;0
8;12.20.2004;0
8;12.21.2004;0
8;12.22.2004;0
8;12.23.2004;0
8;12.24.2004;0
8;12.25.2004;0
8;12.26.2004;11.7
8;12.27.2004;52.3
8;12.28.2004;29.7
8;12.29.2004;2.4
8;12.30.2004;0
8;12.31.2004;0
8;01.01.2005;0
8;01.02.2005;0
8;01.03.2005;0.3
8;01.04.2005;0
8;01.05.2005;0
8;01.06.2005;0
8;01.07.2005;0
8;01.08.2005;0
8;01.09.2005;0
8;01.10.2005;0
8;01.11.2005;0
8;01.12.2005;0
8;01.13.2005;0
8;01.14.2005;0
8;01.15.2005;0
8;01.16.2005;0
8;01.17.2005;0
8;01.18.2005;0
8;01.19.2005;0.6
8;01.20.2005;0
8;01.21.2005;0
8;01.22.2005;0.2
8;01.23.2005;0
8;01.24.2005;0
8;01.25.2005;0
8;01.26.2005;0
8;01.27.2005;0
8;01.28.2005;0.2
8;01.29.2005;0
8;01.30.2005;0
8;01.31.2005;0
8;02.01.2005;0
8;02.02.2005;0
8;02.03.2005;2.4
8;02.04.2005;9.3
8;02.05.2005;0.5
8;02.06.2005;0
8;02.07.2005;0
8;02.08.2005;0
8;02.09.2005;0
8;02.10.2005;0
8;02.11.2005;0
8;02.12.2005;0
8;02.13.2005;6.4
8;02.14.2005;0.9
8;02.15.2005;0
8;02.16.2005;0
8;02.17.2005;0
8;02.18.2005;0
8;02.19.2005;0
8;02.20.2005;0
8;02.21.2005;0.8
8;02.22.2005;17.3
8;02.23.2005;0
8;02.24.2005;0
8;02.25.2005;2.7
8;02.26.2005;7.4
8;02.27.2005;0.7
8;02.28.2005;0.1
8;03.01.2005;0
8;03.02.2005;0
8;03.03.2005;0
8;03.04.2005;12.1
8;03.05.2005;0
8;03.06.2005;0
8;03.07.2005;0
8;03.08.2005;0
8;03.09.2005;0
8;03.10.2005;0
8;03.11.2005;0
8;03.12.2005;0
8;03.13.2005;8.8
8;03.14.2005;0
8;03.15.2005;0
8;03.16.2005;0
8;03.17.2005;0
8;03.18.2005;0
8;03.19.2005;0
8;03.20.2005;0
8;03.21.2005;0
8;03.22.2005;0
8;03.23.2005;0
8;03.24.2005;0
8;03.25.2005;0
8;03.26.2005;7
8;03.27.2005;0.6
8;03.28.2005;0.2
8;03.29.2005;0.5
8;03.30.2005;3.3
8;03.31.2005;29.4
8;04.01.2005;0.4
8;04.02.2005;0
8;04.03.2005;0
8;04.04.2005;0
8;04.05.2005;0
8;04.06.2005;0
8;04.07.2005;0
8;04.08.2005;0
8;04.09.2005;12.2
8;04.10.2005;33.7
8;04.11.2005;20.1
8;04.12.2005;4.2
8;04.13.2005;1.6
8;04.14.2005;0
8;04.15.2005;0
8;04.16.2005;0
8;04.17.2005;6.3
8;04.18.2005;0
8;04.19.2005;7.8
8;04.20.2005;7.6
8;04.21.2005;16.7
8;04.22.2005;0
8;04.23.2005;0
8;04.24.2005;0
8;04.25.2005;3.6
8;04.26.2005;20.4
8;04.27.2005;0
8;04.28.2005;0
8;04.29.2005;0
8;04.30.2005;0
8;05.01.2005;0
8;05.02.2005;0
8;05.03.2005;0
8;05.04.2005;10.9
8;05.05.2005;29.5
8;05.06.2005;2.5
8;05.07.2005;0
8;05.08.2005;3.7
8;05.09.2005;0.1
8;05.10.2005;0.4
8;05.11.2005;1.1
8;05.12.2005;0
8;05.13.2005;0
8;05.14.2005;0
8;05.15.2005;2.1
8;05.16.2005;0
8;05.17.2005;0
8;05.18.2005;9.8
8;05.19.2005;30.9
8;05.20.2005;0
8;05.21.2005;0
8;05.22.2005;0
8;05.23.2005;0
8;05.24.2005;0.6
8;05.25.2005;0
8;05.26.2005;0
8;05.27.2005;0
8;05.28.2005;0
8;05.29.2005;0
8;05.30.2005;0
8;05.31.2005;3.3
8;06.01.2005;4.1
8;06.02.2005;0
8;06.03.2005;0
8;06.04.2005;0
8;06.05.2005;8.5
8;06.06.2005;2.1
8;06.07.2005;0
8;06.08.2005;6.3
8;06.09.2005;0
8;06.10.2005;0
8;06.11.2005;0
8;06.12.2005;0
8;06.13.2005;0
8;06.14.2005;0.1
8;06.15.2005;3.6
8;06.16.2005;0.9
8;06.17.2005;0.9
8;06.18.2005;0
8;06.19.2005;0
8;06.20.2005;0
8;06.21.2005;0
8;06.22.2005;0
8;06.23.2005;20.8
8;06.24.2005;0
8;06.25.2005;0
8;06.26.2005;0
8;06.27.2005;3.6
8;06.28.2005;0.5
8;06.29.2005;0
8;06.30.2005;40.4
8;07.01.2005;33.9
8;07.02.2005;40.1
8;07.03.2005;0
8;07.04.2005;0
8;07.05.2005;2.4
8;07.06.2005;44.7
8;07.07.2005;0
8;07.08.2005;20.9
8;07.09.2005;5.1
8;07.10.2005;2.7
8;07.11.2005;17.9
8;07.12.2005;0.8
8;07.13.2005;0.4
8;07.14.2005;0.1
8;07.15.2005;0
8;07.16.2005;0
8;07.17.2005;1.9
8;07.18.2005;0
8;07.19.2005;3.9
8;07.20.2005;1.3
8;07.21.2005;26.6
8;07.22.2005;0.5
8;07.23.2005;14.4
8;07.24.2005;6
8;07.25.2005;0
8;07.26.2005;0
8;07.27.2005;0
8;07.28.2005;0
8;07.29.2005;0
8;07.30.2005;0
8;07.31.2005;0
8;08.01.2005;0
8;08.02.2005;0
8;08.03.2005;0.1
8;08.04.2005;15.6
8;08.05.2005;6.8
8;08.06.2005;0
8;08.07.2005;63.1
8;08.08.2005;5
8;08.09.2005;0.2
8;08.10.2005;0
8;08.11.2005;0
8;08.12.2005;32.6
8;08.13.2005;4.2
8;08.14.2005;7.6
8;08.15.2005;29.8
8;08.16.2005;1.1
8;08.17.2005;0.1
8;08.18.2005;0
8;08.19.2005;0
8;08.20.2005;0
8;08.21.2005;24.6
8;08.22.2005;28.5
8;08.23.2005;25.1
8;08.24.2005;0
8;08.25.2005;0.1
8;08.26.2005;1.9
8;08.27.2005;30.1
8;08.28.2005;2.4
8;08.29.2005;2.4
8;08.30.2005;0
8;08.31.2005;0
8;09.01.2005;0
8;09.02.2005;0
8;09.03.2005;0
8;09.04.2005;10.3
8;09.05.2005;0
8;09.06.2005;0
8;09.07.2005;0
8;09.08.2005;0
8;09.09.2005;0
8;09.10.2005;9.7
8;09.11.2005;0
8;09.12.2005;0.9
8;09.13.2005;0
8;09.14.2005;0
8;09.15.2005;0
8;09.16.2005;0
8;09.17.2005;7.4
8;09.18.2005;41.6
8;09.19.2005;24.8
8;09.20.2005;8
8;09.21.2005;1.8
8;09.22.2005;0.2
8;09.23.2005;0
8;09.24.2005;0
8;09.25.2005;0
8;09.26.2005;0
8;09.27.2005;0
8;09.28.2005;4.9
8;09.29.2005;5.1
8;09.30.2005;68.4
8;10.01.2005;0
8;10.02.2005;0
8;10.03.2005;7.7
8;10.04.2005;23.3
8;10.05.2005;25.8
8;10.06.2005;39.1
8;10.07.2005;4.5
8;10.08.2005;5.4
8;10.09.2005;0.1
8;10.10.2005;0
8;10.11.2005;0
8;10.12.2005;0
8;10.13.2005;0
8;10.14.2005;0
8;10.15.2005;0
8;10.16.2005;0
8;10.17.2005;0
8;10.18.2005;0
8;10.19.2005;0
8;10.20.2005;0
8;10.21.2005;1.5
8;10.22.2005;0
8;10.23.2005;0
8;10.24.2005;0
8;10.25.2005;0
8;10.26.2005;0
8;10.27.2005;0
8;10.28.2005;0
8;10.29.2005;0
8;10.30.2005;0
8;10.31.2005;0
8;11.01.2005;0
8;11.02.2005;0.1
8;11.03.2005;0
8;11.04.2005;0
8;11.05.2005;0
8;11.06.2005;12.1
8;11.07.2005;5.4
8;11.08.2005;4.9
8;11.09.2005;0
8;11.10.2005;0
8;11.11.2005;0.3
8;11.12.2005;0
8;11.13.2005;0.2
8;11.14.2005;0.2
8;11.15.2005;0.1
8;11.16.2005;0.1
8;11.17.2005;0.5
8;11.18.2005;0
8;11.19.2005;0
8;11.20.2005;0
8;11.21.2005;0
8;11.22.2005;3.1
8;11.23.2005;0
8;11.24.2005;0
8;11.25.2005;1.1
8;11.26.2005;30.5
8;11.27.2005;52.7
8;11.28.2005;12.3
8;11.29.2005;0.4
8;11.30.2005;22.1
8;12.01.2005;0
8;12.02.2005;0.6
8;12.03.2005;5.2
8;12.04.2005;25.2
8;12.05.2005;18.4
8;12.06.2005;35
8;12.07.2005;1.5
8;12.08.2005;0
8;12.09.2005;0
8;12.10.2005;0
8;12.11.2005;0
8;12.12.2005;0
8;12.13.2005;3.7
8;12.14.2005;0
8;12.15.2005;0.5
8;12.16.2005;0
8;12.17.2005;0
8;12.18.2005;0
8;12.19.2005;0
8;12.20.2005;0
8;12.21.2005;0
8;12.22.2005;0
8;12.23.2005;0
8;12.24.2005;0
8;12.25.2005;0
8;12.26.2005;0
8;12.27.2005;13.7
8;12.28.2005;19.8
8;12.29.2005;13.6
8;12.30.2005;3.9
8;12.31.2005;0
8;01.01.2006;7.1
8;01.02.2006;30.6
8;01.03.2006;3.1
8;01.04.2006;0
8;01.05.2006;0.1
8;01.06.2006;4.4
8;01.07.2006;1.6
8;01.08.2006;0
8;01.09.2006;0
8;01.10.2006;0
8;01.11.2006;0
8;01.12.2006;0
8;01.13.2006;0
8;01.14.2006;0
8;01.15.2006;0
8;01.16.2006;0
8;01.17.2006;0
8;01.18.2006;0.7
8;01.19.2006;0
8;01.20.2006;0
8;01.21.2006;0
8;01.22.2006;0
8;01.23.2006;0
8;01.24.2006;0
8;01.25.2006;0
8;01.26.2006;0
8;01.27.2006;0.1
8;01.28.2006;0
8;01.29.2006;1.1
8;01.30.2006;0
8;01.31.2006;0.3
8;02.01.2006;0.2
8;02.02.2006;0
8;02.03.2006;0
8;02.04.2006;0
8;02.05.2006;0
8;02.06.2006;0
8;02.07.2006;0
8;02.08.2006;0
8;02.09.2006;0
8;02.10.2006;0.1
8;02.11.2006;0
8;02.12.2006;0
8;02.13.2006;0
8;02.14.2006;0
8;02.15.2006;0
8;02.16.2006;2.8
8;02.17.2006;5.6
8;02.18.2006;4.9
8;02.19.2006;6.4
8;02.20.2006;2.8
8;02.21.2006;16.2
8;02.22.2006;5.7
8;02.23.2006;1.8
8;02.24.2006;0
8;02.25.2006;1.2
8;02.26.2006;4.2
8;02.27.2006;4.9
8;02.28.2006;2.5
8;03.01.2006;0
8;03.02.2006;0.5
8;03.03.2006;2.4
8;03.04.2006;4.9
8;03.05.2006;24.4
8;03.06.2006;49.6
8;03.07.2006;0
8;03.08.2006;0
8;03.09.2006;0
8;03.10.2006;1.8
8;03.11.2006;24.3
8;03.12.2006;0
8;03.13.2006;0
8;03.14.2006;0
8;03.15.2006;1
8;03.16.2006;0
8;03.17.2006;0
8;03.18.2006;0
8;03.19.2006;0
8;03.20.2006;0
8;03.21.2006;0
8;03.22.2006;4.1
8;03.23.2006;10
8;03.24.2006;0.1
8;03.25.2006;0
8;03.26.2006;0
8;03.27.2006;0
8;03.28.2006;0
8;03.29.2006;8.2
8;03.30.2006;0.1
8;03.31.2006;0
8;04.01.2006;1.1
8;04.02.2006;0
8;04.03.2006;0
8;04.04.2006;14.8
8;04.05.2006;0
8;04.06.2006;10.1
8;04.07.2006;23.1
8;04.08.2006;0
8;04.09.2006;0
8;04.10.2006;0.3
8;04.11.2006;15.2
8;04.12.2006;3.1
8;04.13.2006;0
8;04.14.2006;0
8;04.15.2006;0
8;04.16.2006;0
8;04.17.2006;0
8;04.18.2006;12.1
8;04.19.2006;3.1
8;04.20.2006;0.2
8;04.21.2006;0.2
8;04.22.2006;0
8;04.23.2006;0
8;04.24.2006;0.1
8;04.25.2006;0
8;04.26.2006;0
8;04.27.2006;1.8
8;04.28.2006;9
8;04.29.2006;6.8
8;04.30.2006;20.8
8;05.01.2006;9.9
8;05.02.2006;0
8;05.03.2006;0.5
8;05.04.2006;0
8;05.05.2006;0
8;05.06.2006;0
8;05.07.2006;0
8;05.08.2006;0
8;05.09.2006;0
8;05.10.2006;4.9
8;05.11.2006;0
8;05.12.2006;0
8;05.13.2006;0
8;05.14.2006;0
8;05.15.2006;0.3
8;05.16.2006;0
8;05.17.2006;0
8;05.18.2006;0
8;05.19.2006;0
8;05.20.2006;15.1
8;05.21.2006;0
8;05.22.2006;0
8;05.23.2006;0
8;05.24.2006;21.4
8;05.25.2006;27.2
8;05.26.2006;0
8;05.27.2006;0
8;05.28.2006;0
8;05.29.2006;37.1
8;05.30.2006;38.7
8;05.31.2006;15
8;06.01.2006;1.7
8;06.02.2006;0
8;06.03.2006;2.4
8;06.04.2006;0
8;06.05.2006;0.2
8;06.06.2006;13.7
8;06.07.2006;9.7
8;06.08.2006;0
8;06.09.2006;0
8;06.10.2006;0
8;06.11.2006;1.1
8;06.12.2006;0
8;06.13.2006;0
8;06.14.2006;4.3
8;06.15.2006;0
8;06.16.2006;0
8;06.17.2006;0
8;06.18.2006;0
8;06.19.2006;0
8;06.20.2006;0
8;06.21.2006;0
8;06.22.2006;0
8;06.23.2006;0
8;06.24.2006;1.8
8;06.25.2006;0
8;06.26.2006;0
8;06.27.2006;0
8;06.28.2006;0
8;06.29.2006;0
8;06.30.2006;37.8
8;07.01.2006;0
8;07.02.2006;1.1
8;07.03.2006;0
8;07.04.2006;0
8;07.05.2006;0
8;07.06.2006;0
8;07.07.2006;0
8;07.08.2006;3.1
8;07.09.2006;0
8;07.10.2006;0.5
8;07.11.2006;0
8;07.12.2006;0
8;07.13.2006;0
8;07.14.2006;5.4
8;07.15.2006;3.4
8;07.16.2006;0
8;07.17.2006;0
8;07.18.2006;0
8;07.19.2006;0
8;07.20.2006;0
8;07.21.2006;0
8;07.22.2006;0
8;07.23.2006;0
8;07.24.2006;16.9
8;07.25.2006;0.5
8;07.26.2006;0
8;07.27.2006;0
8;07.28.2006;12.6
8;07.29.2006;11
8;07.30.2006;0
8;07.31.2006;0
8;08.01.2006;0
8;08.02.2006;14.4
8;08.03.2006;0.4
8;08.04.2006;30.3
8;08.05.2006;29.1
8;08.06.2006;0.1
8;08.07.2006;1.5
8;08.08.2006;0.2
8;08.09.2006;0
8;08.10.2006;0.5
8;08.11.2006;0.7
8;08.12.2006;10.5
8;08.13.2006;27.4
8;08.14.2006;0.2
8;08.15.2006;6.6
8;08.16.2006;0
8;08.17.2006;0
8;08.18.2006;0
8;08.19.2006;0
8;08.20.2006;0
8;08.21.2006;0
8;08.22.2006;0.1
8;08.23.2006;8.6
8;08.24.2006;0
8;08.25.2006;16.8
8;08.26.2006;0.2
8;08.27.2006;0
8;08.28.2006;3.5
8;08.29.2006;16.3
8;08.30.2006;11.7
8;08.31.2006;0
8;09.01.2006;0
8;09.02.2006;0
8;09.03.2006;0
8;09.04.2006;0
8;09.05.2006;0
8;09.06.2006;0
8;09.07.2006;0
8;09.08.2006;0
8;09.09.2006;1.1
8;09.10.2006;0
8;09.11.2006;0
8;09.12.2006;0
8;09.13.2006;0
8;09.14.2006;0
8;09.15.2006;0.1
8;09.16.2006;38.7
8;09.17.2006;16
8;09.18.2006;15.5
8;09.19.2006;2
8;09.20.2006;0
8;09.21.2006;0
8;09.22.2006;0
8;09.23.2006;0
8;09.24.2006;0
8;09.25.2006;0
8;09.26.2006;0
8;09.27.2006;0
8;09.28.2006;0
8;09.29.2006;0
8;09.30.2006;0
8;10.01.2006;0
8;10.02.2006;0.5
8;10.03.2006;1.1
8;10.04.2006;5.8
8;10.05.2006;6.3
8;10.06.2006;0
8;10.07.2006;0
8;10.08.2006;0
8;10.09.2006;0
8;10.10.2006;0
8;10.11.2006;0
8;10.12.2006;0
8;10.13.2006;0
8;10.14.2006;0
8;10.15.2006;0
8;10.16.2006;0
8;10.17.2006;0
8;10.18.2006;0
8;10.19.2006;0
8;10.20.2006;0.1
8;10.21.2006;3.9
8;10.22.2006;0
8;10.23.2006;0
8;10.24.2006;0.6
8;10.25.2006;35.8
8;10.26.2006;0
8;10.27.2006;0
8;10.28.2006;0
8;10.29.2006;0
8;10.30.2006;0
8;10.31.2006;0
8;11.01.2006;0
8;11.02.2006;8.5
8;11.03.2006;0
8;11.04.2006;0
8;11.05.2006;0
8;11.06.2006;0
8;11.07.2006;0
8;11.08.2006;0
8;11.09.2006;0
8;11.10.2006;0
8;11.11.2006;0
8;11.12.2006;0
8;11.13.2006;0
8;11.14.2006;0
8;11.15.2006;0
8;11.16.2006;0
8;11.17.2006;0
8;11.18.2006;0
8;11.19.2006;0.2
8;11.20.2006;0
8;11.21.2006;8.6
8;11.22.2006;21.6
8;11.23.2006;7.9
8;11.24.2006;0
8;11.25.2006;2.4
8;11.26.2006;0
8;11.27.2006;0
8;11.28.2006;0
8;11.29.2006;0
8;11.30.2006;0
8;12.01.2006;0
8;12.02.2006;0
8;12.03.2006;0
8;12.04.2006;0
8;12.05.2006;0
8;12.06.2006;0
8;12.07.2006;0.6
8;12.08.2006;2.5
8;12.09.2006;1
8;12.10.2006;55.3
8;12.11.2006;0.6
8;12.12.2006;0
8;12.13.2006;0
8;12.14.2006;0
8;12.15.2006;0
8;12.16.2006;0
8;12.17.2006;0
8;12.18.2006;7.6
8;12.19.2006;17.6
8;12.20.2006;0
8;12.21.2006;0
8;12.22.2006;0.4
8;12.23.2006;0
8;12.24.2006;0
8;12.25.2006;0
8;12.26.2006;0
8;12.27.2006;0
8;12.28.2006;0
8;12.29.2006;0
8;12.30.2006;0
8;12.31.2006;0
8;01.01.2007;0
8;01.02.2007;6.3
8;01.03.2007;0
8;01.04.2007;0
8;01.05.2007;0
8;01.06.2007;0
8;01.07.2007;0
8;01.08.2007;0
8;01.09.2007;1.6
8;01.10.2007;0
8;01.11.2007;0
8;01.12.2007;0
8;01.13.2007;0
8;01.14.2007;0
8;01.15.2007;0
8;01.16.2007;0
8;01.17.2007;0
8;01.18.2007;0
8;01.19.2007;0
8;01.20.2007;0
8;01.21.2007;0
8;01.22.2007;9.3
8;01.23.2007;12.6
8;01.24.2007;26.6
8;01.25.2007;14.6
8;01.26.2007;3.3
8;01.27.2007;0
8;01.28.2007;0
8;01.29.2007;0
8;01.30.2007;0
8;01.31.2007;0
8;02.01.2007;0
8;02.02.2007;0
8;02.03.2007;0
8;02.04.2007;0
8;02.05.2007;0
8;02.06.2007;0
8;02.07.2007;10
8;02.08.2007;3.6
8;02.09.2007;11.4
8;02.10.2007;2.6
8;02.11.2007;0
8;02.12.2007;0
8;02.13.2007;15.9
8;02.14.2007;0
8;02.15.2007;2
8;02.16.2007;0
8;02.17.2007;0
8;02.18.2007;0
8;02.19.2007;0
8;02.20.2007;0
8;02.21.2007;0
8;02.22.2007;0.1
8;02.23.2007;0
8;02.24.2007;0
8;02.25.2007;0.1
8;02.26.2007;28.7
8;02.27.2007;0
8;02.28.2007;0
8;03.01.2007;0
8;03.02.2007;0
8;03.03.2007;7.7
8;03.04.2007;0.1
8;03.05.2007;0
8;03.06.2007;0.1
8;03.07.2007;2.4
8;03.08.2007;16.3
8;03.09.2007;5
8;03.10.2007;0
8;03.11.2007;0
8;03.12.2007;0
8;03.13.2007;0
8;03.14.2007;0
8;03.15.2007;0
8;03.16.2007;0
8;03.17.2007;0
8;03.18.2007;0
8;03.19.2007;2.2
8;03.20.2007;47.8
8;03.21.2007;3.6
8;03.22.2007;0
8;03.23.2007;0
8;03.24.2007;0
8;03.25.2007;2.4
8;03.26.2007;0
8;03.27.2007;0
8;03.28.2007;0
8;03.29.2007;0
8;03.30.2007;0
8;03.31.2007;7.1
8;04.01.2007;1.6
8;04.02.2007;0.7
8;04.03.2007;0
8;04.04.2007;0.2
8;04.05.2007;0
8;04.06.2007;0
8;04.07.2007;0
8;04.08.2007;0
8;04.09.2007;0
8;04.10.2007;0
8;04.11.2007;0
8;04.12.2007;0
8;04.13.2007;0
8;04.14.2007;0
8;04.15.2007;0
8;04.16.2007;0
8;04.17.2007;0
8;04.18.2007;0
8;04.19.2007;0.3
8;04.20.2007;0
8;04.21.2007;0
8;04.22.2007;0
8;04.23.2007;0
8;04.24.2007;0
8;04.25.2007;0
8;04.26.2007;0
8;04.27.2007;0
8;04.28.2007;0
8;04.29.2007;0
8;04.30.2007;0.4
8;05.01.2007;0
8;05.02.2007;0.8
8;05.03.2007;0
8;05.04.2007;0
8;05.05.2007;27.4
8;05.06.2007;0.7
8;05.07.2007;0
8;05.08.2007;0
8;05.09.2007;0
8;05.10.2007;1.5
8;05.11.2007;0
8;05.12.2007;0
8;05.13.2007;0
8;05.14.2007;0
8;05.15.2007;0
8;05.16.2007;5
8;05.17.2007;0.6
8;05.18.2007;2.9
8;05.19.2007;0
8;05.20.2007;0
8;05.21.2007;0
8;05.22.2007;0
8;05.23.2007;20.5
8;05.24.2007;0.1
8;05.25.2007;0
8;05.26.2007;0
8;05.27.2007;0
8;05.28.2007;14.5
8;05.29.2007;29.1
8;05.30.2007;0.4
8;05.31.2007;0
8;06.01.2007;0
8;06.02.2007;0
8;06.03.2007;0.9
8;06.04.2007;0
8;06.05.2007;7.2
8;06.06.2007;4.9
8;06.07.2007;2.2
8;06.08.2007;0.9
8;06.09.2007;2.1
8;06.10.2007;0
8;06.11.2007;0
8;06.12.2007;0
8;06.13.2007;6.6
8;06.14.2007;1.4
8;06.15.2007;0
8;06.16.2007;11.4
8;06.17.2007;0
8;06.18.2007;0.2
8;06.19.2007;0
8;06.20.2007;0
8;06.21.2007;0
8;06.22.2007;1.7
8;06.23.2007;3.2
8;06.24.2007;0.4
8;06.25.2007;0
8;06.26.2007;0
8;06.27.2007;0
8;06.28.2007;52.4
8;06.29.2007;0
8;06.30.2007;6.1
8;07.01.2007;0
8;07.02.2007;0
8;07.03.2007;8.5
8;07.04.2007;0
8;07.05.2007;38
8;07.06.2007;1.7
8;07.07.2007;0
8;07.08.2007;0
8;07.09.2007;0
8;07.10.2007;13.9
8;07.11.2007;8.1
8;07.12.2007;0
8;07.13.2007;7.4
8;07.14.2007;0
8;07.15.2007;0
8;07.16.2007;0
8;07.17.2007;0
8;07.18.2007;0
8;07.19.2007;0
8;07.20.2007;0
8;07.21.2007;0
8;07.22.2007;0
8;07.23.2007;0
8;07.24.2007;0
8;07.25.2007;16.3
8;07.26.2007;0
8;07.27.2007;0
8;07.28.2007;0
8;07.29.2007;1.7
8;07.30.2007;1.2
8;07.31.2007;17.7
8;08.01.2007;0
8;08.02.2007;0
8;08.03.2007;0
8;08.04.2007;15.1
8;08.05.2007;0
8;08.06.2007;0
8;08.07.2007;0
8;08.08.2007;0.1
8;08.09.2007;0
8;08.10.2007;5.5
8;08.11.2007;6.2
8;08.12.2007;2.2
8;08.13.2007;0
8;08.14.2007;1.2
8;08.15.2007;0
8;08.16.2007;0
8;08.17.2007;0
8;08.18.2007;30.3
8;08.19.2007;0
8;08.20.2007;0
8;08.21.2007;11.1
8;08.22.2007;16.9
8;08.23.2007;13.1
8;08.24.2007;8.6
8;08.25.2007;0
8;08.26.2007;0
8;08.27.2007;0
8;08.28.2007;0
8;08.29.2007;0
8;08.30.2007;16
8;08.31.2007;10.3
8;09.01.2007;0
8;09.02.2007;10.8
8;09.03.2007;0
8;09.04.2007;25.8
8;09.05.2007;2.7
8;09.06.2007;0
8;09.07.2007;1.7
8;09.08.2007;0
8;09.09.2007;0
8;09.10.2007;0
8;09.11.2007;3
8;09.12.2007;0
8;09.13.2007;0
8;09.14.2007;0
8;09.15.2007;0
8;09.16.2007;0
8;09.17.2007;0
8;09.18.2007;9
8;09.19.2007;227.1
8;09.20.2007;0
8;09.21.2007;0
8;09.22.2007;0
8;09.23.2007;0
8;09.24.2007;0
8;09.25.2007;0
8;09.26.2007;0
8;09.27.2007;47.3
8;09.28.2007;33
8;09.29.2007;12.4
8;09.30.2007;0
8;10.01.2007;0
8;10.02.2007;0
8;10.03.2007;0
8;10.04.2007;0
8;10.05.2007;0.2
8;10.06.2007;25.1
8;10.07.2007;23.2
8;10.08.2007;0
8;10.09.2007;0
8;10.10.2007;0
8;10.11.2007;0
8;10.12.2007;0
8;10.13.2007;0
8;10.14.2007;0
8;10.15.2007;0
8;10.16.2007;0
8;10.17.2007;0
8;10.18.2007;0
8;10.19.2007;7.1
8;10.20.2007;0
8;10.21.2007;0
8;10.22.2007;0
8;10.23.2007;2.3
8;10.24.2007;3.9
8;10.25.2007;0
8;10.26.2007;1.5
8;10.27.2007;14.6
8;10.28.2007;4.1
8;10.29.2007;5.8
8;10.30.2007;0
8;10.31.2007;8.4
8;11.01.2007;0
8;11.02.2007;0
8;11.03.2007;0
8;11.04.2007;0
8;11.05.2007;0
8;11.06.2007;0
8;11.07.2007;0
8;11.08.2007;0
8;11.09.2007;3.1
8;11.10.2007;2.7
8;11.11.2007;0
8;11.12.2007;0
8;11.13.2007;0
8;11.14.2007;0.7
8;11.15.2007;0
8;11.16.2007;0
8;11.17.2007;0
8;11.18.2007;0
8;11.19.2007;3.8
8;11.20.2007;0
8;11.21.2007;0
8;11.22.2007;0
8;11.23.2007;0
8;11.24.2007;0
8;11.25.2007;17.5
8;11.26.2007;8
8;11.27.2007;0
8;11.28.2007;0
8;11.29.2007;0
8;11.30.2007;0
8;12.01.2007;0
8;12.02.2007;0.4
8;12.03.2007;6.7
8;12.04.2007;14.3
8;12.05.2007;0
8;12.06.2007;0
8;12.07.2007;0
8;12.08.2007;15.2
8;12.09.2007;0.5
8;12.10.2007;8.3
8;12.11.2007;0
8;12.12.2007;0
8;12.13.2007;1.6
8;12.14.2007;0
8;12.15.2007;0
8;12.16.2007;0.4
8;12.17.2007;0
8;12.18.2007;0
8;12.19.2007;0
8;12.20.2007;0
8;12.21.2007;0.1
8;12.22.2007;0
8;12.23.2007;0
8;12.24.2007;0
8;12.25.2007;0.1
8;12.26.2007;0.2
8;12.27.2007;0
8;12.28.2007;0
8;12.29.2007;0
8;12.30.2007;0
8;12.31.2007;0
8;01.01.2008;0
8;01.02.2008;0
8;01.03.2008;0
8;01.04.2008;0
8;01.05.2008;0.6
8;01.06.2008;7.6
8;01.07.2008;1.8
8;01.08.2008;0
8;01.09.2008;0
8;01.10.2008;0
8;01.11.2008;0
8;01.12.2008;9.4
8;01.13.2008;5
8;01.14.2008;11.7
8;01.15.2008;0
8;01.16.2008;1.4
8;01.17.2008;10.5
8;01.18.2008;14.3
8;01.19.2008;0
8;01.20.2008;0
8;01.21.2008;0
8;01.22.2008;0
8;01.23.2008;0
8;01.24.2008;0
8;01.25.2008;0
8;01.26.2008;0
8;01.27.2008;0
8;01.28.2008;0
8;01.29.2008;0
8;01.30.2008;0
8;01.31.2008;0
8;02.01.2008;0
8;02.02.2008;0
8;02.03.2008;12.7
8;02.04.2008;7.5
8;02.05.2008;13.1
8;02.06.2008;0.2
8;02.07.2008;0
8;02.08.2008;0
8;02.09.2008;0
8;02.10.2008;0
8;02.11.2008;0
8;02.12.2008;0
8;02.13.2008;0
8;02.14.2008;0
8;02.15.2008;0
8;02.16.2008;0
8;02.17.2008;0
8;02.18.2008;0
8;02.19.2008;0
8;02.20.2008;0
8;02.21.2008;0
8;02.22.2008;0
8;02.23.2008;0
8;02.24.2008;0
8;02.25.2008;0
8;02.26.2008;0
8;02.27.2008;0
8;02.28.2008;0
8;02.29.2008;0
8;03.01.2008;0
8;03.02.2008;4.9
8;03.03.2008;0
8;03.04.2008;14.6
8;03.05.2008;18.3
8;03.06.2008;0
8;03.07.2008;0.4
8;03.08.2008;1.2
8;03.09.2008;1.4
8;03.10.2008;0
8;03.11.2008;2.2
8;03.12.2008;1.2
8;03.13.2008;0
8;03.14.2008;0
8;03.15.2008;0
8;03.16.2008;0
8;03.17.2008;14.7
8;03.18.2008;16.2
8;03.19.2008;2.8
8;03.20.2008;0
8;03.21.2008;0
8;03.22.2008;16.1
8;03.23.2008;7.2
8;03.24.2008;10.8
8;03.25.2008;6.1
8;03.26.2008;0
8;03.27.2008;0.1
8;03.28.2008;5.2
8;03.29.2008;0
8;03.30.2008;8.3
8;03.31.2008;0
8;04.01.2008;0
8;04.02.2008;0
8;04.03.2008;1.6
8;04.04.2008;0
8;04.05.2008;0
8;04.06.2008;0
8;04.07.2008;4
8;04.08.2008;2
8;04.09.2008;5.2
8;04.10.2008;0
8;04.11.2008;10.7
8;04.12.2008;16.3
8;04.13.2008;30.8
8;04.14.2008;0.1
8;04.15.2008;0
8;04.16.2008;0
8;04.17.2008;3.7
8;04.18.2008;0.4
8;04.19.2008;13.1
8;04.20.2008;2.2
8;04.21.2008;0
8;04.22.2008;17.7
8;04.23.2008;14.7
8;04.24.2008;0.1
8;04.25.2008;0
8;04.26.2008;1.4
8;04.27.2008;0.1
8;04.28.2008;0
8;04.29.2008;0
8;04.30.2008;2
8;05.01.2008;0.3
8;05.02.2008;0.1
8;05.03.2008;0
8;05.04.2008;0
8;05.05.2008;4.6
8;05.06.2008;3.6
8;05.07.2008;1.8
8;05.08.2008;0
8;05.09.2008;0
8;05.10.2008;0
8;05.11.2008;0
8;05.12.2008;0
8;05.13.2008;0
8;05.14.2008;0
8;05.15.2008;0
8;05.16.2008;0.8
8;05.17.2008;0
8;05.18.2008;5.6
8;05.19.2008;17.2
8;05.20.2008;40.5
8;05.21.2008;10.7
8;05.22.2008;0
8;05.23.2008;0
8;05.24.2008;0.5
8;05.25.2008;0
8;05.26.2008;0
8;05.27.2008;0
8;05.28.2008;0
8;05.29.2008;0
8;05.30.2008;0
8;05.31.2008;0
8;06.01.2008;0
8;06.02.2008;2.2
8;06.03.2008;17.6
8;06.04.2008;29.8
8;06.05.2008;53.3
8;06.06.2008;19.8
8;06.07.2008;14.7
8;06.08.2008;3.4
8;06.09.2008;1.4
8;06.10.2008;1.8
8;06.11.2008;0
8;06.12.2008;0
8;06.13.2008;13.8
8;06.14.2008;7.2
8;06.15.2008;8
8;06.16.2008;0
8;06.17.2008;0.1
8;06.18.2008;5.7
8;06.19.2008;0.3
8;06.20.2008;0
8;06.21.2008;2.4
8;06.22.2008;0
8;06.23.2008;0
8;06.24.2008;0
8;06.25.2008;0
8;06.26.2008;0
8;06.27.2008;0
8;06.28.2008;6.8
8;06.29.2008;0
8;06.30.2008;0
8;07.01.2008;0
8;07.02.2008;0
8;07.03.2008;0
8;07.04.2008;0
8;07.05.2008;1.6
8;07.06.2008;0
8;07.07.2008;20.2
8;07.08.2008;31.5
8;07.09.2008;18.7
8;07.10.2008;0
8;07.11.2008;0
8;07.12.2008;0
8;07.13.2008;0
8;07.14.2008;73.9
8;07.15.2008;4.6
8;07.16.2008;0
8;07.17.2008;0
8;07.18.2008;53.6
8;07.19.2008;5.6
8;07.20.2008;0
8;07.21.2008;16.7
8;07.22.2008;26.6
8;07.23.2008;0.5
8;07.24.2008;1.6
8;07.25.2008;0
8;07.26.2008;0
8;07.27.2008;19.6
8;07.28.2008;0
8;07.29.2008;0
8;07.30.2008;0
8;07.31.2008;3.8
8;08.01.2008;0
8;08.02.2008;0
8;08.03.2008;0
8;08.04.2008;0
8;08.05.2008;0.6
8;08.06.2008;3.5
8;08.07.2008;0
8;08.08.2008;0
8;08.09.2008;22.8
8;08.10.2008;0
8;08.11.2008;0
8;08.12.2008;0
8;08.13.2008;0
8;08.14.2008;1.6
8;08.15.2008;0
8;08.16.2008;48.1
8;08.17.2008;0.8
8;08.18.2008;0
8;08.19.2008;0
8;08.20.2008;0
8;08.21.2008;0
8;08.22.2008;0
8;08.23.2008;0
8;08.24.2008;96.7
8;08.25.2008;0.2
8;08.26.2008;0
8;08.27.2008;0
8;08.28.2008;0
8;08.29.2008;0
8;08.30.2008;0
8;08.31.2008;0
8;09.01.2008;0
8;09.02.2008;0
8;09.03.2008;0.4
8;09.04.2008;0
8;09.05.2008;1
8;09.06.2008;0
8;09.07.2008;0
8;09.08.2008;5.3
8;09.09.2008;0
8;09.10.2008;0
8;09.11.2008;0
8;09.12.2008;0
8;09.13.2008;2.2
8;09.14.2008;13.2
8;09.15.2008;1.8
8;09.16.2008;0
8;09.17.2008;0
8;09.18.2008;0
8;09.19.2008;0
8;09.20.2008;0
8;09.21.2008;0
8;09.22.2008;0
8;09.23.2008;0.2
8;09.24.2008;1.4
8;09.25.2008;0.1
8;09.26.2008;0.3
8;09.27.2008;0
8;09.28.2008;0
8;09.29.2008;0
8;09.30.2008;0
8;10.01.2008;0
8;10.02.2008;0
8;10.03.2008;0.1
8;10.04.2008;22.1
8;10.05.2008;0
8;10.06.2008;0
8;10.07.2008;0
8;10.08.2008;0
8;10.09.2008;0
8;10.10.2008;0
8;10.11.2008;0
8;10.12.2008;0
8;10.13.2008;0
8;10.14.2008;0
8;10.15.2008;0
8;10.16.2008;0
8;10.17.2008;5.4
8;10.18.2008;9.5
8;10.19.2008;0
8;10.20.2008;0
8;10.21.2008;0
8;10.22.2008;0
8;10.23.2008;0
8;10.24.2008;0
8;10.25.2008;0
8;10.26.2008;0
8;10.27.2008;0
8;10.28.2008;5.4
8;10.29.2008;25.1
8;10.30.2008;9.4
8;10.31.2008;13.4
8;11.01.2008;16.3
8;11.02.2008;6.9
8;11.03.2008;0
8;11.04.2008;0
8;11.05.2008;8.3
8;11.06.2008;1.2
8;11.07.2008;3.8
8;11.08.2008;3.6
8;11.09.2008;1.3
8;11.10.2008;0
8;11.11.2008;0
8;11.12.2008;0
8;11.13.2008;8.6
8;11.14.2008;15.2
8;11.15.2008;0
8;11.16.2008;0
8;11.17.2008;0
8;11.18.2008;0
8;11.19.2008;0
8;11.20.2008;0
8;11.21.2008;0
8;11.22.2008;1.6
8;11.23.2008;0
8;11.24.2008;0
8;11.25.2008;15.5
8;11.26.2008;1.3
8;11.27.2008;0
8;11.28.2008;0
8;11.29.2008;15.7
8;11.30.2008;12.3
8;12.01.2008;23.4
8;12.02.2008;20.6
8;12.03.2008;8.3
8;12.04.2008;0
8;12.05.2008;2.1
8;12.06.2008;61.9
8;12.07.2008;0.2
8;12.08.2008;0
8;12.09.2008;0
8;12.10.2008;0
8;12.11.2008;58.3
8;12.12.2008;42.6
8;12.13.2008;10.8
8;12.14.2008;1.5
8;12.15.2008;3.7
8;12.16.2008;16.3
8;12.17.2008;18.3
8;12.18.2008;4.2
8;12.19.2008;0.8
8;12.20.2008;0
8;12.21.2008;0
8;12.22.2008;0
8;12.23.2008;0
8;12.24.2008;0
8;12.25.2008;0
8;12.26.2008;0.5
8;12.27.2008;0
8;12.28.2008;0
8;12.29.2008;0
8;12.30.2008;0
8;12.31.2008;0
8;01.01.2009;0
8;01.02.2009;0.4
8;01.03.2009;1.4
8;01.04.2009;0
8;01.05.2009;0
8;01.06.2009;0
8;01.07.2009;0
8;01.08.2009;1.4
8;01.09.2009;0
8;01.10.2009;0
8;01.11.2009;0
8;01.12.2009;0
8;01.13.2009;0.1
8;01.14.2009;4.9
8;01.15.2009;12.2
8;01.16.2009;0.8
8;01.17.2009;0
8;01.18.2009;0
8;01.19.2009;6.6
8;01.20.2009;5.4
8;01.21.2009;20.9
8;01.22.2009;19.4
8;01.23.2009;0
8;01.24.2009;1.1
8;01.25.2009;1
8;01.26.2009;0
8;01.27.2009;6.4
8;01.28.2009;10.1
8;01.29.2009;0
8;01.30.2009;0
8;01.31.2009;0
8;02.01.2009;0
8;02.02.2009;18.8
8;02.03.2009;20.3
8;02.04.2009;11.8
8;02.05.2009;0.7
8;02.06.2009;4.8
8;02.07.2009;8.2
8;02.08.2009;13.3
8;02.09.2009;3.5
8;02.10.2009;0
8;02.11.2009;10.3
8;02.12.2009;0
8;02.13.2009;0
8;02.14.2009;0
8;02.15.2009;0
8;02.16.2009;0
8;02.17.2009;0
8;02.18.2009;0.5
8;02.19.2009;0
8;02.20.2009;0
8;02.21.2009;0
8;02.22.2009;0
8;02.23.2009;0
8;02.24.2009;0
8;02.25.2009;0
8;02.26.2009;0
8;02.27.2009;0
8;02.28.2009;0
8;03.01.2009;0
8;03.02.2009;0
8;03.03.2009;0
8;03.04.2009;3.6
8;03.05.2009;31.8
8;03.06.2009;24.1
8;03.07.2009;0.8
8;03.08.2009;0
8;03.09.2009;0
8;03.10.2009;1.4
8;03.11.2009;0
8;03.12.2009;0
8;03.13.2009;0
8;03.14.2009;0
8;03.15.2009;0
8;03.16.2009;0.4
8;03.17.2009;0
8;03.18.2009;0
8;03.19.2009;0
8;03.20.2009;0.8
8;03.21.2009;0
8;03.22.2009;0
8;03.23.2009;0
8;03.24.2009;0
8;03.25.2009;0
8;03.26.2009;0
8;03.27.2009;0
8;03.28.2009;3.7
8;03.29.2009;5.1
8;03.30.2009;71.5
8;03.31.2009;24.8
8;04.01.2009;10.1
8;04.02.2009;1.1
8;04.03.2009;16.8
8;04.04.2009;0
8;04.05.2009;0
8;04.06.2009;0
8;04.07.2009;0
8;04.08.2009;0
8;04.09.2009;0
8;04.10.2009;0
8;04.11.2009;0
8;04.12.2009;0
8;04.13.2009;0
8;04.14.2009;0.1
8;04.15.2009;0
8;04.16.2009;0
8;04.17.2009;3.6
8;04.18.2009;5.4
8;04.19.2009;1.9
8;04.20.2009;11.1
8;04.21.2009;4.7
8;04.22.2009;0.1
8;04.23.2009;1.2
8;04.24.2009;20.6
8;04.25.2009;1.2
8;04.26.2009;0
8;04.27.2009;1
8;04.28.2009;2.1
8;04.29.2009;16.3
8;04.30.2009;13.1
8;05.01.2009;0.9
8;05.02.2009;1.6
8;05.03.2009;0
8;05.04.2009;0.5
8;05.05.2009;1.9
8;05.06.2009;0
8;05.07.2009;0
8;05.08.2009;0
8;05.09.2009;0
8;05.10.2009;0
8;05.11.2009;0
8;05.12.2009;0
8;05.13.2009;1.4
8;05.14.2009;0.5
8;05.15.2009;0
8;05.16.2009;1
8;05.17.2009;0
8;05.18.2009;0
8;05.19.2009;0
8;05.20.2009;0
8;05.21.2009;0
8;05.22.2009;0
8;05.23.2009;0
8;05.24.2009;0
8;05.25.2009;5.5
8;05.26.2009;23.5
8;05.27.2009;10.3
8;05.28.2009;25.4
8;05.29.2009;0
8;05.30.2009;0
8;05.31.2009;10.2
8;06.01.2009;0
8;06.02.2009;0.4
8;06.03.2009;0
8;06.04.2009;0
8;06.05.2009;3.8
8;06.06.2009;14.5
8;06.07.2009;15.7
8;06.08.2009;6.1
8;06.09.2009;0
8;06.10.2009;0
8;06.11.2009;0
8;06.12.2009;0.1
8;06.13.2009;0.5
8;06.14.2009;0
8;06.15.2009;0
8;06.16.2009;0
8;06.17.2009;19.2
8;06.18.2009;0
8;06.19.2009;0
8;06.20.2009;34.7
8;06.21.2009;31.6
8;06.22.2009;0
8;06.23.2009;0.2
8;06.24.2009;14
8;06.25.2009;2.9
8;06.26.2009;4.3
8;06.27.2009;4.4
8;06.28.2009;4.4
8;06.29.2009;4.8
8;06.30.2009;0
8;07.01.2009;0
8;07.02.2009;0.8
8;07.03.2009;0
8;07.04.2009;0
8;07.05.2009;1.7
8;07.06.2009;1.7
8;07.07.2009;5.7
8;07.08.2009;45.4
8;07.09.2009;22.1
8;07.10.2009;13.4
8;07.11.2009;2.7
8;07.12.2009;0.1
8;07.13.2009;0
8;07.14.2009;0
8;07.15.2009;0
8;07.16.2009;0
8;07.17.2009;0
8;07.18.2009;12.9
8;07.19.2009;22.4
8;07.20.2009;0
8;07.21.2009;0
8;07.22.2009;0
8;07.23.2009;0
8;07.24.2009;0
8;07.25.2009;3.2
8;07.26.2009;0.1
8;07.27.2009;0
8;07.28.2009;0
8;07.29.2009;0
8;07.30.2009;0
8;07.31.2009;0
8;08.01.2009;0
8;08.02.2009;0
8;08.03.2009;0
8;08.04.2009;32.3
8;08.05.2009;2.1
8;08.06.2009;0
8;08.07.2009;0
8;08.08.2009;0
8;08.09.2009;0
8;08.10.2009;0
8;08.11.2009;0.1
8;08.12.2009;0
8;08.13.2009;0
8;08.14.2009;3.6
8;08.15.2009;0
8;08.16.2009;0
8;08.17.2009;0
8;08.18.2009;1.2
8;08.19.2009;0
8;08.20.2009;0
8;08.21.2009;0
8;08.22.2009;0
8;08.23.2009;6.4
8;08.24.2009;0
8;08.25.2009;0
8;08.26.2009;0
8;08.27.2009;0
8;08.28.2009;0
8;08.29.2009;0
8;08.30.2009;61.1
8;08.31.2009;0
8;09.01.2009;0
8;09.02.2009;0
8;09.03.2009;0
8;09.04.2009;0.4
8;09.05.2009;24
8;09.06.2009;0
8;09.07.2009;0
8;09.08.2009;0
8;09.09.2009;0
8;09.10.2009;0
8;09.11.2009;0.2
8;09.12.2009;3.1
8;09.13.2009;0
8;09.14.2009;1.4
8;09.15.2009;12.4
8;09.16.2009;0
8;09.17.2009;26.3
8;09.18.2009;0
8;09.19.2009;0
8;09.20.2009;0
8;09.21.2009;0
8;09.22.2009;0
8;09.23.2009;0
8;09.24.2009;0
8;09.25.2009;0
8;09.26.2009;0
8;09.27.2009;0
8;09.28.2009;0
8;09.29.2009;0
8;09.30.2009;0
8;10.01.2009;0
8;10.02.2009;4.2
8;10.03.2009;8.5
8;10.04.2009;0
8;10.05.2009;0
8;10.06.2009;0
8;10.07.2009;0
8;10.08.2009;0
8;10.09.2009;0
8;10.10.2009;8.4
8;10.11.2009;11.5
8;10.12.2009;5.2
8;10.13.2009;3.6
8;10.14.2009;0
8;10.15.2009;0
8;10.16.2009;0
8;10.17.2009;0
8;10.18.2009;0
8;10.19.2009;0
8;10.20.2009;0
8;10.21.2009;0
8;10.22.2009;1.8
8;10.23.2009;32.2
8;10.24.2009;7.2
8;10.25.2009;1.4
8;10.26.2009;0
8;10.27.2009;0
8;10.28.2009;0
8;10.29.2009;0
8;10.30.2009;0
8;10.31.2009;0
8;11.01.2009;0
8;11.02.2009;0
8;11.03.2009;28.4
8;11.04.2009;2.7
8;11.05.2009;10.5
8;11.06.2009;3.8
8;11.07.2009;17.7
8;11.08.2009;0.2
8;11.09.2009;15.7
8;11.10.2009;3.8
8;11.11.2009;0
8;11.12.2009;0
8;11.13.2009;0
8;11.14.2009;0
8;11.15.2009;0.1
8;11.16.2009;0
8;11.17.2009;0
8;11.18.2009;0
8;11.19.2009;0
8;11.20.2009;0
8;11.21.2009;0
8;11.22.2009;0
8;11.23.2009;0.4
8;11.24.2009;0
8;11.25.2009;0
8;11.26.2009;0
8;11.27.2009;13.7
8;11.28.2009;5.3
8;11.29.2009;5.3
8;11.30.2009;3.5
8;12.01.2009;36.9
8;12.02.2009;1.4
8;12.03.2009;0
8;12.04.2009;0
8;12.05.2009;6.1
8;12.06.2009;0
8;12.07.2009;0
8;12.08.2009;2.7
8;12.09.2009;13.6
8;12.10.2009;0
8;12.11.2009;1.1
8;12.12.2009;0
8;12.13.2009;0.1
8;12.14.2009;0.1
8;12.15.2009;4.5
8;12.16.2009;0
8;12.17.2009;0.3
8;12.18.2009;0.3
8;12.19.2009;2.5
8;12.20.2009;6.3
8;12.21.2009;0
8;12.22.2009;11.8
8;12.23.2009;50.2
8;12.24.2009;22.5
8;12.25.2009;36.2
8;12.26.2009;24.6
8;12.27.2009;0
8;12.28.2009;0
8;12.29.2009;0
8;12.30.2009;0
8;12.31.2009;1.2
8;01.01.2010;3.3
8;01.02.2010;4.5
8;01.03.2010;3.2
8;01.04.2010;0
8;01.05.2010;3.2
8;01.06.2010;10.8
8;01.07.2010;2.6
8;01.08.2010;3.2
8;01.09.2010;36
8;01.10.2010;5.6
8;01.11.2010;0
8;01.12.2010;3.8
8;01.13.2010;0.4
8;01.14.2010;0
8;01.15.2010;0
8;01.16.2010;0
8;01.17.2010;0
8;01.18.2010;1.6
8;01.19.2010;0
8;01.20.2010;0
8;01.21.2010;0
8;01.22.2010;3.6
8;01.23.2010;0.2
8;01.24.2010;0
8;01.25.2010;0
8;01.26.2010;0.1
8;01.27.2010;1.1
8;01.28.2010;0
8;01.29.2010;0
8;01.30.2010;2.3
8;01.31.2010;8.3
8;02.01.2010;0
8;02.02.2010;0
8;02.03.2010;0
8;02.04.2010;0
8;02.05.2010;0
8;02.06.2010;14
8;02.07.2010;1.2
8;02.08.2010;0
8;02.09.2010;0
8;02.10.2010;0.9
8;02.11.2010;16.7
8;02.12.2010;3.9
8;02.13.2010;0
8;02.14.2010;0
8;02.15.2010;0
8;02.16.2010;0
8;02.17.2010;0
8;02.18.2010;0.7
8;02.19.2010;0
8;02.20.2010;42.1
8;02.21.2010;11.5
8;02.22.2010;1.5
8;02.23.2010;0.6
8;02.24.2010;1.1
8;02.25.2010;0.3
8;02.26.2010;0.1
8;02.27.2010;20.6
8;02.28.2010;0
8;03.01.2010;1.4
8;03.02.2010;0
8;03.03.2010;0.4
8;03.04.2010;2.8
8;03.05.2010;1.6
8;03.06.2010;0
8;03.07.2010;0
8;03.08.2010;0
8;03.09.2010;0
8;03.10.2010;0
8;03.11.2010;9
8;03.12.2010;0
8;03.13.2010;0
8;03.14.2010;0
8;03.15.2010;0
8;03.16.2010;0
8;03.17.2010;0
8;03.18.2010;0
8;03.19.2010;0
8;03.20.2010;0
8;03.21.2010;0
8;03.22.2010;0
8;03.23.2010;2.3
8;03.24.2010;0
8;03.25.2010;0
8;03.26.2010;0
8;03.27.2010;6.2
8;03.28.2010;1.2
8;03.29.2010;0.2
8;03.30.2010;0
8;03.31.2010;6.3
8;04.01.2010;14.3
8;04.02.2010;8.6
8;04.03.2010;0
8;04.04.2010;0
8;04.05.2010;7.9
8;04.06.2010;0
8;04.07.2010;0
8;04.08.2010;0
8;04.09.2010;0
8;04.10.2010;0.1
8;04.11.2010;2.8
8;04.12.2010;0.5
8;04.13.2010;0.3
8;04.14.2010;4.7
8;04.15.2010;2.9
8;04.16.2010;0
8;04.17.2010;0
8;04.18.2010;2.1
8;04.19.2010;3.4
8;04.20.2010;0
8;04.21.2010;0
8;04.22.2010;0
8;04.23.2010;0
8;04.24.2010;0
8;04.25.2010;0
8;04.26.2010;0
8;04.27.2010;23.3
8;04.28.2010;0
8;04.29.2010;0
8;04.30.2010;0
8;05.01.2010;0
8;05.02.2010;0
8;05.03.2010;8.7
8;05.04.2010;9.5
8;05.05.2010;13.8
8;05.06.2010;16.2
8;05.07.2010;5.6
8;05.08.2010;0
8;05.09.2010;3.3
8;05.10.2010;0.3
8;05.11.2010;0.5
8;05.12.2010;10.8
8;05.13.2010;4.6
8;05.14.2010;13
8;05.15.2010;3.5
8;05.16.2010;0.6
8;05.17.2010;0
8;05.18.2010;0
8;05.19.2010;0
8;05.20.2010;0
8;05.21.2010;0
8;05.22.2010;0
8;05.23.2010;0
8;05.24.2010;0
8;05.25.2010;0
8;05.26.2010;0
8;05.27.2010;0
8;05.28.2010;0
8;05.29.2010;0
8;05.30.2010;4.7
8;05.31.2010;25.8
8;06.01.2010;2.9
8;06.02.2010;0
8;06.03.2010;2.1
8;06.04.2010;0.7
8;06.05.2010;0
8;06.06.2010;0
8;06.07.2010;0
8;06.08.2010;0
8;06.09.2010;0
8;06.10.2010;0
8;06.11.2010;0
8;06.12.2010;0
8;06.13.2010;0
8;06.14.2010;0
8;06.15.2010;0
8;06.16.2010;14.8
8;06.17.2010;11.6
8;06.18.2010;17.8
8;06.19.2010;0.4
8;06.20.2010;28.6
8;06.21.2010;16.8
8;06.22.2010;0
8;06.23.2010;0
8;06.24.2010;0
8;06.25.2010;0
8;06.26.2010;0
8;06.27.2010;0
8;06.28.2010;0
8;06.29.2010;0
8;06.30.2010;0
8;07.01.2010;1.5
8;07.02.2010;4.6
8;07.03.2010;0
8;07.04.2010;0
8;07.05.2010;5.9
8;07.06.2010;0
8;07.07.2010;9.8
8;07.08.2010;0
8;07.09.2010;0
8;07.10.2010;0
8;07.11.2010;0
8;07.12.2010;0
8;07.13.2010;0
8;07.14.2010;0
8;07.15.2010;0
8;07.16.2010;0
8;07.17.2010;0
8;07.18.2010;0.5
8;07.19.2010;2.7
8;07.20.2010;0
8;07.21.2010;0
8;07.22.2010;0
8;07.23.2010;0
8;07.24.2010;2.1
8;07.25.2010;6.1
8;07.26.2010;0
8;07.27.2010;0
8;07.28.2010;0.1
8;07.29.2010;0
8;07.30.2010;73.2
8;07.31.2010;1.1
8;08.01.2010;0
8;08.02.2010;0
8;08.03.2010;0
8;08.04.2010;6.7
8;08.05.2010;0
8;08.06.2010;25.6
8;08.07.2010;18.1
8;08.08.2010;0
8;08.09.2010;16.4
8;08.10.2010;0
8;08.11.2010;0
8;08.12.2010;0
8;08.13.2010;3.3
8;08.14.2010;29.4
8;08.15.2010;16.6
8;08.16.2010;0
8;08.17.2010;1.1
8;08.18.2010;0.3
8;08.19.2010;0.3
8;08.20.2010;0
8;08.21.2010;0
8;08.22.2010;0
8;08.23.2010;0
8;08.24.2010;0
8;08.25.2010;4.5
8;08.26.2010;0.6
8;08.27.2010;0
8;08.28.2010;35.6
8;08.29.2010;6.9
8;08.30.2010;0.4
8;08.31.2010;3.6
8;09.01.2010;0
8;09.02.2010;0
8;09.03.2010;0
8;09.04.2010;0
8;09.05.2010;2.6
8;09.06.2010;3.8
8;09.07.2010;1.4
8;09.08.2010;12.7
8;09.09.2010;48.7
8;09.10.2010;7.6
8;09.11.2010;0
8;09.12.2010;0
8;09.13.2010;0
8;09.14.2010;0
8;09.15.2010;0
8;09.16.2010;0
8;09.17.2010;21.9
8;09.18.2010;89.5
8;09.19.2010;75.8
8;09.20.2010;0.1
8;09.21.2010;0
8;09.22.2010;0
8;09.23.2010;0
8;09.24.2010;0
8;09.25.2010;13.9
8;09.26.2010;28.6
8;09.27.2010;1.3
8;09.28.2010;1.3
8;09.29.2010;1.8
8;09.30.2010;0
8;10.01.2010;0
8;10.02.2010;0.1
8;10.03.2010;0
8;10.04.2010;0
8;10.05.2010;1.5
8;10.06.2010;12.1
8;10.07.2010;0.4
8;10.08.2010;0
8;10.09.2010;0
8;10.10.2010;0
8;10.11.2010;0
8;10.12.2010;0
8;10.13.2010;0
8;10.14.2010;0
8;10.15.2010;0
8;10.16.2010;0
8;10.17.2010;8.5
8;10.18.2010;9.1
8;10.19.2010;0
8;10.20.2010;0.4
8;10.21.2010;0.1
8;10.22.2010;0
8;10.23.2010;0
8;10.24.2010;0
8;10.25.2010;15.5
8;10.26.2010;33.8
8;10.27.2010;0
8;10.28.2010;0
8;10.29.2010;0
8;10.30.2010;0
8;10.31.2010;0
8;11.01.2010;1.4
8;11.02.2010;4.2
8;11.03.2010;1.3
8;11.04.2010;2.5
8;11.05.2010;0
8;11.06.2010;0
8;11.07.2010;0
8;11.08.2010;30
8;11.09.2010;12.2
8;11.10.2010;14
8;11.11.2010;10.2
8;11.12.2010;0
8;11.13.2010;0
8;11.14.2010;0
8;11.15.2010;0
8;11.16.2010;0
8;11.17.2010;21.4
8;11.18.2010;2.9
8;11.19.2010;21.9
8;11.20.2010;1.3
8;11.21.2010;0.4
8;11.22.2010;42.8
8;11.23.2010;1.9
8;11.24.2010;0
8;11.25.2010;0
8;11.26.2010;0
8;11.27.2010;8.5
8;11.28.2010;0
8;11.29.2010;27.5
8;11.30.2010;7.9
8;12.01.2010;4.7
8;12.02.2010;19.9
8;12.03.2010;13.5
8;12.04.2010;4.7
8;12.05.2010;2.3
8;12.06.2010;0.2
8;12.07.2010;9.3
8;12.08.2010;9.6
8;12.09.2010;6.6
8;12.10.2010;1.6
8;12.11.2010;0
8;12.12.2010;0
8;12.13.2010;0
8;12.14.2010;0.8
8;12.15.2010;0
8;12.16.2010;0
8;12.17.2010;0
8;12.18.2010;14.7
8;12.19.2010;1
8;12.20.2010;0
8;12.21.2010;0
8;12.22.2010;5.7
8;12.23.2010;12.5
8;12.24.2010;31.4
8;12.25.2010;26.4
8;12.26.2010;4.2
8;12.27.2010;0.1
8;12.28.2010;0
8;12.29.2010;0
8;12.30.2010;0
8;12.31.2010;0
8;01.01.2011;0
8;01.02.2011;0
8;01.03.2011;0.7
8;01.04.2011;0
8;01.05.2011;0
8;01.06.2011;0
8;01.07.2011;0
8;01.08.2011;0
8;01.09.2011;1.2
8;01.10.2011;0
8;01.11.2011;12.9
8;01.12.2011;13
8;01.13.2011;0
8;01.14.2011;0
8;01.15.2011;0
8;01.16.2011;0
8;01.17.2011;0
8;01.18.2011;0
8;01.19.2011;0
8;01.20.2011;10.7
8;01.21.2011;0
8;01.22.2011;0
8;01.23.2011;0
8;01.24.2011;0
8;01.25.2011;0
8;01.26.2011;0
8;01.27.2011;0
8;01.28.2011;1.8
8;01.29.2011;0
8;01.30.2011;0
8;01.31.2011;0
8;02.01.2011;0
8;02.02.2011;0
8;02.03.2011;0
8;02.04.2011;0
8;02.05.2011;0
8;02.06.2011;0
8;02.07.2011;0
8;02.08.2011;0
8;02.09.2011;0
8;02.10.2011;0
8;02.11.2011;0
8;02.12.2011;0
8;02.13.2011;0.6
8;02.14.2011;2.8
8;02.15.2011;0
8;02.16.2011;0.3
8;02.17.2011;26.3
8;02.18.2011;7.3
8;02.19.2011;0
8;02.20.2011;0
8;02.21.2011;2
8;02.22.2011;0.1
8;02.23.2011;0
8;02.24.2011;0
8;02.25.2011;0
8;02.26.2011;0
8;02.27.2011;0
8;02.28.2011;0
8;03.01.2011;0
8;03.02.2011;0
8;03.03.2011;0.1
8;03.04.2011;0.1
8;03.05.2011;0
8;03.06.2011;0
8;03.07.2011;0
8;03.08.2011;0
8;03.09.2011;0
8;03.10.2011;0
8;03.11.2011;0
8;03.12.2011;0
8;03.13.2011;0
8;03.14.2011;15.4
8;03.15.2011;10.5
8;03.16.2011;4.3
8;03.17.2011;45.8
8;03.18.2011;2.9
8;03.19.2011;0
8;03.20.2011;0
8;03.21.2011;0
8;03.22.2011;0
8;03.23.2011;0
8;03.24.2011;0
8;03.25.2011;0
8;03.26.2011;0
8;03.27.2011;0
8;03.28.2011;0.3
8;03.29.2011;4.5
8;03.30.2011;0
8;03.31.2011;0
8;04.01.2011;0
8;04.02.2011;0
8;04.03.2011;0
8;04.04.2011;0
8;04.05.2011;1.3
8;04.06.2011;0
8;04.07.2011;0
8;04.08.2011;0
8;04.09.2011;0
8;04.10.2011;0
8;04.11.2011;0
8;04.12.2011;0
8;04.13.2011;0.6
8;04.14.2011;0
8;04.15.2011;0
8;04.16.2011;0
8;04.17.2011;0
8;04.18.2011;0
8;04.19.2011;0
8;04.20.2011;0
8;04.21.2011;0
8;04.22.2011;0
8;04.23.2011;0
8;04.24.2011;0
8;04.25.2011;0.2
8;04.26.2011;5.1
8;04.27.2011;1.1
8;04.28.2011;1.2
8;04.29.2011;3.9
8;04.30.2011;7.3
8;05.01.2011;0.2
8;05.02.2011;2.6
8;05.03.2011;0
8;05.04.2011;3.6
8;05.05.2011;0
8;05.06.2011;0
8;05.07.2011;0
8;05.08.2011;0
8;05.09.2011;0
8;05.10.2011;0
8;05.11.2011;0
8;05.12.2011;0
8;05.13.2011;0.4
8;05.14.2011;0
8;05.15.2011;2.3
8;05.16.2011;20.4
8;05.17.2011;0
8;05.18.2011;0
8;05.19.2011;0
8;05.20.2011;0
8;05.21.2011;0
8;05.22.2011;0
8;05.23.2011;0
8;05.24.2011;6
8;05.25.2011;1.8
8;05.26.2011;0
8;05.27.2011;0
8;05.28.2011;36.1
8;05.29.2011;0.4
8;05.30.2011;0
8;05.31.2011;0
8;06.01.2011;0
8;06.02.2011;0
8;06.03.2011;4.7
8;06.04.2011;11.2
8;06.05.2011;19.8
8;06.06.2011;1.8
8;06.07.2011;0.7
8;06.08.2011;39.6
8;06.09.2011;1.9
8;06.10.2011;0.7
8;06.11.2011;0
8;06.12.2011;0
8;06.13.2011;0
8;06.14.2011;0
8;06.15.2011;0
8;06.16.2011;0
8;06.17.2011;0
8;06.18.2011;0
8;06.19.2011;7
8;06.20.2011;8.9
8;06.21.2011;0
8;06.22.2011;0
8;06.23.2011;1.2
8;06.24.2011;0.6
8;06.25.2011;28.7
8;06.26.2011;0
8;06.27.2011;0
8;06.28.2011;0
8;06.29.2011;0
8;06.30.2011;0
8;07.01.2011;0
8;07.02.2011;2.4
8;07.03.2011;0
8;07.04.2011;0
8;07.05.2011;0
8;07.06.2011;8.3
8;07.07.2011;0
8;07.08.2011;0
8;07.09.2011;0
8;07.10.2011;0
8;07.11.2011;0
8;07.12.2011;16.1
8;07.13.2011;0
8;07.14.2011;0
8;07.15.2011;0
8;07.16.2011;3.8
8;07.17.2011;0
8;07.18.2011;11.8
8;07.19.2011;8.7
8;07.20.2011;2
8;07.21.2011;3.7
8;07.22.2011;1.6
8;07.23.2011;13.4
8;07.24.2011;66.7
8;07.25.2011;5
8;07.26.2011;0
8;07.27.2011;0
8;07.28.2011;1
8;07.29.2011;0
8;07.30.2011;0
8;07.31.2011;3.1
8;08.01.2011;0.1
8;08.02.2011;0
8;08.03.2011;0
8;08.04.2011;0
8;08.05.2011;5.9
8;08.06.2011;0
8;08.07.2011;0
8;08.08.2011;0.1
8;08.09.2011;64.2
8;08.10.2011;2.7
8;08.11.2011;0
8;08.12.2011;0
8;08.13.2011;0
8;08.14.2011;0
8;08.15.2011;0
8;08.16.2011;0
8;08.17.2011;0
8;08.18.2011;0
8;08.19.2011;0
8;08.20.2011;17.8
8;08.21.2011;0
8;08.22.2011;0
8;08.23.2011;0
8;08.24.2011;0
8;08.25.2011;0
8;08.26.2011;0
8;08.27.2011;0
8;08.28.2011;2.8
8;08.29.2011;0
8;08.30.2011;0
8;08.31.2011;2.6
8;09.01.2011;0.2
8;09.02.2011;0
8;09.03.2011;8.1
8;09.04.2011;0
8;09.05.2011;6
8;09.06.2011;0.1
8;09.07.2011;0
8;09.08.2011;0
8;09.09.2011;0
8;09.10.2011;0
8;09.11.2011;0
8;09.12.2011;0
8;09.13.2011;0.2
8;09.14.2011;0
8;09.15.2011;0
8;09.16.2011;0
8;09.17.2011;0
8;09.18.2011;0
8;09.19.2011;24.1
8;09.20.2011;33
8;09.21.2011;0
8;09.22.2011;0
8;09.23.2011;0
8;09.24.2011;0
8;09.25.2011;0
8;09.26.2011;0
8;09.27.2011;0
8;09.28.2011;0
8;09.29.2011;0
8;09.30.2011;0
8;10.01.2011;0
8;10.02.2011;0
8;10.03.2011;0
8;10.04.2011;0
8;10.05.2011;0
8;10.06.2011;0
8;10.07.2011;0.2
8;10.08.2011;43.4
8;10.09.2011;0
8;10.10.2011;0
8;10.11.2011;0
8;10.12.2011;0
8;10.13.2011;0
8;10.14.2011;0
8;10.15.2011;0
8;10.16.2011;0
8;10.17.2011;0
8;10.18.2011;0
8;10.19.2011;0
8;10.20.2011;46.8
8;10.21.2011;34.4
8;10.22.2011;0
8;10.23.2011;0.1
8;10.24.2011;0.3
8;10.25.2011;5.2
8;10.26.2011;11.9
8;10.27.2011;49.8
8;10.28.2011;0.2
8;10.29.2011;0
8;10.30.2011;0
8;10.31.2011;0
8;11.01.2011;0
8;11.02.2011;0
8;11.03.2011;0
8;11.04.2011;0
8;11.05.2011;0
8;11.06.2011;0
8;11.07.2011;1.1
8;11.08.2011;0.9
8;11.09.2011;0
8;11.10.2011;0
8;11.11.2011;0
8;11.12.2011;0
8;11.13.2011;0
8;11.14.2011;0
8;11.15.2011;0
8;11.16.2011;0
8;11.17.2011;0
8;11.18.2011;0
8;11.19.2011;0
8;11.20.2011;0
8;11.21.2011;0
8;11.22.2011;0
8;11.23.2011;0
8;11.24.2011;0
8;11.25.2011;0
8;11.26.2011;0
8;11.27.2011;0
8;11.28.2011;0
8;11.29.2011;0
8;11.30.2011;0
8;12.01.2011;0
8;12.02.2011;0
8;12.03.2011;0.1
8;12.04.2011;12.2
8;12.05.2011;0.6
8;12.06.2011;7.7
8;12.07.2011;0
8;12.08.2011;0
8;12.09.2011;0
8;12.10.2011;0
8;12.11.2011;0
8;12.12.2011;0.2
8;12.13.2011;7.5
8;12.14.2011;0
8;12.15.2011;8.2
8;12.16.2011;23.3
8;12.17.2011;29.5
8;12.18.2011;0
8;12.19.2011;0
8;12.20.2011;0
8;12.21.2011;0
8;12.22.2011;0
8;12.23.2011;0
8;12.24.2011;0
8;12.25.2011;0
8;12.26.2011;0
8;12.27.2011;0
8;12.28.2011;0
8;12.29.2011;0
8;12.30.2011;3.1
8;12.31.2011;0
8;01.01.2012;0
8;01.02.2012;0
8;01.03.2012;17.2
8;01.04.2012;1.1
8;01.05.2012;0
8;01.06.2012;1.7
8;01.07.2012;0
8;01.08.2012;0
8;01.09.2012;0
8;01.10.2012;0
8;01.11.2012;0
8;01.12.2012;0
8;01.13.2012;0
8;01.14.2012;0
8;01.15.2012;0
8;01.16.2012;0
8;01.17.2012;0
8;01.18.2012;0
8;01.19.2012;0
8;01.20.2012;0
8;01.21.2012;0.6
8;01.22.2012;0
8;01.23.2012;0
8;01.24.2012;0.7
8;01.25.2012;0.1
8;01.26.2012;0
8;01.27.2012;0
8;01.28.2012;0
8;01.29.2012;0
8;01.30.2012;0
8;01.31.2012;0
8;02.01.2012;0
8;02.02.2012;0
8;02.03.2012;0
8;02.04.2012;0.5
8;02.05.2012;7.5
8;02.06.2012;0.6
8;02.07.2012;0.5
8;02.08.2012;0
8;02.09.2012;0
8;02.10.2012;0
8;02.11.2012;0
8;02.12.2012;0.2
8;02.13.2012;1.9
8;02.14.2012;0
8;02.15.2012;0
8;02.16.2012;0
8;02.17.2012;0
8;02.18.2012;0
8;02.19.2012;0
8;02.20.2012;25.6
8;02.21.2012;3.6
8;02.22.2012;0
8;02.23.2012;0
8;02.24.2012;0
8;02.25.2012;0
8;02.26.2012;0
8;02.27.2012;0
8;02.28.2012;0
8;02.29.2012;0
8;03.01.2012;0
8;03.02.2012;0
8;03.03.2012;0
8;03.04.2012;0
8;03.05.2012;0
8;03.06.2012;0
8;03.07.2012;0
8;03.08.2012;0
8;03.09.2012;0
8;03.10.2012;0
8;03.11.2012;0
8;03.12.2012;0
8;03.13.2012;0
8;03.14.2012;0
8;03.15.2012;0
8;03.16.2012;0
8;03.17.2012;0
8;03.18.2012;0
8;03.19.2012;0.1
8;03.20.2012;12.3
8;03.21.2012;0
8;03.22.2012;0
8;03.23.2012;0
8;03.24.2012;0
8;03.25.2012;0
8;03.26.2012;0
8;03.27.2012;0
8;03.28.2012;0
8;03.29.2012;0
8;03.30.2012;0
8;03.31.2012;0
8;04.01.2012;4.7
8;04.02.2012;0
8;04.03.2012;0
8;04.04.2012;0.5
8;04.05.2012;1.2
8;04.06.2012;11.6
8;04.07.2012;10.5
8;04.08.2012;23.8
8;04.09.2012;3.5
8;04.10.2012;0
8;04.11.2012;0
8;04.12.2012;13.9
8;04.13.2012;0
8;04.14.2012;0
8;04.15.2012;0.1
8;04.16.2012;8.6
8;04.17.2012;0
8;04.18.2012;0
8;04.19.2012;3.1
8;04.20.2012;1
8;04.21.2012;5.6
8;04.22.2012;0.4
8;04.23.2012;25.5
8;04.24.2012;0.4
8;04.25.2012;12.6
8;04.26.2012;0.1
8;04.27.2012;0
8;04.28.2012;0
8;04.29.2012;0
8;04.30.2012;0
8;05.01.2012;0.5
8;05.02.2012;2.1
8;05.03.2012;5.9
8;05.04.2012;0
8;05.05.2012;0.7
8;05.06.2012;0
8;05.07.2012;13.5
8;05.08.2012;4.3
8;05.09.2012;0
8;05.10.2012;0
8;05.11.2012;0
8;05.12.2012;0
8;05.13.2012;35.6
8;05.14.2012;0
8;05.15.2012;0
8;05.16.2012;0
8;05.17.2012;0.1
8;05.18.2012;0
8;05.19.2012;0
8;05.20.2012;0
8;05.21.2012;4.2
8;05.22.2012;19.3
8;05.23.2012;3.6
8;05.24.2012;4.1
8;05.25.2012;7.6
8;05.26.2012;0.1
8;05.27.2012;0
8;05.28.2012;1.2
8;05.29.2012;0.2
8;05.30.2012;0
8;05.31.2012;0
8;06.01.2012;0
8;06.02.2012;17.1
8;06.03.2012;0
8;06.04.2012;0
8;06.05.2012;22.1
8;06.06.2012;1.2
8;06.07.2012;0
8;06.08.2012;0
8;06.09.2012;0.3
8;06.10.2012;6.7
8;06.11.2012;10.7
8;06.12.2012;6.2
8;06.13.2012;26.7
8;06.14.2012;7.5
8;06.15.2012;0
8;06.16.2012;0
8;06.17.2012;0
8;06.18.2012;0
8;06.19.2012;0
8;06.20.2012;0
8;06.21.2012;0
8;06.22.2012;2
8;06.23.2012;0
8;06.24.2012;0
8;06.25.2012;0
8;06.26.2012;20.3
8;06.27.2012;0
8;06.28.2012;0
8;06.29.2012;0
8;06.30.2012;0
8;07.01.2012;0
8;07.02.2012;0
8;07.03.2012;0
8;07.04.2012;0
8;07.05.2012;0
8;07.06.2012;5.6
8;07.07.2012;0
8;07.08.2012;0
8;07.09.2012;0
8;07.10.2012;0
8;07.11.2012;12.5
8;07.12.2012;15.5
8;07.13.2012;0.1
8;07.14.2012;0
8;07.15.2012;9.8
8;07.16.2012;7.8
8;07.17.2012;0
8;07.18.2012;0
8;07.19.2012;0
8;07.20.2012;0
8;07.21.2012;0
8;07.22.2012;10.9
8;07.23.2012;1.7
8;07.24.2012;0
8;07.25.2012;5.7
8;07.26.2012;0.2
8;07.27.2012;0
8;07.28.2012;0
8;07.29.2012;0
8;07.30.2012;0
8;07.31.2012;0.1
8;08.01.2012;0
8;08.02.2012;0
8;08.03.2012;0
8;08.04.2012;0
8;08.05.2012;0
8;08.06.2012;0
8;08.07.2012;0
8;08.08.2012;0
8;08.09.2012;0
8;08.10.2012;3.8
8;08.11.2012;0
8;08.12.2012;0
8;08.13.2012;0
8;08.14.2012;0
8;08.15.2012;0
8;08.16.2012;0
8;08.17.2012;33.5
8;08.18.2012;0
8;08.19.2012;0
8;08.20.2012;0
8;08.21.2012;0
8;08.22.2012;0
8;08.23.2012;0
8;08.24.2012;17.2
8;08.25.2012;0
8;08.26.2012;0
8;08.27.2012;28.8
8;08.28.2012;0
8;08.29.2012;0
8;08.30.2012;0
8;08.31.2012;0.4
8;09.01.2012;26.5
8;09.02.2012;18.7
8;09.03.2012;0
8;09.04.2012;0
8;09.05.2012;0
8;09.06.2012;0
8;09.07.2012;0
8;09.08.2012;0
8;09.09.2012;0
8;09.10.2012;0
8;09.11.2012;0
8;09.12.2012;0
8;09.13.2012;65.7
8;09.14.2012;1.4
8;09.15.2012;0
8;09.16.2012;0
8;09.17.2012;0
8;09.18.2012;0
8;09.19.2012;0
8;09.20.2012;24.9
8;09.21.2012;0
8;09.22.2012;0
8;09.23.2012;0
8;09.24.2012;0
8;09.25.2012;16.5
8;09.26.2012;0.1
8;09.27.2012;3.7
8;09.28.2012;11.5
8;09.29.2012;0
8;09.30.2012;0.1
8;10.01.2012;1.6
8;10.02.2012;0
8;10.03.2012;0.7
8;10.04.2012;0
8;10.05.2012;0
8;10.06.2012;0
8;10.07.2012;0
8;10.08.2012;8.9
8;10.09.2012;0
8;10.10.2012;3.4
8;10.11.2012;0.3
8;10.12.2012;0
8;10.13.2012;1.7
8;10.14.2012;3.4
8;10.15.2012;13.8
8;10.16.2012;42.4
8;10.17.2012;8.2
8;10.18.2012;0
8;10.19.2012;0
8;10.20.2012;0
8;10.21.2012;0
8;10.22.2012;0
8;10.23.2012;0
8;10.24.2012;0
8;10.25.2012;0
8;10.26.2012;0
8;10.27.2012;50.7
8;10.28.2012;102.9
8;10.29.2012;22.6
8;10.30.2012;0
8;10.31.2012;0
8;11.01.2012;27.6
8;11.02.2012;23
8;11.03.2012;3.3
8;11.04.2012;0
8;11.05.2012;32.8
8;11.06.2012;53.4
8;11.07.2012;0.2
8;11.08.2012;0
8;11.09.2012;0
8;11.10.2012;0
8;11.11.2012;0.1
8;11.12.2012;3.8
8;11.13.2012;10.8
8;11.14.2012;1
8;11.15.2012;0
8;11.16.2012;0
8;11.17.2012;0
8;11.18.2012;0
8;11.19.2012;5.6
8;11.20.2012;0
8;11.21.2012;0
8;11.22.2012;0
8;11.23.2012;0.6
8;11.24.2012;0
8;11.25.2012;0
8;11.26.2012;0
8;11.27.2012;0
8;11.28.2012;27.2
8;11.29.2012;17.4
8;11.30.2012;3.7
8;12.01.2012;3.9
8;12.02.2012;0
8;12.03.2012;7.4
8;12.04.2012;0
8;12.05.2012;8.1
8;12.06.2012;0
8;12.07.2012;0
8;12.08.2012;15
8;12.09.2012;1
8;12.10.2012;0
8;12.11.2012;0
8;12.12.2012;0
8;12.13.2012;0
8;12.14.2012;0
8;12.15.2012;3.5
8;12.16.2012;19.9
8;12.17.2012;0
8;12.18.2012;0
8;12.19.2012;0
8;12.20.2012;0
8;12.21.2012;0
8;12.22.2012;0.4
8;12.23.2012;0
8;12.24.2012;0
8;12.25.2012;0
8;12.26.2012;0.9
8;12.27.2012;18.7
8;12.28.2012;0.2
8;12.29.2012;0
8;12.30.2012;0
8;12.31.2012;0
8;01.01.2013;0
8;01.02.2013;0
8;01.03.2013;3.9
8;01.04.2013;0
8;01.05.2013;0
8;01.06.2013;0
8;01.07.2013;0
8;01.08.2013;0.1
8;01.09.2013;0
8;01.10.2013;0
8;01.11.2013;0
8;01.12.2013;0
8;01.13.2013;0
8;01.14.2013;20.1
8;01.15.2013;6.5
8;01.16.2013;5.8
8;01.17.2013;8.8
8;01.18.2013;3.9
8;01.19.2013;0
8;01.20.2013;1
8;01.21.2013;13.2
8;01.22.2013;10
8;01.23.2013;4.9
8;01.24.2013;2.8
8;01.25.2013;0.5
8;01.26.2013;0
8;01.27.2013;0
8;01.28.2013;0
8;01.29.2013;0
8;01.30.2013;0
8;01.31.2013;0
8;02.01.2013;0
8;02.02.2013;5.4
8;02.03.2013;33.3
8;02.04.2013;0
8;02.05.2013;0
8;02.06.2013;4.7
8;02.07.2013;13.1
8;02.08.2013;0
8;02.09.2013;0
8;02.10.2013;1.4
8;02.11.2013;0.1
8;02.12.2013;22.4
8;02.13.2013;0.1
8;02.14.2013;2
8;02.15.2013;0
8;02.16.2013;0
8;02.17.2013;0
8;02.18.2013;0
8;02.19.2013;0
8;02.20.2013;0
8;02.21.2013;0.1
8;02.22.2013;5.4
8;02.23.2013;12.6
8;02.24.2013;18.3
8;02.25.2013;15.7
8;02.26.2013;0
8;02.27.2013;2.1
8;02.28.2013;0.1
8;03.01.2013;0
8;03.02.2013;0
8;03.03.2013;0
8;03.04.2013;0
8;03.05.2013;0
8;03.06.2013;0
8;03.07.2013;6.8
8;03.08.2013;1.4
8;03.09.2013;0
8;03.10.2013;16.8
8;03.11.2013;11.9
8;03.12.2013;0.5
8;03.13.2013;2.4
8;03.14.2013;18.6
8;03.15.2013;0
8;03.16.2013;0
8;03.17.2013;0
8;03.18.2013;4.8
8;03.19.2013;48.9
8;03.20.2013;0
8;03.21.2013;0
8;03.22.2013;0
8;03.23.2013;0
8;03.24.2013;2.4
8;03.25.2013;2.1
8;03.26.2013;17.7
8;03.27.2013;2.7
8;03.28.2013;0
8;03.29.2013;16.2
8;03.30.2013;10.8
8;03.31.2013;23.4
8;04.01.2013;14.7
8;04.02.2013;1.8
8;04.03.2013;16.6
8;04.04.2013;0.4
8;04.05.2013;3.3
8;04.06.2013;4.6
8;04.07.2013;0.6
8;04.08.2013;0
8;04.09.2013;0
8;04.10.2013;0
8;04.11.2013;0
8;04.12.2013;0.2
8;04.13.2013;11.8
8;04.14.2013;0.3
8;04.15.2013;0
8;04.16.2013;0
8;04.17.2013;0
8;04.18.2013;0
8;04.19.2013;0
8;04.20.2013;0
8;04.21.2013;0
8;04.22.2013;4.3
8;04.23.2013;10.7
8;04.24.2013;0
8;04.25.2013;0
8;04.26.2013;0
8;04.27.2013;0
8;04.28.2013;3.3
8;04.29.2013;0.1
8;04.30.2013;0
8;05.01.2013;0
8;05.02.2013;0
8;05.03.2013;3.3
8;05.04.2013;0
8;05.05.2013;0.4
8;05.06.2013;19.1
8;05.07.2013;13.3
8;05.08.2013;1.9
8;05.09.2013;0
8;05.10.2013;0
8;05.11.2013;32.7
8;05.12.2013;9.4
8;05.13.2013;8.7
8;05.14.2013;0
8;05.15.2013;0
8;05.16.2013;0
8;05.17.2013;7
8;05.18.2013;14.1
8;05.19.2013;0
8;05.20.2013;1
8;05.21.2013;5.5
8;05.22.2013;0
8;05.23.2013;0.8
8;05.24.2013;15.1
8;05.25.2013;17.4
8;05.26.2013;3.2
8;05.27.2013;1.2
8;05.28.2013;0
8;05.29.2013;0
8;05.30.2013;5.1
8;05.31.2013;13.9
8;06.01.2013;6.1
8;06.02.2013;5.9
8;06.03.2013;0
8;06.04.2013;0
8;06.05.2013;0
8;06.06.2013;2.2
8;06.07.2013;2.8
8;06.08.2013;0.5
8;06.09.2013;36.5
8;06.10.2013;4.2
8;06.11.2013;0
8;06.12.2013;0
8;06.13.2013;0
8;06.14.2013;0
8;06.15.2013;0
8;06.16.2013;0
8;06.17.2013;0
8;06.18.2013;0
8;06.19.2013;0
8;06.20.2013;0
8;06.21.2013;0
8;06.22.2013;0
8;06.23.2013;0
8;06.24.2013;1.8
8;06.25.2013;11.4
8;06.26.2013;0
8;06.27.2013;4
8;06.28.2013;0
8;06.29.2013;0.9
8;06.30.2013;0
8;07.01.2013;0
8;07.02.2013;0
8;07.03.2013;0
8;07.04.2013;1.5
8;07.05.2013;9.2
8;07.06.2013;0
8;07.07.2013;0.8
8;07.08.2013;1.4
8;07.09.2013;0
8;07.10.2013;0
8;07.11.2013;8.3
8;07.12.2013;13.2
8;07.13.2013;0
8;07.14.2013;2.4
8;07.15.2013;0
8;07.16.2013;0
8;07.17.2013;0
8;07.18.2013;0
8;07.19.2013;0
8;07.20.2013;1.2
8;07.21.2013;9.9
8;07.22.2013;0
8;07.23.2013;0
8;07.24.2013;0
8;07.25.2013;0
8;07.26.2013;0
8;07.27.2013;0
8;07.28.2013;0
8;07.29.2013;0
8;07.30.2013;4.1
8;07.31.2013;0
8;08.01.2013;0
8;08.02.2013;0
8;08.03.2013;0
8;08.04.2013;0
8;08.05.2013;0
8;08.06.2013;0
8;08.07.2013;0
8;08.08.2013;0
8;08.09.2013;0
8;08.10.2013;6.9
8;08.11.2013;0.3
8;08.12.2013;0
8;08.13.2013;0
8;08.14.2013;21.5
8;08.15.2013;14.4
8;08.16.2013;0
8;08.17.2013;0
8;08.18.2013;0
8;08.19.2013;0
8;08.20.2013;0
8;08.21.2013;0.8
8;08.22.2013;0
8;08.23.2013;0
8;08.24.2013;19.9
8;08.25.2013;13.6
8;08.26.2013;12.2
8;08.27.2013;1.4
8;08.28.2013;6.4
8;08.29.2013;1.1
8;08.30.2013;0
8;08.31.2013;0
8;09.01.2013;0
8;09.02.2013;12.3
8;09.03.2013;0.1
8;09.04.2013;0
8;09.05.2013;0
8;09.06.2013;0
8;09.07.2013;0
8;09.08.2013;0
8;09.09.2013;1.7
8;09.10.2013;48.4
8;09.11.2013;31.1
8;09.12.2013;5.6
8;09.13.2013;1.1
8;09.14.2013;0
8;09.15.2013;0
8;09.16.2013;0
8;09.17.2013;11.8
8;09.18.2013;5.5
8;09.19.2013;0.1
8;09.20.2013;0
8;09.21.2013;0
8;09.22.2013;0
8;09.23.2013;0
8;09.24.2013;0
8;09.25.2013;0
8;09.26.2013;0
8;09.27.2013;0
8;09.28.2013;5.5
8;09.29.2013;16.1
8;09.30.2013;29
8;10.01.2013;3.6
8;10.02.2013;2
8;10.03.2013;0
8;10.04.2013;0
8;10.05.2013;0
8;10.06.2013;0
8;10.07.2013;0
8;10.08.2013;0.2
8;10.09.2013;0
8;10.10.2013;2
8;10.11.2013;13
8;10.12.2013;12.4
8;10.13.2013;6.9
8;10.14.2013;0
8;10.15.2013;0
8;10.16.2013;0.5
8;10.17.2013;0
8;10.18.2013;0
8;10.19.2013;0
8;10.20.2013;0
8;10.21.2013;0.4
8;10.22.2013;0.9
8;10.23.2013;0
8;10.24.2013;0
8;10.25.2013;3.4
8;10.26.2013;0
8;10.27.2013;0
8;10.28.2013;0
8;10.29.2013;0
8;10.30.2013;19.8
8;10.31.2013;0
8;11.01.2013;0
8;11.02.2013;0
8;11.03.2013;0.3
8;11.04.2013;35.1
8;11.05.2013;20.1
8;11.06.2013;8.5
8;11.07.2013;0
8;11.08.2013;0
8;11.09.2013;6.1
8;11.10.2013;24.3
8;11.11.2013;5.8
8;11.12.2013;0
8;11.13.2013;0
8;11.14.2013;0.4
8;11.15.2013;8.6
8;11.16.2013;0.6
8;11.17.2013;0
8;11.18.2013;0
8;11.19.2013;2.3
8;11.20.2013;21.7
8;11.21.2013;1.6
8;11.22.2013;10.8
8;11.23.2013;10.2
8;11.24.2013;27.3
8;11.25.2013;0
8;11.26.2013;0
8;11.27.2013;0
8;11.28.2013;0
8;11.29.2013;0
8;11.30.2013;0
8;12.01.2013;0
8;12.02.2013;0
8;12.03.2013;0
8;12.04.2013;0
8;12.05.2013;0
8;12.06.2013;0
8;12.07.2013;0
8;12.08.2013;0
8;12.09.2013;0
8;12.10.2013;0
8;12.11.2013;0
8;12.12.2013;0
8;12.13.2013;0
8;12.14.2013;0
8;12.15.2013;0
8;12.16.2013;0
8;12.17.2013;0
8;12.18.2013;0
8;12.19.2013;0
8;12.20.2013;0
8;12.21.2013;0.2
8;12.22.2013;1.2
8;12.23.2013;0
8;12.24.2013;0
8;12.25.2013;3.7
8;12.26.2013;27
8;12.27.2013;14.8
8;12.28.2013;0
8;12.29.2013;1.5
8;12.30.2013;25.6
8;12.31.2013;2.2
8;01.01.2014;0.2
8;01.02.2014;0
8;01.03.2014;0
8;01.04.2014;0
8;01.05.2014;44.2
8;01.06.2014;22
8;01.07.2014;0.3
8;01.08.2014;0
8;01.09.2014;0
8;01.10.2014;0
8;01.11.2014;0
8;01.12.2014;0
8;01.13.2014;0
8;01.14.2014;0.1
8;01.15.2014;21.1
8;01.16.2014;0
8;01.17.2014;0.4
8;01.18.2014;21.2
8;01.19.2014;9.8
8;01.20.2014;28.3
8;01.21.2014;0.9
8;01.22.2014;0
8;01.23.2014;0.2
8;01.24.2014;8.1
8;01.25.2014;8.6
8;01.26.2014;0
8;01.27.2014;0
8;01.28.2014;0.7
8;01.29.2014;2.5
8;01.30.2014;1.2
8;01.31.2014;20.4
8;02.01.2014;21.4
8;02.02.2014;32.8
8;02.03.2014;22
8;02.04.2014;0
8;02.05.2014;5.6
8;02.06.2014;4
8;02.07.2014;0
8;02.08.2014;12.1
8;02.09.2014;8.7
8;02.10.2014;25.1
8;02.11.2014;29.5
8;02.12.2014;17.8
8;02.13.2014;0.2
8;02.14.2014;19.1
8;02.15.2014;0
8;02.16.2014;0
8;02.17.2014;35.9
8;02.18.2014;16.9
8;02.19.2014;0
8;02.20.2014;22
8;02.21.2014;1.1
8;02.22.2014;10.7
8;02.23.2014;13.5
8;02.24.2014;0
8;02.25.2014;0
8;02.26.2014;0
8;02.27.2014;0.1
8;02.28.2014;0
8;03.01.2014;3
8;03.02.2014;0.2
8;03.03.2014;0
8;03.04.2014;0.2
8;03.05.2014;0
8;03.06.2014;0
8;03.07.2014;0
8;03.08.2014;0
8;03.09.2014;0
8;03.10.2014;0
8;03.11.2014;0
8;03.12.2014;0
8;03.13.2014;0
8;03.14.2014;0
8;03.15.2014;0
8;03.16.2014;0
8;03.17.2014;0
8;03.18.2014;0
8;03.19.2014;0
8;03.20.2014;0
8;03.21.2014;0
8;03.22.2014;0
8;03.23.2014;5.5
8;03.24.2014;29.5
8;03.25.2014;3.5
8;03.26.2014;0.4
8;03.27.2014;0.2
8;03.28.2014;0
8;03.29.2014;0
8;03.30.2014;0
8;03.31.2014;0
8;04.01.2014;0
8;04.02.2014;0
8;04.03.2014;0
8;04.04.2014;0
8;04.05.2014;1.2
8;04.06.2014;5.9
8;04.07.2014;0.2
8;04.08.2014;0
8;04.09.2014;4
8;04.10.2014;0
8;04.11.2014;0
8;04.12.2014;0
8;04.13.2014;1.6
8;04.14.2014;0
8;04.15.2014;2.6
8;04.16.2014;0
8;04.17.2014;0
8;04.18.2014;0
8;04.19.2014;0.1
8;04.20.2014;9.1
8;04.21.2014;8.6
8;04.22.2014;10.4
8;04.23.2014;0
8;04.24.2014;2.4
8;04.25.2014;0.4
8;04.26.2014;0
8;04.27.2014;4.5
8;04.28.2014;12.2
8;04.29.2014;0
8;04.30.2014;0.1
8;05.01.2014;0
8;05.02.2014;0
8;05.03.2014;1.7
8;05.04.2014;0.7
8;05.05.2014;0
8;05.06.2014;0
8;05.07.2014;0
8;05.08.2014;2.6
8;05.09.2014;0
8;05.10.2014;0
8;05.11.2014;0
8;05.12.2014;35.5
8;05.13.2014;14.5
8;05.14.2014;2.8
8;05.15.2014;0
8;05.16.2014;1.9
8;05.17.2014;0.1
8;05.18.2014;0.6
8;05.19.2014;0.3
8;05.20.2014;0
8;05.21.2014;0
8;05.22.2014;0
8;05.23.2014;0
8;05.24.2014;0
8;05.25.2014;0
8;05.26.2014;0
8;05.27.2014;10.7
8;05.28.2014;3.8
8;05.29.2014;8.6
8;05.30.2014;6.5
8;05.31.2014;0.6
8;06.01.2014;0
8;06.02.2014;0
8;06.03.2014;0
8;06.04.2014;0
8;06.05.2014;0.4
8;06.06.2014;0
8;06.07.2014;0
8;06.08.2014;0
8;06.09.2014;0
8;06.10.2014;0
8;06.11.2014;0
8;06.12.2014;0
8;06.13.2014;4.2
8;06.14.2014;7.1
8;06.15.2014;1.8
8;06.16.2014;0
8;06.17.2014;0
8;06.18.2014;0
8;06.19.2014;0
8;06.20.2014;2.4
8;06.21.2014;7.3
8;06.22.2014;0
8;06.23.2014;0
8;06.24.2014;35
8;06.25.2014;54.5
8;06.26.2014;12.1
8;06.27.2014;0
8;06.28.2014;0
8;06.29.2014;0.1
8;06.30.2014;51.8
8;07.01.2014;0.2
8;07.02.2014;1.5
8;07.03.2014;5.3
8;07.04.2014;0
8;07.05.2014;0
8;07.06.2014;0
8;07.07.2014;0
8;07.08.2014;3.4
8;07.09.2014;23.9
8;07.10.2014;9
8;07.11.2014;10.3
8;07.12.2014;0
8;07.13.2014;0.9
8;07.14.2014;0
8;07.15.2014;1
8;07.16.2014;0
8;07.17.2014;0
8;07.18.2014;0.1
8;07.19.2014;0
8;07.20.2014;0
8;07.21.2014;0
8;07.22.2014;7.2
8;07.23.2014;15.7
8;07.24.2014;0
8;07.25.2014;0
8;07.26.2014;0
8;07.27.2014;13.1
8;07.28.2014;1.4
8;07.29.2014;2
8;07.30.2014;15.2
8;07.31.2014;10.3
8;08.01.2014;0.4
8;08.02.2014;0
8;08.03.2014;0
8;08.04.2014;0
8;08.05.2014;47.9
8;08.06.2014;0
8;08.07.2014;0
8;08.08.2014;0
8;08.09.2014;0
8;08.10.2014;0
8;08.11.2014;0
8;08.12.2014;0.9
8;08.13.2014;26.1
8;08.14.2014;22.1
8;08.15.2014;8
8;08.16.2014;2
8;08.17.2014;0
8;08.18.2014;0
8;08.19.2014;0
8;08.20.2014;26.7
8;08.21.2014;44.4
8;08.22.2014;0.1
8;08.23.2014;0
8;08.24.2014;16.6
8;08.25.2014;4.6
8;08.26.2014;0
8;08.27.2014;3.2
8;08.28.2014;26.9
8;08.29.2014;0
8;08.30.2014;0
8;08.31.2014;0
8;09.01.2014;43.9
8;09.02.2014;1.1
8;09.03.2014;11.1
8;09.04.2014;0.6
8;09.05.2014;0.8
8;09.06.2014;0
8;09.07.2014;1.8
8;09.08.2014;0
8;09.09.2014;0
8;09.10.2014;27.2
8;09.11.2014;27.4
8;09.12.2014;24.7
8;09.13.2014;49
8;09.14.2014;4.7
8;09.15.2014;0
8;09.16.2014;0
8;09.17.2014;0
8;09.18.2014;0
8;09.19.2014;0
8;09.20.2014;0
8;09.21.2014;0.5
8;09.22.2014;4.5
8;09.23.2014;25.4
8;09.24.2014;0
8;09.25.2014;0
8;09.26.2014;3
8;09.27.2014;0.1
8;09.28.2014;0
8;09.29.2014;0
8;09.30.2014;0
8;10.01.2014;0
8;10.02.2014;14.6
8;10.03.2014;0
8;10.04.2014;0
8;10.05.2014;0
8;10.06.2014;0
8;10.07.2014;0
8;10.08.2014;0.8
8;10.09.2014;0.3
8;10.10.2014;0
8;10.11.2014;0
8;10.12.2014;0
8;10.13.2014;0
8;10.14.2014;4.8
8;10.15.2014;1.9
8;10.16.2014;0
8;10.17.2014;0
8;10.18.2014;0
8;10.19.2014;0
8;10.20.2014;0
8;10.21.2014;0
8;10.22.2014;35.5
8;10.23.2014;0.2
8;10.24.2014;18.5
8;10.25.2014;0
8;10.26.2014;0
8;10.27.2014;0
8;10.28.2014;0
8;10.29.2014;0
8;10.30.2014;0
8;10.31.2014;0
8;11.01.2014;0
8;11.02.2014;0
8;11.03.2014;0
8;11.04.2014;8.7
8;11.05.2014;0.8
8;11.06.2014;54
8;11.07.2014;54.5
8;11.08.2014;53.4
8;11.09.2014;6.5
8;11.10.2014;0.4
8;11.11.2014;0
8;11.12.2014;12.9
8;11.13.2014;9.2
8;11.14.2014;0.5
8;11.15.2014;0.1
8;11.16.2014;8.8
8;11.17.2014;0.1
8;11.18.2014;37.9
8;11.19.2014;10.9
8;11.20.2014;0
8;11.21.2014;0
8;11.22.2014;0
8;11.23.2014;0
8;11.24.2014;0.1
8;11.25.2014;0.1
8;11.26.2014;0.4
8;11.27.2014;0
8;11.28.2014;0
8;11.29.2014;3.3
8;11.30.2014;0.2
8;12.01.2014;20.5
8;12.02.2014;42.4
8;12.03.2014;0.4
8;12.04.2014;7.6
8;12.05.2014;1.9
8;12.06.2014;4.1
8;12.07.2014;7.9
8;12.08.2014;0.9
8;12.09.2014;0.9
8;12.10.2014;0
8;12.11.2014;0
8;12.12.2014;0
8;12.13.2014;0
8;12.14.2014;0
8;12.15.2014;0
8;12.16.2014;0
8;12.17.2014;5.4
8;12.18.2014;2.1
8;12.19.2014;0
8;12.20.2014;0
8;12.21.2014;0
8;12.22.2014;0
8;12.23.2014;0
8;12.24.2014;0
8;12.25.2014;0
8;12.26.2014;2.5
8;12.27.2014;0
8;12.28.2014;19.6
8;12.29.2014;0
8;12.30.2014;0
8;12.31.2014;0.1
8;01.01.2015;0
8;01.02.2015;0
8;01.03.2015;0
8;01.04.2015;0.4
8;01.05.2015;0
8;01.06.2015;0
8;01.07.2015;0
8;01.08.2015;0
8;01.09.2015;0
8;01.10.2015;0
8;01.11.2015;0
8;01.12.2015;8.6
8;01.13.2015;0
8;01.14.2015;0
8;01.15.2015;0
8;01.16.2015;0
8;01.17.2015;0
8;01.18.2015;3.4
8;01.19.2015;0
8;01.20.2015;0
8;01.21.2015;0
8;01.22.2015;6
8;01.23.2015;0.3
8;01.24.2015;0
8;01.25.2015;0
8;01.26.2015;0
8;01.27.2015;0
8;01.28.2015;0
8;01.29.2015;0
8;01.30.2015;11.6
8;01.31.2015;21.9
8;02.01.2015;0.9
8;02.02.2015;1.7
8;02.03.2015;0
8;02.04.2015;2.3
8;02.05.2015;2.5
8;02.06.2015;1.3
8;02.07.2015;0
8;02.08.2015;0
8;02.09.2015;0
8;02.10.2015;0
8;02.11.2015;0
8;02.12.2015;0
8;02.13.2015;0
8;02.14.2015;0
8;02.15.2015;0.4
8;02.16.2015;0.1
8;02.17.2015;0
8;02.18.2015;0
8;02.19.2015;0
8;02.20.2015;0
8;02.21.2015;0
8;02.22.2015;2.6
8;02.23.2015;20.9
8;02.24.2015;4.8
8;02.25.2015;7.1
8;02.26.2015;0
8;02.27.2015;0
8;02.28.2015;0
8;03.01.2015;0
8;03.02.2015;0
8;03.03.2015;2.6
8;03.04.2015;0
8;03.05.2015;1.3
8;03.06.2015;0
8;03.07.2015;0
8;03.08.2015;0
8;03.09.2015;0
8;03.10.2015;0
8;03.11.2015;0
8;03.12.2015;0.8
8;03.13.2015;0
8;03.14.2015;0
8;03.15.2015;0
8;03.16.2015;0
8;03.17.2015;0.8
8;03.18.2015;0
8;03.19.2015;0
8;03.20.2015;0
8;03.21.2015;0
8;03.22.2015;2.4
8;03.23.2015;0
8;03.24.2015;0
8;03.25.2015;0
8;03.26.2015;47.2
8;03.27.2015;13.9
8;03.28.2015;18.3
8;03.29.2015;0
8;03.30.2015;0
8;03.31.2015;0
8;04.01.2015;0
8;04.02.2015;0
8;04.03.2015;0.3
8;04.04.2015;0
8;04.05.2015;1
8;04.06.2015;0
8;04.07.2015;0
8;04.08.2015;0
8;04.09.2015;0
8;04.10.2015;0
8;04.11.2015;0
8;04.12.2015;0
8;04.13.2015;0
8;04.14.2015;0
8;04.15.2015;0
8;04.16.2015;0
8;04.17.2015;0
8;04.18.2015;8.2
8;04.19.2015;16.4
8;04.20.2015;0
8;04.21.2015;0
8;04.22.2015;0
8;04.23.2015;0
8;04.24.2015;1.2
8;04.25.2015;0
8;04.26.2015;0
8;04.27.2015;0
8;04.28.2015;0
8;04.29.2015;8.5
8;04.30.2015;0
8;05.01.2015;0.1
8;05.02.2015;2.4
8;05.03.2015;0.3
8;05.04.2015;0.1
8;05.05.2015;0
8;05.06.2015;0
8;05.07.2015;1.6
8;05.08.2015;0
8;05.09.2015;0.1
8;05.10.2015;7
8;05.11.2015;0
8;05.12.2015;0
8;05.13.2015;0
8;05.14.2015;0.3
8;05.15.2015;35.1
8;05.16.2015;17.9
8;05.17.2015;0
8;05.18.2015;0
8;05.19.2015;0
8;05.20.2015;0
8;05.21.2015;12.2
8;05.22.2015;2.1
8;05.23.2015;21.6
8;05.24.2015;10.6
8;05.25.2015;0
8;05.26.2015;0
8;05.27.2015;4.8
8;05.28.2015;0
8;05.29.2015;0
8;05.30.2015;0
8;05.31.2015;3.9
8;06.01.2015;0.9
8;06.02.2015;0
8;06.03.2015;0
8;06.04.2015;0
8;06.05.2015;0
8;06.06.2015;0
8;06.07.2015;0
8;06.08.2015;0
8;06.09.2015;0
8;06.10.2015;44.1
8;06.11.2015;0
8;06.12.2015;0
8;06.13.2015;0
8;06.14.2015;0
8;06.15.2015;2.9
8;06.16.2015;0
8;06.17.2015;20.9
8;06.18.2015;0
8;06.19.2015;0
8;06.20.2015;8.4
8;06.21.2015;6.6
8;06.22.2015;0
8;06.23.2015;0.3
8;06.24.2015;103.2
8;06.25.2015;0
8;06.26.2015;0.2
8;06.27.2015;0
8;06.28.2015;6.1
8;06.29.2015;0
8;06.30.2015;2.5
8;07.01.2015;0
8;07.02.2015;0
8;07.03.2015;0
8;07.04.2015;0
8;07.05.2015;0
8;07.06.2015;0
8;07.07.2015;0
8;07.08.2015;0
8;07.09.2015;16.6
8;07.10.2015;0
8;07.11.2015;0
8;07.12.2015;0.1
8;07.13.2015;0.1
8;07.14.2015;3.6
8;07.15.2015;0
8;07.16.2015;0.1
8;07.17.2015;0
8;07.18.2015;0
8;07.19.2015;0
8;07.20.2015;0
8;07.21.2015;0
8;07.22.2015;0
8;07.23.2015;0
8;07.24.2015;0
8;07.25.2015;10.2
8;07.26.2015;16.2
8;07.27.2015;1.1
8;07.28.2015;7.5
8;07.29.2015;3.6
8;07.30.2015;23.3
8;07.31.2015;10.9
8;08.01.2015;0
8;08.02.2015;9.6
8;08.03.2015;0.2
8;08.04.2015;0
8;08.05.2015;0
8;08.06.2015;0
8;08.07.2015;0
8;08.08.2015;0
8;08.09.2015;0
8;08.10.2015;0
8;08.11.2015;0
8;08.12.2015;0
8;08.13.2015;0
8;08.14.2015;0
8;08.15.2015;0
8;08.16.2015;2.2
8;08.17.2015;4.7
8;08.18.2015;3.8
8;08.19.2015;4.4
8;08.20.2015;5.5
8;08.21.2015;0
8;08.22.2015;0
8;08.23.2015;0
8;08.24.2015;0
8;08.25.2015;4
8;08.26.2015;39.1
8;08.27.2015;0
8;08.28.2015;0
8;08.29.2015;0
8;08.30.2015;0
8;08.31.2015;0
8;09.01.2015;0
8;09.02.2015;0
8;09.03.2015;2.4
8;09.04.2015;8.6
8;09.05.2015;61.6
8;09.06.2015;20.9
8;09.07.2015;0
8;09.08.2015;0
8;09.09.2015;0
8;09.10.2015;0
8;09.11.2015;0
8;09.12.2015;0
8;09.13.2015;0
8;09.14.2015;0.2
8;09.15.2015;33.2
8;09.16.2015;1.7
8;09.17.2015;4.2
8;09.18.2015;0
8;09.19.2015;0
8;09.20.2015;0.5
8;09.21.2015;0
8;09.22.2015;0
8;09.23.2015;0
8;09.24.2015;31.5
8;09.25.2015;3.8
8;09.26.2015;1.3
8;09.27.2015;0
8;09.28.2015;0
8;09.29.2015;0
8;09.30.2015;0
8;10.01.2015;0
8;10.02.2015;0
8;10.03.2015;0.9
8;10.04.2015;2.2
8;10.05.2015;9.1
8;10.06.2015;0
8;10.07.2015;12
8;10.08.2015;19.6
8;10.09.2015;1
8;10.10.2015;0
8;10.11.2015;2.4
8;10.12.2015;1.8
8;10.13.2015;1.1
8;10.14.2015;39.4
8;10.15.2015;40.7
8;10.16.2015;13.4
8;10.17.2015;4.6
8;10.18.2015;0
8;10.19.2015;6.4
8;10.20.2015;14.3
8;10.21.2015;0
8;10.22.2015;0
8;10.23.2015;0
8;10.24.2015;0
8;10.25.2015;0
8;10.26.2015;0
8;10.27.2015;0
8;10.28.2015;0
8;10.29.2015;0.5
8;10.30.2015;3.3
8;10.31.2015;0
8;11.01.2015;0
8;11.02.2015;0
8;11.03.2015;0
8;11.04.2015;0
8;11.05.2015;0
8;11.06.2015;0
8;11.07.2015;0
8;11.08.2015;0
8;11.09.2015;0
8;11.10.2015;0
8;11.11.2015;0
8;11.12.2015;0
8;11.13.2015;0
8;11.14.2015;0
8;11.15.2015;0
8;11.16.2015;0
8;11.17.2015;0
8;11.18.2015;0
8;11.19.2015;0
8;11.20.2015;0
8;11.21.2015;5.3
8;11.22.2015;38
8;11.23.2015;0
8;11.24.2015;0
8;11.25.2015;0
8;11.26.2015;0.4
8;11.27.2015;0.5
8;11.28.2015;0
8;11.29.2015;0
8;11.30.2015;0
8;12.01.2015;0
8;12.02.2015;0
8;12.03.2015;0
8;12.04.2015;0
8;12.05.2015;0
8;12.06.2015;0
8;12.07.2015;0
8;12.08.2015;0
8;12.09.2015;0
8;12.10.2015;0
8;12.11.2015;0
8;12.12.2015;0
8;12.13.2015;0
8;12.14.2015;0
8;12.15.2015;0
8;12.16.2015;0
8;12.17.2015;0
8;12.18.2015;0
8;12.19.2015;0
8;12.20.2015;0
8;12.21.2015;0
8;12.22.2015;0
8;12.23.2015;0
8;12.24.2015;0
8;12.25.2015;0
8;12.26.2015;0
8;12.27.2015;0
8;12.28.2015;0
8;12.29.2015;0
8;12.30.2015;0
8;12.31.2015;0
8;01.01.2016;0
8;01.02.2016;0
8;01.03.2016;10.3
8;01.04.2016;0.3
8;01.05.2016;1.5
8;01.06.2016;3
8;01.07.2016;0
8;01.08.2016;0
8;01.09.2016;4.8
8;01.10.2016;20.6
8;01.11.2016;1.1
8;01.12.2016;22.9
8;01.13.2016;0
8;01.14.2016;0
8;01.15.2016;2.5
8;01.16.2016;0.4
8;01.17.2016;0
8;01.18.2016;0
8;01.19.2016;0
8;01.20.2016;0
8;01.21.2016;0
8;01.22.2016;0
8;01.23.2016;0
8;01.24.2016;0
8;01.25.2016;0
8;01.26.2016;0
8;01.27.2016;0
8;01.28.2016;0
8;01.29.2016;0
8;01.30.2016;0
8;01.31.2016;0.1
8;02.01.2016;0.6
8;02.02.2016;0
8;02.03.2016;0
8;02.04.2016;15.1
8;02.05.2016;0
8;02.06.2016;0
8;02.07.2016;0
8;02.08.2016;4.9
8;02.09.2016;18.3
8;02.10.2016;36.6
8;02.11.2016;0.4
8;02.12.2016;1.3
8;02.13.2016;19
8;02.14.2016;0
8;02.15.2016;17.1
8;02.16.2016;17.1
8;02.17.2016;10.8
8;02.18.2016;6
8;02.19.2016;0.4
8;02.20.2016;10.1
8;02.21.2016;0
8;02.22.2016;0
8;02.23.2016;1.1
8;02.24.2016;2
8;02.25.2016;0
8;02.26.2016;1.4
8;02.27.2016;0.2
8;02.28.2016;10.5
8;02.29.2016;18.4
8;03.01.2016;7.4
8;03.02.2016;0
8;03.03.2016;11.9
8;03.04.2016;8.7
8;03.05.2016;0
8;03.06.2016;17.1
8;03.07.2016;24.4
8;03.08.2016;9.3
8;03.09.2016;5.4
8;03.10.2016;0
8;03.11.2016;0.1
8;03.12.2016;0
8;03.13.2016;0
8;03.14.2016;0
8;03.15.2016;0
8;03.16.2016;3.6
8;03.17.2016;0
8;03.18.2016;0
8;03.19.2016;0
8;03.20.2016;0
8;03.21.2016;0
8;03.22.2016;0
8;03.23.2016;0
8;03.24.2016;0
8;03.25.2016;0
8;03.26.2016;0
8;03.27.2016;0
8;03.28.2016;0
8;03.29.2016;0
8;03.30.2016;0
8;03.31.2016;2.3
8;04.01.2016;0
8;04.02.2016;0
8;04.03.2016;0
8;04.04.2016;0
8;04.05.2016;0
8;04.06.2016;0
8;04.07.2016;0
8;04.08.2016;0
8;04.09.2016;13.2
8;04.10.2016;4.3
8;04.11.2016;0
8;04.12.2016;0
8;04.13.2016;0
8;04.14.2016;4.6
8;04.15.2016;18.9
8;04.16.2016;0
8;04.17.2016;0
8;04.18.2016;0
8;04.19.2016;0
8;04.20.2016;0
8;04.21.2016;0
8;04.22.2016;0
8;04.23.2016;0
8;04.24.2016;0.5
8;04.25.2016;0.2
8;04.26.2016;0
8;04.27.2016;10.8
8;04.28.2016;47.7
8;04.29.2016;0
8;04.30.2016;0
8;05.01.2016;2.5
8;05.02.2016;17.4
8;05.03.2016;0.2
8;05.04.2016;0
8;05.05.2016;0.1
8;05.06.2016;2.3
8;05.07.2016;0
8;05.08.2016;0
8;05.09.2016;8.3
8;05.10.2016;0
8;05.11.2016;0
8;05.12.2016;9.1
8;05.13.2016;23.1
8;05.14.2016;1.1
8;05.15.2016;24.2
8;05.16.2016;0.6
8;05.17.2016;1.4
8;05.18.2016;0
8;05.19.2016;0
8;05.20.2016;2.6
8;05.21.2016;0
8;05.22.2016;0
8;05.23.2016;0
8;05.24.2016;12.6
8;05.25.2016;0
8;05.26.2016;0
8;05.27.2016;0
8;05.28.2016;0
8;05.29.2016;0
8;05.30.2016;4.9
8;05.31.2016;3.4
8;06.01.2016;9
8;06.02.2016;0.3
8;06.03.2016;1.4
8;06.04.2016;0
8;06.05.2016;0.1
8;06.06.2016;3
8;06.07.2016;2.4
8;06.08.2016;0.3
8;06.09.2016;30.5
8;06.10.2016;15.5
8;06.11.2016;3
8;06.12.2016;14.5
8;06.13.2016;2.3
8;06.14.2016;0.2
8;06.15.2016;35.9
8;06.16.2016;3.5
8;06.17.2016;10.2
8;06.18.2016;0
8;06.19.2016;0
8;06.20.2016;1.7
8;06.21.2016;0.2
8;06.22.2016;0
8;06.23.2016;0
8;06.24.2016;0
8;06.25.2016;0
8;06.26.2016;9.6
8;06.27.2016;2
8;06.28.2016;2.2
8;06.29.2016;0
8;06.30.2016;0
8;07.01.2016;0
8;07.02.2016;0.8
8;07.03.2016;6.9
8;07.04.2016;17.8
8;07.05.2016;0
8;07.06.2016;0
8;07.07.2016;0
8;07.08.2016;0
8;07.09.2016;0
8;07.10.2016;0
8;07.11.2016;0
8;07.12.2016;0
8;07.13.2016;0
8;07.14.2016;28
8;07.15.2016;0
8;07.16.2016;0
8;07.17.2016;0
8;07.18.2016;0
8;07.19.2016;3.2
8;07.20.2016;0
8;07.21.2016;0
8;07.22.2016;0
8;07.23.2016;19.4
8;07.24.2016;0
8;07.25.2016;0.1
8;07.26.2016;0
8;07.27.2016;5.1
8;07.28.2016;2.1
8;07.29.2016;7.3
8;07.30.2016;0
8;07.31.2016;0
8;08.01.2016;0
8;08.02.2016;9.3
8;08.03.2016;0
8;08.04.2016;0
8;08.05.2016;0
8;08.06.2016;5.5
8;08.07.2016;0
8;08.08.2016;0
8;08.09.2016;0
8;08.10.2016;0
8;08.11.2016;42.4
8;08.12.2016;0
8;08.13.2016;0
8;08.14.2016;0
8;08.15.2016;0
8;08.16.2016;0
8;08.17.2016;0
8;08.18.2016;15.1
8;08.19.2016;0
8;08.20.2016;0.2
8;08.21.2016;6.6
8;08.22.2016;16.4
8;08.23.2016;0
8;08.24.2016;0
8;08.25.2016;0
8;08.26.2016;0
8;08.27.2016;0
8;08.28.2016;0
8;08.29.2016;0
8;08.30.2016;19.4
8;08.31.2016;0
8;09.01.2016;0
8;09.02.2016;2.5
8;09.03.2016;0
8;09.04.2016;0
8;09.05.2016;4.7
8;09.06.2016;0.2
8;09.07.2016;0.1
8;09.08.2016;0
8;09.09.2016;0
8;09.10.2016;0
8;09.11.2016;0
8;09.12.2016;0
8;09.13.2016;0
8;09.14.2016;0
8;09.15.2016;0.6
8;09.16.2016;3.2
8;09.17.2016;17.8
8;09.18.2016;5.5
8;09.19.2016;2.5
8;09.20.2016;0
8;09.21.2016;6.2
8;09.22.2016;0
8;09.23.2016;0
8;09.24.2016;0
8;09.25.2016;0
8;09.26.2016;0
8;09.27.2016;0
8;09.28.2016;0
8;09.29.2016;0
8;09.30.2016;0
8;10.01.2016;0
8;10.02.2016;3.6
8;10.03.2016;18.5
8;10.04.2016;0
8;10.05.2016;0
8;10.06.2016;0
8;10.07.2016;0
8;10.08.2016;0
8;10.09.2016;0.3
8;10.10.2016;0
8;10.11.2016;2.7
8;10.12.2016;0.6
8;10.13.2016;0
8;10.14.2016;0
8;10.15.2016;7.3
8;10.16.2016;6.8
8;10.17.2016;0
8;10.18.2016;0
8;10.19.2016;3.9
8;10.20.2016;25.6
8;10.21.2016;27.6
8;10.22.2016;1.2
8;10.23.2016;0
8;10.24.2016;0.2
8;10.25.2016;0.1
8;10.26.2016;36.9
8;10.27.2016;2.1
8;10.28.2016;0
8;10.29.2016;0
8;10.30.2016;0
8;10.31.2016;0
8;11.01.2016;0
8;11.02.2016;0
8;11.03.2016;0.4
8;11.04.2016;0.1
8;11.05.2016;0
8;11.06.2016;76.7
8;11.07.2016;26.5
8;11.08.2016;15.9
8;11.09.2016;1.6
8;11.10.2016;0.6
8;11.11.2016;0.1
8;11.12.2016;7.4
8;11.13.2016;0
8;11.14.2016;0.2
8;11.15.2016;0
8;11.16.2016;0
8;11.17.2016;0
8;11.18.2016;0
8;11.19.2016;52.2
8;11.20.2016;24.2
8;11.21.2016;2.8
8;11.22.2016;8.9
8;11.23.2016;0.1
8;11.24.2016;0.2
8;11.25.2016;0.9
8;11.26.2016;4.6
8;11.27.2016;0.9
8;11.28.2016;2
8;11.29.2016;0
8;11.30.2016;0
8;12.01.2016;0
8;12.02.2016;0
8;12.03.2016;0
8;12.04.2016;0
8;12.05.2016;0
8;12.06.2016;0
8;12.07.2016;0
8;12.08.2016;0
8;12.09.2016;0
8;12.10.2016;0
8;12.11.2016;0
8;12.12.2016;0
8;12.13.2016;0
8;12.14.2016;0
8;12.15.2016;0
8;12.16.2016;0
8;12.17.2016;0
8;12.18.2016;0
8;12.19.2016;0
8;12.20.2016;0
8;12.21.2016;0
8;12.22.2016;0
8;12.23.2016;0
8;12.24.2016;0
8;12.25.2016;0
8;12.26.2016;0
8;12.27.2016;0
8;12.28.2016;0
8;12.29.2016;1.2
8;12.30.2016;0
8;12.31.2016;0
8;01.01.2017;0
8;01.02.2017;0
8;01.03.2017;0
8;01.04.2017;0
8;01.05.2017;0
8;01.06.2017;0
8;01.07.2017;0
8;01.08.2017;0
8;01.09.2017;0
8;01.10.2017;0
8;01.11.2017;0
8;01.12.2017;0
8;01.13.2017;7.2
8;01.14.2017;22.4
8;01.15.2017;0
8;01.16.2017;0
8;01.17.2017;0
8;01.18.2017;0
8;01.19.2017;0
8;01.20.2017;0
8;01.21.2017;0
8;01.22.2017;0
8;01.23.2017;0
8;01.24.2017;0
8;01.25.2017;0
8;01.26.2017;0
8;01.27.2017;0
8;01.28.2017;0
8;01.29.2017;0
8;01.30.2017;0
8;01.31.2017;0.1
8;02.01.2017;7.1
8;02.02.2017;2.8
8;02.03.2017;1.2
8;02.04.2017;4.9
8;02.05.2017;14.8
8;02.06.2017;19.2
8;02.07.2017;4.6
8;02.08.2017;1
8;02.09.2017;0
8;02.10.2017;0
8;02.11.2017;1.2
8;02.12.2017;0.4
8;02.13.2017;0.4
8;02.14.2017;0
8;02.15.2017;0
8;02.16.2017;0
8;02.17.2017;0
8;02.18.2017;2
8;02.19.2017;0
8;02.20.2017;0
8;02.21.2017;0
8;02.22.2017;0
8;02.23.2017;0
8;02.24.2017;0
8;02.25.2017;31.8
8;02.26.2017;0
8;02.27.2017;0
8;02.28.2017;0
8;03.01.2017;18.9
8;03.02.2017;0
8;03.03.2017;0
8;03.04.2017;0
8;03.05.2017;20.2
8;03.06.2017;4.4
8;03.07.2017;0.8
8;03.08.2017;0
8;03.09.2017;0
8;03.10.2017;0
8;03.11.2017;0
8;03.12.2017;0
8;03.13.2017;0
8;03.14.2017;0
8;03.15.2017;0
8;03.16.2017;0
8;03.17.2017;0
8;03.18.2017;0
8;03.19.2017;0
8;03.20.2017;0
8;03.21.2017;0
8;03.22.2017;0
8;03.23.2017;0.1
8;03.24.2017;0
8;03.25.2017;0
8;03.26.2017;0
8;03.27.2017;0
8;03.28.2017;0
8;03.29.2017;0
8;03.30.2017;0
8;03.31.2017;0
8;04.01.2017;0
8;04.02.2017;0
8;04.03.2017;0
8;04.04.2017;0
8;04.05.2017;7.9
8;04.06.2017;0
8;04.07.2017;0
8;04.08.2017;0
8;04.09.2017;0
8;04.10.2017;0
8;04.11.2017;0
8;04.12.2017;2.3
8;04.13.2017;0
8;04.14.2017;1.8
8;04.15.2017;6.2
8;04.16.2017;0
8;04.17.2017;16.6
8;04.18.2017;2.5
8;04.19.2017;1.2
8;04.20.2017;0
8;04.21.2017;0
8;04.22.2017;0
8;04.23.2017;1.8
8;04.24.2017;1.2
8;04.25.2017;0
8;04.26.2017;0
8;04.27.2017;32.2
8;04.28.2017;85.8
8;04.29.2017;15.9
8;04.30.2017;0
8;05.01.2017;0
8;05.02.2017;1.1
8;05.03.2017;0
8;05.04.2017;0
8;05.05.2017;0.6
8;05.06.2017;0
8;05.07.2017;8.5
8;05.08.2017;0
8;05.09.2017;2.7
8;05.10.2017;7.3
8;05.11.2017;0
8;05.12.2017;1.9
8;05.13.2017;3.9
8;05.14.2017;1.2
8;05.15.2017;1.9
8;05.16.2017;2.6
8;05.17.2017;0
8;05.18.2017;0
8;05.19.2017;0
8;05.20.2017;0
8;05.21.2017;7.6
8;05.22.2017;0
8;05.23.2017;1.7
8;05.24.2017;0.6
8;05.25.2017;0
8;05.26.2017;0
8;05.27.2017;0
8;05.28.2017;0
8;05.29.2017;0
8;05.30.2017;0
8;05.31.2017;0
8;06.01.2017;0
8;06.02.2017;0
8;06.03.2017;0.6
8;06.04.2017;0
8;06.05.2017;0.3
8;06.06.2017;0.9
8;06.07.2017;43.7
8;06.08.2017;3.1
8;06.09.2017;0
8;06.10.2017;0
8;06.11.2017;0
8;06.12.2017;0
8;06.13.2017;0
8;06.14.2017;0
8;06.15.2017;0.5
8;06.16.2017;0
8;06.17.2017;0.4
8;06.18.2017;0
8;06.19.2017;0
8;06.20.2017;0
8;06.21.2017;0
8;06.22.2017;0.4
8;06.23.2017;0
8;06.24.2017;0
8;06.25.2017;4.7
8;06.26.2017;23.3
8;06.27.2017;0
8;06.28.2017;1.3
8;06.29.2017;70.5
8;06.30.2017;0
8;07.01.2017;12.8
8;07.02.2017;0
8;07.03.2017;0
8;07.04.2017;0
8;07.05.2017;0
8;07.06.2017;0
8;07.07.2017;0
8;07.08.2017;0
8;07.09.2017;0
8;07.10.2017;0
8;07.11.2017;0
8;07.12.2017;12.1
8;07.13.2017;0
8;07.14.2017;18.9
8;07.15.2017;1.4
8;07.16.2017;0
8;07.17.2017;0
8;07.18.2017;0
8;07.19.2017;0
8;07.20.2017;0
8;07.21.2017;0
8;07.22.2017;0
8;07.23.2017;0
8;07.24.2017;2.5
8;07.25.2017;29.1
8;07.26.2017;9.5
8;07.27.2017;0
8;07.28.2017;0
8;07.29.2017;0
8;07.30.2017;0
8;07.31.2017;0.1
8;08.01.2017;0
8;08.02.2017;0
8;08.03.2017;15.2
8;08.04.2017;0
8;08.05.2017;0
8;08.06.2017;0
8;08.07.2017;31.8
8;08.08.2017;0
8;08.09.2017;0
8;08.10.2017;0.1
8;08.11.2017;8.7
8;08.12.2017;1.6
8;08.13.2017;0
8;08.14.2017;0
8;08.15.2017;0
8;08.16.2017;0
8;08.17.2017;0.8
8;08.18.2017;0
8;08.19.2017;0
8;08.20.2017;17
8;08.21.2017;0
8;08.22.2017;0
8;08.23.2017;0
8;08.24.2017;0
8;08.25.2017;0
8;08.26.2017;0
8;08.27.2017;0
8;08.28.2017;0
8;08.29.2017;8.5
8;08.30.2017;0
8;08.31.2017;0
8;09.01.2017;0
8;09.02.2017;30.6
8;09.03.2017;15.2
8;09.04.2017;0.1
8;09.05.2017;0
8;09.06.2017;0
8;09.07.2017;10.8
8;09.08.2017;9.3
8;09.09.2017;0
8;09.10.2017;5
8;09.11.2017;25.1
8;09.12.2017;18.4
8;09.13.2017;30.5
8;09.14.2017;0
8;09.15.2017;34.6
8;09.16.2017;26.8
8;09.17.2017;8
8;09.18.2017;13
8;09.19.2017;23.1
8;09.20.2017;9.8
8;09.21.2017;0
8;09.22.2017;0
8;09.23.2017;0
8;09.24.2017;0
8;09.25.2017;7
8;09.26.2017;1.6
8;09.27.2017;1.8
8;09.28.2017;0
8;09.29.2017;0
8;09.30.2017;0
8;10.01.2017;0
8;10.02.2017;0
8;10.03.2017;0
8;10.04.2017;1.4
8;10.05.2017;0.9
8;10.06.2017;0
8;10.07.2017;0
8;10.08.2017;0
8;10.09.2017;0
8;10.10.2017;0.1
8;10.11.2017;0
8;10.12.2017;0
8;10.13.2017;0
8;10.14.2017;0
8;10.15.2017;0
8;10.16.2017;0
8;10.17.2017;0
8;10.18.2017;0
8;10.19.2017;0
8;10.20.2017;0
8;10.21.2017;0
8;10.22.2017;0
8;10.23.2017;33.8
8;10.24.2017;0
8;10.25.2017;0
8;10.26.2017;0
8;10.27.2017;0
8;10.28.2017;0
8;10.29.2017;0
8;10.30.2017;0
8;10.31.2017;0
8;11.01.2017;0
8;11.02.2017;0
8;11.03.2017;0
8;11.04.2017;0
8;11.05.2017;0
8;11.06.2017;15.3
8;11.07.2017;26.2
8;11.08.2017;18.9
8;11.09.2017;0.8
8;11.10.2017;0.7
8;11.11.2017;0
8;11.12.2017;0
8;11.13.2017;36.6
8;11.14.2017;2.3
8;11.15.2017;0
8;11.16.2017;0
8;11.17.2017;0
8;11.18.2017;0
8;11.19.2017;0
8;11.20.2017;0
8;11.21.2017;0
8;11.22.2017;0
8;11.23.2017;0
8;11.24.2017;0
8;11.25.2017;0
8;11.26.2017;71.1
8;11.27.2017;0.3
8;11.28.2017;0
8;11.29.2017;4.4
8;11.30.2017;25.2
8;12.01.2017;6.3
8;12.02.2017;1.4
8;12.03.2017;0
8;12.04.2017;0
8;12.05.2017;0
8;12.06.2017;0
8;12.07.2017;0
8;12.08.2017;0.1
8;12.09.2017;31.1
8;12.10.2017;0.3
8;12.11.2017;27
8;12.12.2017;14.2
8;12.13.2017;12.6
8;12.14.2017;5.5
8;12.15.2017;2.2
8;12.16.2017;21.4
8;12.17.2017;0
8;12.18.2017;0
8;12.19.2017;0
8;12.20.2017;0
8;12.21.2017;0
8;12.22.2017;0
8;12.23.2017;0
8;12.24.2017;0
8;12.25.2017;0
8;12.26.2017;0
8;12.27.2017;2.3
8;12.28.2017;59.4
8;12.29.2017;0.8
8;12.30.2017;0
8;12.31.2017;0
8;01.01.2018;0
8;01.02.2018;17.6
8;01.03.2018;0
8;01.04.2018;0
8;01.05.2018;0
8;01.06.2018;1.7
8;01.07.2018;0.3
8;01.08.2018;0.4
8;01.09.2018;0
8;01.10.2018;27.4
8;01.11.2018;0.7
8;01.12.2018;0
8;01.13.2018;0
8;01.14.2018;0.2
8;01.15.2018;1.1
8;01.16.2018;0.1
8;01.17.2018;1.1
8;01.18.2018;0
8;01.19.2018;0.2
8;01.20.2018;4.5
8;01.21.2018;0.4
8;01.22.2018;0
8;01.23.2018;0
8;01.24.2018;0
8;01.25.2018;0
8;01.26.2018;0
8;01.27.2018;0
8;01.28.2018;0
8;01.29.2018;0
8;01.30.2018;0
8;01.31.2018;0
8;02.01.2018;1.8
8;02.02.2018;27.5
8;02.03.2018;48.8
8;02.04.2018;6.9
8;02.05.2018;0
8;02.06.2018;0
8;02.07.2018;14.6
8;02.08.2018;8.2
8;02.09.2018;0
8;02.10.2018;0
8;02.11.2018;0
8;02.12.2018;0
8;02.13.2018;10.4
8;02.14.2018;0
8;02.15.2018;0
8;02.16.2018;0
8;02.17.2018;0
8;02.18.2018;6.1
8;02.19.2018;0
8;02.20.2018;0.1
8;02.21.2018;0
8;02.22.2018;0
8;02.23.2018;9.3
8;02.24.2018;5.8
8;02.25.2018;0
8;02.26.2018;0
8;02.27.2018;0
8;02.28.2018;0.8
8;03.01.2018;0
8;03.02.2018;0.6
8;03.03.2018;3.4
8;03.04.2018;0.3
8;03.05.2018;0
8;03.06.2018;17.3
8;03.07.2018;0.6
8;03.08.2018;0.6
8;03.09.2018;0
8;03.10.2018;0
8;03.11.2018;0
8;03.12.2018;17.8
8;03.13.2018;1.4
8;03.14.2018;6.9
8;03.15.2018;1.3
8;03.16.2018;7.6
8;03.17.2018;5.2
8;03.18.2018;19.3
8;03.19.2018;3.7
8;03.20.2018;0.9
8;03.21.2018;0.1
8;03.22.2018;0
8;03.23.2018;0
8;03.24.2018;0
8;03.25.2018;0
8;03.26.2018;0
8;03.27.2018;0.1
8;03.28.2018;0
8;03.29.2018;0
8;03.30.2018;45.1
8;03.31.2018;2.8
8;04.01.2018;7.8
8;04.02.2018;0
8;04.03.2018;0
8;04.04.2018;0
8;04.05.2018;2.7
8;04.06.2018;9.1
8;04.07.2018;0
8;04.08.2018;0
8;04.09.2018;0
8;04.10.2018;3.2
8;04.11.2018;2.1
8;04.12.2018;2.4
8;04.13.2018;26.2
8;04.14.2018;0
8;04.15.2018;0
8;04.16.2018;11.8
8;04.17.2018;8.1
8;04.18.2018;0
8;04.19.2018;0
8;04.20.2018;0
8;04.21.2018;0
8;04.22.2018;0
8;04.23.2018;0
8;04.24.2018;0
8;04.25.2018;0
8;04.26.2018;0
8;04.27.2018;8.7
8;04.28.2018;0
8;04.29.2018;0
8;04.30.2018;0
8;05.01.2018;0
8;05.02.2018;0
8;05.03.2018;2.1
8;05.04.2018;0.6
8;05.05.2018;19.9
8;05.06.2018;0
8;05.07.2018;0
8;05.08.2018;0
8;05.09.2018;15
8;05.10.2018;1.1
8;05.11.2018;0.1
8;05.12.2018;1.2
8;05.13.2018;0.6
8;05.14.2018;4.5
8;05.15.2018;20.4
8;05.16.2018;0.1
8;05.17.2018;0.4
8;05.18.2018;0
8;05.19.2018;12
8;05.20.2018;0
8;05.21.2018;0
8;05.22.2018;0
8;05.23.2018;4.6
8;05.24.2018;0
8;05.25.2018;0
8;05.26.2018;3.3
8;05.27.2018;0
8;05.28.2018;31.4
8;05.29.2018;0.4
8;05.30.2018;71.5
8;05.31.2018;0
8;06.01.2018;12.8
8;06.02.2018;0.2
8;06.03.2018;3.2
8;06.04.2018;0
8;06.05.2018;0
8;06.06.2018;0
8;06.07.2018;1.1
8;06.08.2018;0
8;06.09.2018;7.2
8;06.10.2018;1.8
8;06.11.2018;0
8;06.12.2018;0
8;06.13.2018;9.6
8;06.14.2018;0.1
8;06.15.2018;0
8;06.16.2018;0
8;06.17.2018;0
8;06.18.2018;0
8;06.19.2018;0
8;06.20.2018;0
8;06.21.2018;0
8;06.22.2018;34.4
8;06.23.2018;8.8
8;06.24.2018;0.6
8;06.25.2018;15
8;06.26.2018;3.8
8;06.27.2018;0.1
8;06.28.2018;0
8;06.29.2018;0.1
8;06.30.2018;0
8;07.01.2018;1.1
8;07.02.2018;0
8;07.03.2018;0
8;07.04.2018;6.2
8;07.05.2018;0
8;07.06.2018;0
8;07.07.2018;0
8;07.08.2018;0
8;07.09.2018;3.9
8;07.10.2018;0
8;07.11.2018;21.2
8;07.12.2018;27.1
8;07.13.2018;8.9
8;07.14.2018;0
8;07.15.2018;4
8;07.16.2018;1.6
8;07.17.2018;0
8;07.18.2018;0
8;07.19.2018;0
8;07.20.2018;0
8;07.21.2018;0
8;07.22.2018;5.2
8;07.23.2018;15.3
8;07.24.2018;0
8;07.25.2018;0
8;07.26.2018;0
8;07.27.2018;0.1
8;07.28.2018;0
8;07.29.2018;5.4
8;07.30.2018;0
8;07.31.2018;0
8;08.01.2018;0
8;08.02.2018;6
8;08.03.2018;0.2
8;08.04.2018;0
8;08.05.2018;0
8;08.06.2018;42.8
8;08.07.2018;0
8;08.08.2018;0
8;08.09.2018;0
8;08.10.2018;0
8;08.11.2018;0
8;08.12.2018;0
8;08.13.2018;0
8;08.14.2018;10.6
8;08.15.2018;2.8
8;08.16.2018;0
8;08.17.2018;0
8;08.18.2018;0
8;08.19.2018;0
8;08.20.2018;0
8;08.21.2018;0
8;08.22.2018;0
8;08.23.2018;0
8;08.24.2018;0
8;08.25.2018;13.2
8;08.26.2018;92.8
8;08.27.2018;5.4
8;08.28.2018;0
8;08.29.2018;0
8;08.30.2018;0
8;08.31.2018;2
8;09.01.2018;29.6
8;09.02.2018;13
8;09.03.2018;7.7
8;09.04.2018;5.1
8;09.05.2018;0
8;09.06.2018;0
8;09.07.2018;23.4
8;09.08.2018;0.1
8;09.09.2018;1.8
8;09.10.2018;0
8;09.11.2018;0
8;09.12.2018;0
8;09.13.2018;0
8;09.14.2018;0
8;09.15.2018;35.3
8;09.16.2018;0
8;09.17.2018;0
8;09.18.2018;0
8;09.19.2018;0
8;09.20.2018;0
8;09.21.2018;0
8;09.22.2018;0
8;09.23.2018;24.8
8;09.24.2018;18.8
8;09.25.2018;0
8;09.26.2018;0
8;09.27.2018;0
8;09.28.2018;0
8;09.29.2018;0
8;09.30.2018;0
8;10.01.2018;0
8;10.02.2018;3.6
8;10.03.2018;0
8;10.04.2018;0
8;10.05.2018;0
8;10.06.2018;0
8;10.07.2018;21.1
8;10.08.2018;0.2
8;10.09.2018;3.3
8;10.10.2018;0
8;10.11.2018;0
8;10.12.2018;0
8;10.13.2018;0
8;10.14.2018;0
8;10.15.2018;0
8;10.16.2018;0
8;10.17.2018;0
8;10.18.2018;0.6
8;10.19.2018;0
8;10.20.2018;0
8;10.21.2018;0
8;10.22.2018;2.2
8;10.23.2018;0
8;10.24.2018;0
8;10.25.2018;0
8;10.26.2018;0
8;10.27.2018;16.5
8;10.28.2018;8.5
8;10.29.2018;32.4
8;10.30.2018;58.9
8;10.31.2018;3
8;11.01.2018;0
8;11.02.2018;10.7
8;11.03.2018;17.6
8;11.04.2018;0
8;11.05.2018;0
8;11.06.2018;4.9
8;11.07.2018;12.8
8;11.08.2018;0.4
8;11.09.2018;0
8;11.10.2018;0
8;11.11.2018;0
8;11.12.2018;0
8;11.13.2018;0
8;11.14.2018;0
8;11.15.2018;0
8;11.16.2018;0
8;11.17.2018;0
8;11.18.2018;0
8;11.19.2018;0.3
8;11.20.2018;8.7
8;11.21.2018;4.4
8;11.22.2018;0.5
8;11.23.2018;0.6
8;11.24.2018;1.4
8;11.25.2018;19.6
8;11.26.2018;23
8;11.27.2018;3.9
8;11.28.2018;0.2
8;11.29.2018;0
8;11.30.2018;0
8;12.01.2018;0
8;12.02.2018;0
8;12.03.2018;1.6
8;12.04.2018;0.2
8;12.05.2018;0
8;12.06.2018;0.1
8;12.07.2018;0.6
8;12.08.2018;4.8
8;12.09.2018;0.1
8;12.10.2018;0
8;12.11.2018;0
8;12.12.2018;0
8;12.13.2018;0
8;12.14.2018;0
8;12.15.2018;0
8;12.16.2018;0
8;12.17.2018;0
8;12.18.2018;0
8;12.19.2018;0
8;12.20.2018;0
8;12.21.2018;0.1
8;12.22.2018;0
8;12.23.2018;0
8;12.24.2018;0
8;12.25.2018;0.5
8;12.26.2018;0
8;12.27.2018;0
8;12.28.2018;0
8;12.29.2018;0
8;12.30.2018;0
8;12.31.2018;0
8;01.01.2019;0
8;01.02.2019;0
8;01.03.2019;0
8;01.04.2019;0
8;01.05.2019;0
8;01.06.2019;0
8;01.07.2019;0.1
8;01.08.2019;0.1
8;01.09.2019;2.1
8;01.10.2019;0
8;01.11.2019;0
8;01.12.2019;0
8;01.13.2019;0
8;01.14.2019;0
8;01.15.2019;0
8;01.16.2019;0
8;01.17.2019;0
8;01.18.2019;25.3
8;01.19.2019;11.5
8;01.20.2019;0
8;01.21.2019;0
8;01.22.2019;0
8;01.23.2019;1.3
8;01.24.2019;1.3
8;01.25.2019;0
8;01.26.2019;0
8;01.27.2019;0
8;01.28.2019;14.6
8;01.29.2019;1.9
8;01.30.2019;0.2
8;01.31.2019;0
8;02.01.2019;1.4
8;02.02.2019;33.6
8;02.03.2019;52.1
8;02.04.2019;0.2
8;02.05.2019;0
8;02.06.2019;0
8;02.07.2019;0
8;02.08.2019;0
8;02.09.2019;0
8;02.10.2019;0
8;02.11.2019;21.5
8;02.12.2019;0
8;02.13.2019;0
8;02.14.2019;0
8;02.15.2019;0
8;02.16.2019;0
8;02.17.2019;0
8;02.18.2019;0
8;02.19.2019;0
8;02.20.2019;0
8;02.21.2019;0
8;02.22.2019;0
8;02.23.2019;0
8;02.24.2019;0
8;02.25.2019;0
8;02.26.2019;0
8;02.27.2019;0
8;02.28.2019;0
8;03.01.2019;0
8;03.02.2019;0
8;03.03.2019;0
8;03.04.2019;0
8;03.05.2019;4.2
8;03.06.2019;0
8;03.07.2019;0
8;03.08.2019;0
8;03.09.2019;0
8;03.10.2019;0
8;03.11.2019;0
8;03.12.2019;3.2
8;03.13.2019;0
8;03.14.2019;0.3
8;03.15.2019;0
8;03.16.2019;0
8;03.17.2019;0
8;03.18.2019;0.7
8;03.19.2019;8.8
8;03.20.2019;1.2
8;03.21.2019;0
8;03.22.2019;0
8;03.23.2019;0
8;03.24.2019;0
8;03.25.2019;0
8;03.26.2019;8.3
8;03.27.2019;0
8;03.28.2019;0
8;03.29.2019;0
8;03.30.2019;0
8;03.31.2019;0
8;04.01.2019;0
8;04.02.2019;0
8;04.03.2019;0
8;04.04.2019;3.8
8;04.05.2019;0.3
8;04.06.2019;16.1
8;04.07.2019;0
8;04.08.2019;0.5
8;04.09.2019;1.9
8;04.10.2019;10.7
8;04.11.2019;20.4
8;04.12.2019;8.6
8;04.13.2019;1.1
8;04.14.2019;0.3
8;04.15.2019;0.5
8;04.16.2019;0
8;04.17.2019;0
8;04.18.2019;0
8;04.19.2019;0
8;04.20.2019;0
8;04.21.2019;0
8;04.22.2019;0
8;04.23.2019;3.6
8;04.24.2019;16
8;04.25.2019;1.5
8;04.26.2019;0
8;04.27.2019;7.2
8;04.28.2019;2.4
8;04.29.2019;14.5
8;04.30.2019;0.1
8;05.01.2019;0
8;05.02.2019;0
8;05.03.2019;0
8;05.04.2019;13.3
8;05.05.2019;12.3
8;05.06.2019;2.8
8;05.07.2019;0
8;05.08.2019;0
8;05.09.2019;0.5
8;05.10.2019;7.8
8;05.11.2019;0
8;05.12.2019;18.5
8;05.13.2019;0.8
8;05.14.2019;0.4
8;05.15.2019;2.9
8;05.16.2019;5.1
8;05.17.2019;0
8;05.18.2019;0
8;05.19.2019;5.5
8;05.20.2019;9.9
8;05.21.2019;14.7
8;05.22.2019;1
8;05.23.2019;0.1
8;05.24.2019;0
8;05.25.2019;0
8;05.26.2019;1.3
8;05.27.2019;3.9
8;05.28.2019;16.8
8;05.29.2019;37.1
8;05.30.2019;10
8;05.31.2019;0.3
8;06.01.2019;0
8;06.02.2019;0
8;06.03.2019;0.1
8;06.04.2019;1.8
8;06.05.2019;0
8;06.06.2019;0
8;06.07.2019;0
8;06.08.2019;0
8;06.09.2019;0
8;06.10.2019;0
8;06.11.2019;0.4
8;06.12.2019;0
8;06.13.2019;0
8;06.14.2019;0
8;06.15.2019;0
8;06.16.2019;0
8;06.17.2019;0
8;06.18.2019;1.1
8;06.19.2019;0
8;06.20.2019;11.8
8;06.21.2019;4.8
8;06.22.2019;2.3
8;06.23.2019;23.2
8;06.24.2019;0.9
8;06.25.2019;0
8;06.26.2019;0
8;06.27.2019;0
8;06.28.2019;0
8;06.29.2019;0
8;06.30.2019;0
8;07.01.2019;0
8;07.02.2019;0
8;07.03.2019;36.5
8;07.04.2019;4.1
8;07.05.2019;0
8;07.06.2019;0
8;07.07.2019;2.5
8;07.08.2019;1.6
8;07.09.2019;15.1
8;07.10.2019;4.3
8;07.11.2019;0
8;07.12.2019;0.1
8;07.13.2019;2.4
8;07.14.2019;0
8;07.15.2019;0.2
8;07.16.2019;0
8;07.17.2019;0
8;07.18.2019;5.6
8;07.19.2019;0
8;07.20.2019;0
8;07.21.2019;0
8;07.22.2019;2
8;07.23.2019;0
8;07.24.2019;0
8;07.25.2019;0
8;07.26.2019;0
8;07.27.2019;0.7
8;07.28.2019;6.1
8;07.29.2019;39.9
8;07.30.2019;0.1
8;07.31.2019;0
8;08.01.2019;0.1
8;08.02.2019;2.2
8;08.03.2019;32.6
8;08.04.2019;0
8;08.05.2019;0
8;08.06.2019;0.1
8;08.07.2019;0.8
8;08.08.2019;0
8;08.09.2019;8.3
8;08.10.2019;0
8;08.11.2019;0
8;08.12.2019;0
8;08.13.2019;0.7
8;08.14.2019;11.8
8;08.15.2019;0.1
8;08.16.2019;5.3
8;08.17.2019;0
8;08.18.2019;0
8;08.19.2019;0
8;08.20.2019;0
8;08.21.2019;0
8;08.22.2019;1.7
8;08.23.2019;0.2
8;08.24.2019;0
8;08.25.2019;30.5
8;08.26.2019;0
8;08.27.2019;2.7
8;08.28.2019;0
8;08.29.2019;0
8;08.30.2019;18.6
8;08.31.2019;0.5
8;09.01.2019;0
8;09.02.2019;0
8;09.03.2019;73
8;09.04.2019;0
8;09.05.2019;0
8;09.06.2019;0
8;09.07.2019;8.6
8;09.08.2019;9.6
8;09.09.2019;16.3
8;09.10.2019;5.1
8;09.11.2019;0
8;09.12.2019;0
8;09.13.2019;0
8;09.14.2019;0
8;09.15.2019;0
8;09.16.2019;0
8;09.17.2019;0
8;09.18.2019;2.8
8;09.19.2019;3.1
8;09.20.2019;0
8;09.21.2019;0
8;09.22.2019;0
8;09.23.2019;0
8;09.24.2019;27.1
8;09.25.2019;0
8;09.26.2019;12.3
8;09.27.2019;0
8;09.28.2019;0
8;09.29.2019;2.4
8;09.30.2019;0
8;10.01.2019;0
8;10.02.2019;0.2
8;10.03.2019;22.6
8;10.04.2019;0
8;10.05.2019;0
8;10.06.2019;0
8;10.07.2019;0
8;10.08.2019;0
8;10.09.2019;0
8;10.10.2019;13.9
8;10.11.2019;0
8;10.12.2019;0
8;10.13.2019;0
8;10.14.2019;0
8;10.15.2019;0
8;10.16.2019;10.9
8;10.17.2019;0
8;10.18.2019;0
8;10.19.2019;0.3
8;10.20.2019;0
8;10.21.2019;0
8;10.22.2019;0
8;10.23.2019;0
8;10.24.2019;0
8;10.25.2019;0
8;10.26.2019;0
8;10.27.2019;0
8;10.28.2019;0
8;10.29.2019;4.2
8;10.30.2019;4.1
8;10.31.2019;2.1
8;11.01.2019;2.1
8;11.02.2019;0
8;11.03.2019;10.3
8;11.04.2019;12.3
8;11.05.2019;11.9
8;11.06.2019;11.2
8;11.07.2019;10.2
8;11.08.2019;0.2
8;11.09.2019;14
8;11.10.2019;2.4
8;11.11.2019;0
8;11.12.2019;8.2
8;11.13.2019;21.3
8;11.14.2019;22.4
8;11.15.2019;2.2
8;11.16.2019;21.3
8;11.17.2019;4
8;11.18.2019;29.1
8;11.19.2019;1.1
8;11.20.2019;0.3
8;11.21.2019;9.7
8;11.22.2019;1
8;11.23.2019;1.3
8;11.24.2019;0.1
8;11.25.2019;0.4
8;11.26.2019;0.1
8;11.27.2019;0.1
8;11.28.2019;24.6
8;11.29.2019;0.8
8;11.30.2019;0
8;12.01.2019;2.9
8;12.02.2019;17.7
8;12.03.2019;16
8;12.04.2019;0
8;12.05.2019;0
8;12.06.2019;0
8;12.07.2019;0
8;12.08.2019;0
8;12.09.2019;0
8;12.10.2019;5.3
8;12.11.2019;0
8;12.12.2019;0
8;12.13.2019;2.9
8;12.14.2019;11.2
8;12.15.2019;0
8;12.16.2019;0
8;12.17.2019;0
8;12.18.2019;0
8;12.19.2019;3.7
8;12.20.2019;2
8;12.21.2019;3.6
8;12.22.2019;37.7
8;12.23.2019;18.6
8;12.24.2019;0
8;12.25.2019;0
8;12.26.2019;0
8;12.27.2019;0
8;12.28.2019;0
8;12.29.2019;0
8;12.30.2019;0
8;12.31.2019;0
8;01.01.2020;0
8;01.02.2020;0
8;01.03.2020;0
8;01.04.2020;0
8;01.05.2020;0
8;01.06.2020;0
8;01.07.2020;0
8;01.08.2020;0
8;01.09.2020;0
8;01.10.2020;0
8;01.11.2020;0
8;01.12.2020;0
8;01.13.2020;0
8;01.14.2020;0
8;01.15.2020;0
8;01.16.2020;0
8;01.17.2020;0
8;01.18.2020;0
8;01.19.2020;0.4
8;01.20.2020;0
8;01.21.2020;0
8;01.22.2020;0
8;01.23.2020;0
8;01.24.2020;0
8;01.25.2020;0
8;01.26.2020;1.3
8;01.27.2020;1.9
8;01.28.2020;0.9
8;01.29.2020;12
8;01.30.2020;0
8;01.31.2020;0
8;02.01.2020;0
8;02.02.2020;0
8;02.03.2020;0
8;02.04.2020;0.2
8;02.05.2020;6.8
8;02.06.2020;0.9
8;02.07.2020;0
8;02.08.2020;0
8;02.09.2020;0
8;02.10.2020;0
8;02.11.2020;2.2
8;02.12.2020;0.3
8;02.13.2020;0
8;02.14.2020;1.6
8;02.15.2020;0
8;02.16.2020;0
8;02.17.2020;0
8;02.18.2020;0
8;02.19.2020;0
8;02.20.2020;0
8;02.21.2020;0
8;02.22.2020;0
8;02.23.2020;0
8;02.24.2020;0
8;02.25.2020;0
8;02.26.2020;14.1
8;02.27.2020;8.8
8;02.28.2020;2.1
8;02.29.2020;0
8;03.01.2020;0.1
8;03.02.2020;39.3
8;03.03.2020;30.2
8;03.04.2020;8.3
8;03.05.2020;0
8;03.06.2020;6.1
8;03.07.2020;5.2
8;03.08.2020;0
8;03.09.2020;0
8;03.10.2020;0
8;03.11.2020;0
8;03.12.2020;0
8;03.13.2020;0
8;03.14.2020;0
8;03.15.2020;0.1
8;03.16.2020;0
8;03.17.2020;0
8;03.18.2020;0
8;03.19.2020;0
8;03.20.2020;0
8;03.21.2020;0
8;03.22.2020;7
8;03.23.2020;0
8;03.24.2020;0
8;03.25.2020;0
8;03.26.2020;0.2
8;03.27.2020;0.1
8;03.28.2020;0
8;03.29.2020;0
8;03.30.2020;2.6
8;03.31.2020;4
8;04.01.2020;0
8;04.02.2020;0
8;04.03.2020;0
8;04.04.2020;0
8;04.05.2020;0
8;04.06.2020;0
8;04.07.2020;0
8;04.08.2020;0
8;04.09.2020;0
8;04.10.2020;0
8;04.11.2020;0
8;04.12.2020;0
8;04.13.2020;0
8;04.14.2020;3.5
8;04.15.2020;2.8
8;04.16.2020;0
8;04.17.2020;0
8;04.18.2020;0
8;04.19.2020;0
8;04.20.2020;0
8;04.21.2020;0
8;04.22.2020;0
8;04.23.2020;0
8;04.24.2020;0
8;04.25.2020;0
8;04.26.2020;0
8;04.27.2020;0
8;04.28.2020;0
8;04.29.2020;1.5
8;04.30.2020;6.4
8;05.01.2020;12.3
8;05.02.2020;0.5
8;05.03.2020;3.3
8;05.04.2020;0
8;05.05.2020;0
8;05.06.2020;1.3
8;05.07.2020;0
8;05.08.2020;0
8;05.09.2020;0
8;05.10.2020;0
8;05.11.2020;0
8;05.12.2020;4
8;05.13.2020;24.1
8;05.14.2020;0.1
8;05.15.2020;1.6
8;05.16.2020;19.7
8;05.17.2020;4.2
8;05.18.2020;0
8;05.19.2020;0.3
8;05.20.2020;20.2
8;05.21.2020;0
8;05.22.2020;0
8;05.23.2020;0
8;05.24.2020;15.5
8;05.25.2020;0
8;05.26.2020;0.2
8;05.27.2020;0
8;05.28.2020;0
8;05.29.2020;0
8;05.30.2020;1.2
8;05.31.2020;0
8;06.01.2020;0.3
8;06.02.2020;0
8;06.03.2020;0
8;06.04.2020;0.6
8;06.05.2020;34.5
8;06.06.2020;6.8
8;06.07.2020;9.3
8;06.08.2020;30.5
8;06.09.2020;21.1
8;06.10.2020;10.1
8;06.11.2020;2.3
8;06.12.2020;0.6
8;06.13.2020;0
8;06.14.2020;0
8;06.15.2020;3.6
8;06.16.2020;3
8;06.17.2020;0
8;06.18.2020;0
8;06.19.2020;0
8;06.20.2020;2.8
8;06.21.2020;0
8;06.22.2020;0.1
8;06.23.2020;0
8;06.24.2020;0
8;06.25.2020;6.5
8;06.26.2020;34.9
8;06.27.2020;0
8;06.28.2020;0
8;06.29.2020;0
8;06.30.2020;0.3
8;07.01.2020;0.2
8;07.02.2020;0
8;07.03.2020;9.7
8;07.04.2020;5.2
8;07.05.2020;0
8;07.06.2020;0
8;07.07.2020;46.7
8;07.08.2020;0
8;07.09.2020;0
8;07.10.2020;0
8;07.11.2020;0
8;07.12.2020;21.9
8;07.13.2020;0
8;07.14.2020;0
8;07.15.2020;0
8;07.16.2020;0
8;07.17.2020;7.2
8;07.18.2020;6.6
8;07.19.2020;0
8;07.20.2020;0
8;07.21.2020;0
8;07.22.2020;0
8;07.23.2020;5.2
8;07.24.2020;11.3
8;07.25.2020;2.7
8;07.26.2020;0
8;07.27.2020;0
8;07.28.2020;0
8;07.29.2020;0
8;07.30.2020;61
8;07.31.2020;0
8;08.01.2020;0
8;08.02.2020;3.7
8;08.03.2020;18.4
8;08.04.2020;13.2
8;08.05.2020;0.4
8;08.06.2020;2.5
8;08.07.2020;0
8;08.08.2020;0
8;08.09.2020;0
8;08.10.2020;0
8;08.11.2020;0
8;08.12.2020;0
8;08.13.2020;0
8;08.14.2020;0.3
8;08.15.2020;32.3
8;08.16.2020;0
8;08.17.2020;0
8;08.18.2020;4.3
8;08.19.2020;0
8;08.20.2020;0
8;08.21.2020;0
8;08.22.2020;0
8;08.23.2020;0
8;08.24.2020;0.9
8;08.25.2020;0.1
8;08.26.2020;0
8;08.27.2020;0
8;08.28.2020;0
8;08.29.2020;0
8;08.30.2020;8.7
8;08.31.2020;7.3
8;09.01.2020;24.3
8;09.02.2020;0
8;09.03.2020;0
8;09.04.2020;0
8;09.05.2020;0
8;09.06.2020;0
8;09.07.2020;48.5
8;09.08.2020;0
8;09.09.2020;0
8;09.10.2020;0
8;09.11.2020;0
8;09.12.2020;0
8;09.13.2020;0
8;09.14.2020;0
8;09.15.2020;0
8;09.16.2020;0
8;09.17.2020;0
8;09.18.2020;0
8;09.19.2020;0
8;09.20.2020;0
8;09.21.2020;0
8;09.22.2020;7.7
8;09.23.2020;0.6
8;09.24.2020;4
8;09.25.2020;34.2
8;09.26.2020;63.7
8;09.27.2020;0.5
8;09.28.2020;12.8
8;09.29.2020;5.4
8;09.30.2020;0
8;10.01.2020;0
8;10.02.2020;0
8;10.03.2020;0.4
8;10.04.2020;17.6
8;10.05.2020;12.4
8;10.06.2020;3
8;10.07.2020;5.1
8;10.08.2020;14.3
8;10.09.2020;0
8;10.10.2020;0
8;10.11.2020;3.9
8;10.12.2020;56.9
8;10.13.2020;0
8;10.14.2020;0
8;10.15.2020;6.4
8;10.16.2020;24.3
8;10.17.2020;0.2
8;10.18.2020;0
8;10.19.2020;0
8;10.20.2020;0
8;10.21.2020;0
8;10.22.2020;0
8;10.23.2020;0
8;10.24.2020;3.9
8;10.25.2020;0.6
8;10.26.2020;0
8;10.27.2020;6.2
8;10.28.2020;6.7
8;10.29.2020;0
8;10.30.2020;0
8;10.31.2020;0
8;11.01.2020;0
8;11.02.2020;0
8;11.03.2020;0
8;11.04.2020;0
8;11.05.2020;1.9
8;11.06.2020;0.2
8;11.07.2020;0
8;11.08.2020;0
8;11.09.2020;0
8;11.10.2020;0.1
8;11.11.2020;0
8;11.12.2020;1
8;11.13.2020;0
8;11.14.2020;0
8;11.15.2020;0
8;11.16.2020;0
8;11.17.2020;35.2
8;11.18.2020;0
8;11.19.2020;0
8;11.20.2020;0.3
8;11.21.2020;0
8;11.22.2020;0
8;11.23.2020;0
8;11.24.2020;0
8;11.25.2020;0
8;11.26.2020;0
8;11.27.2020;0
8;11.28.2020;0
8;11.29.2020;0.1
8;11.30.2020;0
8;12.01.2020;0
8;12.02.2020;0
8;12.03.2020;26
8;12.04.2020;0
8;12.05.2020;10.1
8;12.06.2020;7.6
8;12.07.2020;24.1
8;12.08.2020;4.4
8;12.09.2020;16.9
8;12.10.2020;8.2
8;12.11.2020;0
8;12.12.2020;0.3
8;12.13.2020;0.3
8;12.14.2020;0
8;12.15.2020;0.1
8;12.16.2020;0
8;12.17.2020;0
8;12.18.2020;0
8;12.19.2020;0
8;12.20.2020;0
8;12.21.2020;0.1
8;12.22.2020;0.2
8;12.23.2020;0
8;12.24.2020;0
8;12.25.2020;20.9
8;12.26.2020;7.5
8;12.27.2020;0
8;12.28.2020;0.5
8;12.29.2020;35
8;12.30.2020;22.6
8;12.31.2020;2.1
8;01.01.2021;0.1
8;01.02.2021;8.6
8;01.03.2021;30.7
8;01.04.2021;0
8;01.05.2021;4
8;01.06.2021;17.2
8;01.07.2021;7.2
8;01.08.2021;0.2
8;01.09.2021;0.9
8;01.10.2021;0
8;01.11.2021;1.3
8;01.12.2021;0
8;01.13.2021;0
8;01.14.2021;0
8;01.15.2021;0
8;01.16.2021;0
8;01.17.2021;0
8;01.18.2021;0
8;01.19.2021;0
8;01.20.2021;0
8;01.21.2021;0.2
8;01.22.2021;8.9
8;01.23.2021;38.6
8;01.24.2021;12
8;01.25.2021;3.4
8;01.26.2021;0
8;01.27.2021;0
8;01.28.2021;0
8;01.29.2021;0
8;01.30.2021;0.3
8;01.31.2021;9.4
8;02.01.2021;2.1
8;02.02.2021;0
8;02.03.2021;0
8;02.04.2021;1
8;02.05.2021;0
8;02.06.2021;0
8;02.07.2021;0
8;02.08.2021;19.9
8;02.09.2021;6.2
8;02.10.2021;12.6
8;02.11.2021;38.8
8;02.12.2021;0.4
8;02.13.2021;0
8;02.14.2021;0
8;02.15.2021;0
8;02.16.2021;0
8;02.17.2021;0
8;02.18.2021;0.2
8;02.19.2021;0
8;02.20.2021;0
8;02.21.2021;0
8;02.22.2021;0
8;02.23.2021;0
8;02.24.2021;0
8;02.25.2021;0
8;02.26.2021;0
8;02.27.2021;0
8;02.28.2021;0
8;03.01.2021;0
8;03.02.2021;0
8;03.03.2021;0
8;03.04.2021;0
8;03.05.2021;0
8;03.06.2021;14.2
8;03.07.2021;0
8;03.08.2021;0
8;03.09.2021;0
8;03.10.2021;0
8;03.11.2021;0
8;03.12.2021;0.7
8;03.13.2021;0.3
8;03.14.2021;0
8;03.15.2021;11.1
8;03.16.2021;0
8;03.17.2021;0
8;03.18.2021;0
8;03.19.2021;0
8;03.20.2021;0
8;03.21.2021;0
8;03.22.2021;0
8;03.23.2021;0
8;03.24.2021;0
8;03.25.2021;0
8;03.26.2021;0
8;03.27.2021;0
8;03.28.2021;0.1
8;03.29.2021;1.3
8;03.30.2021;0
8;03.31.2021;0
8;04.01.2021;0
8;04.02.2021;0
8;04.03.2021;8.6
8;04.04.2021;0.2
8;04.05.2021;0
8;04.06.2021;4
8;04.07.2021;1.4
8;04.08.2021;0
8;04.09.2021;0
8;04.10.2021;0
8;04.11.2021;0
8;04.12.2021;3.7
8;04.13.2021;34.3
8;04.14.2021;1
8;04.15.2021;0
8;04.16.2021;0
8;04.17.2021;0
8;04.18.2021;0
8;04.19.2021;0
8;04.20.2021;0.5
8;04.21.2021;0
8;04.22.2021;0
8;04.23.2021;1.4
8;04.24.2021;0
8;04.25.2021;0
8;04.26.2021;0
8;04.27.2021;0.5
8;04.28.2021;0.5
8;04.29.2021;0
8;04.30.2021;2.4
8;05.01.2021;0
8;05.02.2021;25.9
8;05.03.2021;18.1
8;05.04.2021;0
8;05.05.2021;0
8;05.06.2021;35.3
8;05.07.2021;5.5
8;05.08.2021;25.2
8;05.09.2021;0
8;05.10.2021;0
8;05.11.2021;0
8;05.12.2021;2
8;05.13.2021;1.3
8;05.14.2021;8.5
8;05.15.2021;0.7
8;05.16.2021;8.9
8;05.17.2021;32.3
8;05.18.2021;12.2
8;05.19.2021;21.5
8;05.20.2021;1.8
8;05.21.2021;0
8;05.22.2021;0
8;05.23.2021;10.3
8;05.24.2021;5.5
8;05.25.2021;19.1
8;05.26.2021;1.2
8;05.27.2021;0
8;05.28.2021;15.7
8;05.29.2021;0
8;05.30.2021;11.5
8;05.31.2021;0
8;06.01.2021;0
8;06.02.2021;0
8;06.03.2021;0
8;06.04.2021;0
8;06.05.2021;0.2
8;06.06.2021;4.7
8;06.07.2021;6.5
8;06.08.2021;7.5
8;06.09.2021;0
8;06.10.2021;3.9
8;06.11.2021;0.4
8;06.12.2021;0
8;06.13.2021;0
8;06.14.2021;0
8;06.15.2021;0
8;06.16.2021;0
8;06.17.2021;0
8;06.18.2021;0
8;06.19.2021;0
8;06.20.2021;0
8;06.21.2021;0
8;06.22.2021;0
8;06.23.2021;0
8;06.24.2021;0
8;06.25.2021;0
8;06.26.2021;0
8;06.27.2021;0
8;06.28.2021;0
8;06.29.2021;0
8;06.30.2021;0
8;07.01.2021;4.2
8;07.02.2021;3
8;07.03.2021;2.2
8;07.04.2021;0
8;07.05.2021;44.1
8;07.06.2021;0
8;07.07.2021;0
8;07.08.2021;0
8;07.09.2021;0
8;07.10.2021;0
8;07.11.2021;0
8;07.12.2021;1.9
8;07.13.2021;0
8;07.14.2021;14.1
8;07.15.2021;0
8;07.16.2021;0
8;07.17.2021;3
8;07.18.2021;1.3
8;07.19.2021;22.1
8;07.20.2021;0
8;07.21.2021;0
8;07.22.2021;0
8;07.23.2021;0
8;07.24.2021;0
8;07.25.2021;0
8;07.26.2021;0
8;07.27.2021;0
8;07.28.2021;1.1
8;07.29.2021;7.2
8;07.30.2021;0
8;07.31.2021;0.8
8;08.01.2021;9
8;08.02.2021;18.4
8;08.03.2021;1.4
8;08.04.2021;1
8;08.05.2021;17.9
8;08.06.2021;13.8
8;08.07.2021;0
8;08.08.2021;0
8;08.09.2021;33.4
8;08.10.2021;0
8;08.11.2021;0
8;08.12.2021;0
8;08.13.2021;0
8;08.14.2021;0
8;08.15.2021;0
8;08.16.2021;0
8;08.17.2021;26.3
8;08.18.2021;0
8;08.19.2021;0
8;08.20.2021;0
8;08.21.2021;0
8;08.22.2021;0
8;08.23.2021;24.8
8;08.24.2021;15.2
8;08.25.2021;0
8;08.26.2021;0
8;08.27.2021;7.3
8;08.28.2021;0.3
8;08.29.2021;0.6
8;08.30.2021;0.6
8;08.31.2021;0
8;09.01.2021;0.5
8;09.02.2021;0
8;09.03.2021;0
8;09.04.2021;0
8;09.05.2021;0
8;09.06.2021;0
8;09.07.2021;0
8;09.08.2021;0
8;09.09.2021;0
8;09.10.2021;0
8;09.11.2021;0
8;09.12.2021;0
8;09.13.2021;0
8;09.14.2021;0
8;09.15.2021;0
8;09.16.2021;0
8;09.17.2021;17.3
8;09.18.2021;6.8
8;09.19.2021;0
8;09.20.2021;27.9
8;09.21.2021;0.4
8;09.22.2021;0
8;09.23.2021;0
8;09.24.2021;0
8;09.25.2021;0
8;09.26.2021;0
8;09.27.2021;5.8
8;09.28.2021;0.1
8;09.29.2021;0.1
8;09.30.2021;21.8
8;10.01.2021;0
8;10.02.2021;0
8;10.03.2021;0
8;10.04.2021;0
8;10.05.2021;0.4
8;10.06.2021;2.2
8;10.07.2021;29.3
8;10.08.2021;0.3
8;10.09.2021;0
8;10.10.2021;0
8;10.11.2021;0.9
8;10.12.2021;0
8;10.13.2021;0.3
8;10.14.2021;0
8;10.15.2021;0
8;10.16.2021;0
8;10.17.2021;0
8;10.18.2021;0
8;10.19.2021;0
8;10.20.2021;0
8;10.21.2021;0
8;10.22.2021;13.7
8;10.23.2021;0.3
8;10.24.2021;0
8;10.25.2021;0
8;10.26.2021;0
8;10.27.2021;0
8;10.28.2021;0
8;10.29.2021;0
8;10.30.2021;0
8;10.31.2021;0
8;11.01.2021;0
8;11.02.2021;29.2
8;11.03.2021;11.2
8;11.04.2021;22.2
8;11.05.2021;0
8;11.06.2021;0.2
8;11.07.2021;0.6
8;11.08.2021;12.2
8;11.09.2021;2.9
8;11.10.2021;0
8;11.11.2021;0
8;11.12.2021;0.1
8;11.13.2021;0
8;11.14.2021;0.1
8;11.15.2021;0.9
8;11.16.2021;0
8;11.17.2021;0
8;11.18.2021;0
8;11.19.2021;0
8;11.20.2021;0
8;11.21.2021;0
8;11.22.2021;0
8;11.23.2021;1.5
8;11.24.2021;0
8;11.25.2021;0
8;11.26.2021;8.1
8;11.27.2021;33.9
8;11.28.2021;22.7
8;11.29.2021;27.1
8;11.30.2021;0
8;12.01.2021;0
8;12.02.2021;8.9
8;12.03.2021;30.5
8;12.04.2021;0
8;12.05.2021;3.8
8;12.06.2021;16.5
8;12.07.2021;0
8;12.08.2021;0
8;12.09.2021;21.7
8;12.10.2021;2.3
8;12.11.2021;0
8;12.12.2021;0
8;12.13.2021;0
8;12.14.2021;0
8;12.15.2021;0
8;12.16.2021;0
8;12.17.2021;0
8;12.18.2021;0
8;12.19.2021;0
8;12.20.2021;0
8;12.21.2021;0
8;12.22.2021;0
8;12.23.2021;0
8;12.24.2021;0
8;12.25.2021;0
8;12.26.2021;10.9
8;12.27.2021;0.1
8;12.28.2021;0.1
8;12.29.2021;0.2
8;12.30.2021;0
8;12.31.2021;0
8;01.01.2022;0
8;01.02.2022;0
8;01.03.2022;0
8;01.04.2022;0
8;01.05.2022;0.8
8;01.06.2022;23.8
8;01.07.2022;0
8;01.08.2022;0
8;01.09.2022;0
8;01.10.2022;0
8;01.11.2022;0
8;01.12.2022;0
8;01.13.2022;0
8;01.14.2022;0
8;01.15.2022;0
8;01.16.2022;0
8;01.17.2022;0
8;01.18.2022;0
8;01.19.2022;0
8;01.20.2022;0
8;01.21.2022;0
8;01.22.2022;0
8;01.23.2022;0
8;01.24.2022;0
8;01.25.2022;0
8;01.26.2022;0
8;01.27.2022;0
8;01.28.2022;0
8;01.29.2022;0
8;01.30.2022;0
8;01.31.2022;0
8;02.01.2022;1.3
8;02.02.2022;0
8;02.03.2022;0
8;02.04.2022;0
8;02.05.2022;0
8;02.06.2022;0
8;02.07.2022;1
8;02.08.2022;0
8;02.09.2022;0
8;02.10.2022;0
8;02.11.2022;0
8;02.12.2022;2.1
8;02.13.2022;0
8;02.14.2022;0
8;02.15.2022;0
8;02.16.2022;17.6
8;02.17.2022;0
8;02.18.2022;0
8;02.19.2022;0
8;02.20.2022;10.3
8;02.21.2022;0
8;02.22.2022;3.9
8;02.23.2022;0
8;02.24.2022;0
8;02.25.2022;0
8;02.26.2022;5
8;02.27.2022;0
8;02.28.2022;0
8;03.01.2022;0
8;03.02.2022;0
8;03.03.2022;0
8;03.04.2022;0
8;03.05.2022;0
8;03.06.2022;0
8;03.07.2022;0
8;03.08.2022;0
8;03.09.2022;0
8;03.10.2022;0
8;03.11.2022;0
8;03.12.2022;0
8;03.13.2022;0
8;03.14.2022;0
8;03.15.2022;0
8;03.16.2022;0
8;03.17.2022;0
8;03.18.2022;0
8;03.19.2022;0
8;03.20.2022;0
8;03.21.2022;0
8;03.22.2022;0
8;03.23.2022;0
8;03.24.2022;0
8;03.25.2022;0
8;03.26.2022;0
8;03.27.2022;0
8;03.28.2022;0
8;03.29.2022;0
8;03.30.2022;0
8;03.31.2022;7.3
8;04.01.2022;20
8;04.02.2022;13.3
8;04.03.2022;5.5
8;04.04.2022;0
8;04.05.2022;0
8;04.06.2022;0
8;04.07.2022;0
8;04.08.2022;0
8;04.09.2022;0.3
8;04.10.2022;5
8;04.11.2022;0
8;04.12.2022;0
8;04.13.2022;0
8;04.14.2022;0
8;04.15.2022;0
8;04.16.2022;0.7
8;04.17.2022;0
8;04.18.2022;0
8;04.19.2022;0
8;04.20.2022;4.2
8;04.21.2022;0
8;04.22.2022;7.9
8;04.23.2022;13.2
8;04.24.2022;1.9
8;04.25.2022;0.2
8;04.26.2022;0.4
8;04.27.2022;11.7
8;04.28.2022;1.6
8;04.29.2022;0
8;04.30.2022;0
8;05.01.2022;0
8;05.02.2022;26.2
8;05.03.2022;0.2
8;05.04.2022;0
8;05.05.2022;0
8;05.06.2022;0.1
8;05.07.2022;4.7
8;05.08.2022;2.7
8;05.09.2022;0.4
8;05.10.2022;0.3
8;05.11.2022;0
8;05.12.2022;0
8;05.13.2022;0
8;05.14.2022;0.6
8;05.15.2022;0
8;05.16.2022;0
8;05.17.2022;0.6
8;05.18.2022;0
8;05.19.2022;0
8;05.20.2022;0
8;05.21.2022;0
8;05.22.2022;0
8;05.23.2022;2.6
8;05.24.2022;0
8;05.25.2022;0
8;05.26.2022;2.1
8;05.27.2022;0
8;05.28.2022;1.4
8;05.29.2022;4.9
8;05.30.2022;6.1
8;05.31.2022;0
8;06.01.2022;0
8;06.02.2022;0
8;06.03.2022;15.6
8;06.04.2022;0.1
8;06.05.2022;0
8;06.06.2022;1.1
8;06.07.2022;0
8;06.08.2022;26.7
8;06.09.2022;0
8;06.10.2022;1.3
8;06.11.2022;0
8;06.12.2022;0
8;06.13.2022;0
8;06.14.2022;0.8
8;06.15.2022;0
8;06.16.2022;0
8;06.17.2022;2.9
8;06.18.2022;0
8;06.19.2022;0
8;06.20.2022;0
8;06.21.2022;0
8;06.22.2022;3
8;06.23.2022;0
8;06.24.2022;9
8;06.25.2022;9.9
8;06.26.2022;0
8;06.27.2022;0
8;06.28.2022;0
8;06.29.2022;4.8
8;06.30.2022;0
8;07.01.2022;0
8;07.02.2022;0.6
8;07.03.2022;0
8;07.04.2022;0
8;07.05.2022;2.2
8;07.06.2022;0
8;07.07.2022;3
8;07.08.2022;5
8;07.09.2022;0
8;07.10.2022;0
8;07.11.2022;0.1
8;07.12.2022;0
8;07.13.2022;0.2
8;07.14.2022;0
8;07.15.2022;0
8;07.16.2022;3.3
8;07.17.2022;0.7
8;07.18.2022;0
8;07.19.2022;0
8;07.20.2022;0
8;07.21.2022;0
8;07.22.2022;0
8;07.23.2022;0
8;07.24.2022;1.3
8;07.25.2022;0
8;07.26.2022;0
8;07.27.2022;2.4
8;07.28.2022;0
8;07.29.2022;0
8;07.30.2022;5
8;07.31.2022;0.4
8;08.01.2022;0
8;08.02.2022;12.2
8;08.03.2022;0
8;08.04.2022;0
8;08.05.2022;0
8;08.06.2022;0
8;08.07.2022;8.1
8;08.08.2022;0
8;08.09.2022;0
8;08.10.2022;0
8;08.11.2022;0
8;08.12.2022;0
8;08.13.2022;0
8;08.14.2022;3.7
8;08.15.2022;0
8;08.16.2022;0
8;08.17.2022;0
8;08.18.2022;0
8;08.19.2022;5.7
8;08.20.2022;4.7
8;08.21.2022;0
8;08.22.2022;0
8;08.23.2022;0.3
8;08.24.2022;0.1
8;08.25.2022;0
8;08.26.2022;0
8;08.27.2022;0
8;08.28.2022;15.7
8;08.29.2022;6.1
8;08.30.2022;0.9
8;08.31.2022;0
8;09.01.2022;9.2
8;09.02.2022;0
8;09.03.2022;0
8;09.04.2022;0
8;09.05.2022;4
8;09.06.2022;0
8;09.07.2022;0
8;09.08.2022;0
8;09.09.2022;32.7
8;09.10.2022;8.6
8;09.11.2022;10.3
8;09.12.2022;0
8;09.13.2022;0
8;09.14.2022;0
8;09.15.2022;6.6
8;09.16.2022;46.9
8;09.17.2022;50
8;09.18.2022;3.8
8;09.19.2022;1.9
8;09.20.2022;0
8;09.21.2022;0
8;09.22.2022;0
8;09.23.2022;0
8;09.24.2022;0
8;09.25.2022;7.5
8;09.26.2022;35.5
8;09.27.2022;24.4
8;09.28.2022;7.9
8;09.29.2022;6.1
8;09.30.2022;35.8
8;10.01.2022;16.9
8;10.02.2022;0.1
8;10.03.2022;0
8;10.04.2022;0
8;10.05.2022;0
8;10.06.2022;0
8;10.07.2022;0
8;10.08.2022;0
8;10.09.2022;0
8;10.10.2022;0
8;10.11.2022;0
8;10.12.2022;0
8;10.13.2022;0
8;10.14.2022;0
8;10.15.2022;0
8;10.16.2022;0.2
8;10.17.2022;0
8;10.18.2022;0
8;10.19.2022;0
8;10.20.2022;0
8;10.21.2022;0
8;10.22.2022;0.1
8;10.23.2022;28.2
8;10.24.2022;0.3
8;10.25.2022;15.3
8;10.26.2022;0.9
8;10.27.2022;0
8;10.28.2022;0
8;10.29.2022;0
8;10.30.2022;0
8;10.31.2022;0
8;11.01.2022;0
8;11.02.2022;0
8;11.03.2022;5.4
8;11.04.2022;9.8
8;11.05.2022;10.7
8;11.06.2022;0
8;11.07.2022;0
8;11.08.2022;0
8;11.09.2022;0
8;11.10.2022;2.3
8;11.11.2022;18.5
8;11.12.2022;0
8;11.13.2022;0
8;11.14.2022;0.2
8;11.15.2022;1.5
8;11.16.2022;0
8;11.17.2022;8.2
8;11.18.2022;1.4
8;11.19.2022;5.4
8;11.20.2022;3.6
8;11.21.2022;0
8;11.22.2022;2.9
8;11.23.2022;15.2
8;11.24.2022;0
8;11.25.2022;0
8;11.26.2022;0
8;11.27.2022;0
8;11.28.2022;0
8;11.29.2022;0
8;11.30.2022;0
8;12.01.2022;0.3
8;12.02.2022;8.2
8;12.03.2022;2.3
8;12.04.2022;6.8
8;12.05.2022;6.5
8;12.06.2022;25
8;12.07.2022;0
8;12.08.2022;0.2
8;12.09.2022;4.7
8;12.10.2022;42.4
8;12.11.2022;14
8;12.12.2022;4.1
8;12.13.2022;0
8;12.14.2022;0
8;12.15.2022;0
8;12.16.2022;20.7
8;12.17.2022;20.2
8;12.18.2022;2.1
8;12.19.2022;0
8;12.20.2022;0
8;12.21.2022;0
8;12.22.2022;0
8;12.23.2022;0
8;12.24.2022;0
8;12.25.2022;0
8;12.26.2022;0
8;12.27.2022;0.2
8;12.28.2022;0.7
8;12.29.2022;0
8;12.30.2022;0.1
8;12.31.2022;0.4
8;01.01.2023;0
8;01.02.2023;0
8;01.03.2023;0
8;01.04.2023;1.4
8;01.05.2023;0.2
8;01.06.2023;0
8;01.07.2023;0
8;01.08.2023;0
8;01.09.2023;14.8
8;01.10.2023;18.6
8;01.11.2023;0
8;01.12.2023;0
8;01.13.2023;0
8;01.14.2023;0.6
8;01.15.2023;0
8;01.16.2023;54
8;01.17.2023;20.2
8;01.18.2023;10.6
8;01.19.2023;11.3
8;01.20.2023;4.1
8;01.21.2023;1.9
8;01.22.2023;0
8;01.23.2023;2.3
8;01.24.2023;12.9
8;01.25.2023;0
8;01.26.2023;0
8;01.27.2023;0
8;01.28.2023;0.1
8;01.29.2023;0
8;01.30.2023;0
8;01.31.2023;0
8;02.01.2023;0
8;02.02.2023;0
8;02.03.2023;0
8;02.04.2023;0
8;02.05.2023;0
8;02.06.2023;0
8;02.07.2023;0
8;02.08.2023;0
8;02.09.2023;0
8;02.10.2023;0
8;02.11.2023;0
8;02.12.2023;0
8;02.13.2023;0
8;02.14.2023;0
8;02.15.2023;0
8;02.16.2023;0
8;02.17.2023;0
8;02.18.2023;0
8;02.19.2023;0
8;02.20.2023;0
8;02.21.2023;0
8;02.22.2023;0
8;02.23.2023;0
8;02.24.2023;0
8;02.25.2023;0.4
8;02.26.2023;5.8
8;02.27.2023;0
8;02.28.2023;0
8;03.01.2023;0.2
8;03.02.2023;1.9
8;03.03.2023;0.1
8;03.04.2023;0.2
8;03.05.2023;0
8;03.06.2023;0
8;03.07.2023;9.4
8;03.08.2023;0.4
8;03.09.2023;0.3
8;03.10.2023;0.3
8;03.11.2023;1.2
8;03.12.2023;0
8;03.13.2023;0
8;03.14.2023;0
8;03.15.2023;3.7
8;03.16.2023;0
8;03.17.2023;0
8;03.18.2023;0
8;03.19.2023;0
8;03.20.2023;0
8;03.21.2023;0
8;03.22.2023;0
8;03.23.2023;0
8;03.24.2023;0
8;03.25.2023;0.4
8;03.26.2023;17.5
8;03.27.2023;33.8
8;03.28.2023;0
8;03.29.2023;0
8;03.30.2023;0
8;03.31.2023;0.2
8;04.01.2023;12.1
8;04.02.2023;0
8;04.03.2023;0
8;04.04.2023;0
8;04.05.2023;0
8;04.06.2023;0
8;04.07.2023;0
8;04.08.2023;0
8;04.09.2023;6.1
8;04.10.2023;2.3
8;04.11.2023;0
8;04.12.2023;0
8;04.13.2023;8.6
8;04.14.2023;46.5
8;04.15.2023;0.7
8;04.16.2023;1.2
8;04.17.2023;0
8;04.18.2023;0
8;04.19.2023;0.1
8;04.20.2023;1.1
8;04.21.2023;0
8;04.22.2023;0.6
8;04.23.2023;0
8;04.24.2023;0.7
8;04.25.2023;11.1
8;04.26.2023;0
8;04.27.2023;0
8;04.28.2023;0
8;04.29.2023;0
8;04.30.2023;1.9
8;05.01.2023;0
8;05.02.2023;3.2
8;05.03.2023;7.9
8;05.04.2023;0
8;05.05.2023;0
8;05.06.2023;0
8;05.07.2023;1
8;05.08.2023;3
8;05.09.2023;0
8;05.10.2023;0
8;05.11.2023;20
8;05.12.2023;21.1
8;05.13.2023;10.3
8;05.14.2023;16.2
8;05.15.2023;11.1
8;05.16.2023;3.3
8;05.17.2023;8.6
8;05.18.2023;2.2
8;05.19.2023;0
8;05.20.2023;0.4
8;05.21.2023;0
8;05.22.2023;0.1
8;05.23.2023;0
8;05.24.2023;4
8;05.25.2023;1.2
8;05.26.2023;0
8;05.27.2023;0
8;05.28.2023;0
8;05.29.2023;0
8;05.30.2023;0
8;05.31.2023;0
8;06.01.2023;1.6
8;06.02.2023;0.4
8;06.03.2023;35.8
8;06.04.2023;0.1
8;06.05.2023;13.6
8;06.06.2023;32.4
8;06.07.2023;3.6
8;06.08.2023;0.5
8;06.09.2023;0.5
8;06.10.2023;7.9
8;06.11.2023;2.7
8;06.12.2023;0
8;06.13.2023;0.8
8;06.14.2023;0
8;06.15.2023;0
8;06.16.2023;0.4
8;06.17.2023;0
8;06.18.2023;0
8;06.19.2023;0
8;06.20.2023;0
8;06.21.2023;0
8;06.22.2023;0
8;06.23.2023;0
8;06.24.2023;2.3
8;06.25.2023;0
8;06.26.2023;0
8;06.27.2023;0
8;06.28.2023;31
8;06.29.2023;0.7
8;06.30.2023;0
8;07.01.2023;0
8;07.02.2023;0.4
8;07.03.2023;2.1
8;07.04.2023;18.5
8;07.05.2023;0
8;07.06.2023;0.2
8;07.07.2023;0.5
8;07.08.2023;0
8;07.09.2023;0
8;07.10.2023;0
8;07.11.2023;0
8;07.12.2023;3.6
8;07.13.2023;24.4
8;07.14.2023;31.4
8;07.15.2023;0
8;07.16.2023;0
8;07.17.2023;0
8;07.18.2023;0
8;07.19.2023;3.1
8;07.20.2023;20
8;07.21.2023;9.6
8;07.22.2023;24.3
8;07.23.2023;12.6
8;07.24.2023;0
8;07.25.2023;13.8
8;07.26.2023;56.8
8;07.27.2023;0.8
8;07.28.2023;0
8;07.29.2023;0
8;07.30.2023;24.3
8;07.31.2023;0
8;08.01.2023;0
8;08.02.2023;11.9
8;08.03.2023;0.3
8;08.04.2023;201
8;08.05.2023;57.5
8;08.06.2023;18.9
8;08.07.2023;1.5
8;08.08.2023;0
8;08.09.2023;0
8;08.10.2023;1
8;08.11.2023;0.3
8;08.12.2023;0
8;08.13.2023;0
8;08.14.2023;0
8;08.15.2023;0
8;08.16.2023;0
8;08.17.2023;10
8;08.18.2023;0.2
8;08.19.2023;0
8;08.20.2023;0
8;08.21.2023;0
8;08.22.2023;0
8;08.23.2023;0
8;08.24.2023;0
8;08.25.2023;0
8;08.26.2023;0
8;08.27.2023;0
8;08.28.2023;0
8;08.29.2023;83.8
8;08.30.2023;18.7
8;08.31.2023;8.9
8;09.01.2023;0.2
8;09.02.2023;0
8;09.03.2023;0
8;09.04.2023;0
8;09.05.2023;0
8;09.06.2023;0
8;09.07.2023;0
8;09.08.2023;0
8;09.09.2023;0
8;09.10.2023;0
8;09.11.2023;0
8;09.12.2023;0
8;09.13.2023;0
8;09.14.2023;3.2
8;09.15.2023;0.1
8;09.16.2023;0
8;09.17.2023;0
8;09.18.2023;0
8;09.19.2023;10.5
8;09.20.2023;0
8;09.21.2023;0
8;09.22.2023;3.5
8;09.23.2023;11.3
8;09.24.2023;5.7
8;09.25.2023;5.5
8;09.26.2023;0
8;09.27.2023;0
8;09.28.2023;0
8;09.29.2023;0
8;09.30.2023;0
8;10.01.2023;0
8;10.02.2023;0
8;10.03.2023;0
8;10.04.2023;0
8;10.05.2023;0.2
8;10.06.2023;0
8;10.07.2023;0
8;10.08.2023;0
8;10.09.2023;0
8;10.10.2023;0
8;10.11.2023;0
8;10.12.2023;0
8;10.13.2023;0
8;10.14.2023;0
8;10.15.2023;19.6
8;10.16.2023;14.6
8;10.17.2023;0
8;10.18.2023;0
8;10.19.2023;2.1
8;10.20.2023;19.7
8;10.21.2023;4.5
8;10.22.2023;1.1
8;10.23.2023;0
8;10.24.2023;0
8;10.25.2023;25.5
8;10.26.2023;0.1
8;10.27.2023;41.7
8;10.28.2023;36.3
8;10.29.2023;0.2
8;10.30.2023;2.4
8;10.31.2023;20.5
8;11.01.2023;13.7
8;11.02.2023;0
8;11.03.2023;34.5
8;11.04.2023;8.1
8;11.05.2023;53.4
8;11.06.2023;0
8;11.07.2023;0
8;11.08.2023;3.1
8;11.09.2023;0
8;11.10.2023;15.6
8;11.11.2023;16.8
8;11.12.2023;0
8;11.13.2023;0
8;11.14.2023;0
8;11.15.2023;4
8;11.16.2023;0
8;11.17.2023;0
8;11.18.2023;0
8;11.19.2023;0
8;11.20.2023;0
8;11.21.2023;2.9
8;11.22.2023;3.1
8;11.23.2023;0
8;11.24.2023;0
8;11.25.2023;3.4
8;11.26.2023;0
8;11.27.2023;0
8;11.28.2023;0.1
8;11.29.2023;0.1
8;11.30.2023;2.5
8;12.01.2023;27.3
8;12.02.2023;23.1
8;12.03.2023;15.4
8;12.04.2023;0
8;12.05.2023;0
8;12.06.2023;0.1
8;12.07.2023;0
8;12.08.2023;0
8;12.09.2023;1
8;12.10.2023;2.2
8;12.11.2023;0
8;12.12.2023;0.3
8;12.13.2023;11.7
8;12.14.2023;50.9
8;12.15.2023;0
8;12.16.2023;0
8;12.17.2023;0
8;12.18.2023;0
8;12.19.2023;0
8;12.20.2023;0
8;12.21.2023;0
8;12.22.2023;0
8;12.23.2023;0.6
8;12.24.2023;0
8;12.25.2023;0
8;12.26.2023;0
8;12.27.2023;0
8;12.28.2023;0
8;12.29.2023;0
8;12.30.2023;0
8;12.31.2023;0
