postaja;datum;pad
355;01.01.1993;0
355;01.02.1993;0
355;01.03.1993;0
355;01.04.1993;1.4
355;01.05.1993;0.6
355;01.06.1993;0
355;01.07.1993;0
355;01.08.1993;0.6
355;01.09.1993;0
355;01.10.1993;0
355;01.11.1993;0
355;01.12.1993;0
355;01.13.1993;0
355;01.14.1993;0
355;01.15.1993;0
355;01.16.1993;0
355;01.17.1993;0
355;01.18.1993;0
355;01.19.1993;0
355;01.20.1993;0
355;01.21.1993;0
355;01.22.1993;0
355;01.23.1993;0
355;01.24.1993;0
355;01.25.1993;0
355;01.26.1993;1.4
355;01.27.1993;0
355;01.28.1993;0.2
355;01.29.1993;0
355;01.30.1993;0.8
355;01.31.1993;0
355;02.01.1993;0
355;02.02.1993;0
355;02.03.1993;0
355;02.04.1993;0
355;02.05.1993;0
355;02.06.1993;0
355;02.07.1993;0
355;02.08.1993;0
355;02.09.1993;0
355;02.10.1993;0
355;02.11.1993;0
355;02.12.1993;0
355;02.13.1993;0
355;02.14.1993;0
355;02.15.1993;0
355;02.16.1993;0
355;02.17.1993;0
355;02.18.1993;0.7
355;02.19.1993;0
355;02.20.1993;0
355;02.21.1993;0
355;02.22.1993;0
355;02.23.1993;0
355;02.24.1993;0
355;02.25.1993;0
355;02.26.1993;8
355;02.27.1993;0
355;02.28.1993;0
355;03.01.1993;0
355;03.02.1993;0.1
355;03.03.1993;6.2
355;03.04.1993;1.5
355;03.05.1993;0
355;03.06.1993;0
355;03.07.1993;0
355;03.08.1993;0.4
355;03.09.1993;0
355;03.10.1993;0
355;03.11.1993;0
355;03.12.1993;0
355;03.13.1993;0
355;03.14.1993;0
355;03.15.1993;0
355;03.16.1993;0
355;03.17.1993;0
355;03.18.1993;0.4
355;03.19.1993;0
355;03.20.1993;0
355;03.21.1993;0
355;03.22.1993;0
355;03.23.1993;0
355;03.24.1993;3.2
355;03.25.1993;3.6
355;03.26.1993;0.1
355;03.27.1993;0
355;03.28.1993;0
355;03.29.1993;0
355;03.30.1993;0
355;03.31.1993;0
355;04.01.1993;0
355;04.02.1993;0
355;04.03.1993;0
355;04.04.1993;11
355;04.05.1993;0.1
355;04.06.1993;0
355;04.07.1993;0.1
355;04.08.1993;0.5
355;04.09.1993;0
355;04.10.1993;0
355;04.11.1993;1
355;04.12.1993;16.1
355;04.13.1993;0.3
355;04.14.1993;0
355;04.15.1993;0
355;04.16.1993;1
355;04.17.1993;0
355;04.18.1993;0
355;04.19.1993;0
355;04.20.1993;0
355;04.21.1993;0
355;04.22.1993;0
355;04.23.1993;0
355;04.24.1993;0
355;04.25.1993;0
355;04.26.1993;0
355;04.27.1993;0
355;04.28.1993;1.7
355;04.29.1993;0
355;04.30.1993;0.1
355;05.01.1993;1.2
355;05.02.1993;0
355;05.03.1993;3.2
355;05.04.1993;0
355;05.05.1993;0.3
355;05.06.1993;6.3
355;05.07.1993;14.6
355;05.08.1993;1.9
355;05.09.1993;2.1
355;05.10.1993;1.3
355;05.11.1993;0
355;05.12.1993;0
355;05.13.1993;0
355;05.14.1993;0
355;05.15.1993;0
355;05.16.1993;0.8
355;05.17.1993;0
355;05.18.1993;0
355;05.19.1993;0
355;05.20.1993;0
355;05.21.1993;0
355;05.22.1993;0
355;05.23.1993;0
355;05.24.1993;0
355;05.25.1993;0
355;05.26.1993;0
355;05.27.1993;0
355;05.28.1993;0
355;05.29.1993;7.2
355;05.30.1993;0
355;05.31.1993;0
355;06.01.1993;5.9
355;06.02.1993;0
355;06.03.1993;0
355;06.04.1993;4.8
355;06.05.1993;0
355;06.06.1993;0
355;06.07.1993;0
355;06.08.1993;0
355;06.09.1993;0
355;06.10.1993;0
355;06.11.1993;0
355;06.12.1993;0
355;06.13.1993;15.5
355;06.14.1993;0.8
355;06.15.1993;0
355;06.16.1993;0.9
355;06.17.1993;0
355;06.18.1993;16.1
355;06.19.1993;0
355;06.20.1993;0
355;06.21.1993;0.9
355;06.22.1993;0.5
355;06.23.1993;0
355;06.24.1993;7.6
355;06.25.1993;11.4
355;06.26.1993;0.3
355;06.27.1993;0.7
355;06.28.1993;0.6
355;06.29.1993;2.6
355;06.30.1993;0
355;07.01.1993;0
355;07.02.1993;0
355;07.03.1993;0
355;07.04.1993;0
355;07.05.1993;0
355;07.06.1993;0
355;07.07.1993;7.4
355;07.08.1993;0
355;07.09.1993;0
355;07.10.1993;0
355;07.11.1993;0
355;07.12.1993;6.4
355;07.13.1993;1.1
355;07.14.1993;0
355;07.15.1993;0.1
355;07.16.1993;0.4
355;07.17.1993;0.2
355;07.18.1993;0
355;07.19.1993;25.4
355;07.20.1993;0.2
355;07.21.1993;0.5
355;07.22.1993;0.2
355;07.23.1993;0
355;07.24.1993;0
355;07.25.1993;0
355;07.26.1993;3.6
355;07.27.1993;4
355;07.28.1993;0
355;07.29.1993;0
355;07.30.1993;0
355;07.31.1993;0
355;08.01.1993;7.7
355;08.02.1993;0
355;08.03.1993;0
355;08.04.1993;0
355;08.05.1993;0
355;08.06.1993;22.8
355;08.07.1993;3.4
355;08.08.1993;0
355;08.09.1993;0.3
355;08.10.1993;1.2
355;08.11.1993;10
355;08.12.1993;0
355;08.13.1993;0
355;08.14.1993;0
355;08.15.1993;0
355;08.16.1993;0
355;08.17.1993;0
355;08.18.1993;0
355;08.19.1993;0
355;08.20.1993;0
355;08.21.1993;0
355;08.22.1993;0
355;08.23.1993;0
355;08.24.1993;0
355;08.25.1993;8.1
355;08.26.1993;21.9
355;08.27.1993;0
355;08.28.1993;4.9
355;08.29.1993;5
355;08.30.1993;0
355;08.31.1993;0.3
355;09.01.1993;1
355;09.02.1993;0
355;09.03.1993;0
355;09.04.1993;2.2
355;09.05.1993;2.5
355;09.06.1993;4.4
355;09.07.1993;0
355;09.08.1993;0
355;09.09.1993;0
355;09.10.1993;0
355;09.11.1993;2.3
355;09.12.1993;0
355;09.13.1993;0
355;09.14.1993;0
355;09.15.1993;0.5
355;09.16.1993;0
355;09.17.1993;2.4
355;09.18.1993;12.3
355;09.19.1993;0.3
355;09.20.1993;0
355;09.21.1993;0
355;09.22.1993;0
355;09.23.1993;0
355;09.24.1993;0
355;09.25.1993;0
355;09.26.1993;6.9
355;09.27.1993;2.3
355;09.28.1993;0
355;09.29.1993;17.8
355;09.30.1993;38.2
355;10.01.1993;0
355;10.02.1993;0
355;10.03.1993;14
355;10.04.1993;0.9
355;10.05.1993;1.2
355;10.06.1993;0
355;10.07.1993;0
355;10.08.1993;0
355;10.09.1993;1
355;10.10.1993;0
355;10.11.1993;0
355;10.12.1993;0
355;10.13.1993;0
355;10.14.1993;0
355;10.15.1993;2
355;10.16.1993;2.4
355;10.17.1993;0
355;10.18.1993;1.3
355;10.19.1993;4.5
355;10.20.1993;0.2
355;10.21.1993;0
355;10.22.1993;22.4
355;10.23.1993;31.5
355;10.24.1993;22.2
355;10.25.1993;0
355;10.26.1993;0
355;10.27.1993;0
355;10.28.1993;0
355;10.29.1993;0
355;10.30.1993;0
355;10.31.1993;0
355;11.01.1993;0
355;11.02.1993;0
355;11.03.1993;0
355;11.04.1993;0.6
355;11.05.1993;0.5
355;11.06.1993;16
355;11.07.1993;2.9
355;11.08.1993;0
355;11.09.1993;2
355;11.10.1993;6
355;11.11.1993;1.1
355;11.12.1993;7.5
355;11.13.1993;9.6
355;11.14.1993;6.6
355;11.15.1993;0.3
355;11.16.1993;0.7
355;11.17.1993;0
355;11.18.1993;0
355;11.19.1993;0
355;11.20.1993;0.5
355;11.21.1993;3.8
355;11.22.1993;0.6
355;11.23.1993;6.6
355;11.24.1993;0
355;11.25.1993;0
355;11.26.1993;0.1
355;11.27.1993;0
355;11.28.1993;0
355;11.29.1993;3
355;11.30.1993;19.3
355;12.01.1993;0
355;12.02.1993;0
355;12.03.1993;0
355;12.04.1993;0
355;12.05.1993;0
355;12.06.1993;0
355;12.07.1993;0
355;12.08.1993;1.6
355;12.09.1993;0
355;12.10.1993;0
355;12.11.1993;0
355;12.12.1993;5.2
355;12.13.1993;0
355;12.14.1993;0
355;12.15.1993;11.2
355;12.16.1993;0.1
355;12.17.1993;3
355;12.18.1993;0
355;12.19.1993;0
355;12.20.1993;0.1
355;12.21.1993;0
355;12.22.1993;25.8
355;12.23.1993;0
355;12.24.1993;0
355;12.25.1993;24.2
355;12.26.1993;5.3
355;12.27.1993;20.8
355;12.28.1993;2
355;12.29.1993;0
355;12.30.1993;0
355;12.31.1993;0
355;01.01.1994;0.1
355;01.02.1994;8.6
355;01.03.1994;0
355;01.04.1994;0.1
355;01.05.1994;5.4
355;01.06.1994;0
355;01.07.1994;0
355;01.08.1994;0
355;01.09.1994;0
355;01.10.1994;0
355;01.11.1994;0
355;01.12.1994;0
355;01.13.1994;0
355;01.14.1994;0
355;01.15.1994;0.8
355;01.16.1994;0
355;01.17.1994;0.5
355;01.18.1994;0
355;01.19.1994;0
355;01.20.1994;0
355;01.21.1994;0
355;01.22.1994;0
355;01.23.1994;0
355;01.24.1994;0
355;01.25.1994;0
355;01.26.1994;0
355;01.27.1994;1.2
355;01.28.1994;0
355;01.29.1994;0
355;01.30.1994;0
355;01.31.1994;0
355;02.01.1994;0
355;02.02.1994;0
355;02.03.1994;0
355;02.04.1994;0
355;02.05.1994;0
355;02.06.1994;0
355;02.07.1994;0
355;02.08.1994;0
355;02.09.1994;9.5
355;02.10.1994;2.2
355;02.11.1994;0
355;02.12.1994;0.3
355;02.13.1994;0.2
355;02.14.1994;2.9
355;02.15.1994;0.2
355;02.16.1994;0
355;02.17.1994;0
355;02.18.1994;0
355;02.19.1994;0
355;02.20.1994;0
355;02.21.1994;0
355;02.22.1994;0
355;02.23.1994;0
355;02.24.1994;0
355;02.25.1994;12
355;02.26.1994;0
355;02.27.1994;0
355;02.28.1994;0
355;03.01.1994;0
355;03.02.1994;0.2
355;03.03.1994;0.1
355;03.04.1994;0
355;03.05.1994;0
355;03.06.1994;0
355;03.07.1994;0
355;03.08.1994;0
355;03.09.1994;1.1
355;03.10.1994;0.2
355;03.11.1994;0
355;03.12.1994;0
355;03.13.1994;0
355;03.14.1994;0
355;03.15.1994;0
355;03.16.1994;0
355;03.17.1994;1
355;03.18.1994;0.3
355;03.19.1994;0
355;03.20.1994;0
355;03.21.1994;3.2
355;03.22.1994;0
355;03.23.1994;0
355;03.24.1994;0
355;03.25.1994;0.1
355;03.26.1994;0
355;03.27.1994;19.3
355;03.28.1994;2.2
355;03.29.1994;0
355;03.30.1994;0.1
355;03.31.1994;0
355;04.01.1994;0
355;04.02.1994;29.2
355;04.03.1994;7.1
355;04.04.1994;0
355;04.05.1994;5.2
355;04.06.1994;2.6
355;04.07.1994;0
355;04.08.1994;0
355;04.09.1994;0
355;04.10.1994;5.1
355;04.11.1994;27.7
355;04.12.1994;24.7
355;04.13.1994;2.7
355;04.14.1994;0.1
355;04.15.1994;0
355;04.16.1994;0
355;04.17.1994;0.8
355;04.18.1994;16.9
355;04.19.1994;2
355;04.20.1994;0
355;04.21.1994;0
355;04.22.1994;0
355;04.23.1994;0
355;04.24.1994;0
355;04.25.1994;0
355;04.26.1994;0
355;04.27.1994;0
355;04.28.1994;0
355;04.29.1994;0.3
355;04.30.1994;0
355;05.01.1994;0
355;05.02.1994;9.7
355;05.03.1994;0
355;05.04.1994;0
355;05.05.1994;0.8
355;05.06.1994;8.8
355;05.07.1994;0
355;05.08.1994;0
355;05.09.1994;0
355;05.10.1994;0
355;05.11.1994;0.3
355;05.12.1994;0
355;05.13.1994;0
355;05.14.1994;0.8
355;05.15.1994;0
355;05.16.1994;0
355;05.17.1994;0
355;05.18.1994;0
355;05.19.1994;1.8
355;05.20.1994;9.2
355;05.21.1994;3.6
355;05.22.1994;0
355;05.23.1994;0
355;05.24.1994;0
355;05.25.1994;1.7
355;05.26.1994;0.3
355;05.27.1994;1.9
355;05.28.1994;1.9
355;05.29.1994;0
355;05.30.1994;20.7
355;05.31.1994;0.1
355;06.01.1994;0
355;06.02.1994;0
355;06.03.1994;0
355;06.04.1994;3.3
355;06.05.1994;19
355;06.06.1994;2.6
355;06.07.1994;0
355;06.08.1994;0
355;06.09.1994;0
355;06.10.1994;18.3
355;06.11.1994;3.4
355;06.12.1994;5.5
355;06.13.1994;16.7
355;06.14.1994;2.1
355;06.15.1994;0
355;06.16.1994;0
355;06.17.1994;9.4
355;06.18.1994;12.7
355;06.19.1994;0
355;06.20.1994;0
355;06.21.1994;0
355;06.22.1994;0
355;06.23.1994;0
355;06.24.1994;0
355;06.25.1994;0
355;06.26.1994;0
355;06.27.1994;0
355;06.28.1994;0
355;06.29.1994;24.3
355;06.30.1994;0
355;07.01.1994;0
355;07.02.1994;0
355;07.03.1994;0
355;07.04.1994;0
355;07.05.1994;0
355;07.06.1994;27.7
355;07.07.1994;0
355;07.08.1994;4.5
355;07.09.1994;0.1
355;07.10.1994;0
355;07.11.1994;6.5
355;07.12.1994;0
355;07.13.1994;18.9
355;07.14.1994;0
355;07.15.1994;0
355;07.16.1994;0
355;07.17.1994;0
355;07.18.1994;0
355;07.19.1994;13.7
355;07.20.1994;1.2
355;07.21.1994;21.1
355;07.22.1994;0
355;07.23.1994;0
355;07.24.1994;0
355;07.25.1994;0
355;07.26.1994;0
355;07.27.1994;0
355;07.28.1994;0
355;07.29.1994;0
355;07.30.1994;0
355;07.31.1994;0
355;08.01.1994;0
355;08.02.1994;0
355;08.03.1994;0
355;08.04.1994;0
355;08.05.1994;0
355;08.06.1994;0
355;08.07.1994;0
355;08.08.1994;0
355;08.09.1994;9.8
355;08.10.1994;0
355;08.11.1994;0
355;08.12.1994;18.3
355;08.13.1994;0.9
355;08.14.1994;43.8
355;08.15.1994;0
355;08.16.1994;0
355;08.17.1994;0
355;08.18.1994;6.4
355;08.19.1994;19.2
355;08.20.1994;1.5
355;08.21.1994;0
355;08.22.1994;0
355;08.23.1994;28.6
355;08.24.1994;4.2
355;08.25.1994;36.5
355;08.26.1994;18.8
355;08.27.1994;0
355;08.28.1994;0
355;08.29.1994;0
355;08.30.1994;5.7
355;08.31.1994;0
355;09.01.1994;1.6
355;09.02.1994;0
355;09.03.1994;12.3
355;09.04.1994;9.1
355;09.05.1994;0
355;09.06.1994;0
355;09.07.1994;0
355;09.08.1994;0
355;09.09.1994;0.1
355;09.10.1994;1
355;09.11.1994;0
355;09.12.1994;0
355;09.13.1994;0
355;09.14.1994;1.2
355;09.15.1994;12
355;09.16.1994;0
355;09.17.1994;26.4
355;09.18.1994;8.4
355;09.19.1994;0.2
355;09.20.1994;0
355;09.21.1994;0
355;09.22.1994;0
355;09.23.1994;0
355;09.24.1994;0
355;09.25.1994;0
355;09.26.1994;0
355;09.27.1994;1
355;09.28.1994;2.6
355;09.29.1994;0
355;09.30.1994;0
355;10.01.1994;0
355;10.02.1994;0
355;10.03.1994;3
355;10.04.1994;15.2
355;10.05.1994;27.3
355;10.06.1994;0
355;10.07.1994;0
355;10.08.1994;5.7
355;10.09.1994;0
355;10.10.1994;0
355;10.11.1994;0
355;10.12.1994;0
355;10.13.1994;0
355;10.14.1994;0
355;10.15.1994;0
355;10.16.1994;0
355;10.17.1994;0
355;10.18.1994;0
355;10.19.1994;0
355;10.20.1994;0
355;10.21.1994;0
355;10.22.1994;0.1
355;10.23.1994;0
355;10.24.1994;1.7
355;10.25.1994;45.1
355;10.26.1994;0
355;10.27.1994;10.4
355;10.28.1994;0
355;10.29.1994;31.4
355;10.30.1994;1.5
355;10.31.1994;0
355;11.01.1994;0
355;11.02.1994;0
355;11.03.1994;0
355;11.04.1994;0
355;11.05.1994;0
355;11.06.1994;0
355;11.07.1994;0.1
355;11.08.1994;1.3
355;11.09.1994;0
355;11.10.1994;0.2
355;11.11.1994;16.4
355;11.12.1994;24.9
355;11.13.1994;0
355;11.14.1994;0
355;11.15.1994;0
355;11.16.1994;0
355;11.17.1994;6.7
355;11.18.1994;0
355;11.19.1994;0
355;11.20.1994;0.8
355;11.21.1994;0.5
355;11.22.1994;0
355;11.23.1994;0
355;11.24.1994;0
355;11.25.1994;0
355;11.26.1994;0
355;11.27.1994;0.1
355;11.28.1994;0
355;11.29.1994;0
355;11.30.1994;0
355;12.01.1994;0
355;12.02.1994;0
355;12.03.1994;0
355;12.04.1994;0
355;12.05.1994;0
355;12.06.1994;0.4
355;12.07.1994;9.8
355;12.08.1994;0
355;12.09.1994;0.3
355;12.10.1994;4.3
355;12.11.1994;6
355;12.12.1994;2
355;12.13.1994;0
355;12.14.1994;0
355;12.15.1994;0
355;12.16.1994;0
355;12.17.1994;0
355;12.18.1994;0
355;12.19.1994;0
355;12.20.1994;0
355;12.21.1994;9.8
355;12.22.1994;9.4
355;12.23.1994;1.3
355;12.24.1994;0.2
355;12.25.1994;2
355;12.26.1994;0
355;12.27.1994;0
355;12.28.1994;0
355;12.29.1994;0.5
355;12.30.1994;0
355;12.31.1994;12.4
355;01.01.1995;0.3
355;01.02.1995;0
355;01.03.1995;0
355;01.04.1995;0
355;01.05.1995;0
355;01.06.1995;0.2
355;01.07.1995;0
355;01.08.1995;0
355;01.09.1995;0
355;01.10.1995;0
355;01.11.1995;0
355;01.12.1995;0
355;01.13.1995;0
355;01.14.1995;0
355;01.15.1995;0
355;01.16.1995;0
355;01.17.1995;0
355;01.18.1995;0
355;01.19.1995;0
355;01.20.1995;8
355;01.21.1995;0
355;01.22.1995;0.8
355;01.23.1995;0
355;01.24.1995;7.7
355;01.25.1995;3.3
355;01.26.1995;0
355;01.27.1995;9.5
355;01.28.1995;0
355;01.29.1995;2
355;01.30.1995;0
355;01.31.1995;0
355;02.01.1995;0
355;02.02.1995;0
355;02.03.1995;0
355;02.04.1995;0
355;02.05.1995;0
355;02.06.1995;1.6
355;02.07.1995;0
355;02.08.1995;0
355;02.09.1995;0
355;02.10.1995;0
355;02.11.1995;0
355;02.12.1995;0
355;02.13.1995;0
355;02.14.1995;3.6
355;02.15.1995;12.6
355;02.16.1995;0
355;02.17.1995;6.3
355;02.18.1995;0.7
355;02.19.1995;15.6
355;02.20.1995;0
355;02.21.1995;0
355;02.22.1995;0
355;02.23.1995;0
355;02.24.1995;16.3
355;02.25.1995;1.2
355;02.26.1995;0
355;02.27.1995;41.2
355;02.28.1995;0.4
355;03.01.1995;0
355;03.02.1995;0
355;03.03.1995;43.1
355;03.04.1995;1.6
355;03.05.1995;30.3
355;03.06.1995;0
355;03.07.1995;2.5
355;03.08.1995;0
355;03.09.1995;0
355;03.10.1995;0
355;03.11.1995;0
355;03.12.1995;0
355;03.13.1995;0
355;03.14.1995;1.6
355;03.15.1995;0
355;03.16.1995;0.1
355;03.17.1995;9.3
355;03.18.1995;0
355;03.19.1995;0
355;03.20.1995;9
355;03.21.1995;1.7
355;03.22.1995;0
355;03.23.1995;0
355;03.24.1995;0.6
355;03.25.1995;0
355;03.26.1995;0.5
355;03.27.1995;0
355;03.28.1995;21.9
355;03.29.1995;0
355;03.30.1995;0.6
355;03.31.1995;0
355;04.01.1995;0
355;04.02.1995;0
355;04.03.1995;0
355;04.04.1995;0
355;04.05.1995;0
355;04.06.1995;0
355;04.07.1995;0
355;04.08.1995;0
355;04.09.1995;0
355;04.10.1995;0
355;04.11.1995;0
355;04.12.1995;0.5
355;04.13.1995;0
355;04.14.1995;0.1
355;04.15.1995;3.3
355;04.16.1995;0.1
355;04.17.1995;0
355;04.18.1995;0
355;04.19.1995;0
355;04.20.1995;0
355;04.21.1995;0
355;04.22.1995;0
355;04.23.1995;0
355;04.24.1995;0
355;04.25.1995;24.2
355;04.26.1995;5.5
355;04.27.1995;0.1
355;04.28.1995;0
355;04.29.1995;0
355;04.30.1995;0
355;05.01.1995;0
355;05.02.1995;1.7
355;05.03.1995;0
355;05.04.1995;0
355;05.05.1995;0
355;05.06.1995;0
355;05.07.1995;1.8
355;05.08.1995;0
355;05.09.1995;0
355;05.10.1995;11
355;05.11.1995;1.2
355;05.12.1995;0.1
355;05.13.1995;19.4
355;05.14.1995;0.8
355;05.15.1995;0
355;05.16.1995;0
355;05.17.1995;0
355;05.18.1995;14.9
355;05.19.1995;5.2
355;05.20.1995;7.5
355;05.21.1995;19
355;05.22.1995;4.8
355;05.23.1995;0
355;05.24.1995;0
355;05.25.1995;0
355;05.26.1995;0
355;05.27.1995;0
355;05.28.1995;0
355;05.29.1995;5.3
355;05.30.1995;0
355;05.31.1995;6.2
355;06.01.1995;15.6
355;06.02.1995;7
355;06.03.1995;0
355;06.04.1995;0
355;06.05.1995;5.3
355;06.06.1995;12.6
355;06.07.1995;4.7
355;06.08.1995;0.1
355;06.09.1995;0
355;06.10.1995;6.3
355;06.11.1995;0
355;06.12.1995;3.2
355;06.13.1995;3.9
355;06.14.1995;1.4
355;06.15.1995;0
355;06.16.1995;4
355;06.17.1995;2.1
355;06.18.1995;0
355;06.19.1995;0
355;06.20.1995;0
355;06.21.1995;0
355;06.22.1995;5
355;06.23.1995;18
355;06.24.1995;0.9
355;06.25.1995;7.1
355;06.26.1995;14.6
355;06.27.1995;2.7
355;06.28.1995;0.2
355;06.29.1995;0
355;06.30.1995;0
355;07.01.1995;0
355;07.02.1995;0
355;07.03.1995;0.5
355;07.04.1995;0
355;07.05.1995;1.3
355;07.06.1995;36
355;07.07.1995;0.4
355;07.08.1995;0
355;07.09.1995;0
355;07.10.1995;0
355;07.11.1995;0
355;07.12.1995;0
355;07.13.1995;0
355;07.14.1995;0
355;07.15.1995;0.1
355;07.16.1995;0
355;07.17.1995;7.7
355;07.18.1995;0.1
355;07.19.1995;0.7
355;07.20.1995;0
355;07.21.1995;0
355;07.22.1995;0
355;07.23.1995;0
355;07.24.1995;0
355;07.25.1995;0
355;07.26.1995;0
355;07.27.1995;0
355;07.28.1995;0
355;07.29.1995;12.9
355;07.30.1995;3.2
355;07.31.1995;0
355;08.01.1995;0
355;08.02.1995;0
355;08.03.1995;1.1
355;08.04.1995;0
355;08.05.1995;0
355;08.06.1995;0
355;08.07.1995;0
355;08.08.1995;1.9
355;08.09.1995;6.8
355;08.10.1995;4.8
355;08.11.1995;0
355;08.12.1995;0
355;08.13.1995;0
355;08.14.1995;0
355;08.15.1995;0
355;08.16.1995;0
355;08.17.1995;0.3
355;08.18.1995;0.3
355;08.19.1995;0.9
355;08.20.1995;20.1
355;08.21.1995;0.3
355;08.22.1995;6.9
355;08.23.1995;0
355;08.24.1995;0
355;08.25.1995;0
355;08.26.1995;0.9
355;08.27.1995;0
355;08.28.1995;2.7
355;08.29.1995;57.1
355;08.30.1995;0.2
355;08.31.1995;0
355;09.01.1995;0.3
355;09.02.1995;1.8
355;09.03.1995;1.3
355;09.04.1995;4.8
355;09.05.1995;8.7
355;09.06.1995;0
355;09.07.1995;0
355;09.08.1995;0.1
355;09.09.1995;31.1
355;09.10.1995;0
355;09.11.1995;0
355;09.12.1995;0
355;09.13.1995;0
355;09.14.1995;3.4
355;09.15.1995;50.8
355;09.16.1995;10.8
355;09.17.1995;0
355;09.18.1995;0
355;09.19.1995;0
355;09.20.1995;19.9
355;09.21.1995;0
355;09.22.1995;0
355;09.23.1995;0
355;09.24.1995;0
355;09.25.1995;0
355;09.26.1995;0
355;09.27.1995;0
355;09.28.1995;0
355;09.29.1995;16.6
355;09.30.1995;1.1
355;10.01.1995;0
355;10.02.1995;0.7
355;10.03.1995;0
355;10.04.1995;0
355;10.05.1995;0
355;10.06.1995;0
355;10.07.1995;0
355;10.08.1995;0
355;10.09.1995;0
355;10.10.1995;0
355;10.11.1995;0
355;10.12.1995;0
355;10.13.1995;0
355;10.14.1995;0
355;10.15.1995;0
355;10.16.1995;0
355;10.17.1995;0
355;10.18.1995;0
355;10.19.1995;0
355;10.20.1995;0
355;10.21.1995;0
355;10.22.1995;0
355;10.23.1995;0
355;10.24.1995;0
355;10.25.1995;0
355;10.26.1995;0
355;10.27.1995;0
355;10.28.1995;0
355;10.29.1995;0.3
355;10.30.1995;0
355;10.31.1995;0.1
355;11.01.1995;0
355;11.02.1995;7
355;11.03.1995;0.6
355;11.04.1995;0
355;11.05.1995;0
355;11.06.1995;0
355;11.07.1995;0
355;11.08.1995;0
355;11.09.1995;0
355;11.10.1995;0
355;11.11.1995;0
355;11.12.1995;0
355;11.13.1995;0
355;11.14.1995;0.3
355;11.15.1995;0.2
355;11.16.1995;0
355;11.17.1995;0
355;11.18.1995;30.4
355;11.19.1995;0
355;11.20.1995;0
355;11.21.1995;0
355;11.22.1995;0
355;11.23.1995;0
355;11.24.1995;0
355;11.25.1995;0
355;11.26.1995;0
355;11.27.1995;0
355;11.28.1995;0
355;11.29.1995;1.4
355;11.30.1995;3.6
355;12.01.1995;1
355;12.02.1995;0
355;12.03.1995;0
355;12.04.1995;0
355;12.05.1995;3.3
355;12.06.1995;3.4
355;12.07.1995;10.7
355;12.08.1995;4.3
355;12.09.1995;0
355;12.10.1995;0
355;12.11.1995;0.1
355;12.12.1995;0
355;12.13.1995;1
355;12.14.1995;14.6
355;12.15.1995;1.6
355;12.16.1995;0
355;12.17.1995;0
355;12.18.1995;0
355;12.19.1995;0.3
355;12.20.1995;0.1
355;12.21.1995;0
355;12.22.1995;0.1
355;12.23.1995;0
355;12.24.1995;0
355;12.25.1995;0
355;12.26.1995;0
355;12.27.1995;19.2
355;12.28.1995;0.3
355;12.29.1995;0
355;12.30.1995;0
355;12.31.1995;0
355;01.01.1996;16.4
355;01.02.1996;2.5
355;01.03.1996;1
355;01.04.1996;0
355;01.05.1996;0
355;01.06.1996;0
355;01.07.1996;0.1
355;01.08.1996;6.8
355;01.09.1996;25.2
355;01.10.1996;0.3
355;01.11.1996;0
355;01.12.1996;0
355;01.13.1996;0
355;01.14.1996;0
355;01.15.1996;0
355;01.16.1996;0
355;01.17.1996;0
355;01.18.1996;0
355;01.19.1996;0
355;01.20.1996;0.2
355;01.21.1996;1.5
355;01.22.1996;0
355;01.23.1996;0.1
355;01.24.1996;2.6
355;01.25.1996;9.1
355;01.26.1996;0.3
355;01.27.1996;1
355;01.28.1996;2.4
355;01.29.1996;0
355;01.30.1996;0.1
355;01.31.1996;0
355;02.01.1996;0
355;02.02.1996;0
355;02.03.1996;0
355;02.04.1996;19.8
355;02.05.1996;1.5
355;02.06.1996;0
355;02.07.1996;0
355;02.08.1996;0.1
355;02.09.1996;0.9
355;02.10.1996;0
355;02.11.1996;0
355;02.12.1996;0
355;02.13.1996;0
355;02.14.1996;5.4
355;02.15.1996;0
355;02.16.1996;0
355;02.17.1996;0
355;02.18.1996;0
355;02.19.1996;0
355;02.20.1996;13.9
355;02.21.1996;0
355;02.22.1996;0
355;02.23.1996;0
355;02.24.1996;0
355;02.25.1996;0
355;02.26.1996;0
355;02.27.1996;0
355;02.28.1996;0
355;02.29.1996;0
355;03.01.1996;0
355;03.02.1996;0.1
355;03.03.1996;0
355;03.04.1996;0
355;03.05.1996;0
355;03.06.1996;0
355;03.07.1996;0
355;03.08.1996;0
355;03.09.1996;0
355;03.10.1996;0
355;03.11.1996;0
355;03.12.1996;0
355;03.13.1996;4.6
355;03.14.1996;2.2
355;03.15.1996;0
355;03.16.1996;0
355;03.17.1996;0
355;03.18.1996;0.9
355;03.19.1996;0
355;03.20.1996;0
355;03.21.1996;0
355;03.22.1996;0
355;03.23.1996;0.4
355;03.24.1996;0
355;03.25.1996;0
355;03.26.1996;0
355;03.27.1996;0
355;03.28.1996;0
355;03.29.1996;0
355;03.30.1996;5.4
355;03.31.1996;0.3
355;04.01.1996;2.4
355;04.02.1996;3
355;04.03.1996;30.6
355;04.04.1996;19.7
355;04.05.1996;32.1
355;04.06.1996;1.7
355;04.07.1996;0
355;04.08.1996;0
355;04.09.1996;0
355;04.10.1996;0.4
355;04.11.1996;0
355;04.12.1996;0
355;04.13.1996;9.8
355;04.14.1996;1
355;04.15.1996;4.8
355;04.16.1996;0.2
355;04.17.1996;0
355;04.18.1996;0
355;04.19.1996;0
355;04.20.1996;0
355;04.21.1996;0
355;04.22.1996;0
355;04.23.1996;0
355;04.24.1996;0
355;04.25.1996;2.1
355;04.26.1996;0
355;04.27.1996;0
355;04.28.1996;0.1
355;04.29.1996;0
355;04.30.1996;0
355;05.01.1996;1.3
355;05.02.1996;3.2
355;05.03.1996;0
355;05.04.1996;3.3
355;05.05.1996;0
355;05.06.1996;0
355;05.07.1996;0
355;05.08.1996;4.3
355;05.09.1996;9
355;05.10.1996;0.1
355;05.11.1996;0
355;05.12.1996;3.4
355;05.13.1996;18.7
355;05.14.1996;4.4
355;05.15.1996;7.4
355;05.16.1996;2.1
355;05.17.1996;0
355;05.18.1996;0
355;05.19.1996;0
355;05.20.1996;0
355;05.21.1996;17.7
355;05.22.1996;8.6
355;05.23.1996;2.3
355;05.24.1996;0
355;05.25.1996;0
355;05.26.1996;2
355;05.27.1996;6.4
355;05.28.1996;12.4
355;05.29.1996;1.5
355;05.30.1996;0
355;05.31.1996;0
355;06.01.1996;0
355;06.02.1996;0
355;06.03.1996;0
355;06.04.1996;0
355;06.05.1996;0
355;06.06.1996;0
355;06.07.1996;0
355;06.08.1996;0
355;06.09.1996;0
355;06.10.1996;0
355;06.11.1996;0
355;06.12.1996;0
355;06.13.1996;13.3
355;06.14.1996;3.6
355;06.15.1996;0
355;06.16.1996;0
355;06.17.1996;0
355;06.18.1996;0
355;06.19.1996;0
355;06.20.1996;6.1
355;06.21.1996;1.1
355;06.22.1996;9.3
355;06.23.1996;35.9
355;06.24.1996;9.8
355;06.25.1996;0
355;06.26.1996;11.8
355;06.27.1996;3.4
355;06.28.1996;1.9
355;06.29.1996;0.3
355;06.30.1996;39.4
355;07.01.1996;5.2
355;07.02.1996;27.4
355;07.03.1996;43
355;07.04.1996;0
355;07.05.1996;0
355;07.06.1996;0
355;07.07.1996;0.4
355;07.08.1996;0
355;07.09.1996;1.6
355;07.10.1996;0
355;07.11.1996;0
355;07.12.1996;4.7
355;07.13.1996;0
355;07.14.1996;0
355;07.15.1996;0
355;07.16.1996;28.1
355;07.17.1996;0
355;07.18.1996;0
355;07.19.1996;0
355;07.20.1996;0
355;07.21.1996;0
355;07.22.1996;0
355;07.23.1996;0
355;07.24.1996;0.1
355;07.25.1996;11.1
355;07.26.1996;14
355;07.27.1996;0
355;07.28.1996;0
355;07.29.1996;0
355;07.30.1996;0
355;07.31.1996;0.2
355;08.01.1996;0
355;08.02.1996;0
355;08.03.1996;0
355;08.04.1996;3
355;08.05.1996;0
355;08.06.1996;0
355;08.07.1996;0
355;08.08.1996;18.5
355;08.09.1996;1.6
355;08.10.1996;0
355;08.11.1996;0
355;08.12.1996;16.6
355;08.13.1996;21.9
355;08.14.1996;4.1
355;08.15.1996;0
355;08.16.1996;10.5
355;08.17.1996;6.7
355;08.18.1996;0
355;08.19.1996;0
355;08.20.1996;0
355;08.21.1996;0
355;08.22.1996;0
355;08.23.1996;0
355;08.24.1996;0
355;08.25.1996;0
355;08.26.1996;0
355;08.27.1996;0
355;08.28.1996;0
355;08.29.1996;3.2
355;08.30.1996;0
355;08.31.1996;3.3
355;09.01.1996;0
355;09.02.1996;5.2
355;09.03.1996;42.2
355;09.04.1996;19.3
355;09.05.1996;0.4
355;09.06.1996;5.4
355;09.07.1996;0
355;09.08.1996;0.7
355;09.09.1996;0
355;09.10.1996;3
355;09.11.1996;0
355;09.12.1996;0
355;09.13.1996;2.3
355;09.14.1996;8.7
355;09.15.1996;3.1
355;09.16.1996;0.3
355;09.17.1996;0
355;09.18.1996;0
355;09.19.1996;1
355;09.20.1996;4
355;09.21.1996;0.1
355;09.22.1996;3.7
355;09.23.1996;14.4
355;09.24.1996;34.7
355;09.25.1996;1.2
355;09.26.1996;4
355;09.27.1996;0
355;09.28.1996;0.9
355;09.29.1996;1.1
355;09.30.1996;0
355;10.01.1996;0
355;10.02.1996;0
355;10.03.1996;15.8
355;10.04.1996;0
355;10.05.1996;1.6
355;10.06.1996;10.4
355;10.07.1996;0
355;10.08.1996;0
355;10.09.1996;0
355;10.10.1996;0
355;10.11.1996;0.8
355;10.12.1996;0
355;10.13.1996;0
355;10.14.1996;0
355;10.15.1996;0
355;10.16.1996;0.9
355;10.17.1996;9.6
355;10.18.1996;4.8
355;10.19.1996;4
355;10.20.1996;0
355;10.21.1996;1.4
355;10.22.1996;14.7
355;10.23.1996;0
355;10.24.1996;0
355;10.25.1996;0
355;10.26.1996;0
355;10.27.1996;0
355;10.28.1996;0
355;10.29.1996;0
355;10.30.1996;6.9
355;10.31.1996;0
355;11.01.1996;0
355;11.02.1996;0
355;11.03.1996;0
355;11.04.1996;0
355;11.05.1996;0
355;11.06.1996;0
355;11.07.1996;0
355;11.08.1996;0
355;11.09.1996;0
355;11.10.1996;0
355;11.11.1996;0
355;11.12.1996;0
355;11.13.1996;0
355;11.14.1996;0
355;11.15.1996;0
355;11.16.1996;0
355;11.17.1996;3.3
355;11.18.1996;0.7
355;11.19.1996;10
355;11.20.1996;0
355;11.21.1996;4
355;11.22.1996;10.4
355;11.23.1996;12.5
355;11.24.1996;0
355;11.25.1996;0
355;11.26.1996;4.6
355;11.27.1996;4.5
355;11.28.1996;0
355;11.29.1996;3.5
355;11.30.1996;0
355;12.01.1996;3.1
355;12.02.1996;0
355;12.03.1996;0
355;12.04.1996;0
355;12.05.1996;0
355;12.06.1996;0
355;12.07.1996;0
355;12.08.1996;0
355;12.09.1996;0
355;12.10.1996;0
355;12.11.1996;0.3
355;12.12.1996;0.2
355;12.13.1996;0.3
355;12.14.1996;6
355;12.15.1996;4.3
355;12.16.1996;0
355;12.17.1996;0
355;12.18.1996;0.1
355;12.19.1996;0
355;12.20.1996;0.4
355;12.21.1996;11.3
355;12.22.1996;0.6
355;12.23.1996;6.8
355;12.24.1996;1.5
355;12.25.1996;4.9
355;12.26.1996;0.5
355;12.27.1996;0
355;12.28.1996;0
355;12.29.1996;1.8
355;12.30.1996;1.3
355;12.31.1996;0
355;01.01.1997;1.9
355;01.02.1997;3.3
355;01.03.1997;3.8
355;01.04.1997;5.8
355;01.05.1997;5.3
355;01.06.1997;0.1
355;01.07.1997;0
355;01.08.1997;0
355;01.09.1997;0
355;01.10.1997;4.4
355;01.11.1997;5.4
355;01.12.1997;2.4
355;01.13.1997;0
355;01.14.1997;0
355;01.15.1997;0
355;01.16.1997;0
355;01.17.1997;0
355;01.18.1997;0
355;01.19.1997;0
355;01.20.1997;0
355;01.21.1997;6.5
355;01.22.1997;1.6
355;01.23.1997;0
355;01.24.1997;0
355;01.25.1997;0
355;01.26.1997;1.1
355;01.27.1997;0
355;01.28.1997;0
355;01.29.1997;0
355;01.30.1997;0
355;01.31.1997;0
355;02.01.1997;0
355;02.02.1997;0
355;02.03.1997;0
355;02.04.1997;0
355;02.05.1997;0
355;02.06.1997;0
355;02.07.1997;0
355;02.08.1997;0
355;02.09.1997;0
355;02.10.1997;0
355;02.11.1997;0
355;02.12.1997;0
355;02.13.1997;0
355;02.14.1997;0.6
355;02.15.1997;0
355;02.16.1997;0
355;02.17.1997;0
355;02.18.1997;0
355;02.19.1997;1.1
355;02.20.1997;0
355;02.21.1997;0
355;02.22.1997;0
355;02.23.1997;0
355;02.24.1997;0
355;02.25.1997;0
355;02.26.1997;0
355;02.27.1997;3
355;02.28.1997;3
355;03.01.1997;0
355;03.02.1997;0
355;03.03.1997;0
355;03.04.1997;0
355;03.05.1997;0
355;03.06.1997;0
355;03.07.1997;0
355;03.08.1997;0
355;03.09.1997;0
355;03.10.1997;0
355;03.11.1997;0
355;03.12.1997;0
355;03.13.1997;0
355;03.14.1997;0
355;03.15.1997;0
355;03.16.1997;0
355;03.17.1997;0
355;03.18.1997;0
355;03.19.1997;2.3
355;03.20.1997;5.3
355;03.21.1997;0.7
355;03.22.1997;2
355;03.23.1997;0.1
355;03.24.1997;3.2
355;03.25.1997;0.7
355;03.26.1997;0
355;03.27.1997;0
355;03.28.1997;0
355;03.29.1997;0.6
355;03.30.1997;0
355;03.31.1997;0
355;04.01.1997;7
355;04.02.1997;0.1
355;04.03.1997;0
355;04.04.1997;0
355;04.05.1997;0
355;04.06.1997;0
355;04.07.1997;0
355;04.08.1997;0
355;04.09.1997;0
355;04.10.1997;0
355;04.11.1997;0
355;04.12.1997;0.2
355;04.13.1997;0.4
355;04.14.1997;0
355;04.15.1997;0
355;04.16.1997;1.8
355;04.17.1997;2
355;04.18.1997;0
355;04.19.1997;0
355;04.20.1997;0.1
355;04.21.1997;2.8
355;04.22.1997;2.4
355;04.23.1997;0
355;04.24.1997;0
355;04.25.1997;0
355;04.26.1997;0
355;04.27.1997;0
355;04.28.1997;2.1
355;04.29.1997;0.2
355;04.30.1997;7.4
355;05.01.1997;0.5
355;05.02.1997;0
355;05.03.1997;0
355;05.04.1997;0
355;05.05.1997;0
355;05.06.1997;0
355;05.07.1997;2.1
355;05.08.1997;0.8
355;05.09.1997;0.8
355;05.10.1997;0.1
355;05.11.1997;0
355;05.12.1997;0
355;05.13.1997;0
355;05.14.1997;0
355;05.15.1997;0
355;05.16.1997;0
355;05.17.1997;0
355;05.18.1997;0
355;05.19.1997;0
355;05.20.1997;0
355;05.21.1997;1.6
355;05.22.1997;27.7
355;05.23.1997;7.2
355;05.24.1997;11.4
355;05.25.1997;11.7
355;05.26.1997;0
355;05.27.1997;1.1
355;05.28.1997;4.7
355;05.29.1997;0.6
355;05.30.1997;0.4
355;05.31.1997;0
355;06.01.1997;0
355;06.02.1997;0.3
355;06.03.1997;1.1
355;06.04.1997;3.7
355;06.05.1997;0
355;06.06.1997;0
355;06.07.1997;3.4
355;06.08.1997;0
355;06.09.1997;0
355;06.10.1997;0
355;06.11.1997;0.4
355;06.12.1997;0
355;06.13.1997;2.8
355;06.14.1997;0
355;06.15.1997;18
355;06.16.1997;0
355;06.17.1997;0
355;06.18.1997;15.6
355;06.19.1997;4.2
355;06.20.1997;11.8
355;06.21.1997;11.9
355;06.22.1997;0
355;06.23.1997;11.5
355;06.24.1997;2.9
355;06.25.1997;26.9
355;06.26.1997;0
355;06.27.1997;0
355;06.28.1997;0
355;06.29.1997;0
355;06.30.1997;0
355;07.01.1997;0
355;07.02.1997;0.3
355;07.03.1997;0
355;07.04.1997;0
355;07.05.1997;0.3
355;07.06.1997;29.8
355;07.07.1997;11.8
355;07.08.1997;5.6
355;07.09.1997;0
355;07.10.1997;0
355;07.11.1997;0
355;07.12.1997;3
355;07.13.1997;1.4
355;07.14.1997;9.5
355;07.15.1997;14.7
355;07.16.1997;0.6
355;07.17.1997;0.4
355;07.18.1997;7.4
355;07.19.1997;12.2
355;07.20.1997;0.6
355;07.21.1997;0
355;07.22.1997;3.5
355;07.23.1997;1.3
355;07.24.1997;9.4
355;07.25.1997;7.9
355;07.26.1997;4
355;07.27.1997;0
355;07.28.1997;0
355;07.29.1997;2.7
355;07.30.1997;0.4
355;07.31.1997;0
355;08.01.1997;31.9
355;08.02.1997;8.8
355;08.03.1997;0
355;08.04.1997;0
355;08.05.1997;0
355;08.06.1997;0.6
355;08.07.1997;6.6
355;08.08.1997;0
355;08.09.1997;0.5
355;08.10.1997;1
355;08.11.1997;0
355;08.12.1997;0
355;08.13.1997;0
355;08.14.1997;0
355;08.15.1997;0
355;08.16.1997;0.3
355;08.17.1997;0
355;08.18.1997;0
355;08.19.1997;0
355;08.20.1997;0
355;08.21.1997;0
355;08.22.1997;0
355;08.23.1997;0
355;08.24.1997;0
355;08.25.1997;0
355;08.26.1997;0
355;08.27.1997;0
355;08.28.1997;11.4
355;08.29.1997;11
355;08.30.1997;23.2
355;08.31.1997;0
355;09.01.1997;0
355;09.02.1997;0
355;09.03.1997;0
355;09.04.1997;0
355;09.05.1997;0
355;09.06.1997;0
355;09.07.1997;0
355;09.08.1997;8.3
355;09.09.1997;0
355;09.10.1997;1.7
355;09.11.1997;0
355;09.12.1997;0
355;09.13.1997;0
355;09.14.1997;24.4
355;09.15.1997;0.8
355;09.16.1997;0
355;09.17.1997;0
355;09.18.1997;0
355;09.19.1997;0
355;09.20.1997;1.3
355;09.21.1997;0
355;09.22.1997;0
355;09.23.1997;0
355;09.24.1997;0
355;09.25.1997;0
355;09.26.1997;0
355;09.27.1997;0
355;09.28.1997;0
355;09.29.1997;0
355;09.30.1997;0
355;10.01.1997;4
355;10.02.1997;2
355;10.03.1997;0.8
355;10.04.1997;0
355;10.05.1997;0
355;10.06.1997;0
355;10.07.1997;0
355;10.08.1997;0
355;10.09.1997;0
355;10.10.1997;0
355;10.11.1997;4.6
355;10.12.1997;0.3
355;10.13.1997;2.8
355;10.14.1997;0
355;10.15.1997;0
355;10.16.1997;0
355;10.17.1997;0
355;10.18.1997;0
355;10.19.1997;0
355;10.20.1997;0
355;10.21.1997;0
355;10.22.1997;1.3
355;10.23.1997;0
355;10.24.1997;0
355;10.25.1997;0
355;10.26.1997;0
355;10.27.1997;0.2
355;10.28.1997;0
355;10.29.1997;0
355;10.30.1997;0
355;10.31.1997;0
355;11.01.1997;0
355;11.02.1997;0
355;11.03.1997;0
355;11.04.1997;0
355;11.05.1997;0
355;11.06.1997;0
355;11.07.1997;0
355;11.08.1997;0.3
355;11.09.1997;0.2
355;11.10.1997;1.4
355;11.11.1997;0.1
355;11.12.1997;0
355;11.13.1997;7.4
355;11.14.1997;23.3
355;11.15.1997;0.4
355;11.16.1997;0
355;11.17.1997;9.2
355;11.18.1997;0.7
355;11.19.1997;0
355;11.20.1997;0
355;11.21.1997;0
355;11.22.1997;0
355;11.23.1997;0
355;11.24.1997;17.4
355;11.25.1997;0.6
355;11.26.1997;0
355;11.27.1997;0.3
355;11.28.1997;0.5
355;11.29.1997;0.2
355;11.30.1997;4.9
355;12.01.1997;7.8
355;12.02.1997;9.6
355;12.03.1997;2.8
355;12.04.1997;16.5
355;12.05.1997;0
355;12.06.1997;0
355;12.07.1997;0
355;12.08.1997;0
355;12.09.1997;0
355;12.10.1997;5.9
355;12.11.1997;0
355;12.12.1997;0
355;12.13.1997;5.6
355;12.14.1997;0
355;12.15.1997;0
355;12.16.1997;2.3
355;12.17.1997;1.6
355;12.18.1997;0
355;12.19.1997;0
355;12.20.1997;0.7
355;12.21.1997;8.6
355;12.22.1997;0
355;12.23.1997;1.7
355;12.24.1997;0
355;12.25.1997;0
355;12.26.1997;0
355;12.27.1997;11
355;12.28.1997;0.2
355;12.29.1997;0
355;12.30.1997;0
355;12.31.1997;0
355;01.01.1998;0
355;01.02.1998;0
355;01.03.1998;0
355;01.04.1998;0.2
355;01.05.1998;0
355;01.06.1998;0
355;01.07.1998;0
355;01.08.1998;0
355;01.09.1998;0
355;01.10.1998;0
355;01.11.1998;0
355;01.12.1998;0
355;01.13.1998;0
355;01.14.1998;0
355;01.15.1998;0
355;01.16.1998;0
355;01.17.1998;0.2
355;01.18.1998;0
355;01.19.1998;0
355;01.20.1998;0.8
355;01.21.1998;0
355;01.22.1998;0.8
355;01.23.1998;2.6
355;01.24.1998;0
355;01.25.1998;0
355;01.26.1998;0
355;01.27.1998;0
355;01.28.1998;0
355;01.29.1998;0
355;01.30.1998;0
355;01.31.1998;0
355;02.01.1998;0
355;02.02.1998;0
355;02.03.1998;0
355;02.04.1998;0
355;02.05.1998;0
355;02.06.1998;0
355;02.07.1998;0
355;02.08.1998;0
355;02.09.1998;0
355;02.10.1998;0
355;02.11.1998;0
355;02.12.1998;0
355;02.13.1998;0
355;02.14.1998;0
355;02.15.1998;0
355;02.16.1998;0
355;02.17.1998;0
355;02.18.1998;0
355;02.19.1998;0
355;02.20.1998;0
355;02.21.1998;0
355;02.22.1998;0
355;02.23.1998;0
355;02.24.1998;0
355;02.25.1998;0.4
355;02.26.1998;0
355;02.27.1998;0
355;02.28.1998;0
355;03.01.1998;1.6
355;03.02.1998;17.6
355;03.03.1998;0
355;03.04.1998;0
355;03.05.1998;0
355;03.06.1998;2.4
355;03.07.1998;0
355;03.08.1998;0.2
355;03.09.1998;0.4
355;03.10.1998;0
355;03.11.1998;0
355;03.12.1998;0
355;03.13.1998;0
355;03.14.1998;0
355;03.15.1998;0.1
355;03.16.1998;0
355;03.17.1998;7.4
355;03.18.1998;7.8
355;03.19.1998;0.8
355;03.20.1998;0.2
355;03.21.1998;0.2
355;03.22.1998;0
355;03.23.1998;0
355;03.24.1998;0
355;03.25.1998;0
355;03.26.1998;0
355;03.27.1998;0
355;03.28.1998;0
355;03.29.1998;0
355;03.30.1998;0
355;03.31.1998;0
355;04.01.1998;0
355;04.02.1998;0
355;04.03.1998;0
355;04.04.1998;0
355;04.05.1998;0
355;04.06.1998;5.6
355;04.07.1998;6
355;04.08.1998;1.9
355;04.09.1998;0.4
355;04.10.1998;5.4
355;04.11.1998;0.4
355;04.12.1998;2.9
355;04.13.1998;0.1
355;04.14.1998;0
355;04.15.1998;1.4
355;04.16.1998;0
355;04.17.1998;8.4
355;04.18.1998;0.1
355;04.19.1998;15.9
355;04.20.1998;0.1
355;04.21.1998;0
355;04.22.1998;0.4
355;04.23.1998;3.8
355;04.24.1998;0
355;04.25.1998;8.4
355;04.26.1998;0
355;04.27.1998;0
355;04.28.1998;0
355;04.29.1998;0
355;04.30.1998;0
355;05.01.1998;0
355;05.02.1998;2.4
355;05.03.1998;0
355;05.04.1998;4.7
355;05.05.1998;7.1
355;05.06.1998;0
355;05.07.1998;0
355;05.08.1998;0
355;05.09.1998;0
355;05.10.1998;0
355;05.11.1998;0
355;05.12.1998;0
355;05.13.1998;0
355;05.14.1998;0.8
355;05.15.1998;0
355;05.16.1998;0
355;05.17.1998;0
355;05.18.1998;1.8
355;05.19.1998;4.5
355;05.20.1998;5.4
355;05.21.1998;0
355;05.22.1998;4.8
355;05.23.1998;0
355;05.24.1998;0
355;05.25.1998;6.5
355;05.26.1998;0.2
355;05.27.1998;0
355;05.28.1998;0
355;05.29.1998;0
355;05.30.1998;0
355;05.31.1998;0
355;06.01.1998;0
355;06.02.1998;0.5
355;06.03.1998;0
355;06.04.1998;0.7
355;06.05.1998;0.6
355;06.06.1998;0
355;06.07.1998;0
355;06.08.1998;0
355;06.09.1998;14.8
355;06.10.1998;0
355;06.11.1998;0.5
355;06.12.1998;3.9
355;06.13.1998;6
355;06.14.1998;6.2
355;06.15.1998;0
355;06.16.1998;0.6
355;06.17.1998;5.3
355;06.18.1998;4.4
355;06.19.1998;0
355;06.20.1998;0
355;06.21.1998;0
355;06.22.1998;0
355;06.23.1998;20.9
355;06.24.1998;0.2
355;06.25.1998;6.2
355;06.26.1998;0
355;06.27.1998;0
355;06.28.1998;2.3
355;06.29.1998;6.6
355;06.30.1998;1.8
355;07.01.1998;0
355;07.02.1998;0
355;07.03.1998;5.3
355;07.04.1998;1.3
355;07.05.1998;0
355;07.06.1998;0.2
355;07.07.1998;0
355;07.08.1998;34.7
355;07.09.1998;0.3
355;07.10.1998;0.2
355;07.11.1998;0.1
355;07.12.1998;4.9
355;07.13.1998;6.9
355;07.14.1998;1.4
355;07.15.1998;36.2
355;07.16.1998;0
355;07.17.1998;0
355;07.18.1998;6.3
355;07.19.1998;0
355;07.20.1998;0
355;07.21.1998;0
355;07.22.1998;0
355;07.23.1998;0
355;07.24.1998;0
355;07.25.1998;0
355;07.26.1998;1.6
355;07.27.1998;0
355;07.28.1998;0
355;07.29.1998;20.7
355;07.30.1998;0
355;07.31.1998;0
355;08.01.1998;1.2
355;08.02.1998;0
355;08.03.1998;0
355;08.04.1998;0
355;08.05.1998;3.2
355;08.06.1998;0.4
355;08.07.1998;0
355;08.08.1998;0
355;08.09.1998;0
355;08.10.1998;0
355;08.11.1998;0
355;08.12.1998;0
355;08.13.1998;0
355;08.14.1998;0
355;08.15.1998;0
355;08.16.1998;0
355;08.17.1998;0
355;08.18.1998;0
355;08.19.1998;0
355;08.20.1998;1.8
355;08.21.1998;0
355;08.22.1998;12.2
355;08.23.1998;43.8
355;08.24.1998;0.1
355;08.25.1998;15.9
355;08.26.1998;0
355;08.27.1998;0
355;08.28.1998;26.1
355;08.29.1998;0
355;08.30.1998;0
355;08.31.1998;0
355;09.01.1998;0
355;09.02.1998;0.7
355;09.03.1998;0
355;09.04.1998;10
355;09.05.1998;0
355;09.06.1998;40
355;09.07.1998;0
355;09.08.1998;0
355;09.09.1998;0
355;09.10.1998;0
355;09.11.1998;0
355;09.12.1998;0.8
355;09.13.1998;50.1
355;09.14.1998;15.8
355;09.15.1998;5.6
355;09.16.1998;0.1
355;09.17.1998;7.1
355;09.18.1998;0.9
355;09.19.1998;0.2
355;09.20.1998;0.1
355;09.21.1998;0
355;09.22.1998;0
355;09.23.1998;0
355;09.24.1998;0
355;09.25.1998;0
355;09.26.1998;0
355;09.27.1998;1.1
355;09.28.1998;2.1
355;09.29.1998;22.6
355;09.30.1998;0
355;10.01.1998;2.4
355;10.02.1998;2.5
355;10.03.1998;0
355;10.04.1998;0
355;10.05.1998;0
355;10.06.1998;17.4
355;10.07.1998;4.5
355;10.08.1998;0.5
355;10.09.1998;1.4
355;10.10.1998;0.1
355;10.11.1998;0
355;10.12.1998;1.7
355;10.13.1998;7.1
355;10.14.1998;0
355;10.15.1998;0.1
355;10.16.1998;0.1
355;10.17.1998;0
355;10.18.1998;0
355;10.19.1998;16
355;10.20.1998;18.6
355;10.21.1998;0
355;10.22.1998;0
355;10.23.1998;0
355;10.24.1998;0
355;10.25.1998;0.3
355;10.26.1998;3.2
355;10.27.1998;0.1
355;10.28.1998;0
355;10.29.1998;0
355;10.30.1998;5.5
355;10.31.1998;0
355;11.01.1998;0
355;11.02.1998;0
355;11.03.1998;0.6
355;11.04.1998;1.2
355;11.05.1998;76.3
355;11.06.1998;5
355;11.07.1998;0
355;11.08.1998;0
355;11.09.1998;0
355;11.10.1998;0.4
355;11.11.1998;9.6
355;11.12.1998;0
355;11.13.1998;0
355;11.14.1998;0
355;11.15.1998;15.6
355;11.16.1998;0
355;11.17.1998;1.8
355;11.18.1998;0.8
355;11.19.1998;0
355;11.20.1998;0
355;11.21.1998;0
355;11.22.1998;0.1
355;11.23.1998;6.9
355;11.24.1998;2.8
355;11.25.1998;0
355;11.26.1998;0
355;11.27.1998;0.8
355;11.28.1998;0
355;11.29.1998;0
355;11.30.1998;0.1
355;12.01.1998;0.1
355;12.02.1998;5.1
355;12.03.1998;0.4
355;12.04.1998;0
355;12.05.1998;11.5
355;12.06.1998;0
355;12.07.1998;0
355;12.08.1998;0
355;12.09.1998;0
355;12.10.1998;0
355;12.11.1998;0.3
355;12.12.1998;0
355;12.13.1998;0.3
355;12.14.1998;0.2
355;12.15.1998;2.5
355;12.16.1998;0.1
355;12.17.1998;0
355;12.18.1998;0
355;12.19.1998;0
355;12.20.1998;0
355;12.21.1998;7.6
355;12.22.1998;0.4
355;12.23.1998;0.5
355;12.24.1998;0
355;12.25.1998;0
355;12.26.1998;0
355;12.27.1998;0
355;12.28.1998;0
355;12.29.1998;0
355;12.30.1998;0
355;12.31.1998;0
355;01.01.1999;0
355;01.02.1999;0
355;01.03.1999;0.4
355;01.04.1999;0.4
355;01.05.1999;0
355;01.06.1999;0
355;01.07.1999;0
355;01.08.1999;0
355;01.09.1999;4.2
355;01.10.1999;0
355;01.11.1999;3.9
355;01.12.1999;3.7
355;01.13.1999;0
355;01.14.1999;0
355;01.15.1999;0
355;01.16.1999;0
355;01.17.1999;0
355;01.18.1999;0
355;01.19.1999;0
355;01.20.1999;0
355;01.21.1999;0.1
355;01.22.1999;0
355;01.23.1999;0
355;01.24.1999;0
355;01.25.1999;0
355;01.26.1999;0
355;01.27.1999;2.6
355;01.28.1999;0.4
355;01.29.1999;0.1
355;01.30.1999;0
355;01.31.1999;0
355;02.01.1999;0
355;02.02.1999;0.1
355;02.03.1999;0.5
355;02.04.1999;0
355;02.05.1999;0
355;02.06.1999;0
355;02.07.1999;0
355;02.08.1999;0
355;02.09.1999;0
355;02.10.1999;21.7
355;02.11.1999;0.3
355;02.12.1999;0
355;02.13.1999;0
355;02.14.1999;4
355;02.15.1999;0.7
355;02.16.1999;0
355;02.17.1999;0
355;02.18.1999;0
355;02.19.1999;0
355;02.20.1999;0.1
355;02.21.1999;0
355;02.22.1999;0
355;02.23.1999;11
355;02.24.1999;0
355;02.25.1999;0
355;02.26.1999;0
355;02.27.1999;0
355;02.28.1999;0
355;03.01.1999;0
355;03.02.1999;0
355;03.03.1999;0
355;03.04.1999;0
355;03.05.1999;0.6
355;03.06.1999;2.3
355;03.07.1999;2.4
355;03.08.1999;1.8
355;03.09.1999;0
355;03.10.1999;0
355;03.11.1999;0
355;03.12.1999;0
355;03.13.1999;0
355;03.14.1999;0
355;03.15.1999;0
355;03.16.1999;1.1
355;03.17.1999;0.7
355;03.18.1999;0
355;03.19.1999;0
355;03.20.1999;0
355;03.21.1999;0
355;03.22.1999;0
355;03.23.1999;15.4
355;03.24.1999;0.7
355;03.25.1999;0
355;03.26.1999;0
355;03.27.1999;0
355;03.28.1999;7.4
355;03.29.1999;20.3
355;03.30.1999;1.1
355;03.31.1999;0.3
355;04.01.1999;0
355;04.02.1999;0
355;04.03.1999;0
355;04.04.1999;0
355;04.05.1999;0
355;04.06.1999;0
355;04.07.1999;0
355;04.08.1999;9
355;04.09.1999;3.3
355;04.10.1999;0
355;04.11.1999;1
355;04.12.1999;1.4
355;04.13.1999;0.4
355;04.14.1999;2.4
355;04.15.1999;0
355;04.16.1999;0
355;04.17.1999;20.2
355;04.18.1999;8.3
355;04.19.1999;0.1
355;04.20.1999;0.6
355;04.21.1999;0.4
355;04.22.1999;1
355;04.23.1999;4
355;04.24.1999;0.7
355;04.25.1999;2
355;04.26.1999;5
355;04.27.1999;0
355;04.28.1999;0
355;04.29.1999;0
355;04.30.1999;0
355;05.01.1999;0
355;05.02.1999;9.3
355;05.03.1999;9.1
355;05.04.1999;0
355;05.05.1999;29.1
355;05.06.1999;0.6
355;05.07.1999;0
355;05.08.1999;0
355;05.09.1999;2.4
355;05.10.1999;1
355;05.11.1999;0
355;05.12.1999;0
355;05.13.1999;6.2
355;05.14.1999;4.8
355;05.15.1999;18.7
355;05.16.1999;10.1
355;05.17.1999;0
355;05.18.1999;0.1
355;05.19.1999;0
355;05.20.1999;0
355;05.21.1999;50.8
355;05.22.1999;2.9
355;05.23.1999;2
355;05.24.1999;0
355;05.25.1999;0
355;05.26.1999;0
355;05.27.1999;1.2
355;05.28.1999;0
355;05.29.1999;0
355;05.30.1999;0
355;05.31.1999;0
355;06.01.1999;0
355;06.02.1999;0
355;06.03.1999;0.2
355;06.04.1999;0
355;06.05.1999;19.8
355;06.06.1999;0
355;06.07.1999;0
355;06.08.1999;1.5
355;06.09.1999;8.3
355;06.10.1999;0
355;06.11.1999;0.2
355;06.12.1999;18.2
355;06.13.1999;0
355;06.14.1999;0
355;06.15.1999;0
355;06.16.1999;2.3
355;06.17.1999;0
355;06.18.1999;3.2
355;06.19.1999;5
355;06.20.1999;0
355;06.21.1999;0
355;06.22.1999;33.4
355;06.23.1999;0.2
355;06.24.1999;0
355;06.25.1999;0
355;06.26.1999;0
355;06.27.1999;0
355;06.28.1999;0
355;06.29.1999;1.5
355;06.30.1999;0
355;07.01.1999;0
355;07.02.1999;1
355;07.03.1999;1.3
355;07.04.1999;0
355;07.05.1999;0
355;07.06.1999;0
355;07.07.1999;2.6
355;07.08.1999;11.1
355;07.09.1999;0
355;07.10.1999;17.2
355;07.11.1999;2.4
355;07.12.1999;0.1
355;07.13.1999;0
355;07.14.1999;0
355;07.15.1999;5.1
355;07.16.1999;0.1
355;07.17.1999;4.1
355;07.18.1999;0
355;07.19.1999;0
355;07.20.1999;0
355;07.21.1999;0
355;07.22.1999;0.4
355;07.23.1999;13.1
355;07.24.1999;0
355;07.25.1999;0
355;07.26.1999;2.3
355;07.27.1999;6
355;07.28.1999;0
355;07.29.1999;0
355;07.30.1999;0
355;07.31.1999;0
355;08.01.1999;0
355;08.02.1999;0
355;08.03.1999;0
355;08.04.1999;5.5
355;08.05.1999;0
355;08.06.1999;0
355;08.07.1999;5
355;08.08.1999;1.1
355;08.09.1999;0
355;08.10.1999;0
355;08.11.1999;6.4
355;08.12.1999;0
355;08.13.1999;4.2
355;08.14.1999;1.4
355;08.15.1999;0
355;08.16.1999;0
355;08.17.1999;26.7
355;08.18.1999;0.1
355;08.19.1999;0
355;08.20.1999;0
355;08.21.1999;16.3
355;08.22.1999;0.2
355;08.23.1999;0
355;08.24.1999;0
355;08.25.1999;0
355;08.26.1999;0
355;08.27.1999;1
355;08.28.1999;0
355;08.29.1999;0
355;08.30.1999;1.6
355;08.31.1999;19.4
355;09.01.1999;0.1
355;09.02.1999;1
355;09.03.1999;0
355;09.04.1999;2.2
355;09.05.1999;0.5
355;09.06.1999;0.9
355;09.07.1999;0
355;09.08.1999;0
355;09.09.1999;0
355;09.10.1999;0
355;09.11.1999;0
355;09.12.1999;0
355;09.13.1999;0
355;09.14.1999;0
355;09.15.1999;0
355;09.16.1999;0
355;09.17.1999;0
355;09.18.1999;0
355;09.19.1999;1
355;09.20.1999;0
355;09.21.1999;0
355;09.22.1999;9.9
355;09.23.1999;0
355;09.24.1999;0
355;09.25.1999;0
355;09.26.1999;0
355;09.27.1999;1.1
355;09.28.1999;0.6
355;09.29.1999;3.2
355;09.30.1999;0
355;10.01.1999;0
355;10.02.1999;0
355;10.03.1999;0
355;10.04.1999;4.4
355;10.05.1999;23.6
355;10.06.1999;0
355;10.07.1999;0
355;10.08.1999;0
355;10.09.1999;0
355;10.10.1999;0
355;10.11.1999;0
355;10.12.1999;0
355;10.13.1999;0
355;10.14.1999;0
355;10.15.1999;0
355;10.16.1999;0
355;10.17.1999;0
355;10.18.1999;0
355;10.19.1999;0
355;10.20.1999;0
355;10.21.1999;0
355;10.22.1999;0.6
355;10.23.1999;0
355;10.24.1999;2.6
355;10.25.1999;0
355;10.26.1999;4
355;10.27.1999;22.2
355;10.28.1999;0
355;10.29.1999;0
355;10.30.1999;1.2
355;10.31.1999;0
355;11.01.1999;0
355;11.02.1999;0
355;11.03.1999;0
355;11.04.1999;0
355;11.05.1999;0.3
355;11.06.1999;0
355;11.07.1999;4.6
355;11.08.1999;0.2
355;11.09.1999;2.7
355;11.10.1999;7.9
355;11.11.1999;0
355;11.12.1999;0
355;11.13.1999;0
355;11.14.1999;0
355;11.15.1999;0.5
355;11.16.1999;0.4
355;11.17.1999;0
355;11.18.1999;13.1
355;11.19.1999;0
355;11.20.1999;17.5
355;11.21.1999;0
355;11.22.1999;10.2
355;11.23.1999;0
355;11.24.1999;0
355;11.25.1999;0
355;11.26.1999;0
355;11.27.1999;0
355;11.28.1999;0
355;11.29.1999;0
355;11.30.1999;0
355;12.01.1999;0
355;12.02.1999;0
355;12.03.1999;0
355;12.04.1999;0
355;12.05.1999;1
355;12.06.1999;0.7
355;12.07.1999;0
355;12.08.1999;0
355;12.09.1999;0
355;12.10.1999;0
355;12.11.1999;22.1
355;12.12.1999;0.7
355;12.13.1999;17
355;12.14.1999;2.1
355;12.15.1999;4.6
355;12.16.1999;2.3
355;12.17.1999;0
355;12.18.1999;0
355;12.19.1999;0
355;12.20.1999;5.5
355;12.21.1999;0
355;12.22.1999;0
355;12.23.1999;0
355;12.24.1999;0
355;12.25.1999;0
355;12.26.1999;0.1
355;12.27.1999;2.3
355;12.28.1999;0.1
355;12.29.1999;11.5
355;12.30.1999;0
355;12.31.1999;0
355;01.01.2000;0
355;01.02.2000;0
355;01.03.2000;0.6
355;01.04.2000;0
355;01.05.2000;0
355;01.06.2000;0
355;01.07.2000;0
355;01.08.2000;0
355;01.09.2000;0
355;01.10.2000;0
355;01.11.2000;1
355;01.12.2000;0
355;01.13.2000;0
355;01.14.2000;0
355;01.15.2000;0
355;01.16.2000;0
355;01.17.2000;0
355;01.18.2000;0
355;01.19.2000;2.3
355;01.20.2000;0
355;01.21.2000;0
355;01.22.2000;0.3
355;01.23.2000;0
355;01.24.2000;0
355;01.25.2000;0
355;01.26.2000;0
355;01.27.2000;0
355;01.28.2000;0
355;01.29.2000;0
355;01.30.2000;0
355;01.31.2000;0.7
355;02.01.2000;0
355;02.02.2000;0
355;02.03.2000;0.2
355;02.04.2000;0
355;02.05.2000;0
355;02.06.2000;0
355;02.07.2000;0
355;02.08.2000;0
355;02.09.2000;0
355;02.10.2000;0.3
355;02.11.2000;0
355;02.12.2000;0
355;02.13.2000;0
355;02.14.2000;0
355;02.15.2000;0
355;02.16.2000;0
355;02.17.2000;19.2
355;02.18.2000;0
355;02.19.2000;0
355;02.20.2000;0
355;02.21.2000;0
355;02.22.2000;0
355;02.23.2000;0
355;02.24.2000;0
355;02.25.2000;0
355;02.26.2000;0
355;02.27.2000;0
355;02.28.2000;0
355;02.29.2000;0
355;03.01.2000;0
355;03.02.2000;11.8
355;03.03.2000;0
355;03.04.2000;0
355;03.05.2000;0.8
355;03.06.2000;0
355;03.07.2000;0
355;03.08.2000;0
355;03.09.2000;0
355;03.10.2000;0
355;03.11.2000;0
355;03.12.2000;0
355;03.13.2000;0
355;03.14.2000;0
355;03.15.2000;0
355;03.16.2000;0
355;03.17.2000;2.9
355;03.18.2000;6.4
355;03.19.2000;0
355;03.20.2000;1.3
355;03.21.2000;0
355;03.22.2000;0
355;03.23.2000;0
355;03.24.2000;0
355;03.25.2000;0
355;03.26.2000;0
355;03.27.2000;0
355;03.28.2000;0.3
355;03.29.2000;0.1
355;03.30.2000;17.3
355;03.31.2000;0.1
355;04.01.2000;0
355;04.02.2000;5.9
355;04.03.2000;0
355;04.04.2000;0
355;04.05.2000;1.7
355;04.06.2000;7.8
355;04.07.2000;0
355;04.08.2000;0
355;04.09.2000;0.3
355;04.10.2000;0
355;04.11.2000;0
355;04.12.2000;0
355;04.13.2000;1
355;04.14.2000;0
355;04.15.2000;0
355;04.16.2000;0
355;04.17.2000;0
355;04.18.2000;0
355;04.19.2000;0
355;04.20.2000;0
355;04.21.2000;0
355;04.22.2000;0
355;04.23.2000;0
355;04.24.2000;0
355;04.25.2000;7.1
355;04.26.2000;0.1
355;04.27.2000;0
355;04.28.2000;0
355;04.29.2000;0
355;04.30.2000;12.8
355;05.01.2000;7
355;05.02.2000;7.2
355;05.03.2000;0
355;05.04.2000;0
355;05.05.2000;0
355;05.06.2000;0
355;05.07.2000;0
355;05.08.2000;0
355;05.09.2000;0
355;05.10.2000;0
355;05.11.2000;0
355;05.12.2000;0
355;05.13.2000;1
355;05.14.2000;0
355;05.15.2000;0
355;05.16.2000;0
355;05.17.2000;0
355;05.18.2000;0
355;05.19.2000;1.3
355;05.20.2000;9.8
355;05.21.2000;5.1
355;05.22.2000;1.7
355;05.23.2000;24.2
355;05.24.2000;0
355;05.25.2000;0
355;05.26.2000;0
355;05.27.2000;0
355;05.28.2000;0
355;05.29.2000;0.5
355;05.30.2000;0.4
355;05.31.2000;0
355;06.01.2000;0.1
355;06.02.2000;0
355;06.03.2000;0
355;06.04.2000;0
355;06.05.2000;0
355;06.06.2000;0
355;06.07.2000;12.4
355;06.08.2000;1.1
355;06.09.2000;0
355;06.10.2000;0
355;06.11.2000;0
355;06.12.2000;0.3
355;06.13.2000;0
355;06.14.2000;0
355;06.15.2000;0
355;06.16.2000;5.2
355;06.17.2000;0
355;06.18.2000;0
355;06.19.2000;0
355;06.20.2000;0
355;06.21.2000;0
355;06.22.2000;0
355;06.23.2000;0
355;06.24.2000;0
355;06.25.2000;9.2
355;06.26.2000;4.6
355;06.27.2000;5.6
355;06.28.2000;0
355;06.29.2000;6.6
355;06.30.2000;0.9
355;07.01.2000;0
355;07.02.2000;0
355;07.03.2000;0
355;07.04.2000;0
355;07.05.2000;0
355;07.06.2000;0
355;07.07.2000;0
355;07.08.2000;0
355;07.09.2000;18.5
355;07.10.2000;2.6
355;07.11.2000;0
355;07.12.2000;1.9
355;07.13.2000;0.5
355;07.14.2000;0.1
355;07.15.2000;27.7
355;07.16.2000;5.2
355;07.17.2000;0
355;07.18.2000;0
355;07.19.2000;8.4
355;07.20.2000;5.6
355;07.21.2000;0
355;07.22.2000;0
355;07.23.2000;0
355;07.24.2000;0.6
355;07.25.2000;0
355;07.26.2000;0
355;07.27.2000;1.7
355;07.28.2000;0
355;07.29.2000;12.2
355;07.30.2000;0
355;07.31.2000;2.6
355;08.01.2000;1.8
355;08.02.2000;0
355;08.03.2000;0
355;08.04.2000;0
355;08.05.2000;6.2
355;08.06.2000;2.9
355;08.07.2000;0
355;08.08.2000;0.1
355;08.09.2000;0
355;08.10.2000;0
355;08.11.2000;0
355;08.12.2000;0
355;08.13.2000;0
355;08.14.2000;0
355;08.15.2000;0
355;08.16.2000;0
355;08.17.2000;0
355;08.18.2000;0
355;08.19.2000;0
355;08.20.2000;0
355;08.21.2000;0
355;08.22.2000;0
355;08.23.2000;0
355;08.24.2000;0
355;08.25.2000;0
355;08.26.2000;0
355;08.27.2000;0
355;08.28.2000;0
355;08.29.2000;0
355;08.30.2000;0
355;08.31.2000;1.7
355;09.01.2000;17.2
355;09.02.2000;0.8
355;09.03.2000;11.9
355;09.04.2000;1
355;09.05.2000;1.8
355;09.06.2000;0
355;09.07.2000;1
355;09.08.2000;3.1
355;09.09.2000;0
355;09.10.2000;0
355;09.11.2000;0
355;09.12.2000;0
355;09.13.2000;0
355;09.14.2000;0
355;09.15.2000;2.1
355;09.16.2000;0.1
355;09.17.2000;36
355;09.18.2000;0
355;09.19.2000;0.1
355;09.20.2000;0
355;09.21.2000;0.2
355;09.22.2000;15.1
355;09.23.2000;0
355;09.24.2000;0
355;09.25.2000;0
355;09.26.2000;0
355;09.27.2000;0
355;09.28.2000;0
355;09.29.2000;0
355;09.30.2000;0
355;10.01.2000;3.2
355;10.02.2000;18.3
355;10.03.2000;13.1
355;10.04.2000;0.7
355;10.05.2000;0
355;10.06.2000;0
355;10.07.2000;14.7
355;10.08.2000;2.7
355;10.09.2000;0.2
355;10.10.2000;17.2
355;10.11.2000;3.4
355;10.12.2000;0
355;10.13.2000;0
355;10.14.2000;0
355;10.15.2000;0
355;10.16.2000;0
355;10.17.2000;0
355;10.18.2000;11.5
355;10.19.2000;0
355;10.20.2000;1.9
355;10.21.2000;0
355;10.22.2000;0
355;10.23.2000;0
355;10.24.2000;0
355;10.25.2000;0
355;10.26.2000;0
355;10.27.2000;0
355;10.28.2000;2.4
355;10.29.2000;0
355;10.30.2000;0
355;10.31.2000;0
355;11.01.2000;7.6
355;11.02.2000;10.6
355;11.03.2000;0
355;11.04.2000;3.7
355;11.05.2000;3.8
355;11.06.2000;6.4
355;11.07.2000;12.6
355;11.08.2000;1.9
355;11.09.2000;0
355;11.10.2000;2.4
355;11.11.2000;0.2
355;11.12.2000;0
355;11.13.2000;0
355;11.14.2000;0
355;11.15.2000;0.3
355;11.16.2000;7.3
355;11.17.2000;4.4
355;11.18.2000;8.3
355;11.19.2000;5.5
355;11.20.2000;1.8
355;11.21.2000;0
355;11.22.2000;3.1
355;11.23.2000;0
355;11.24.2000;0
355;11.25.2000;1.1
355;11.26.2000;8.8
355;11.27.2000;0.3
355;11.28.2000;0
355;11.29.2000;0
355;11.30.2000;0
355;12.01.2000;0
355;12.02.2000;0
355;12.03.2000;0
355;12.04.2000;0.7
355;12.05.2000;0.1
355;12.06.2000;0.7
355;12.07.2000;0.2
355;12.08.2000;0
355;12.09.2000;0
355;12.10.2000;2.1
355;12.11.2000;0
355;12.12.2000;0
355;12.13.2000;0
355;12.14.2000;0
355;12.15.2000;0
355;12.16.2000;19.8
355;12.17.2000;0
355;12.18.2000;0
355;12.19.2000;0
355;12.20.2000;0
355;12.21.2000;0
355;12.22.2000;0
355;12.23.2000;0
355;12.24.2000;0
355;12.25.2000;0
355;12.26.2000;6.4
355;12.27.2000;9.8
355;12.28.2000;15.4
355;12.29.2000;1.2
355;12.30.2000;15.2
355;12.31.2000;2.4
355;01.01.2001;0
355;01.02.2001;0
355;01.03.2001;0
355;01.04.2001;0
355;01.05.2001;0
355;01.06.2001;0
355;01.07.2001;0
355;01.08.2001;0.5
355;01.09.2001;15.1
355;01.10.2001;0
355;01.11.2001;0
355;01.12.2001;0
355;01.13.2001;0
355;01.14.2001;0
355;01.15.2001;0
355;01.16.2001;0
355;01.17.2001;0
355;01.18.2001;0
355;01.19.2001;0
355;01.20.2001;0
355;01.21.2001;0
355;01.22.2001;0
355;01.23.2001;0.2
355;01.24.2001;0
355;01.25.2001;0.8
355;01.26.2001;9.2
355;01.27.2001;0.8
355;01.28.2001;9.1
355;01.29.2001;0.6
355;01.30.2001;0
355;01.31.2001;1.8
355;02.01.2001;0
355;02.02.2001;0
355;02.03.2001;0
355;02.04.2001;0
355;02.05.2001;0
355;02.06.2001;0
355;02.07.2001;0
355;02.08.2001;0
355;02.09.2001;0
355;02.10.2001;0
355;02.11.2001;0
355;02.12.2001;0
355;02.13.2001;0
355;02.14.2001;0
355;02.15.2001;0
355;02.16.2001;0
355;02.17.2001;0
355;02.18.2001;0
355;02.19.2001;0
355;02.20.2001;0
355;02.21.2001;0
355;02.22.2001;0
355;02.23.2001;0
355;02.24.2001;0.5
355;02.25.2001;0
355;02.26.2001;0
355;02.27.2001;0
355;02.28.2001;0
355;03.01.2001;8.5
355;03.02.2001;0
355;03.03.2001;3.4
355;03.04.2001;0
355;03.05.2001;0
355;03.06.2001;6.5
355;03.07.2001;0
355;03.08.2001;0
355;03.09.2001;0
355;03.10.2001;0
355;03.11.2001;0
355;03.12.2001;0
355;03.13.2001;0
355;03.14.2001;24.9
355;03.15.2001;0.7
355;03.16.2001;0
355;03.17.2001;0
355;03.18.2001;0
355;03.19.2001;0
355;03.20.2001;1.3
355;03.21.2001;0
355;03.22.2001;0.6
355;03.23.2001;4.4
355;03.24.2001;0
355;03.25.2001;0
355;03.26.2001;14
355;03.27.2001;13
355;03.28.2001;1.4
355;03.29.2001;0.3
355;03.30.2001;0
355;03.31.2001;0
355;04.01.2001;0
355;04.02.2001;0
355;04.03.2001;0
355;04.04.2001;0
355;04.05.2001;2.6
355;04.06.2001;7.5
355;04.07.2001;0
355;04.08.2001;11.8
355;04.09.2001;12.7
355;04.10.2001;0
355;04.11.2001;4.6
355;04.12.2001;7.1
355;04.13.2001;0
355;04.14.2001;0
355;04.15.2001;0
355;04.16.2001;0
355;04.17.2001;7.8
355;04.18.2001;0.5
355;04.19.2001;0
355;04.20.2001;8.3
355;04.21.2001;0.6
355;04.22.2001;0.5
355;04.23.2001;0.4
355;04.24.2001;0
355;04.25.2001;0
355;04.26.2001;0
355;04.27.2001;3.9
355;04.28.2001;0
355;04.29.2001;0
355;04.30.2001;0
355;05.01.2001;0
355;05.02.2001;0
355;05.03.2001;0
355;05.04.2001;0
355;05.05.2001;8.6
355;05.06.2001;0
355;05.07.2001;1.6
355;05.08.2001;0.6
355;05.09.2001;12
355;05.10.2001;0
355;05.11.2001;0
355;05.12.2001;1.4
355;05.13.2001;0
355;05.14.2001;0
355;05.15.2001;0
355;05.16.2001;0
355;05.17.2001;0
355;05.18.2001;0
355;05.19.2001;7.5
355;05.20.2001;0
355;05.21.2001;0
355;05.22.2001;0
355;05.23.2001;0
355;05.24.2001;0
355;05.25.2001;0
355;05.26.2001;0
355;05.27.2001;0
355;05.28.2001;0
355;05.29.2001;0
355;05.30.2001;0
355;05.31.2001;0.2
355;06.01.2001;6.6
355;06.02.2001;0
355;06.03.2001;0
355;06.04.2001;12.8
355;06.05.2001;0
355;06.06.2001;0
355;06.07.2001;31.3
355;06.08.2001;0
355;06.09.2001;0
355;06.10.2001;0
355;06.11.2001;0
355;06.12.2001;23.3
355;06.13.2001;0
355;06.14.2001;0
355;06.15.2001;0
355;06.16.2001;0
355;06.17.2001;3.8
355;06.18.2001;7.1
355;06.19.2001;1.3
355;06.20.2001;0
355;06.21.2001;0
355;06.22.2001;0.1
355;06.23.2001;12.5
355;06.24.2001;0
355;06.25.2001;0
355;06.26.2001;0
355;06.27.2001;0
355;06.28.2001;0
355;06.29.2001;0.3
355;06.30.2001;1.7
355;07.01.2001;1.6
355;07.02.2001;14.7
355;07.03.2001;0.7
355;07.04.2001;0.7
355;07.05.2001;6.7
355;07.06.2001;0
355;07.07.2001;0
355;07.08.2001;0
355;07.09.2001;0.9
355;07.10.2001;1.8
355;07.11.2001;0
355;07.12.2001;0
355;07.13.2001;0
355;07.14.2001;0
355;07.15.2001;0
355;07.16.2001;0
355;07.17.2001;2.7
355;07.18.2001;10.6
355;07.19.2001;0
355;07.20.2001;0
355;07.21.2001;6.5
355;07.22.2001;1.8
355;07.23.2001;0.1
355;07.24.2001;0.3
355;07.25.2001;0.8
355;07.26.2001;0
355;07.27.2001;0
355;07.28.2001;0
355;07.29.2001;0
355;07.30.2001;0
355;07.31.2001;0
355;08.01.2001;0
355;08.02.2001;0
355;08.03.2001;0
355;08.04.2001;0
355;08.05.2001;0
355;08.06.2001;0.1
355;08.07.2001;0
355;08.08.2001;0
355;08.09.2001;0
355;08.10.2001;0
355;08.11.2001;10.2
355;08.12.2001;0.8
355;08.13.2001;0
355;08.14.2001;0
355;08.15.2001;0
355;08.16.2001;0
355;08.17.2001;0
355;08.18.2001;0
355;08.19.2001;0
355;08.20.2001;0
355;08.21.2001;0
355;08.22.2001;0
355;08.23.2001;1.3
355;08.24.2001;4.2
355;08.25.2001;0
355;08.26.2001;0
355;08.27.2001;0
355;08.28.2001;0.1
355;08.29.2001;0
355;08.30.2001;0
355;08.31.2001;0
355;09.01.2001;4
355;09.02.2001;0.5
355;09.03.2001;3.2
355;09.04.2001;0
355;09.05.2001;28.2
355;09.06.2001;12.2
355;09.07.2001;2.7
355;09.08.2001;0.2
355;09.09.2001;32.3
355;09.10.2001;10.4
355;09.11.2001;0
355;09.12.2001;0
355;09.13.2001;0.6
355;09.14.2001;0
355;09.15.2001;34.5
355;09.16.2001;1.9
355;09.17.2001;16.1
355;09.18.2001;10.8
355;09.19.2001;0
355;09.20.2001;0
355;09.21.2001;0
355;09.22.2001;0
355;09.23.2001;2.5
355;09.24.2001;15.4
355;09.25.2001;1.8
355;09.26.2001;2.5
355;09.27.2001;0
355;09.28.2001;0
355;09.29.2001;0
355;09.30.2001;0.7
355;10.01.2001;3.7
355;10.02.2001;0
355;10.03.2001;0
355;10.04.2001;0
355;10.05.2001;8.9
355;10.06.2001;0
355;10.07.2001;0
355;10.08.2001;0
355;10.09.2001;0
355;10.10.2001;0
355;10.11.2001;0
355;10.12.2001;0
355;10.13.2001;0
355;10.14.2001;0
355;10.15.2001;0
355;10.16.2001;0
355;10.17.2001;0
355;10.18.2001;0
355;10.19.2001;0
355;10.20.2001;0
355;10.21.2001;0.3
355;10.22.2001;9.8
355;10.23.2001;0
355;10.24.2001;0
355;10.25.2001;0.6
355;10.26.2001;0
355;10.27.2001;0
355;10.28.2001;0
355;10.29.2001;0
355;10.30.2001;0
355;10.31.2001;0
355;11.01.2001;0
355;11.02.2001;0
355;11.03.2001;0
355;11.04.2001;0
355;11.05.2001;0
355;11.06.2001;0
355;11.07.2001;0
355;11.08.2001;0
355;11.09.2001;9.1
355;11.10.2001;10.4
355;11.11.2001;0
355;11.12.2001;1.7
355;11.13.2001;2.3
355;11.14.2001;4.9
355;11.15.2001;0
355;11.16.2001;0
355;11.17.2001;0
355;11.18.2001;0
355;11.19.2001;0
355;11.20.2001;0
355;11.21.2001;0
355;11.22.2001;0
355;11.23.2001;0.2
355;11.24.2001;0
355;11.25.2001;0
355;11.26.2001;0
355;11.27.2001;0.1
355;11.28.2001;4
355;11.29.2001;0
355;11.30.2001;0.2
355;12.01.2001;0
355;12.02.2001;0
355;12.03.2001;0
355;12.04.2001;0
355;12.05.2001;0
355;12.06.2001;0.1
355;12.07.2001;0.5
355;12.08.2001;0
355;12.09.2001;0
355;12.10.2001;0
355;12.11.2001;0
355;12.12.2001;1.6
355;12.13.2001;3.9
355;12.14.2001;0
355;12.15.2001;0
355;12.16.2001;0
355;12.17.2001;0
355;12.18.2001;2.6
355;12.19.2001;0.1
355;12.20.2001;0
355;12.21.2001;0
355;12.22.2001;0
355;12.23.2001;5
355;12.24.2001;0
355;12.25.2001;0
355;12.26.2001;0
355;12.27.2001;6.1
355;12.28.2001;0
355;12.29.2001;0
355;12.30.2001;0
355;12.31.2001;1.2
355;01.01.2002;0
355;01.02.2002;0
355;01.03.2002;0
355;01.04.2002;0
355;01.05.2002;0
355;01.06.2002;0
355;01.07.2002;0
355;01.08.2002;0
355;01.09.2002;0
355;01.10.2002;0
355;01.11.2002;0
355;01.12.2002;0
355;01.13.2002;0
355;01.14.2002;7.9
355;01.15.2002;0
355;01.16.2002;0
355;01.17.2002;0
355;01.18.2002;0
355;01.19.2002;0
355;01.20.2002;0
355;01.21.2002;0
355;01.22.2002;0
355;01.23.2002;0
355;01.24.2002;0
355;01.25.2002;0.4
355;01.26.2002;0
355;01.27.2002;0.7
355;01.28.2002;0
355;01.29.2002;0
355;01.30.2002;0
355;01.31.2002;0
355;02.01.2002;0
355;02.02.2002;0
355;02.03.2002;0
355;02.04.2002;0
355;02.05.2002;0
355;02.06.2002;0
355;02.07.2002;1.6
355;02.08.2002;4.5
355;02.09.2002;0
355;02.10.2002;0.1
355;02.11.2002;1
355;02.12.2002;0
355;02.13.2002;0
355;02.14.2002;0
355;02.15.2002;0
355;02.16.2002;0
355;02.17.2002;2.4
355;02.18.2002;15.7
355;02.19.2002;1.6
355;02.20.2002;0
355;02.21.2002;0
355;02.22.2002;2.4
355;02.23.2002;0
355;02.24.2002;0
355;02.25.2002;0
355;02.26.2002;0
355;02.27.2002;0
355;02.28.2002;0
355;03.01.2002;8.8
355;03.02.2002;0.6
355;03.03.2002;0
355;03.04.2002;1
355;03.05.2002;0
355;03.06.2002;0
355;03.07.2002;0.3
355;03.08.2002;0
355;03.09.2002;0
355;03.10.2002;0
355;03.11.2002;0
355;03.12.2002;0
355;03.13.2002;0
355;03.14.2002;0
355;03.15.2002;0
355;03.16.2002;0
355;03.17.2002;0
355;03.18.2002;0
355;03.19.2002;0
355;03.20.2002;0
355;03.21.2002;0.2
355;03.22.2002;7.5
355;03.23.2002;1.4
355;03.24.2002;0.2
355;03.25.2002;0.2
355;03.26.2002;0
355;03.27.2002;0
355;03.28.2002;0
355;03.29.2002;0
355;03.30.2002;0
355;03.31.2002;0
355;04.01.2002;0
355;04.02.2002;0
355;04.03.2002;0
355;04.04.2002;0
355;04.05.2002;1.6
355;04.06.2002;0
355;04.07.2002;0
355;04.08.2002;0
355;04.09.2002;0
355;04.10.2002;1.2
355;04.11.2002;2.3
355;04.12.2002;3.3
355;04.13.2002;19.8
355;04.14.2002;5.9
355;04.15.2002;1.9
355;04.16.2002;0.1
355;04.17.2002;3.2
355;04.18.2002;12.4
355;04.19.2002;3.6
355;04.20.2002;0.3
355;04.21.2002;8.7
355;04.22.2002;0
355;04.23.2002;0
355;04.24.2002;3.8
355;04.25.2002;1.7
355;04.26.2002;0
355;04.27.2002;1.6
355;04.28.2002;19.7
355;04.29.2002;0
355;04.30.2002;0.2
355;05.01.2002;0
355;05.02.2002;0
355;05.03.2002;0
355;05.04.2002;0
355;05.05.2002;0.2
355;05.06.2002;0
355;05.07.2002;0
355;05.08.2002;0
355;05.09.2002;0
355;05.10.2002;0
355;05.11.2002;0
355;05.12.2002;0
355;05.13.2002;25.3
355;05.14.2002;4.6
355;05.15.2002;2.5
355;05.16.2002;0
355;05.17.2002;0
355;05.18.2002;0
355;05.19.2002;5.8
355;05.20.2002;0
355;05.21.2002;0
355;05.22.2002;0
355;05.23.2002;0
355;05.24.2002;0
355;05.25.2002;0
355;05.26.2002;31.2
355;05.27.2002;0
355;05.28.2002;0
355;05.29.2002;12.8
355;05.30.2002;0
355;05.31.2002;0
355;06.01.2002;0
355;06.02.2002;0
355;06.03.2002;0
355;06.04.2002;0
355;06.05.2002;0
355;06.06.2002;0
355;06.07.2002;10.6
355;06.08.2002;2
355;06.09.2002;0
355;06.10.2002;8.9
355;06.11.2002;4.2
355;06.12.2002;0
355;06.13.2002;0
355;06.14.2002;0
355;06.15.2002;0
355;06.16.2002;18.6
355;06.17.2002;1.5
355;06.18.2002;0
355;06.19.2002;0
355;06.20.2002;0
355;06.21.2002;0
355;06.22.2002;0
355;06.23.2002;0
355;06.24.2002;0
355;06.25.2002;8.4
355;06.26.2002;1.4
355;06.27.2002;0
355;06.28.2002;0
355;06.29.2002;28.4
355;06.30.2002;1.2
355;07.01.2002;0
355;07.02.2002;0
355;07.03.2002;0
355;07.04.2002;0
355;07.05.2002;8.4
355;07.06.2002;0
355;07.07.2002;5.5
355;07.08.2002;0.6
355;07.09.2002;0
355;07.10.2002;0
355;07.11.2002;0
355;07.12.2002;0
355;07.13.2002;0.1
355;07.14.2002;0
355;07.15.2002;27.6
355;07.16.2002;2.3
355;07.17.2002;0
355;07.18.2002;0
355;07.19.2002;4.6
355;07.20.2002;0
355;07.21.2002;0
355;07.22.2002;4.4
355;07.23.2002;31.2
355;07.24.2002;0
355;07.25.2002;28.2
355;07.26.2002;0.1
355;07.27.2002;0
355;07.28.2002;0
355;07.29.2002;0
355;07.30.2002;0.2
355;07.31.2002;8
355;08.01.2002;1.2
355;08.02.2002;0
355;08.03.2002;0
355;08.04.2002;0
355;08.05.2002;11.7
355;08.06.2002;0.3
355;08.07.2002;15.2
355;08.08.2002;4
355;08.09.2002;0.7
355;08.10.2002;0
355;08.11.2002;2.5
355;08.12.2002;29.1
355;08.13.2002;4.8
355;08.14.2002;0
355;08.15.2002;0.1
355;08.16.2002;0
355;08.17.2002;3.1
355;08.18.2002;0
355;08.19.2002;0
355;08.20.2002;8.6
355;08.21.2002;0
355;08.22.2002;1.4
355;08.23.2002;1.1
355;08.24.2002;0.1
355;08.25.2002;0
355;08.26.2002;0
355;08.27.2002;0
355;08.28.2002;0.2
355;08.29.2002;0.4
355;08.30.2002;0.3
355;08.31.2002;0
355;09.01.2002;0
355;09.02.2002;0
355;09.03.2002;0
355;09.04.2002;0
355;09.05.2002;0
355;09.06.2002;0
355;09.07.2002;0
355;09.08.2002;0
355;09.09.2002;0
355;09.10.2002;0
355;09.11.2002;0.7
355;09.12.2002;0.4
355;09.13.2002;0
355;09.14.2002;0
355;09.15.2002;0
355;09.16.2002;1.8
355;09.17.2002;0
355;09.18.2002;0
355;09.19.2002;0
355;09.20.2002;0
355;09.21.2002;9.9
355;09.22.2002;5
355;09.23.2002;4.6
355;09.24.2002;13.3
355;09.25.2002;6.9
355;09.26.2002;3
355;09.27.2002;0.1
355;09.28.2002;0
355;09.29.2002;0
355;09.30.2002;0
355;10.01.2002;0
355;10.02.2002;0
355;10.03.2002;0
355;10.04.2002;0
355;10.05.2002;3.8
355;10.06.2002;0
355;10.07.2002;0.2
355;10.08.2002;0
355;10.09.2002;0
355;10.10.2002;0
355;10.11.2002;8.3
355;10.12.2002;15.2
355;10.13.2002;18.7
355;10.14.2002;0
355;10.15.2002;0
355;10.16.2002;0
355;10.17.2002;0
355;10.18.2002;11.4
355;10.19.2002;11
355;10.20.2002;0
355;10.21.2002;0
355;10.22.2002;0
355;10.23.2002;0.5
355;10.24.2002;18.6
355;10.25.2002;0
355;10.26.2002;0.3
355;10.27.2002;0.3
355;10.28.2002;0
355;10.29.2002;0
355;10.30.2002;0
355;10.31.2002;0
355;11.01.2002;0.6
355;11.02.2002;0
355;11.03.2002;0.1
355;11.04.2002;10.6
355;11.05.2002;4
355;11.06.2002;2
355;11.07.2002;0
355;11.08.2002;0
355;11.09.2002;0
355;11.10.2002;0
355;11.11.2002;0
355;11.12.2002;0.1
355;11.13.2002;0
355;11.14.2002;0
355;11.15.2002;0
355;11.16.2002;0
355;11.17.2002;0.1
355;11.18.2002;0.3
355;11.19.2002;0.5
355;11.20.2002;0.1
355;11.21.2002;0
355;11.22.2002;0
355;11.23.2002;7.8
355;11.24.2002;0
355;11.25.2002;0
355;11.26.2002;0
355;11.27.2002;0
355;11.28.2002;0
355;11.29.2002;0.1
355;11.30.2002;4.7
355;12.01.2002;0
355;12.02.2002;0.5
355;12.03.2002;13.2
355;12.04.2002;3.6
355;12.05.2002;7.2
355;12.06.2002;14.7
355;12.07.2002;9.2
355;12.08.2002;6.5
355;12.09.2002;0.1
355;12.10.2002;0.1
355;12.11.2002;0
355;12.12.2002;0
355;12.13.2002;0
355;12.14.2002;0
355;12.15.2002;0
355;12.16.2002;4.5
355;12.17.2002;0
355;12.18.2002;0
355;12.19.2002;0
355;12.20.2002;0
355;12.21.2002;0
355;12.22.2002;0.2
355;12.23.2002;0.6
355;12.24.2002;0.1
355;12.25.2002;1.8
355;12.26.2002;0
355;12.27.2002;0
355;12.28.2002;0
355;12.29.2002;3.4
355;12.30.2002;0
355;12.31.2002;0
355;01.01.2003;3.9
355;01.02.2003;0
355;01.03.2003;0.2
355;01.04.2003;0
355;01.05.2003;0.9
355;01.06.2003;0.8
355;01.07.2003;6.4
355;01.08.2003;5.4
355;01.09.2003;1.5
355;01.10.2003;4.2
355;01.11.2003;2
355;01.12.2003;0
355;01.13.2003;0
355;01.14.2003;0
355;01.15.2003;0
355;01.16.2003;0
355;01.17.2003;0
355;01.18.2003;0
355;01.19.2003;0
355;01.20.2003;0
355;01.21.2003;0
355;01.22.2003;4.6
355;01.23.2003;1.7
355;01.24.2003;0
355;01.25.2003;0
355;01.26.2003;0
355;01.27.2003;0
355;01.28.2003;0
355;01.29.2003;0.2
355;01.30.2003;0
355;01.31.2003;0
355;02.01.2003;0.5
355;02.02.2003;0
355;02.03.2003;0
355;02.04.2003;0.1
355;02.05.2003;16.9
355;02.06.2003;0
355;02.07.2003;0
355;02.08.2003;0
355;02.09.2003;0
355;02.10.2003;0
355;02.11.2003;0.1
355;02.12.2003;0.4
355;02.13.2003;0
355;02.14.2003;0
355;02.15.2003;0
355;02.16.2003;0
355;02.17.2003;0.3
355;02.18.2003;0
355;02.19.2003;0
355;02.20.2003;0
355;02.21.2003;0
355;02.22.2003;0
355;02.23.2003;0
355;02.24.2003;0
355;02.25.2003;0
355;02.26.2003;0
355;02.27.2003;0
355;02.28.2003;0
355;03.01.2003;0
355;03.02.2003;0
355;03.03.2003;0.8
355;03.04.2003;0.4
355;03.05.2003;0
355;03.06.2003;0
355;03.07.2003;0.1
355;03.08.2003;0
355;03.09.2003;0
355;03.10.2003;0.1
355;03.11.2003;0
355;03.12.2003;0
355;03.13.2003;0
355;03.14.2003;0
355;03.15.2003;0.1
355;03.16.2003;0
355;03.17.2003;0
355;03.18.2003;0
355;03.19.2003;0
355;03.20.2003;0
355;03.21.2003;0
355;03.22.2003;0
355;03.23.2003;0
355;03.24.2003;0
355;03.25.2003;0
355;03.26.2003;0
355;03.27.2003;0
355;03.28.2003;0
355;03.29.2003;0
355;03.30.2003;0
355;03.31.2003;0
355;04.01.2003;2.9
355;04.02.2003;0
355;04.03.2003;4.7
355;04.04.2003;0.4
355;04.05.2003;0
355;04.06.2003;0.5
355;04.07.2003;0
355;04.08.2003;0
355;04.09.2003;0
355;04.10.2003;0
355;04.11.2003;11.9
355;04.12.2003;0
355;04.13.2003;6.1
355;04.14.2003;0
355;04.15.2003;0
355;04.16.2003;0
355;04.17.2003;0
355;04.18.2003;0
355;04.19.2003;0.4
355;04.20.2003;0
355;04.21.2003;0
355;04.22.2003;0
355;04.23.2003;0
355;04.24.2003;0.6
355;04.25.2003;0
355;04.26.2003;0
355;04.27.2003;3.5
355;04.28.2003;1
355;04.29.2003;0
355;04.30.2003;0
355;05.01.2003;0
355;05.02.2003;0
355;05.03.2003;0
355;05.04.2003;0
355;05.05.2003;0
355;05.06.2003;0
355;05.07.2003;0
355;05.08.2003;0
355;05.09.2003;0
355;05.10.2003;0
355;05.11.2003;26.4
355;05.12.2003;0
355;05.13.2003;1.7
355;05.14.2003;0.3
355;05.15.2003;0
355;05.16.2003;0
355;05.17.2003;0
355;05.18.2003;0
355;05.19.2003;0
355;05.20.2003;0
355;05.21.2003;9.4
355;05.22.2003;0.3
355;05.23.2003;0
355;05.24.2003;0
355;05.25.2003;0
355;05.26.2003;0
355;05.27.2003;2.6
355;05.28.2003;0
355;05.29.2003;0.7
355;05.30.2003;0
355;05.31.2003;0
355;06.01.2003;1.7
355;06.02.2003;0.2
355;06.03.2003;0
355;06.04.2003;0
355;06.05.2003;0
355;06.06.2003;0
355;06.07.2003;0
355;06.08.2003;0
355;06.09.2003;0
355;06.10.2003;0
355;06.11.2003;0
355;06.12.2003;0
355;06.13.2003;0
355;06.14.2003;3.1
355;06.15.2003;7.2
355;06.16.2003;0.1
355;06.17.2003;0.2
355;06.18.2003;0.2
355;06.19.2003;5.1
355;06.20.2003;0
355;06.21.2003;1.7
355;06.22.2003;0
355;06.23.2003;0
355;06.24.2003;0
355;06.25.2003;8.6
355;06.26.2003;0.1
355;06.27.2003;0
355;06.28.2003;0.6
355;06.29.2003;0
355;06.30.2003;0
355;07.01.2003;0
355;07.02.2003;6.2
355;07.03.2003;0.1
355;07.04.2003;11.2
355;07.05.2003;0.4
355;07.06.2003;0.1
355;07.07.2003;0.6
355;07.08.2003;0
355;07.09.2003;0
355;07.10.2003;1.3
355;07.11.2003;1.6
355;07.12.2003;0
355;07.13.2003;1.9
355;07.14.2003;0
355;07.15.2003;0
355;07.16.2003;0
355;07.17.2003;0
355;07.18.2003;1.3
355;07.19.2003;0
355;07.20.2003;0
355;07.21.2003;0
355;07.22.2003;0
355;07.23.2003;13.9
355;07.24.2003;9.3
355;07.25.2003;20.6
355;07.26.2003;0
355;07.27.2003;0
355;07.28.2003;0
355;07.29.2003;4.6
355;07.30.2003;0
355;07.31.2003;0.9
355;08.01.2003;1.3
355;08.02.2003;0
355;08.03.2003;0
355;08.04.2003;0
355;08.05.2003;0
355;08.06.2003;0
355;08.07.2003;0
355;08.08.2003;0
355;08.09.2003;0
355;08.10.2003;0
355;08.11.2003;0
355;08.12.2003;0
355;08.13.2003;0
355;08.14.2003;0
355;08.15.2003;0.4
355;08.16.2003;36.7
355;08.17.2003;0
355;08.18.2003;0
355;08.19.2003;0
355;08.20.2003;0
355;08.21.2003;0
355;08.22.2003;0
355;08.23.2003;0
355;08.24.2003;0.7
355;08.25.2003;0
355;08.26.2003;0
355;08.27.2003;0
355;08.28.2003;0
355;08.29.2003;0.3
355;08.30.2003;1
355;08.31.2003;8
355;09.01.2003;21.6
355;09.02.2003;0.3
355;09.03.2003;0.8
355;09.04.2003;0
355;09.05.2003;0
355;09.06.2003;0
355;09.07.2003;0
355;09.08.2003;0
355;09.09.2003;0
355;09.10.2003;27.7
355;09.11.2003;7.4
355;09.12.2003;5
355;09.13.2003;1.1
355;09.14.2003;2
355;09.15.2003;0
355;09.16.2003;0
355;09.17.2003;0
355;09.18.2003;0
355;09.19.2003;0
355;09.20.2003;0
355;09.21.2003;0
355;09.22.2003;0
355;09.23.2003;0
355;09.24.2003;9.2
355;09.25.2003;0.9
355;09.26.2003;0
355;09.27.2003;0
355;09.28.2003;0
355;09.29.2003;0.1
355;09.30.2003;22.2
355;10.01.2003;0
355;10.02.2003;0
355;10.03.2003;0
355;10.04.2003;2.6
355;10.05.2003;30.2
355;10.06.2003;5.4
355;10.07.2003;0
355;10.08.2003;4.3
355;10.09.2003;0.1
355;10.10.2003;0
355;10.11.2003;0
355;10.12.2003;0
355;10.13.2003;0
355;10.14.2003;0
355;10.15.2003;0
355;10.16.2003;0
355;10.17.2003;0
355;10.18.2003;0
355;10.19.2003;0
355;10.20.2003;0
355;10.21.2003;1.7
355;10.22.2003;8.4
355;10.23.2003;0
355;10.24.2003;18.4
355;10.25.2003;1.1
355;10.26.2003;0
355;10.27.2003;0
355;10.28.2003;0
355;10.29.2003;0
355;10.30.2003;5
355;10.31.2003;9.7
355;11.01.2003;0
355;11.02.2003;12
355;11.03.2003;5.2
355;11.04.2003;0
355;11.05.2003;0
355;11.06.2003;0
355;11.07.2003;1
355;11.08.2003;0.9
355;11.09.2003;0
355;11.10.2003;0
355;11.11.2003;0
355;11.12.2003;0
355;11.13.2003;0
355;11.14.2003;0
355;11.15.2003;0
355;11.16.2003;0
355;11.17.2003;0
355;11.18.2003;3.6
355;11.19.2003;0
355;11.20.2003;0
355;11.21.2003;0
355;11.22.2003;0.2
355;11.23.2003;0.1
355;11.24.2003;0
355;11.25.2003;0
355;11.26.2003;0
355;11.27.2003;2.8
355;11.28.2003;0.5
355;11.29.2003;1.5
355;11.30.2003;0.8
355;12.01.2003;0
355;12.02.2003;0
355;12.03.2003;0
355;12.04.2003;0.3
355;12.05.2003;0.2
355;12.06.2003;0
355;12.07.2003;0
355;12.08.2003;0
355;12.09.2003;0
355;12.10.2003;0
355;12.11.2003;0
355;12.12.2003;0
355;12.13.2003;0
355;12.14.2003;0.2
355;12.15.2003;2.7
355;12.16.2003;1
355;12.17.2003;0
355;12.18.2003;0
355;12.19.2003;0
355;12.20.2003;0
355;12.21.2003;0
355;12.22.2003;12.7
355;12.23.2003;0.3
355;12.24.2003;0
355;12.25.2003;0
355;12.26.2003;0
355;12.27.2003;0
355;12.28.2003;0
355;12.29.2003;0
355;12.30.2003;1.9
355;12.31.2003;5.4
355;01.01.2004;21.1
355;01.02.2004;0
355;01.03.2004;0
355;01.04.2004;0
355;01.05.2004;0
355;01.06.2004;0
355;01.07.2004;0
355;01.08.2004;0
355;01.09.2004;0
355;01.10.2004;1.9
355;01.11.2004;0
355;01.12.2004;0.1
355;01.13.2004;0.2
355;01.14.2004;0
355;01.15.2004;0.2
355;01.16.2004;0.1
355;01.17.2004;0
355;01.18.2004;11.5
355;01.19.2004;1.7
355;01.20.2004;0
355;01.21.2004;0
355;01.22.2004;0
355;01.23.2004;0
355;01.24.2004;0
355;01.25.2004;0
355;01.26.2004;0
355;01.27.2004;0
355;01.28.2004;11.3
355;01.29.2004;0
355;01.30.2004;0
355;01.31.2004;0
355;02.01.2004;0
355;02.02.2004;0
355;02.03.2004;0
355;02.04.2004;0
355;02.05.2004;0
355;02.06.2004;0
355;02.07.2004;0
355;02.08.2004;0.5
355;02.09.2004;0.3
355;02.10.2004;0
355;02.11.2004;0
355;02.12.2004;0
355;02.13.2004;0
355;02.14.2004;0
355;02.15.2004;0
355;02.16.2004;0
355;02.17.2004;0.5
355;02.18.2004;0
355;02.19.2004;0
355;02.20.2004;0
355;02.21.2004;0
355;02.22.2004;0
355;02.23.2004;1.6
355;02.24.2004;10
355;02.25.2004;0.8
355;02.26.2004;0.8
355;02.27.2004;13.6
355;02.28.2004;0.6
355;02.29.2004;2.6
355;03.01.2004;0
355;03.02.2004;0
355;03.03.2004;0
355;03.04.2004;0
355;03.05.2004;0
355;03.06.2004;0
355;03.07.2004;0
355;03.08.2004;9.8
355;03.09.2004;3.6
355;03.10.2004;0
355;03.11.2004;0
355;03.12.2004;0
355;03.13.2004;0
355;03.14.2004;0
355;03.15.2004;0
355;03.16.2004;0
355;03.17.2004;0
355;03.18.2004;0
355;03.19.2004;0
355;03.20.2004;0
355;03.21.2004;0
355;03.22.2004;8.8
355;03.23.2004;9
355;03.24.2004;28.3
355;03.25.2004;16.8
355;03.26.2004;0.5
355;03.27.2004;0.4
355;03.28.2004;0.1
355;03.29.2004;0
355;03.30.2004;0
355;03.31.2004;0
355;04.01.2004;0
355;04.02.2004;0
355;04.03.2004;0
355;04.04.2004;0
355;04.05.2004;4.6
355;04.06.2004;13.8
355;04.07.2004;12.1
355;04.08.2004;0.7
355;04.09.2004;0
355;04.10.2004;2.9
355;04.11.2004;1.1
355;04.12.2004;0.1
355;04.13.2004;2.3
355;04.14.2004;7.7
355;04.15.2004;0.1
355;04.16.2004;0
355;04.17.2004;1.4
355;04.18.2004;0.4
355;04.19.2004;1.5
355;04.20.2004;6.2
355;04.21.2004;8.7
355;04.22.2004;0
355;04.23.2004;0
355;04.24.2004;0
355;04.25.2004;2
355;04.26.2004;0
355;04.27.2004;0
355;04.28.2004;0
355;04.29.2004;0
355;04.30.2004;0
355;05.01.2004;0
355;05.02.2004;0
355;05.03.2004;0
355;05.04.2004;0
355;05.05.2004;10
355;05.06.2004;7.3
355;05.07.2004;8.6
355;05.08.2004;1.5
355;05.09.2004;1.5
355;05.10.2004;1
355;05.11.2004;1.4
355;05.12.2004;0
355;05.13.2004;6
355;05.14.2004;4.8
355;05.15.2004;0
355;05.16.2004;8.6
355;05.17.2004;0.3
355;05.18.2004;0.1
355;05.19.2004;0
355;05.20.2004;0
355;05.21.2004;0
355;05.22.2004;0
355;05.23.2004;5.5
355;05.24.2004;6.4
355;05.25.2004;0
355;05.26.2004;0
355;05.27.2004;0
355;05.28.2004;4.1
355;05.29.2004;0.7
355;05.30.2004;0
355;05.31.2004;0
355;06.01.2004;0
355;06.02.2004;7.9
355;06.03.2004;3.5
355;06.04.2004;0.2
355;06.05.2004;0.5
355;06.06.2004;4.2
355;06.07.2004;0
355;06.08.2004;0
355;06.09.2004;0
355;06.10.2004;0.1
355;06.11.2004;2.1
355;06.12.2004;20.2
355;06.13.2004;22.4
355;06.14.2004;2.5
355;06.15.2004;0
355;06.16.2004;0
355;06.17.2004;0
355;06.18.2004;0
355;06.19.2004;19.5
355;06.20.2004;4.8
355;06.21.2004;12.1
355;06.22.2004;0
355;06.23.2004;0.1
355;06.24.2004;0
355;06.25.2004;19.6
355;06.26.2004;21.1
355;06.27.2004;0
355;06.28.2004;0
355;06.29.2004;9.6
355;06.30.2004;4.2
355;07.01.2004;0
355;07.02.2004;7.8
355;07.03.2004;8.6
355;07.04.2004;0
355;07.05.2004;0
355;07.06.2004;0
355;07.07.2004;11.6
355;07.08.2004;0
355;07.09.2004;0
355;07.10.2004;0
355;07.11.2004;0
355;07.12.2004;1.4
355;07.13.2004;0
355;07.14.2004;0
355;07.15.2004;0.1
355;07.16.2004;1.1
355;07.17.2004;0
355;07.18.2004;0
355;07.19.2004;0
355;07.20.2004;0
355;07.21.2004;0
355;07.22.2004;0
355;07.23.2004;0.2
355;07.24.2004;3
355;07.25.2004;0
355;07.26.2004;0
355;07.27.2004;1.5
355;07.28.2004;0.3
355;07.29.2004;0.7
355;07.30.2004;0
355;07.31.2004;0
355;08.01.2004;0
355;08.02.2004;3
355;08.03.2004;0
355;08.04.2004;14.3
355;08.05.2004;0
355;08.06.2004;0
355;08.07.2004;3.6
355;08.08.2004;2.6
355;08.09.2004;0
355;08.10.2004;14.6
355;08.11.2004;0
355;08.12.2004;0
355;08.13.2004;0
355;08.14.2004;6.1
355;08.15.2004;1.3
355;08.16.2004;0
355;08.17.2004;0
355;08.18.2004;0
355;08.19.2004;0
355;08.20.2004;0
355;08.21.2004;12.1
355;08.22.2004;13.4
355;08.23.2004;0
355;08.24.2004;0
355;08.25.2004;0
355;08.26.2004;4.5
355;08.27.2004;22.3
355;08.28.2004;0
355;08.29.2004;0
355;08.30.2004;0
355;08.31.2004;0
355;09.01.2004;2.6
355;09.02.2004;0.3
355;09.03.2004;0
355;09.04.2004;0
355;09.05.2004;0
355;09.06.2004;0
355;09.07.2004;0
355;09.08.2004;0
355;09.09.2004;0
355;09.10.2004;0
355;09.11.2004;0
355;09.12.2004;0
355;09.13.2004;8.9
355;09.14.2004;0
355;09.15.2004;0.1
355;09.16.2004;3.9
355;09.17.2004;0
355;09.18.2004;0
355;09.19.2004;0
355;09.20.2004;0
355;09.21.2004;0
355;09.22.2004;5.2
355;09.23.2004;1.7
355;09.24.2004;11.5
355;09.25.2004;27.3
355;09.26.2004;0
355;09.27.2004;0
355;09.28.2004;0
355;09.29.2004;0
355;09.30.2004;0
355;10.01.2004;0
355;10.02.2004;1.7
355;10.03.2004;0
355;10.04.2004;0
355;10.05.2004;0
355;10.06.2004;0
355;10.07.2004;0.1
355;10.08.2004;0.1
355;10.09.2004;0.1
355;10.10.2004;5
355;10.11.2004;22.9
355;10.12.2004;0
355;10.13.2004;0.7
355;10.14.2004;1.2
355;10.15.2004;1.8
355;10.16.2004;4.1
355;10.17.2004;25.4
355;10.18.2004;6
355;10.19.2004;0
355;10.20.2004;0
355;10.21.2004;0
355;10.22.2004;4.6
355;10.23.2004;20.8
355;10.24.2004;0.3
355;10.25.2004;0
355;10.26.2004;0.4
355;10.27.2004;0.1
355;10.28.2004;0
355;10.29.2004;0
355;10.30.2004;0
355;10.31.2004;3.2
355;11.01.2004;0.8
355;11.02.2004;0
355;11.03.2004;0.2
355;11.04.2004;1.1
355;11.05.2004;0
355;11.06.2004;0
355;11.07.2004;0.1
355;11.08.2004;0
355;11.09.2004;4.2
355;11.10.2004;9.7
355;11.11.2004;6.9
355;11.12.2004;0
355;11.13.2004;0.3
355;11.14.2004;13.5
355;11.15.2004;0
355;11.16.2004;0.2
355;11.17.2004;0
355;11.18.2004;0
355;11.19.2004;0
355;11.20.2004;1.2
355;11.21.2004;0
355;11.22.2004;0
355;11.23.2004;0
355;11.24.2004;0.3
355;11.25.2004;0
355;11.26.2004;0
355;11.27.2004;0
355;11.28.2004;0
355;11.29.2004;0
355;11.30.2004;0.2
355;12.01.2004;2.3
355;12.02.2004;0.3
355;12.03.2004;0
355;12.04.2004;0
355;12.05.2004;0
355;12.06.2004;0.6
355;12.07.2004;0
355;12.08.2004;0.1
355;12.09.2004;0
355;12.10.2004;0
355;12.11.2004;0
355;12.12.2004;0
355;12.13.2004;0
355;12.14.2004;0
355;12.15.2004;0
355;12.16.2004;0
355;12.17.2004;0
355;12.18.2004;3.5
355;12.19.2004;0
355;12.20.2004;0
355;12.21.2004;0
355;12.22.2004;0
355;12.23.2004;0
355;12.24.2004;0
355;12.25.2004;0
355;12.26.2004;0.1
355;12.27.2004;9.7
355;12.28.2004;7.6
355;12.29.2004;1.9
355;12.30.2004;0
355;12.31.2004;0
355;01.01.2005;0
355;01.02.2005;0
355;01.03.2005;2.1
355;01.04.2005;0
355;01.05.2005;0
355;01.06.2005;0
355;01.07.2005;0
355;01.08.2005;0
355;01.09.2005;0
355;01.10.2005;0
355;01.11.2005;0
355;01.12.2005;0
355;01.13.2005;0
355;01.14.2005;0.2
355;01.15.2005;0
355;01.16.2005;0
355;01.17.2005;0
355;01.18.2005;0
355;01.19.2005;0.5
355;01.20.2005;0
355;01.21.2005;0
355;01.22.2005;4.1
355;01.23.2005;0
355;01.24.2005;0
355;01.25.2005;1.5
355;01.26.2005;0
355;01.27.2005;0
355;01.28.2005;0.1
355;01.29.2005;0.4
355;01.30.2005;0.1
355;01.31.2005;0
355;02.01.2005;0
355;02.02.2005;0.5
355;02.03.2005;8.8
355;02.04.2005;5.9
355;02.05.2005;0
355;02.06.2005;0
355;02.07.2005;0
355;02.08.2005;0.1
355;02.09.2005;0
355;02.10.2005;0
355;02.11.2005;0
355;02.12.2005;0
355;02.13.2005;0.5
355;02.14.2005;0.4
355;02.15.2005;0
355;02.16.2005;0
355;02.17.2005;0
355;02.18.2005;0
355;02.19.2005;0
355;02.20.2005;0
355;02.21.2005;0.7
355;02.22.2005;13.9
355;02.23.2005;0
355;02.24.2005;10.1
355;02.25.2005;0
355;02.26.2005;6.6
355;02.27.2005;0.2
355;02.28.2005;0
355;03.01.2005;0
355;03.02.2005;0
355;03.03.2005;0
355;03.04.2005;5.8
355;03.05.2005;0.6
355;03.06.2005;0
355;03.07.2005;0
355;03.08.2005;0
355;03.09.2005;0
355;03.10.2005;3.3
355;03.11.2005;0
355;03.12.2005;0
355;03.13.2005;0.7
355;03.14.2005;0
355;03.15.2005;0
355;03.16.2005;0
355;03.17.2005;0
355;03.18.2005;0
355;03.19.2005;0
355;03.20.2005;2.3
355;03.21.2005;0
355;03.22.2005;0
355;03.23.2005;0
355;03.24.2005;0
355;03.25.2005;0
355;03.26.2005;4.9
355;03.27.2005;0
355;03.28.2005;13
355;03.29.2005;0
355;03.30.2005;0
355;03.31.2005;0.7
355;04.01.2005;0
355;04.02.2005;0
355;04.03.2005;0
355;04.04.2005;0
355;04.05.2005;0
355;04.06.2005;0
355;04.07.2005;0
355;04.08.2005;0
355;04.09.2005;0
355;04.10.2005;27.6
355;04.11.2005;3.5
355;04.12.2005;8.9
355;04.13.2005;4.4
355;04.14.2005;0.5
355;04.15.2005;0.1
355;04.16.2005;0
355;04.17.2005;0
355;04.18.2005;0
355;04.19.2005;5.2
355;04.20.2005;5.9
355;04.21.2005;6.2
355;04.22.2005;0
355;04.23.2005;0
355;04.24.2005;0
355;04.25.2005;0.1
355;04.26.2005;2.9
355;04.27.2005;0.2
355;04.28.2005;2.8
355;04.29.2005;0
355;04.30.2005;0
355;05.01.2005;0
355;05.02.2005;0
355;05.03.2005;0
355;05.04.2005;6.7
355;05.05.2005;8.3
355;05.06.2005;7
355;05.07.2005;0
355;05.08.2005;8.9
355;05.09.2005;6
355;05.10.2005;0
355;05.11.2005;0.4
355;05.12.2005;1
355;05.13.2005;0
355;05.14.2005;0
355;05.15.2005;0.8
355;05.16.2005;0.6
355;05.17.2005;0
355;05.18.2005;15
355;05.19.2005;5
355;05.20.2005;0.2
355;05.21.2005;0
355;05.22.2005;0
355;05.23.2005;0
355;05.24.2005;0.5
355;05.25.2005;0
355;05.26.2005;0
355;05.27.2005;0
355;05.28.2005;0
355;05.29.2005;0
355;05.30.2005;0
355;05.31.2005;0
355;06.01.2005;0.2
355;06.02.2005;0
355;06.03.2005;0
355;06.04.2005;0
355;06.05.2005;1.3
355;06.06.2005;1.3
355;06.07.2005;0.8
355;06.08.2005;7.6
355;06.09.2005;0
355;06.10.2005;0.6
355;06.11.2005;0.2
355;06.12.2005;0
355;06.13.2005;0
355;06.14.2005;0
355;06.15.2005;0
355;06.16.2005;9.5
355;06.17.2005;2
355;06.18.2005;0
355;06.19.2005;0
355;06.20.2005;0
355;06.21.2005;0
355;06.22.2005;0
355;06.23.2005;0.1
355;06.24.2005;0
355;06.25.2005;0
355;06.26.2005;0
355;06.27.2005;17.7
355;06.28.2005;0.7
355;06.29.2005;1.2
355;06.30.2005;40.9
355;07.01.2005;13
355;07.02.2005;27.9
355;07.03.2005;0
355;07.04.2005;0
355;07.05.2005;0
355;07.06.2005;24
355;07.07.2005;0
355;07.08.2005;5.8
355;07.09.2005;21.8
355;07.10.2005;2
355;07.11.2005;5.7
355;07.12.2005;13.4
355;07.13.2005;8.4
355;07.14.2005;0
355;07.15.2005;0.3
355;07.16.2005;0
355;07.17.2005;0.7
355;07.18.2005;0
355;07.19.2005;0
355;07.20.2005;3
355;07.21.2005;0.1
355;07.22.2005;3.5
355;07.23.2005;0.4
355;07.24.2005;1.6
355;07.25.2005;0
355;07.26.2005;0
355;07.27.2005;12.2
355;07.28.2005;0
355;07.29.2005;0
355;07.30.2005;0
355;07.31.2005;0
355;08.01.2005;0
355;08.02.2005;0
355;08.03.2005;0
355;08.04.2005;22.2
355;08.05.2005;0.2
355;08.06.2005;0.6
355;08.07.2005;7.5
355;08.08.2005;2.4
355;08.09.2005;0
355;08.10.2005;0
355;08.11.2005;0
355;08.12.2005;10.4
355;08.13.2005;0.1
355;08.14.2005;36
355;08.15.2005;34.6
355;08.16.2005;0.2
355;08.17.2005;9.2
355;08.18.2005;6.9
355;08.19.2005;0
355;08.20.2005;0
355;08.21.2005;10.5
355;08.22.2005;55
355;08.23.2005;18.7
355;08.24.2005;1.2
355;08.25.2005;0
355;08.26.2005;0.1
355;08.27.2005;0.6
355;08.28.2005;1.9
355;08.29.2005;0
355;08.30.2005;0
355;08.31.2005;0
355;09.01.2005;0
355;09.02.2005;0
355;09.03.2005;0
355;09.04.2005;0
355;09.05.2005;0
355;09.06.2005;0
355;09.07.2005;0
355;09.08.2005;0
355;09.09.2005;0
355;09.10.2005;2.5
355;09.11.2005;0.1
355;09.12.2005;0
355;09.13.2005;0
355;09.14.2005;0
355;09.15.2005;0
355;09.16.2005;0
355;09.17.2005;4.6
355;09.18.2005;5.6
355;09.19.2005;10.8
355;09.20.2005;17.9
355;09.21.2005;0.3
355;09.22.2005;0.4
355;09.23.2005;0.8
355;09.24.2005;0
355;09.25.2005;0
355;09.26.2005;0
355;09.27.2005;0
355;09.28.2005;7.4
355;09.29.2005;0
355;09.30.2005;25.7
355;10.01.2005;0
355;10.02.2005;0
355;10.03.2005;0.4
355;10.04.2005;2.5
355;10.05.2005;0.5
355;10.06.2005;0
355;10.07.2005;0
355;10.08.2005;0
355;10.09.2005;0
355;10.10.2005;0
355;10.11.2005;0
355;10.12.2005;0
355;10.13.2005;0
355;10.14.2005;0
355;10.15.2005;0
355;10.16.2005;0
355;10.17.2005;0
355;10.18.2005;0
355;10.19.2005;0
355;10.20.2005;0
355;10.21.2005;0
355;10.22.2005;0
355;10.23.2005;0
355;10.24.2005;0
355;10.25.2005;0
355;10.26.2005;0
355;10.27.2005;0
355;10.28.2005;0
355;10.29.2005;0
355;10.30.2005;0
355;10.31.2005;0
355;11.01.2005;0
355;11.02.2005;0
355;11.03.2005;0
355;11.04.2005;0
355;11.05.2005;0
355;11.06.2005;0
355;11.07.2005;0.1
355;11.08.2005;1.2
355;11.09.2005;0
355;11.10.2005;0.2
355;11.11.2005;0
355;11.12.2005;0
355;11.13.2005;0.5
355;11.14.2005;0.3
355;11.15.2005;0.2
355;11.16.2005;0
355;11.17.2005;3.5
355;11.18.2005;0
355;11.19.2005;0.1
355;11.20.2005;0.1
355;11.21.2005;0.1
355;11.22.2005;0.3
355;11.23.2005;2.3
355;11.24.2005;1.8
355;11.25.2005;0.8
355;11.26.2005;14.4
355;11.27.2005;11.5
355;11.28.2005;16.9
355;11.29.2005;5
355;11.30.2005;1.4
355;12.01.2005;0
355;12.02.2005;1.1
355;12.03.2005;0
355;12.04.2005;0.1
355;12.05.2005;0
355;12.06.2005;15
355;12.07.2005;9.7
355;12.08.2005;0
355;12.09.2005;0
355;12.10.2005;0
355;12.11.2005;0
355;12.12.2005;0
355;12.13.2005;2.7
355;12.14.2005;0
355;12.15.2005;0
355;12.16.2005;0
355;12.17.2005;0.1
355;12.18.2005;0
355;12.19.2005;0
355;12.20.2005;0
355;12.21.2005;0
355;12.22.2005;0
355;12.23.2005;0
355;12.24.2005;0
355;12.25.2005;0
355;12.26.2005;0
355;12.27.2005;2.9
355;12.28.2005;13.4
355;12.29.2005;7.6
355;12.30.2005;13
355;12.31.2005;0.1
355;01.01.2006;0
355;01.02.2006;18.9
355;01.03.2006;10.7
355;01.04.2006;0
355;01.05.2006;2.1
355;01.06.2006;7.3
355;01.07.2006;2
355;01.08.2006;0.2
355;01.09.2006;0
355;01.10.2006;0
355;01.11.2006;0
355;01.12.2006;0
355;01.13.2006;0
355;01.14.2006;0
355;01.15.2006;0
355;01.16.2006;0
355;01.17.2006;0
355;01.18.2006;0
355;01.19.2006;0
355;01.20.2006;0
355;01.21.2006;0
355;01.22.2006;0
355;01.23.2006;0
355;01.24.2006;0
355;01.25.2006;0
355;01.26.2006;0
355;01.27.2006;0
355;01.28.2006;0
355;01.29.2006;0
355;01.30.2006;0
355;01.31.2006;0
355;02.01.2006;0
355;02.02.2006;0
355;02.03.2006;0.4
355;02.04.2006;0.1
355;02.05.2006;0
355;02.06.2006;0
355;02.07.2006;0
355;02.08.2006;0
355;02.09.2006;0
355;02.10.2006;0
355;02.11.2006;0
355;02.12.2006;0
355;02.13.2006;0
355;02.14.2006;0
355;02.15.2006;0
355;02.16.2006;0
355;02.17.2006;1.4
355;02.18.2006;2.5
355;02.19.2006;0.7
355;02.20.2006;0.1
355;02.21.2006;4.5
355;02.22.2006;0
355;02.23.2006;0
355;02.24.2006;0.2
355;02.25.2006;4.2
355;02.26.2006;5.7
355;02.27.2006;2.8
355;02.28.2006;0
355;03.01.2006;0
355;03.02.2006;0
355;03.03.2006;0
355;03.04.2006;0
355;03.05.2006;5.5
355;03.06.2006;8.9
355;03.07.2006;0
355;03.08.2006;0
355;03.09.2006;0
355;03.10.2006;0
355;03.11.2006;14.8
355;03.12.2006;0
355;03.13.2006;0.2
355;03.14.2006;0
355;03.15.2006;1.4
355;03.16.2006;0
355;03.17.2006;0
355;03.18.2006;0
355;03.19.2006;0
355;03.20.2006;0
355;03.21.2006;0
355;03.22.2006;0
355;03.23.2006;0
355;03.24.2006;0
355;03.25.2006;0
355;03.26.2006;0
355;03.27.2006;0
355;03.28.2006;0
355;03.29.2006;12.2
355;03.30.2006;0.7
355;03.31.2006;0
355;04.01.2006;0.2
355;04.02.2006;0
355;04.03.2006;6.9
355;04.04.2006;9.6
355;04.05.2006;0
355;04.06.2006;1.7
355;04.07.2006;0.3
355;04.08.2006;0
355;04.09.2006;0
355;04.10.2006;0
355;04.11.2006;7.4
355;04.12.2006;9.6
355;04.13.2006;0
355;04.14.2006;0
355;04.15.2006;0
355;04.16.2006;0
355;04.17.2006;0.5
355;04.18.2006;1.9
355;04.19.2006;3.4
355;04.20.2006;0.1
355;04.21.2006;0
355;04.22.2006;0
355;04.23.2006;0
355;04.24.2006;3.8
355;04.25.2006;0
355;04.26.2006;0
355;04.27.2006;5.4
355;04.28.2006;9.9
355;04.29.2006;21.3
355;04.30.2006;21
355;05.01.2006;10.6
355;05.02.2006;0.1
355;05.03.2006;0
355;05.04.2006;0
355;05.05.2006;0
355;05.06.2006;0
355;05.07.2006;1.8
355;05.08.2006;0.3
355;05.09.2006;0
355;05.10.2006;0
355;05.11.2006;0
355;05.12.2006;0
355;05.13.2006;0
355;05.14.2006;0
355;05.15.2006;34.5
355;05.16.2006;0
355;05.17.2006;0
355;05.18.2006;7.7
355;05.19.2006;0.4
355;05.20.2006;21.1
355;05.21.2006;0.1
355;05.22.2006;4
355;05.23.2006;0
355;05.24.2006;4.9
355;05.25.2006;15.7
355;05.26.2006;0
355;05.27.2006;0
355;05.28.2006;0
355;05.29.2006;20
355;05.30.2006;24.5
355;05.31.2006;22.3
355;06.01.2006;0.1
355;06.02.2006;4
355;06.03.2006;11.7
355;06.04.2006;1.4
355;06.05.2006;0
355;06.06.2006;0.7
355;06.07.2006;6.9
355;06.08.2006;0.3
355;06.09.2006;0
355;06.10.2006;1.5
355;06.11.2006;4.3
355;06.12.2006;0
355;06.13.2006;0
355;06.14.2006;0.7
355;06.15.2006;0
355;06.16.2006;0
355;06.17.2006;0
355;06.18.2006;1.5
355;06.19.2006;0
355;06.20.2006;0
355;06.21.2006;0
355;06.22.2006;0
355;06.23.2006;26.9
355;06.24.2006;0
355;06.25.2006;0
355;06.26.2006;0
355;06.27.2006;0
355;06.28.2006;0
355;06.29.2006;0
355;06.30.2006;43.4
355;07.01.2006;0
355;07.02.2006;0
355;07.03.2006;2.4
355;07.04.2006;6
355;07.05.2006;0
355;07.06.2006;0
355;07.07.2006;0
355;07.08.2006;7.9
355;07.09.2006;0
355;07.10.2006;0.1
355;07.11.2006;20.3
355;07.12.2006;0
355;07.13.2006;0.8
355;07.14.2006;0
355;07.15.2006;4.5
355;07.16.2006;0
355;07.17.2006;0
355;07.18.2006;0
355;07.19.2006;0
355;07.20.2006;0
355;07.21.2006;0
355;07.22.2006;0
355;07.23.2006;0
355;07.24.2006;19.1
355;07.25.2006;0
355;07.26.2006;0
355;07.27.2006;0
355;07.28.2006;0.9
355;07.29.2006;1.1
355;07.30.2006;4.2
355;07.31.2006;0
355;08.01.2006;0
355;08.02.2006;2
355;08.03.2006;0
355;08.04.2006;17.6
355;08.05.2006;3.1
355;08.06.2006;3.7
355;08.07.2006;4.8
355;08.08.2006;5.2
355;08.09.2006;0.1
355;08.10.2006;0.6
355;08.11.2006;0.2
355;08.12.2006;3.6
355;08.13.2006;34
355;08.14.2006;0
355;08.15.2006;8.5
355;08.16.2006;0
355;08.17.2006;0
355;08.18.2006;0
355;08.19.2006;0
355;08.20.2006;0
355;08.21.2006;0
355;08.22.2006;1
355;08.23.2006;5.9
355;08.24.2006;0.2
355;08.25.2006;45.4
355;08.26.2006;3.6
355;08.27.2006;0
355;08.28.2006;25
355;08.29.2006;5.9
355;08.30.2006;9.6
355;08.31.2006;4
355;09.01.2006;0
355;09.02.2006;0
355;09.03.2006;0
355;09.04.2006;0
355;09.05.2006;0
355;09.06.2006;0
355;09.07.2006;0
355;09.08.2006;0
355;09.09.2006;0
355;09.10.2006;0
355;09.11.2006;0
355;09.12.2006;0
355;09.13.2006;0
355;09.14.2006;0
355;09.15.2006;0
355;09.16.2006;8
355;09.17.2006;8.3
355;09.18.2006;2.6
355;09.19.2006;16.9
355;09.20.2006;1.9
355;09.21.2006;0
355;09.22.2006;0
355;09.23.2006;0
355;09.24.2006;0
355;09.25.2006;0
355;09.26.2006;0
355;09.27.2006;0
355;09.28.2006;0
355;09.29.2006;0
355;09.30.2006;0
355;10.01.2006;0
355;10.02.2006;0
355;10.03.2006;0
355;10.04.2006;0
355;10.05.2006;12.8
355;10.06.2006;0
355;10.07.2006;0
355;10.08.2006;3.9
355;10.09.2006;0
355;10.10.2006;0
355;10.11.2006;0
355;10.12.2006;0
355;10.13.2006;0
355;10.14.2006;0
355;10.15.2006;0
355;10.16.2006;0
355;10.17.2006;0
355;10.18.2006;0
355;10.19.2006;0
355;10.20.2006;0
355;10.21.2006;0
355;10.22.2006;0
355;10.23.2006;0
355;10.24.2006;0
355;10.25.2006;5.6
355;10.26.2006;0
355;10.27.2006;0
355;10.28.2006;0
355;10.29.2006;0
355;10.30.2006;1
355;10.31.2006;0
355;11.01.2006;0
355;11.02.2006;7.8
355;11.03.2006;0
355;11.04.2006;0
355;11.05.2006;0
355;11.06.2006;0
355;11.07.2006;0
355;11.08.2006;0
355;11.09.2006;0
355;11.10.2006;0
355;11.11.2006;0
355;11.12.2006;0
355;11.13.2006;2.2
355;11.14.2006;0
355;11.15.2006;0
355;11.16.2006;0
355;11.17.2006;0
355;11.18.2006;0
355;11.19.2006;0
355;11.20.2006;0
355;11.21.2006;4.9
355;11.22.2006;1.8
355;11.23.2006;22.8
355;11.24.2006;0
355;11.25.2006;0
355;11.26.2006;0
355;11.27.2006;0
355;11.28.2006;0
355;11.29.2006;0
355;11.30.2006;0
355;12.01.2006;0
355;12.02.2006;0
355;12.03.2006;0
355;12.04.2006;0
355;12.05.2006;0.5
355;12.06.2006;0
355;12.07.2006;0
355;12.08.2006;0
355;12.09.2006;0
355;12.10.2006;6.3
355;12.11.2006;7.2
355;12.12.2006;0
355;12.13.2006;0
355;12.14.2006;0
355;12.15.2006;0
355;12.16.2006;0
355;12.17.2006;0
355;12.18.2006;3.2
355;12.19.2006;1.1
355;12.20.2006;0
355;12.21.2006;0
355;12.22.2006;0
355;12.23.2006;0
355;12.24.2006;0
355;12.25.2006;0
355;12.26.2006;0
355;12.27.2006;0
355;12.28.2006;0
355;12.29.2006;0
355;12.30.2006;0
355;12.31.2006;0
355;01.01.2007;0
355;01.02.2007;3.4
355;01.03.2007;0
355;01.04.2007;0
355;01.05.2007;0.6
355;01.06.2007;0
355;01.07.2007;0
355;01.08.2007;0
355;01.09.2007;0
355;01.10.2007;0.3
355;01.11.2007;0
355;01.12.2007;0
355;01.13.2007;0
355;01.14.2007;0
355;01.15.2007;0
355;01.16.2007;0
355;01.17.2007;0
355;01.18.2007;0
355;01.19.2007;0
355;01.20.2007;3.2
355;01.21.2007;0
355;01.22.2007;0.6
355;01.23.2007;2.9
355;01.24.2007;12.2
355;01.25.2007;4
355;01.26.2007;0
355;01.27.2007;0
355;01.28.2007;0.2
355;01.29.2007;0
355;01.30.2007;0
355;01.31.2007;0
355;02.01.2007;0
355;02.02.2007;0
355;02.03.2007;0
355;02.04.2007;0
355;02.05.2007;0
355;02.06.2007;0
355;02.07.2007;3.9
355;02.08.2007;0.3
355;02.09.2007;0
355;02.10.2007;0.5
355;02.11.2007;0
355;02.12.2007;0
355;02.13.2007;21.1
355;02.14.2007;0.1
355;02.15.2007;0
355;02.16.2007;1
355;02.17.2007;0
355;02.18.2007;0
355;02.19.2007;0
355;02.20.2007;0
355;02.21.2007;0
355;02.22.2007;0
355;02.23.2007;0
355;02.24.2007;0
355;02.25.2007;0
355;02.26.2007;15.3
355;02.27.2007;0
355;02.28.2007;0.1
355;03.01.2007;1.5
355;03.02.2007;0
355;03.03.2007;1.8
355;03.04.2007;0.3
355;03.05.2007;0
355;03.06.2007;0
355;03.07.2007;0
355;03.08.2007;1
355;03.09.2007;14.8
355;03.10.2007;0
355;03.11.2007;0
355;03.12.2007;0
355;03.13.2007;0
355;03.14.2007;0
355;03.15.2007;0
355;03.16.2007;0
355;03.17.2007;0
355;03.18.2007;0
355;03.19.2007;0
355;03.20.2007;47.2
355;03.21.2007;1.6
355;03.22.2007;0
355;03.23.2007;0
355;03.24.2007;14.2
355;03.25.2007;4.1
355;03.26.2007;0
355;03.27.2007;0
355;03.28.2007;0
355;03.29.2007;0.6
355;03.30.2007;0
355;03.31.2007;0
355;04.01.2007;0
355;04.02.2007;0
355;04.03.2007;0
355;04.04.2007;0.6
355;04.05.2007;0
355;04.06.2007;0
355;04.07.2007;0
355;04.08.2007;0.5
355;04.09.2007;0.5
355;04.10.2007;0
355;04.11.2007;0
355;04.12.2007;0
355;04.13.2007;0
355;04.14.2007;0
355;04.15.2007;0
355;04.16.2007;0
355;04.17.2007;0
355;04.18.2007;0
355;04.19.2007;0
355;04.20.2007;0
355;04.21.2007;0
355;04.22.2007;0
355;04.23.2007;0
355;04.24.2007;0
355;04.25.2007;0
355;04.26.2007;0
355;04.27.2007;0
355;04.28.2007;0
355;04.29.2007;0
355;04.30.2007;1
355;05.01.2007;0
355;05.02.2007;0
355;05.03.2007;0
355;05.04.2007;0
355;05.05.2007;20
355;05.06.2007;2.4
355;05.07.2007;0.3
355;05.08.2007;0
355;05.09.2007;4.7
355;05.10.2007;0
355;05.11.2007;0
355;05.12.2007;2.2
355;05.13.2007;2.3
355;05.14.2007;0
355;05.15.2007;0
355;05.16.2007;10
355;05.17.2007;0.5
355;05.18.2007;7.3
355;05.19.2007;0
355;05.20.2007;0
355;05.21.2007;0
355;05.22.2007;0
355;05.23.2007;0
355;05.24.2007;0
355;05.25.2007;0
355;05.26.2007;0
355;05.27.2007;0
355;05.28.2007;2.3
355;05.29.2007;6.7
355;05.30.2007;2.5
355;05.31.2007;0.1
355;06.01.2007;0
355;06.02.2007;0
355;06.03.2007;1
355;06.04.2007;2.3
355;06.05.2007;9.7
355;06.06.2007;25.1
355;06.07.2007;3.8
355;06.08.2007;7.2
355;06.09.2007;7.9
355;06.10.2007;0
355;06.11.2007;0
355;06.12.2007;0.5
355;06.13.2007;2.8
355;06.14.2007;0
355;06.15.2007;0
355;06.16.2007;0.4
355;06.17.2007;0
355;06.18.2007;0
355;06.19.2007;0
355;06.20.2007;0
355;06.21.2007;0
355;06.22.2007;0.1
355;06.23.2007;0.2
355;06.24.2007;1.4
355;06.25.2007;0
355;06.26.2007;0
355;06.27.2007;0
355;06.28.2007;11.2
355;06.29.2007;0.6
355;06.30.2007;0
355;07.01.2007;0.2
355;07.02.2007;0
355;07.03.2007;2.4
355;07.04.2007;0
355;07.05.2007;18.9
355;07.06.2007;0
355;07.07.2007;0
355;07.08.2007;0
355;07.09.2007;0
355;07.10.2007;20.5
355;07.11.2007;3.7
355;07.12.2007;2.7
355;07.13.2007;2
355;07.14.2007;0
355;07.15.2007;0
355;07.16.2007;0
355;07.17.2007;0
355;07.18.2007;0
355;07.19.2007;0
355;07.20.2007;0
355;07.21.2007;0
355;07.22.2007;0
355;07.23.2007;0
355;07.24.2007;0
355;07.25.2007;5.4
355;07.26.2007;0
355;07.27.2007;0
355;07.28.2007;0
355;07.29.2007;2.8
355;07.30.2007;8.9
355;07.31.2007;31.4
355;08.01.2007;0
355;08.02.2007;0
355;08.03.2007;0
355;08.04.2007;3.2
355;08.05.2007;0
355;08.06.2007;0
355;08.07.2007;0
355;08.08.2007;0
355;08.09.2007;0
355;08.10.2007;6.2
355;08.11.2007;22.9
355;08.12.2007;24
355;08.13.2007;4.9
355;08.14.2007;0
355;08.15.2007;0
355;08.16.2007;0
355;08.17.2007;0
355;08.18.2007;2.3
355;08.19.2007;0
355;08.20.2007;0
355;08.21.2007;8.5
355;08.22.2007;4.6
355;08.23.2007;1.7
355;08.24.2007;2.1
355;08.25.2007;0
355;08.26.2007;0
355;08.27.2007;0
355;08.28.2007;0
355;08.29.2007;2.7
355;08.30.2007;19.9
355;08.31.2007;8.6
355;09.01.2007;0
355;09.02.2007;0.9
355;09.03.2007;0
355;09.04.2007;19
355;09.05.2007;2.6
355;09.06.2007;11.4
355;09.07.2007;19
355;09.08.2007;20.9
355;09.09.2007;0
355;09.10.2007;0
355;09.11.2007;3.5
355;09.12.2007;5.4
355;09.13.2007;0
355;09.14.2007;0
355;09.15.2007;0
355;09.16.2007;0
355;09.17.2007;0
355;09.18.2007;0
355;09.19.2007;54.1
355;09.20.2007;0
355;09.21.2007;0
355;09.22.2007;0
355;09.23.2007;0
355;09.24.2007;0
355;09.25.2007;0
355;09.26.2007;0
355;09.27.2007;17.1
355;09.28.2007;25.3
355;09.29.2007;1.6
355;09.30.2007;0
355;10.01.2007;0
355;10.02.2007;0
355;10.03.2007;0
355;10.04.2007;0
355;10.05.2007;0
355;10.06.2007;3.2
355;10.07.2007;0
355;10.08.2007;0
355;10.09.2007;0
355;10.10.2007;0
355;10.11.2007;0
355;10.12.2007;0
355;10.13.2007;0
355;10.14.2007;0
355;10.15.2007;0
355;10.16.2007;0
355;10.17.2007;0
355;10.18.2007;0
355;10.19.2007;7.4
355;10.20.2007;0.3
355;10.21.2007;0
355;10.22.2007;0.3
355;10.23.2007;9.8
355;10.24.2007;12.7
355;10.25.2007;0.1
355;10.26.2007;1.5
355;10.27.2007;4
355;10.28.2007;1.7
355;10.29.2007;12.5
355;10.30.2007;0
355;10.31.2007;2.4
355;11.01.2007;0
355;11.02.2007;0
355;11.03.2007;0
355;11.04.2007;0
355;11.05.2007;0.5
355;11.06.2007;0
355;11.07.2007;0
355;11.08.2007;0
355;11.09.2007;0.2
355;11.10.2007;10.6
355;11.11.2007;0
355;11.12.2007;2
355;11.13.2007;0
355;11.14.2007;0.9
355;11.15.2007;0.7
355;11.16.2007;0
355;11.17.2007;0
355;11.18.2007;2.3
355;11.19.2007;6.7
355;11.20.2007;0
355;11.21.2007;0
355;11.22.2007;0
355;11.23.2007;0
355;11.24.2007;0
355;11.25.2007;0.1
355;11.26.2007;10.8
355;11.27.2007;0
355;11.28.2007;0
355;11.29.2007;0
355;11.30.2007;0
355;12.01.2007;0
355;12.02.2007;0
355;12.03.2007;0.3
355;12.04.2007;3.8
355;12.05.2007;0
355;12.06.2007;0
355;12.07.2007;0
355;12.08.2007;14.2
355;12.09.2007;0
355;12.10.2007;3.5
355;12.11.2007;0
355;12.12.2007;2.3
355;12.13.2007;8.3
355;12.14.2007;0
355;12.15.2007;1.7
355;12.16.2007;1.9
355;12.17.2007;0.3
355;12.18.2007;0
355;12.19.2007;0
355;12.20.2007;0
355;12.21.2007;0
355;12.22.2007;0
355;12.23.2007;0
355;12.24.2007;0.2
355;12.25.2007;2
355;12.26.2007;1.4
355;12.27.2007;0
355;12.28.2007;0
355;12.29.2007;0
355;12.30.2007;0
355;12.31.2007;0
355;01.01.2008;0.2
355;01.02.2008;0.4
355;01.03.2008;0
355;01.04.2008;0
355;01.05.2008;0
355;01.06.2008;0
355;01.07.2008;0
355;01.08.2008;0.1
355;01.09.2008;0
355;01.10.2008;0
355;01.11.2008;0
355;01.12.2008;0
355;01.13.2008;0
355;01.14.2008;1.3
355;01.15.2008;0
355;01.16.2008;0
355;01.17.2008;0.2
355;01.18.2008;0.5
355;01.19.2008;0
355;01.20.2008;0.4
355;01.21.2008;0
355;01.22.2008;0
355;01.23.2008;1.8
355;01.24.2008;0
355;01.25.2008;0
355;01.26.2008;0
355;01.27.2008;0
355;01.28.2008;0
355;01.29.2008;0
355;01.30.2008;0
355;01.31.2008;0
355;02.01.2008;0
355;02.02.2008;0
355;02.03.2008;6.6
355;02.04.2008;0.3
355;02.05.2008;1.6
355;02.06.2008;1.7
355;02.07.2008;0.1
355;02.08.2008;0
355;02.09.2008;0
355;02.10.2008;0
355;02.11.2008;0
355;02.12.2008;0
355;02.13.2008;0
355;02.14.2008;0
355;02.15.2008;0
355;02.16.2008;0
355;02.17.2008;0
355;02.18.2008;0
355;02.19.2008;0
355;02.20.2008;0
355;02.21.2008;0
355;02.22.2008;0
355;02.23.2008;0.1
355;02.24.2008;0
355;02.25.2008;0
355;02.26.2008;0
355;02.27.2008;0
355;02.28.2008;1
355;02.29.2008;0
355;03.01.2008;0
355;03.02.2008;4.1
355;03.03.2008;0
355;03.04.2008;3.2
355;03.05.2008;0.3
355;03.06.2008;0
355;03.07.2008;0
355;03.08.2008;4
355;03.09.2008;2.2
355;03.10.2008;0
355;03.11.2008;0
355;03.12.2008;4
355;03.13.2008;1.9
355;03.14.2008;0
355;03.15.2008;0
355;03.16.2008;0
355;03.17.2008;1.5
355;03.18.2008;4.2
355;03.19.2008;0
355;03.20.2008;0
355;03.21.2008;0.1
355;03.22.2008;6
355;03.23.2008;4.8
355;03.24.2008;20.4
355;03.25.2008;1
355;03.26.2008;0
355;03.27.2008;0
355;03.28.2008;0.1
355;03.29.2008;0.2
355;03.30.2008;0
355;03.31.2008;0
355;04.01.2008;0
355;04.02.2008;0
355;04.03.2008;5.3
355;04.04.2008;0
355;04.05.2008;0
355;04.06.2008;0
355;04.07.2008;0.8
355;04.08.2008;1.4
355;04.09.2008;0.1
355;04.10.2008;0
355;04.11.2008;0
355;04.12.2008;0
355;04.13.2008;3
355;04.14.2008;0
355;04.15.2008;1
355;04.16.2008;0.4
355;04.17.2008;1.5
355;04.18.2008;0
355;04.19.2008;4.9
355;04.20.2008;0.8
355;04.21.2008;0
355;04.22.2008;7.3
355;04.23.2008;3.4
355;04.24.2008;1.6
355;04.25.2008;0
355;04.26.2008;2.2
355;04.27.2008;0
355;04.28.2008;0
355;04.29.2008;0
355;04.30.2008;0
355;05.01.2008;0
355;05.02.2008;0.8
355;05.03.2008;0.7
355;05.04.2008;0
355;05.05.2008;0
355;05.06.2008;0
355;05.07.2008;0
355;05.08.2008;0
355;05.09.2008;0
355;05.10.2008;0
355;05.11.2008;0
355;05.12.2008;0
355;05.13.2008;0
355;05.14.2008;0
355;05.15.2008;0
355;05.16.2008;0
355;05.17.2008;0
355;05.18.2008;0.5
355;05.19.2008;2.6
355;05.20.2008;26.8
355;05.21.2008;9.3
355;05.22.2008;7.8
355;05.23.2008;0
355;05.24.2008;9.7
355;05.25.2008;0
355;05.26.2008;0
355;05.27.2008;0
355;05.28.2008;0
355;05.29.2008;0
355;05.30.2008;0
355;05.31.2008;6.2
355;06.01.2008;0
355;06.02.2008;0
355;06.03.2008;0.9
355;06.04.2008;1.8
355;06.05.2008;0.8
355;06.06.2008;3.5
355;06.07.2008;2.7
355;06.08.2008;11
355;06.09.2008;4.3
355;06.10.2008;0
355;06.11.2008;0
355;06.12.2008;4.5
355;06.13.2008;1
355;06.14.2008;2.1
355;06.15.2008;1.4
355;06.16.2008;0
355;06.17.2008;0
355;06.18.2008;9.9
355;06.19.2008;8.8
355;06.20.2008;0
355;06.21.2008;0
355;06.22.2008;0
355;06.23.2008;0
355;06.24.2008;0.4
355;06.25.2008;8
355;06.26.2008;0
355;06.27.2008;0
355;06.28.2008;5.5
355;06.29.2008;0
355;06.30.2008;0
355;07.01.2008;6.5
355;07.02.2008;0
355;07.03.2008;0
355;07.04.2008;0.4
355;07.05.2008;8.8
355;07.06.2008;0
355;07.07.2008;3.6
355;07.08.2008;7.8
355;07.09.2008;5.4
355;07.10.2008;0
355;07.11.2008;0
355;07.12.2008;0
355;07.13.2008;0
355;07.14.2008;63.3
355;07.15.2008;19.6
355;07.16.2008;0
355;07.17.2008;0
355;07.18.2008;13.2
355;07.19.2008;0.5
355;07.20.2008;0
355;07.21.2008;13.2
355;07.22.2008;6.6
355;07.23.2008;0.3
355;07.24.2008;18.7
355;07.25.2008;0
355;07.26.2008;0
355;07.27.2008;0
355;07.28.2008;0
355;07.29.2008;0
355;07.30.2008;0
355;07.31.2008;0.1
355;08.01.2008;0
355;08.02.2008;2
355;08.03.2008;0
355;08.04.2008;0
355;08.05.2008;5.2
355;08.06.2008;1.1
355;08.07.2008;0
355;08.08.2008;0
355;08.09.2008;9.8
355;08.10.2008;0
355;08.11.2008;0
355;08.12.2008;0
355;08.13.2008;0
355;08.14.2008;0.9
355;08.15.2008;0
355;08.16.2008;32.7
355;08.17.2008;3.1
355;08.18.2008;0
355;08.19.2008;0
355;08.20.2008;0
355;08.21.2008;0
355;08.22.2008;0
355;08.23.2008;0
355;08.24.2008;22.9
355;08.25.2008;1.3
355;08.26.2008;0
355;08.27.2008;0
355;08.28.2008;0
355;08.29.2008;0
355;08.30.2008;0
355;08.31.2008;0
355;09.01.2008;0
355;09.02.2008;0
355;09.03.2008;0
355;09.04.2008;0
355;09.05.2008;0
355;09.06.2008;0
355;09.07.2008;0
355;09.08.2008;7.2
355;09.09.2008;0
355;09.10.2008;0
355;09.11.2008;0
355;09.12.2008;0
355;09.13.2008;38.7
355;09.14.2008;1.5
355;09.15.2008;11.2
355;09.16.2008;0.7
355;09.17.2008;0
355;09.18.2008;0
355;09.19.2008;0
355;09.20.2008;0
355;09.21.2008;0
355;09.22.2008;0.1
355;09.23.2008;0.3
355;09.24.2008;0
355;09.25.2008;0.2
355;09.26.2008;9.3
355;09.27.2008;0
355;09.28.2008;0
355;09.29.2008;0
355;09.30.2008;0
355;10.01.2008;0
355;10.02.2008;0
355;10.03.2008;0
355;10.04.2008;13.5
355;10.05.2008;0.1
355;10.06.2008;0
355;10.07.2008;0
355;10.08.2008;0
355;10.09.2008;0
355;10.10.2008;13.6
355;10.11.2008;0
355;10.12.2008;0
355;10.13.2008;0
355;10.14.2008;0
355;10.15.2008;0
355;10.16.2008;0
355;10.17.2008;9.8
355;10.18.2008;0.1
355;10.19.2008;0
355;10.20.2008;0
355;10.21.2008;0
355;10.22.2008;0
355;10.23.2008;0
355;10.24.2008;0
355;10.25.2008;0
355;10.26.2008;0
355;10.27.2008;0
355;10.28.2008;0
355;10.29.2008;2.3
355;10.30.2008;7
355;10.31.2008;0
355;11.01.2008;0.2
355;11.02.2008;9.5
355;11.03.2008;0
355;11.04.2008;0
355;11.05.2008;0
355;11.06.2008;0.8
355;11.07.2008;6.7
355;11.08.2008;17.2
355;11.09.2008;0.2
355;11.10.2008;0.3
355;11.11.2008;0
355;11.12.2008;0
355;11.13.2008;0.6
355;11.14.2008;2.9
355;11.15.2008;0
355;11.16.2008;0
355;11.17.2008;2.4
355;11.18.2008;0
355;11.19.2008;0
355;11.20.2008;0
355;11.21.2008;0
355;11.22.2008;2.1
355;11.23.2008;0
355;11.24.2008;0
355;11.25.2008;0.4
355;11.26.2008;0
355;11.27.2008;0
355;11.28.2008;0
355;11.29.2008;3.9
355;11.30.2008;0
355;12.01.2008;1.3
355;12.02.2008;5.2
355;12.03.2008;2.5
355;12.04.2008;0.7
355;12.05.2008;0.7
355;12.06.2008;0.3
355;12.07.2008;2
355;12.08.2008;0
355;12.09.2008;0
355;12.10.2008;0
355;12.11.2008;0.2
355;12.12.2008;3.9
355;12.13.2008;9
355;12.14.2008;1.7
355;12.15.2008;0
355;12.16.2008;1.4
355;12.17.2008;5.1
355;12.18.2008;8.2
355;12.19.2008;13.1
355;12.20.2008;1.8
355;12.21.2008;1.9
355;12.22.2008;0.2
355;12.23.2008;0
355;12.24.2008;0
355;12.25.2008;0
355;12.26.2008;0.1
355;12.27.2008;0
355;12.28.2008;0
355;12.29.2008;0
355;12.30.2008;0
355;12.31.2008;0
355;01.01.2009;0
355;01.02.2009;0
355;01.03.2009;0
355;01.04.2009;0
355;01.05.2009;0
355;01.06.2009;0
355;01.07.2009;0
355;01.08.2009;0
355;01.09.2009;0
355;01.10.2009;0
355;01.11.2009;0
355;01.12.2009;0
355;01.13.2009;0
355;01.14.2009;1.2
355;01.15.2009;6.7
355;01.16.2009;0.2
355;01.17.2009;0
355;01.18.2009;0
355;01.19.2009;1.4
355;01.20.2009;0
355;01.21.2009;0
355;01.22.2009;24.5
355;01.23.2009;0.4
355;01.24.2009;13.4
355;01.25.2009;0
355;01.26.2009;0
355;01.27.2009;4.1
355;01.28.2009;34
355;01.29.2009;6.1
355;01.30.2009;0
355;01.31.2009;0
355;02.01.2009;0.2
355;02.02.2009;3.5
355;02.03.2009;10.7
355;02.04.2009;5.7
355;02.05.2009;0
355;02.06.2009;0
355;02.07.2009;0.5
355;02.08.2009;7.1
355;02.09.2009;19.6
355;02.10.2009;0
355;02.11.2009;1.2
355;02.12.2009;0
355;02.13.2009;0
355;02.14.2009;0
355;02.15.2009;0
355;02.16.2009;0
355;02.17.2009;0
355;02.18.2009;1
355;02.19.2009;0
355;02.20.2009;0
355;02.21.2009;0
355;02.22.2009;3.4
355;02.23.2009;0.9
355;02.24.2009;0
355;02.25.2009;2
355;02.26.2009;0
355;02.27.2009;0
355;02.28.2009;0
355;03.01.2009;0
355;03.02.2009;0
355;03.03.2009;0.9
355;03.04.2009;0.4
355;03.05.2009;1.3
355;03.06.2009;17.9
355;03.07.2009;0
355;03.08.2009;0
355;03.09.2009;0
355;03.10.2009;0.4
355;03.11.2009;0
355;03.12.2009;0
355;03.13.2009;0
355;03.14.2009;0
355;03.15.2009;0
355;03.16.2009;0
355;03.17.2009;0
355;03.18.2009;0
355;03.19.2009;0
355;03.20.2009;0.8
355;03.21.2009;0
355;03.22.2009;0
355;03.23.2009;0
355;03.24.2009;0
355;03.25.2009;0
355;03.26.2009;0
355;03.27.2009;0.1
355;03.28.2009;0
355;03.29.2009;0.1
355;03.30.2009;39.1
355;03.31.2009;1.1
355;04.01.2009;2.1
355;04.02.2009;0.1
355;04.03.2009;0
355;04.04.2009;0
355;04.05.2009;0
355;04.06.2009;0
355;04.07.2009;0
355;04.08.2009;0
355;04.09.2009;0
355;04.10.2009;0
355;04.11.2009;0
355;04.12.2009;0
355;04.13.2009;0
355;04.14.2009;0
355;04.15.2009;0
355;04.16.2009;0
355;04.17.2009;0
355;04.18.2009;0
355;04.19.2009;0
355;04.20.2009;2.5
355;04.21.2009;8.8
355;04.22.2009;0
355;04.23.2009;8.8
355;04.24.2009;5.5
355;04.25.2009;0
355;04.26.2009;0
355;04.27.2009;0
355;04.28.2009;0
355;04.29.2009;3
355;04.30.2009;11.5
355;05.01.2009;1.8
355;05.02.2009;0
355;05.03.2009;0.7
355;05.04.2009;0
355;05.05.2009;0.1
355;05.06.2009;0.1
355;05.07.2009;0
355;05.08.2009;0
355;05.09.2009;0
355;05.10.2009;0
355;05.11.2009;0
355;05.12.2009;0.7
355;05.13.2009;34.6
355;05.14.2009;3.3
355;05.15.2009;0.1
355;05.16.2009;0
355;05.17.2009;0.4
355;05.18.2009;0
355;05.19.2009;0
355;05.20.2009;11.2
355;05.21.2009;0
355;05.22.2009;0
355;05.23.2009;6.5
355;05.24.2009;0
355;05.25.2009;0.5
355;05.26.2009;0
355;05.27.2009;18.2
355;05.28.2009;7.9
355;05.29.2009;1.7
355;05.30.2009;0
355;05.31.2009;6.5
355;06.01.2009;0
355;06.02.2009;0
355;06.03.2009;0.7
355;06.04.2009;0
355;06.05.2009;0
355;06.06.2009;1
355;06.07.2009;0.1
355;06.08.2009;3.5
355;06.09.2009;0
355;06.10.2009;0
355;06.11.2009;0
355;06.12.2009;10.7
355;06.13.2009;0.1
355;06.14.2009;0
355;06.15.2009;0
355;06.16.2009;0
355;06.17.2009;38.7
355;06.18.2009;0
355;06.19.2009;0
355;06.20.2009;0.2
355;06.21.2009;15.3
355;06.22.2009;0
355;06.23.2009;22.5
355;06.24.2009;27.5
355;06.25.2009;1.2
355;06.26.2009;7.1
355;06.27.2009;9.8
355;06.28.2009;26.7
355;06.29.2009;7.4
355;06.30.2009;4.8
355;07.01.2009;0
355;07.02.2009;0.6
355;07.03.2009;1
355;07.04.2009;3.7
355;07.05.2009;21.8
355;07.06.2009;1.7
355;07.07.2009;0
355;07.08.2009;10
355;07.09.2009;4.9
355;07.10.2009;15.2
355;07.11.2009;4.2
355;07.12.2009;0
355;07.13.2009;0
355;07.14.2009;0
355;07.15.2009;0
355;07.16.2009;0
355;07.17.2009;0
355;07.18.2009;0
355;07.19.2009;16.9
355;07.20.2009;0
355;07.21.2009;0
355;07.22.2009;0
355;07.23.2009;0
355;07.24.2009;0
355;07.25.2009;17.8
355;07.26.2009;0
355;07.27.2009;0
355;07.28.2009;0
355;07.29.2009;0
355;07.30.2009;0
355;07.31.2009;0
355;08.01.2009;0
355;08.02.2009;0
355;08.03.2009;0
355;08.04.2009;23.2
355;08.05.2009;55.6
355;08.06.2009;0
355;08.07.2009;0
355;08.08.2009;0
355;08.09.2009;0
355;08.10.2009;0
355;08.11.2009;27.7
355;08.12.2009;0.1
355;08.13.2009;0
355;08.14.2009;33
355;08.15.2009;0
355;08.16.2009;0
355;08.17.2009;0
355;08.18.2009;0
355;08.19.2009;0
355;08.20.2009;0
355;08.21.2009;0
355;08.22.2009;0
355;08.23.2009;12.3
355;08.24.2009;0
355;08.25.2009;0
355;08.26.2009;0
355;08.27.2009;0
355;08.28.2009;0
355;08.29.2009;0
355;08.30.2009;12.7
355;08.31.2009;0
355;09.01.2009;0
355;09.02.2009;0
355;09.03.2009;0
355;09.04.2009;0.8
355;09.05.2009;33.6
355;09.06.2009;0
355;09.07.2009;0
355;09.08.2009;0
355;09.09.2009;0
355;09.10.2009;0
355;09.11.2009;0
355;09.12.2009;0.5
355;09.13.2009;0
355;09.14.2009;0.4
355;09.15.2009;0
355;09.16.2009;0.5
355;09.17.2009;0.9
355;09.18.2009;3.4
355;09.19.2009;0.1
355;09.20.2009;0
355;09.21.2009;0
355;09.22.2009;0
355;09.23.2009;0
355;09.24.2009;0
355;09.25.2009;0.7
355;09.26.2009;0
355;09.27.2009;0
355;09.28.2009;0
355;09.29.2009;0
355;09.30.2009;0
355;10.01.2009;0
355;10.02.2009;7.2
355;10.03.2009;0.2
355;10.04.2009;0
355;10.05.2009;0
355;10.06.2009;0
355;10.07.2009;0
355;10.08.2009;0
355;10.09.2009;0
355;10.10.2009;0.3
355;10.11.2009;9.8
355;10.12.2009;1.3
355;10.13.2009;11.4
355;10.14.2009;0
355;10.15.2009;0
355;10.16.2009;0
355;10.17.2009;0
355;10.18.2009;0
355;10.19.2009;0.3
355;10.20.2009;0
355;10.21.2009;0
355;10.22.2009;0
355;10.23.2009;0.5
355;10.24.2009;12.2
355;10.25.2009;1
355;10.26.2009;0
355;10.27.2009;0.3
355;10.28.2009;0
355;10.29.2009;0
355;10.30.2009;0.5
355;10.31.2009;0
355;11.01.2009;0
355;11.02.2009;0
355;11.03.2009;13.6
355;11.04.2009;1.4
355;11.05.2009;17.3
355;11.06.2009;0
355;11.07.2009;14.3
355;11.08.2009;0
355;11.09.2009;11
355;11.10.2009;0.1
355;11.11.2009;1.8
355;11.12.2009;0
355;11.13.2009;0
355;11.14.2009;0
355;11.15.2009;0
355;11.16.2009;0
355;11.17.2009;0
355;11.18.2009;0
355;11.19.2009;0.1
355;11.20.2009;0
355;11.21.2009;0
355;11.22.2009;0
355;11.23.2009;0
355;11.24.2009;0.4
355;11.25.2009;0
355;11.26.2009;0
355;11.27.2009;0
355;11.28.2009;0
355;11.29.2009;3.1
355;11.30.2009;0
355;12.01.2009;5.1
355;12.02.2009;5.2
355;12.03.2009;0
355;12.04.2009;0
355;12.05.2009;0
355;12.06.2009;0
355;12.07.2009;0
355;12.08.2009;1.5
355;12.09.2009;14.3
355;12.10.2009;0
355;12.11.2009;0.1
355;12.12.2009;0.4
355;12.13.2009;0
355;12.14.2009;0
355;12.15.2009;3
355;12.16.2009;0
355;12.17.2009;0.1
355;12.18.2009;0
355;12.19.2009;0
355;12.20.2009;6.5
355;12.21.2009;0
355;12.22.2009;0
355;12.23.2009;0
355;12.24.2009;0
355;12.25.2009;0
355;12.26.2009;14.3
355;12.27.2009;0.7
355;12.28.2009;2.6
355;12.29.2009;0
355;12.30.2009;0
355;12.31.2009;0
355;01.01.2010;0.1
355;01.02.2010;0.1
355;01.03.2010;0.4
355;01.04.2010;0
355;01.05.2010;0.5
355;01.06.2010;6.2
355;01.07.2010;2.1
355;01.08.2010;4.4
355;01.09.2010;18.8
355;01.10.2010;7.1
355;01.11.2010;0.2
355;01.12.2010;0
355;01.13.2010;0
355;01.14.2010;0
355;01.15.2010;0
355;01.16.2010;0
355;01.17.2010;0
355;01.18.2010;3.9
355;01.19.2010;1
355;01.20.2010;0
355;01.21.2010;0
355;01.22.2010;1.7
355;01.23.2010;0
355;01.24.2010;0
355;01.25.2010;0
355;01.26.2010;0
355;01.27.2010;0
355;01.28.2010;0
355;01.29.2010;0
355;01.30.2010;0
355;01.31.2010;2.4
355;02.01.2010;0
355;02.02.2010;0
355;02.03.2010;0
355;02.04.2010;0
355;02.05.2010;0
355;02.06.2010;2.7
355;02.07.2010;1.8
355;02.08.2010;0
355;02.09.2010;0
355;02.10.2010;0.5
355;02.11.2010;4.6
355;02.12.2010;4.3
355;02.13.2010;0
355;02.14.2010;0
355;02.15.2010;0
355;02.16.2010;0
355;02.17.2010;0
355;02.18.2010;0
355;02.19.2010;0
355;02.20.2010;7.9
355;02.21.2010;1.7
355;02.22.2010;0
355;02.23.2010;0
355;02.24.2010;0.2
355;02.25.2010;0
355;02.26.2010;0
355;02.27.2010;17
355;02.28.2010;0
355;03.01.2010;0
355;03.02.2010;0
355;03.03.2010;0
355;03.04.2010;0
355;03.05.2010;3.4
355;03.06.2010;0
355;03.07.2010;0
355;03.08.2010;0
355;03.09.2010;0
355;03.10.2010;0
355;03.11.2010;9.5
355;03.12.2010;0
355;03.13.2010;0
355;03.14.2010;0
355;03.15.2010;0
355;03.16.2010;0
355;03.17.2010;0
355;03.18.2010;0
355;03.19.2010;0
355;03.20.2010;0
355;03.21.2010;0
355;03.22.2010;0
355;03.23.2010;0.5
355;03.24.2010;0
355;03.25.2010;0
355;03.26.2010;0
355;03.27.2010;0
355;03.28.2010;0
355;03.29.2010;0
355;03.30.2010;0
355;03.31.2010;1.1
355;04.01.2010;3.1
355;04.02.2010;1.3
355;04.03.2010;0.2
355;04.04.2010;0
355;04.05.2010;11.5
355;04.06.2010;2
355;04.07.2010;0
355;04.08.2010;0
355;04.09.2010;0
355;04.10.2010;0.9
355;04.11.2010;1.3
355;04.12.2010;1.6
355;04.13.2010;1.8
355;04.14.2010;3.3
355;04.15.2010;11.8
355;04.16.2010;0
355;04.17.2010;0
355;04.18.2010;0
355;04.19.2010;0
355;04.20.2010;0.1
355;04.21.2010;0.5
355;04.22.2010;0.8
355;04.23.2010;0
355;04.24.2010;0
355;04.25.2010;0
355;04.26.2010;0
355;04.27.2010;0
355;04.28.2010;0
355;04.29.2010;0
355;04.30.2010;0
355;05.01.2010;0
355;05.02.2010;0.5
355;05.03.2010;0.1
355;05.04.2010;0.6
355;05.05.2010;1.9
355;05.06.2010;7.5
355;05.07.2010;0
355;05.08.2010;0
355;05.09.2010;0
355;05.10.2010;0
355;05.11.2010;0
355;05.12.2010;0
355;05.13.2010;0
355;05.14.2010;4
355;05.15.2010;1
355;05.16.2010;16.2
355;05.17.2010;1.1
355;05.18.2010;0.1
355;05.19.2010;0
355;05.20.2010;0
355;05.21.2010;4.3
355;05.22.2010;0.6
355;05.23.2010;3.6
355;05.24.2010;0.6
355;05.25.2010;0
355;05.26.2010;0
355;05.27.2010;0
355;05.28.2010;0
355;05.29.2010;0
355;05.30.2010;0
355;05.31.2010;1.9
355;06.01.2010;9.2
355;06.02.2010;3.7
355;06.03.2010;12.7
355;06.04.2010;8.9
355;06.05.2010;0.8
355;06.06.2010;0
355;06.07.2010;0
355;06.08.2010;0
355;06.09.2010;0
355;06.10.2010;0
355;06.11.2010;0
355;06.12.2010;0
355;06.13.2010;0
355;06.14.2010;0
355;06.15.2010;0
355;06.16.2010;39.9
355;06.17.2010;6.9
355;06.18.2010;0.6
355;06.19.2010;0
355;06.20.2010;0.7
355;06.21.2010;2.6
355;06.22.2010;0.4
355;06.23.2010;0
355;06.24.2010;0
355;06.25.2010;0
355;06.26.2010;0
355;06.27.2010;0
355;06.28.2010;0
355;06.29.2010;0
355;06.30.2010;0
355;07.01.2010;0
355;07.02.2010;0
355;07.03.2010;0.3
355;07.04.2010;0.1
355;07.05.2010;0
355;07.06.2010;0.9
355;07.07.2010;0
355;07.08.2010;0
355;07.09.2010;0
355;07.10.2010;0
355;07.11.2010;0
355;07.12.2010;0
355;07.13.2010;0
355;07.14.2010;57.3
355;07.15.2010;0
355;07.16.2010;16.1
355;07.17.2010;0
355;07.18.2010;25.4
355;07.19.2010;0.1
355;07.20.2010;0
355;07.21.2010;0
355;07.22.2010;0
355;07.23.2010;0
355;07.24.2010;1.3
355;07.25.2010;16.4
355;07.26.2010;0
355;07.27.2010;0.7
355;07.28.2010;0
355;07.29.2010;0
355;07.30.2010;23.5
355;07.31.2010;4
355;08.01.2010;0
355;08.02.2010;0
355;08.03.2010;0
355;08.04.2010;8.5
355;08.05.2010;0
355;08.06.2010;21.8
355;08.07.2010;3.7
355;08.08.2010;0.2
355;08.09.2010;4
355;08.10.2010;3.4
355;08.11.2010;0
355;08.12.2010;0
355;08.13.2010;0
355;08.14.2010;11.4
355;08.15.2010;22.7
355;08.16.2010;1.8
355;08.17.2010;0
355;08.18.2010;0
355;08.19.2010;0
355;08.20.2010;0
355;08.21.2010;0
355;08.22.2010;0
355;08.23.2010;0
355;08.24.2010;0
355;08.25.2010;9.1
355;08.26.2010;0
355;08.27.2010;0
355;08.28.2010;28.6
355;08.29.2010;14.6
355;08.30.2010;0
355;08.31.2010;3.2
355;09.01.2010;2.1
355;09.02.2010;0
355;09.03.2010;0.3
355;09.04.2010;0.2
355;09.05.2010;9
355;09.06.2010;0.3
355;09.07.2010;0
355;09.08.2010;1.6
355;09.09.2010;3.9
355;09.10.2010;0.2
355;09.11.2010;0
355;09.12.2010;0
355;09.13.2010;0
355;09.14.2010;0
355;09.15.2010;0
355;09.16.2010;0
355;09.17.2010;18.7
355;09.18.2010;40.7
355;09.19.2010;31.3
355;09.20.2010;0.7
355;09.21.2010;0
355;09.22.2010;0
355;09.23.2010;0
355;09.24.2010;0
355;09.25.2010;0
355;09.26.2010;23.6
355;09.27.2010;7.6
355;09.28.2010;0
355;09.29.2010;0.5
355;09.30.2010;0
355;10.01.2010;0
355;10.02.2010;0
355;10.03.2010;0
355;10.04.2010;0
355;10.05.2010;0
355;10.06.2010;10.2
355;10.07.2010;0.9
355;10.08.2010;0
355;10.09.2010;0
355;10.10.2010;0
355;10.11.2010;0
355;10.12.2010;0
355;10.13.2010;0
355;10.14.2010;0
355;10.15.2010;0
355;10.16.2010;0
355;10.17.2010;0
355;10.18.2010;12.9
355;10.19.2010;4.8
355;10.20.2010;0.3
355;10.21.2010;8.1
355;10.22.2010;0
355;10.23.2010;0
355;10.24.2010;0
355;10.25.2010;4.9
355;10.26.2010;4.6
355;10.27.2010;0
355;10.28.2010;0
355;10.29.2010;0
355;10.30.2010;0
355;10.31.2010;0
355;11.01.2010;0
355;11.02.2010;0
355;11.03.2010;0.1
355;11.04.2010;0.2
355;11.05.2010;0
355;11.06.2010;0
355;11.07.2010;0
355;11.08.2010;0.2
355;11.09.2010;4.9
355;11.10.2010;6.3
355;11.11.2010;4.7
355;11.12.2010;0
355;11.13.2010;0
355;11.14.2010;0
355;11.15.2010;0
355;11.16.2010;0
355;11.17.2010;0.2
355;11.18.2010;5
355;11.19.2010;4
355;11.20.2010;8.6
355;11.21.2010;0
355;11.22.2010;15.3
355;11.23.2010;2.9
355;11.24.2010;0
355;11.25.2010;0
355;11.26.2010;0
355;11.27.2010;7.8
355;11.28.2010;0
355;11.29.2010;22
355;11.30.2010;0
355;12.01.2010;0.5
355;12.02.2010;9.2
355;12.03.2010;10.1
355;12.04.2010;5.8
355;12.05.2010;0
355;12.06.2010;0
355;12.07.2010;0
355;12.08.2010;0
355;12.09.2010;0.4
355;12.10.2010;9.3
355;12.11.2010;0.3
355;12.12.2010;0
355;12.13.2010;0
355;12.14.2010;0
355;12.15.2010;0
355;12.16.2010;0
355;12.17.2010;0
355;12.18.2010;10.3
355;12.19.2010;0.2
355;12.20.2010;0
355;12.21.2010;0
355;12.22.2010;0
355;12.23.2010;0
355;12.24.2010;0.4
355;12.25.2010;3.6
355;12.26.2010;2.7
355;12.27.2010;0
355;12.28.2010;0
355;12.29.2010;0
355;12.30.2010;0
355;12.31.2010;0
355;01.01.2011;0
355;01.02.2011;0
355;01.03.2011;1.2
355;01.04.2011;0
355;01.05.2011;0
355;01.06.2011;0
355;01.07.2011;0
355;01.08.2011;0
355;01.09.2011;0
355;01.10.2011;0
355;01.11.2011;0.5
355;01.12.2011;0.2
355;01.13.2011;0
355;01.14.2011;0.1
355;01.15.2011;0
355;01.16.2011;0
355;01.17.2011;0
355;01.18.2011;0
355;01.19.2011;0
355;01.20.2011;13.6
355;01.21.2011;0
355;01.22.2011;0
355;01.23.2011;0
355;01.24.2011;0
355;01.25.2011;0.3
355;01.26.2011;0
355;01.27.2011;0.1
355;01.28.2011;0.3
355;01.29.2011;0
355;01.30.2011;0
355;01.31.2011;0
355;02.01.2011;0
355;02.02.2011;0
355;02.03.2011;0
355;02.04.2011;0
355;02.05.2011;0
355;02.06.2011;0
355;02.07.2011;0
355;02.08.2011;0
355;02.09.2011;0
355;02.10.2011;0
355;02.11.2011;0
355;02.12.2011;0
355;02.13.2011;0
355;02.14.2011;2.3
355;02.15.2011;0.1
355;02.16.2011;0.3
355;02.17.2011;5.3
355;02.18.2011;0.1
355;02.19.2011;0
355;02.20.2011;0
355;02.21.2011;0
355;02.22.2011;0
355;02.23.2011;0
355;02.24.2011;0
355;02.25.2011;0
355;02.26.2011;0
355;02.27.2011;0
355;02.28.2011;0
355;03.01.2011;0
355;03.02.2011;0.3
355;03.03.2011;1.1
355;03.04.2011;0
355;03.05.2011;0
355;03.06.2011;0
355;03.07.2011;0
355;03.08.2011;0
355;03.09.2011;0
355;03.10.2011;0
355;03.11.2011;0
355;03.12.2011;0
355;03.13.2011;0
355;03.14.2011;0
355;03.15.2011;0
355;03.16.2011;0
355;03.17.2011;10.9
355;03.18.2011;1.3
355;03.19.2011;0.7
355;03.20.2011;0
355;03.21.2011;0
355;03.22.2011;0
355;03.23.2011;0
355;03.24.2011;0
355;03.25.2011;0
355;03.26.2011;0
355;03.27.2011;2.8
355;03.28.2011;0.3
355;03.29.2011;0
355;03.30.2011;0
355;03.31.2011;0
355;04.01.2011;0.1
355;04.02.2011;0.1
355;04.03.2011;0
355;04.04.2011;0
355;04.05.2011;9
355;04.06.2011;0
355;04.07.2011;0
355;04.08.2011;0
355;04.09.2011;0
355;04.10.2011;0
355;04.11.2011;0
355;04.12.2011;0
355;04.13.2011;7.1
355;04.14.2011;0
355;04.15.2011;0
355;04.16.2011;0.1
355;04.17.2011;0.1
355;04.18.2011;0
355;04.19.2011;0
355;04.20.2011;0
355;04.21.2011;0
355;04.22.2011;0
355;04.23.2011;0
355;04.24.2011;0
355;04.25.2011;0
355;04.26.2011;30.8
355;04.27.2011;8.2
355;04.28.2011;0.3
355;04.29.2011;0.2
355;04.30.2011;2.3
355;05.01.2011;9.9
355;05.02.2011;10.6
355;05.03.2011;0
355;05.04.2011;9.5
355;05.05.2011;0
355;05.06.2011;0
355;05.07.2011;0
355;05.08.2011;0
355;05.09.2011;1.5
355;05.10.2011;0
355;05.11.2011;0
355;05.12.2011;0
355;05.13.2011;1
355;05.14.2011;0
355;05.15.2011;1.9
355;05.16.2011;14.1
355;05.17.2011;0
355;05.18.2011;0
355;05.19.2011;0
355;05.20.2011;0
355;05.21.2011;0
355;05.22.2011;0
355;05.23.2011;0
355;05.24.2011;0
355;05.25.2011;0
355;05.26.2011;0
355;05.27.2011;0
355;05.28.2011;5.4
355;05.29.2011;5
355;05.30.2011;0
355;05.31.2011;0
355;06.01.2011;0
355;06.02.2011;0
355;06.03.2011;1.3
355;06.04.2011;0
355;06.05.2011;18.3
355;06.06.2011;0.4
355;06.07.2011;0
355;06.08.2011;24
355;06.09.2011;3.9
355;06.10.2011;1
355;06.11.2011;0
355;06.12.2011;0
355;06.13.2011;0.2
355;06.14.2011;0
355;06.15.2011;1.3
355;06.16.2011;0
355;06.17.2011;0
355;06.18.2011;0.2
355;06.19.2011;25.8
355;06.20.2011;3.5
355;06.21.2011;0
355;06.22.2011;0
355;06.23.2011;0
355;06.24.2011;1.3
355;06.25.2011;6.8
355;06.26.2011;0
355;06.27.2011;0
355;06.28.2011;0
355;06.29.2011;0
355;06.30.2011;0
355;07.01.2011;4.2
355;07.02.2011;0
355;07.03.2011;0.4
355;07.04.2011;0
355;07.05.2011;0.1
355;07.06.2011;0.4
355;07.07.2011;0
355;07.08.2011;0
355;07.09.2011;0
355;07.10.2011;0
355;07.11.2011;0
355;07.12.2011;0
355;07.13.2011;0
355;07.14.2011;0
355;07.15.2011;76.5
355;07.16.2011;0
355;07.17.2011;0
355;07.18.2011;0
355;07.19.2011;0
355;07.20.2011;0.9
355;07.21.2011;43
355;07.22.2011;0
355;07.23.2011;2.7
355;07.24.2011;9.8
355;07.25.2011;17
355;07.26.2011;0
355;07.27.2011;0
355;07.28.2011;3.7
355;07.29.2011;29.9
355;07.30.2011;0
355;07.31.2011;5.2
355;08.01.2011;0
355;08.02.2011;5.7
355;08.03.2011;0
355;08.04.2011;36.5
355;08.05.2011;2
355;08.06.2011;0
355;08.07.2011;0
355;08.08.2011;0.1
355;08.09.2011;12.5
355;08.10.2011;0.2
355;08.11.2011;0
355;08.12.2011;0
355;08.13.2011;0
355;08.14.2011;0
355;08.15.2011;0
355;08.16.2011;0.4
355;08.17.2011;0
355;08.18.2011;0
355;08.19.2011;0
355;08.20.2011;1.4
355;08.21.2011;0
355;08.22.2011;0
355;08.23.2011;0
355;08.24.2011;0
355;08.25.2011;0
355;08.26.2011;0
355;08.27.2011;0
355;08.28.2011;6.4
355;08.29.2011;0
355;08.30.2011;0
355;08.31.2011;0
355;09.01.2011;0
355;09.02.2011;5.1
355;09.03.2011;10.7
355;09.04.2011;0
355;09.05.2011;0
355;09.06.2011;0.1
355;09.07.2011;0
355;09.08.2011;0
355;09.09.2011;0.3
355;09.10.2011;0
355;09.11.2011;0
355;09.12.2011;0
355;09.13.2011;5.8
355;09.14.2011;0
355;09.15.2011;6.9
355;09.16.2011;0
355;09.17.2011;0
355;09.18.2011;0
355;09.19.2011;1.2
355;09.20.2011;25.4
355;09.21.2011;0
355;09.22.2011;0
355;09.23.2011;0
355;09.24.2011;0
355;09.25.2011;0
355;09.26.2011;0
355;09.27.2011;0
355;09.28.2011;0
355;09.29.2011;0
355;09.30.2011;0
355;10.01.2011;0
355;10.02.2011;0
355;10.03.2011;0
355;10.04.2011;0
355;10.05.2011;0
355;10.06.2011;0
355;10.07.2011;0
355;10.08.2011;42.7
355;10.09.2011;0
355;10.10.2011;0
355;10.11.2011;0.3
355;10.12.2011;0
355;10.13.2011;0
355;10.14.2011;0
355;10.15.2011;0
355;10.16.2011;0
355;10.17.2011;0
355;10.18.2011;0
355;10.19.2011;0
355;10.20.2011;29.5
355;10.21.2011;6.8
355;10.22.2011;0
355;10.23.2011;0
355;10.24.2011;4.6
355;10.25.2011;0.2
355;10.26.2011;0.1
355;10.27.2011;7.3
355;10.28.2011;0
355;10.29.2011;0
355;10.30.2011;0
355;10.31.2011;0
355;11.01.2011;0
355;11.02.2011;0.4
355;11.03.2011;0.3
355;11.04.2011;0
355;11.05.2011;0
355;11.06.2011;0
355;11.07.2011;0
355;11.08.2011;0
355;11.09.2011;0
355;11.10.2011;0
355;11.11.2011;0
355;11.12.2011;0
355;11.13.2011;0
355;11.14.2011;0
355;11.15.2011;0
355;11.16.2011;0
355;11.17.2011;0
355;11.18.2011;0
355;11.19.2011;0
355;11.20.2011;0
355;11.21.2011;0
355;11.22.2011;0
355;11.23.2011;0
355;11.24.2011;0
355;11.25.2011;0
355;11.26.2011;0
355;11.27.2011;0
355;11.28.2011;0
355;11.29.2011;0
355;11.30.2011;0
355;12.01.2011;0
355;12.02.2011;0
355;12.03.2011;0
355;12.04.2011;0
355;12.05.2011;0
355;12.06.2011;3.7
355;12.07.2011;0
355;12.08.2011;0.2
355;12.09.2011;0
355;12.10.2011;0
355;12.11.2011;0
355;12.12.2011;0
355;12.13.2011;5
355;12.14.2011;0
355;12.15.2011;3.2
355;12.16.2011;5.3
355;12.17.2011;21.6
355;12.18.2011;0
355;12.19.2011;0
355;12.20.2011;0
355;12.21.2011;0
355;12.22.2011;0
355;12.23.2011;0
355;12.24.2011;0
355;12.25.2011;0
355;12.26.2011;0
355;12.27.2011;0
355;12.28.2011;0
355;12.29.2011;0
355;12.30.2011;0.1
355;12.31.2011;0
355;01.01.2012;0
355;01.02.2012;0
355;01.03.2012;5.5
355;01.04.2012;0
355;01.05.2012;0.8
355;01.06.2012;0
355;01.07.2012;0
355;01.08.2012;0
355;01.09.2012;0
355;01.10.2012;0.1
355;01.11.2012;0.1
355;01.12.2012;0
355;01.13.2012;0
355;01.14.2012;0
355;01.15.2012;0
355;01.16.2012;0
355;01.17.2012;0
355;01.18.2012;0
355;01.19.2012;0
355;01.20.2012;0
355;01.21.2012;1.2
355;01.22.2012;0.2
355;01.23.2012;0
355;01.24.2012;0.9
355;01.25.2012;0
355;01.26.2012;0
355;01.27.2012;0
355;01.28.2012;0
355;01.29.2012;0
355;01.30.2012;0
355;01.31.2012;0
355;02.01.2012;0
355;02.02.2012;0
355;02.03.2012;0
355;02.04.2012;0
355;02.05.2012;0.1
355;02.06.2012;0
355;02.07.2012;4.6
355;02.08.2012;1.8
355;02.09.2012;0
355;02.10.2012;0.3
355;02.11.2012;0
355;02.12.2012;1.2
355;02.13.2012;0.2
355;02.14.2012;0
355;02.15.2012;0
355;02.16.2012;0.6
355;02.17.2012;0
355;02.18.2012;0
355;02.19.2012;0
355;02.20.2012;2.7
355;02.21.2012;0
355;02.22.2012;0
355;02.23.2012;0
355;02.24.2012;0.1
355;02.25.2012;0
355;02.26.2012;0.7
355;02.27.2012;0.9
355;02.28.2012;0
355;02.29.2012;0
355;03.01.2012;0
355;03.02.2012;0
355;03.03.2012;0
355;03.04.2012;0
355;03.05.2012;0
355;03.06.2012;0
355;03.07.2012;0
355;03.08.2012;0
355;03.09.2012;0
355;03.10.2012;0
355;03.11.2012;0
355;03.12.2012;0
355;03.13.2012;0
355;03.14.2012;0
355;03.15.2012;0
355;03.16.2012;0
355;03.17.2012;0
355;03.18.2012;0
355;03.19.2012;0
355;03.20.2012;0.5
355;03.21.2012;0
355;03.22.2012;0
355;03.23.2012;0
355;03.24.2012;0
355;03.25.2012;0.1
355;03.26.2012;0
355;03.27.2012;0
355;03.28.2012;0
355;03.29.2012;0
355;03.30.2012;0
355;03.31.2012;0
355;04.01.2012;0
355;04.02.2012;0
355;04.03.2012;0
355;04.04.2012;0
355;04.05.2012;0
355;04.06.2012;12.1
355;04.07.2012;3.4
355;04.08.2012;6.4
355;04.09.2012;0
355;04.10.2012;0
355;04.11.2012;0
355;04.12.2012;6.5
355;04.13.2012;1.2
355;04.14.2012;2.2
355;04.15.2012;0
355;04.16.2012;0.3
355;04.17.2012;0
355;04.18.2012;0
355;04.19.2012;0
355;04.20.2012;0
355;04.21.2012;0
355;04.22.2012;8.3
355;04.23.2012;18
355;04.24.2012;0
355;04.25.2012;1.5
355;04.26.2012;0
355;04.27.2012;0
355;04.28.2012;0
355;04.29.2012;0
355;04.30.2012;0
355;05.01.2012;0
355;05.02.2012;0
355;05.03.2012;0.2
355;05.04.2012;21
355;05.05.2012;11.3
355;05.06.2012;0
355;05.07.2012;3.7
355;05.08.2012;4.2
355;05.09.2012;0
355;05.10.2012;0
355;05.11.2012;0
355;05.12.2012;0
355;05.13.2012;14.9
355;05.14.2012;0
355;05.15.2012;0
355;05.16.2012;0
355;05.17.2012;0.5
355;05.18.2012;0
355;05.19.2012;0
355;05.20.2012;0
355;05.21.2012;0.1
355;05.22.2012;2.1
355;05.23.2012;50.7
355;05.24.2012;0
355;05.25.2012;1.1
355;05.26.2012;0
355;05.27.2012;0
355;05.28.2012;0
355;05.29.2012;7.9
355;05.30.2012;0.2
355;05.31.2012;1.5
355;06.01.2012;1.6
355;06.02.2012;0
355;06.03.2012;0.7
355;06.04.2012;0
355;06.05.2012;7.2
355;06.06.2012;0
355;06.07.2012;0
355;06.08.2012;0
355;06.09.2012;0
355;06.10.2012;27.4
355;06.11.2012;4.8
355;06.12.2012;8.2
355;06.13.2012;4.8
355;06.14.2012;0
355;06.15.2012;0
355;06.16.2012;0
355;06.17.2012;0
355;06.18.2012;0
355;06.19.2012;0
355;06.20.2012;0
355;06.21.2012;0
355;06.22.2012;0
355;06.23.2012;0.1
355;06.24.2012;0
355;06.25.2012;0.3
355;06.26.2012;12.3
355;06.27.2012;0
355;06.28.2012;0
355;06.29.2012;0
355;06.30.2012;0
355;07.01.2012;0
355;07.02.2012;0
355;07.03.2012;0
355;07.04.2012;7.3
355;07.05.2012;0
355;07.06.2012;0
355;07.07.2012;0
355;07.08.2012;0
355;07.09.2012;0
355;07.10.2012;11.1
355;07.11.2012;8.6
355;07.12.2012;28.6
355;07.13.2012;0
355;07.14.2012;1.2
355;07.15.2012;23.7
355;07.16.2012;1.9
355;07.17.2012;0.1
355;07.18.2012;0
355;07.19.2012;0
355;07.20.2012;0.4
355;07.21.2012;0
355;07.22.2012;6.1
355;07.23.2012;0
355;07.24.2012;0
355;07.25.2012;33.5
355;07.26.2012;2.2
355;07.27.2012;1.3
355;07.28.2012;0
355;07.29.2012;0
355;07.30.2012;7.8
355;07.31.2012;0
355;08.01.2012;0
355;08.02.2012;0
355;08.03.2012;0
355;08.04.2012;0
355;08.05.2012;0
355;08.06.2012;0
355;08.07.2012;0
355;08.08.2012;0
355;08.09.2012;1.2
355;08.10.2012;0.2
355;08.11.2012;0
355;08.12.2012;2.4
355;08.13.2012;0
355;08.14.2012;0
355;08.15.2012;0
355;08.16.2012;0
355;08.17.2012;0
355;08.18.2012;0
355;08.19.2012;0
355;08.20.2012;0
355;08.21.2012;0
355;08.22.2012;0
355;08.23.2012;0
355;08.24.2012;0.1
355;08.25.2012;0
355;08.26.2012;0
355;08.27.2012;6
355;08.28.2012;0
355;08.29.2012;0
355;08.30.2012;0
355;08.31.2012;0
355;09.01.2012;4.2
355;09.02.2012;7.9
355;09.03.2012;0
355;09.04.2012;0
355;09.05.2012;0
355;09.06.2012;68.6
355;09.07.2012;0
355;09.08.2012;0
355;09.09.2012;0
355;09.10.2012;0
355;09.11.2012;0
355;09.12.2012;0
355;09.13.2012;41.7
355;09.14.2012;4.9
355;09.15.2012;0.1
355;09.16.2012;0
355;09.17.2012;0
355;09.18.2012;0
355;09.19.2012;0
355;09.20.2012;9.7
355;09.21.2012;0
355;09.22.2012;0
355;09.23.2012;0
355;09.24.2012;0
355;09.25.2012;12
355;09.26.2012;0
355;09.27.2012;0
355;09.28.2012;0
355;09.29.2012;0.1
355;09.30.2012;0.1
355;10.01.2012;0.3
355;10.02.2012;5.1
355;10.03.2012;0.7
355;10.04.2012;0
355;10.05.2012;0
355;10.06.2012;0
355;10.07.2012;0
355;10.08.2012;7.2
355;10.09.2012;0
355;10.10.2012;0.1
355;10.11.2012;1.1
355;10.12.2012;0
355;10.13.2012;1.5
355;10.14.2012;4
355;10.15.2012;0
355;10.16.2012;21.9
355;10.17.2012;12.4
355;10.18.2012;0
355;10.19.2012;0
355;10.20.2012;0
355;10.21.2012;0
355;10.22.2012;0
355;10.23.2012;0
355;10.24.2012;0.3
355;10.25.2012;0.6
355;10.26.2012;0
355;10.27.2012;14.8
355;10.28.2012;30.6
355;10.29.2012;9.8
355;10.30.2012;0
355;10.31.2012;0
355;11.01.2012;12.4
355;11.02.2012;3.8
355;11.03.2012;3
355;11.04.2012;0
355;11.05.2012;0
355;11.06.2012;33.8
355;11.07.2012;0.1
355;11.08.2012;0
355;11.09.2012;0
355;11.10.2012;0
355;11.11.2012;0
355;11.12.2012;2.2
355;11.13.2012;6.8
355;11.14.2012;0
355;11.15.2012;0
355;11.16.2012;0
355;11.17.2012;0
355;11.18.2012;0
355;11.19.2012;2.4
355;11.20.2012;1.4
355;11.21.2012;0.4
355;11.22.2012;0
355;11.23.2012;0.7
355;11.24.2012;0
355;11.25.2012;0
355;11.26.2012;0
355;11.27.2012;0
355;11.28.2012;0
355;11.29.2012;6.3
355;11.30.2012;2.8
355;12.01.2012;0.3
355;12.02.2012;0
355;12.03.2012;1.9
355;12.04.2012;0
355;12.05.2012;12.3
355;12.06.2012;0
355;12.07.2012;0
355;12.08.2012;5.7
355;12.09.2012;0.1
355;12.10.2012;0
355;12.11.2012;0
355;12.12.2012;0
355;12.13.2012;0
355;12.14.2012;0
355;12.15.2012;0
355;12.16.2012;5.4
355;12.17.2012;0
355;12.18.2012;0
355;12.19.2012;1.6
355;12.20.2012;0
355;12.21.2012;0
355;12.22.2012;0
355;12.23.2012;0
355;12.24.2012;0.3
355;12.25.2012;0
355;12.26.2012;0
355;12.27.2012;5.2
355;12.28.2012;0
355;12.29.2012;0
355;12.30.2012;0
355;12.31.2012;0
355;01.01.2013;0
355;01.02.2013;0
355;01.03.2013;0
355;01.04.2013;0
355;01.05.2013;1.1
355;01.06.2013;0.1
355;01.07.2013;2
355;01.08.2013;3.8
355;01.09.2013;0.9
355;01.10.2013;0.2
355;01.11.2013;0
355;01.12.2013;0
355;01.13.2013;0
355;01.14.2013;16.3
355;01.15.2013;12.9
355;01.16.2013;0.1
355;01.17.2013;12.7
355;01.18.2013;1.7
355;01.19.2013;7.9
355;01.20.2013;0
355;01.21.2013;0.7
355;01.22.2013;12.7
355;01.23.2013;2.5
355;01.24.2013;0
355;01.25.2013;1.2
355;01.26.2013;0
355;01.27.2013;0
355;01.28.2013;0
355;01.29.2013;1.5
355;01.30.2013;0.2
355;01.31.2013;0
355;02.01.2013;0
355;02.02.2013;0
355;02.03.2013;12.1
355;02.04.2013;0
355;02.05.2013;0
355;02.06.2013;6
355;02.07.2013;2.3
355;02.08.2013;0
355;02.09.2013;0
355;02.10.2013;0.3
355;02.11.2013;0.7
355;02.12.2013;7
355;02.13.2013;5.5
355;02.14.2013;11.7
355;02.15.2013;2.2
355;02.16.2013;0
355;02.17.2013;0
355;02.18.2013;0
355;02.19.2013;0
355;02.20.2013;0
355;02.21.2013;1.4
355;02.22.2013;2.2
355;02.23.2013;14.6
355;02.24.2013;11.5
355;02.25.2013;5.1
355;02.26.2013;19.4
355;02.27.2013;12.1
355;02.28.2013;0
355;03.01.2013;0
355;03.02.2013;0
355;03.03.2013;0
355;03.04.2013;0
355;03.05.2013;0
355;03.06.2013;0
355;03.07.2013;0.2
355;03.08.2013;0
355;03.09.2013;0
355;03.10.2013;9.6
355;03.11.2013;6.9
355;03.12.2013;0
355;03.13.2013;0.2
355;03.14.2013;3.8
355;03.15.2013;5.9
355;03.16.2013;0
355;03.17.2013;0
355;03.18.2013;0
355;03.19.2013;14.6
355;03.20.2013;0
355;03.21.2013;0.5
355;03.22.2013;0
355;03.23.2013;0
355;03.24.2013;1.7
355;03.25.2013;3.5
355;03.26.2013;10.9
355;03.27.2013;3.7
355;03.28.2013;0
355;03.29.2013;0.7
355;03.30.2013;5.2
355;03.31.2013;19.5
355;04.01.2013;4.8
355;04.02.2013;2.1
355;04.03.2013;15.2
355;04.04.2013;0.4
355;04.05.2013;0.4
355;04.06.2013;4.3
355;04.07.2013;0
355;04.08.2013;0
355;04.09.2013;0
355;04.10.2013;0
355;04.11.2013;0
355;04.12.2013;0
355;04.13.2013;1.4
355;04.14.2013;0.1
355;04.15.2013;0
355;04.16.2013;0
355;04.17.2013;0
355;04.18.2013;0
355;04.19.2013;0
355;04.20.2013;0
355;04.21.2013;0
355;04.22.2013;0
355;04.23.2013;0.8
355;04.24.2013;0
355;04.25.2013;0
355;04.26.2013;0
355;04.27.2013;0
355;04.28.2013;0
355;04.29.2013;0
355;04.30.2013;0
355;05.01.2013;0
355;05.02.2013;4.4
355;05.03.2013;10.4
355;05.04.2013;0
355;05.05.2013;3.6
355;05.06.2013;14.8
355;05.07.2013;3.2
355;05.08.2013;0
355;05.09.2013;0
355;05.10.2013;0
355;05.11.2013;1.4
355;05.12.2013;4.8
355;05.13.2013;3.5
355;05.14.2013;0
355;05.15.2013;0
355;05.16.2013;0
355;05.17.2013;0.7
355;05.18.2013;4.9
355;05.19.2013;0
355;05.20.2013;0
355;05.21.2013;0
355;05.22.2013;0
355;05.23.2013;0
355;05.24.2013;0
355;05.25.2013;0.2
355;05.26.2013;15.7
355;05.27.2013;0.4
355;05.28.2013;0
355;05.29.2013;0
355;05.30.2013;0.2
355;05.31.2013;22.1
355;06.01.2013;11.8
355;06.02.2013;0.7
355;06.03.2013;1.1
355;06.04.2013;0.3
355;06.05.2013;4.5
355;06.06.2013;0.1
355;06.07.2013;0
355;06.08.2013;0
355;06.09.2013;0
355;06.10.2013;0.1
355;06.11.2013;1.8
355;06.12.2013;2.7
355;06.13.2013;0
355;06.14.2013;0
355;06.15.2013;0
355;06.16.2013;0
355;06.17.2013;0
355;06.18.2013;0
355;06.19.2013;0
355;06.20.2013;0
355;06.21.2013;0
355;06.22.2013;0
355;06.23.2013;0
355;06.24.2013;22.5
355;06.25.2013;17.8
355;06.26.2013;2
355;06.27.2013;0
355;06.28.2013;0
355;06.29.2013;0.3
355;06.30.2013;0.3
355;07.01.2013;0
355;07.02.2013;0
355;07.03.2013;0
355;07.04.2013;0
355;07.05.2013;0
355;07.06.2013;0.1
355;07.07.2013;12.1
355;07.08.2013;0
355;07.09.2013;0
355;07.10.2013;0
355;07.11.2013;0.7
355;07.12.2013;1.9
355;07.13.2013;0
355;07.14.2013;0
355;07.15.2013;0
355;07.16.2013;0
355;07.17.2013;0
355;07.18.2013;0
355;07.19.2013;0
355;07.20.2013;0
355;07.21.2013;0
355;07.22.2013;0
355;07.23.2013;0
355;07.24.2013;0
355;07.25.2013;0
355;07.26.2013;0
355;07.27.2013;0
355;07.28.2013;0
355;07.29.2013;0
355;07.30.2013;0
355;07.31.2013;0
355;08.01.2013;0
355;08.02.2013;0
355;08.03.2013;0
355;08.04.2013;0
355;08.05.2013;0
355;08.06.2013;0
355;08.07.2013;0
355;08.08.2013;0
355;08.09.2013;0
355;08.10.2013;37.8
355;08.11.2013;0.6
355;08.12.2013;0
355;08.13.2013;0
355;08.14.2013;11
355;08.15.2013;3.1
355;08.16.2013;0
355;08.17.2013;0
355;08.18.2013;0
355;08.19.2013;0
355;08.20.2013;0.7
355;08.21.2013;2.2
355;08.22.2013;0
355;08.23.2013;0
355;08.24.2013;12
355;08.25.2013;11.8
355;08.26.2013;3.2
355;08.27.2013;3.8
355;08.28.2013;23.9
355;08.29.2013;2.7
355;08.30.2013;0
355;08.31.2013;0
355;09.01.2013;0
355;09.02.2013;13.7
355;09.03.2013;0
355;09.04.2013;0
355;09.05.2013;0
355;09.06.2013;0
355;09.07.2013;0
355;09.08.2013;0
355;09.09.2013;2.9
355;09.10.2013;17.7
355;09.11.2013;20.5
355;09.12.2013;0.8
355;09.13.2013;0
355;09.14.2013;0
355;09.15.2013;0
355;09.16.2013;0
355;09.17.2013;13.9
355;09.18.2013;10.2
355;09.19.2013;0.6
355;09.20.2013;0
355;09.21.2013;0
355;09.22.2013;0
355;09.23.2013;0
355;09.24.2013;0
355;09.25.2013;0
355;09.26.2013;0
355;09.27.2013;0.6
355;09.28.2013;0.8
355;09.29.2013;0.3
355;09.30.2013;30.3
355;10.01.2013;10.2
355;10.02.2013;0.1
355;10.03.2013;0
355;10.04.2013;0
355;10.05.2013;0
355;10.06.2013;3.2
355;10.07.2013;7.3
355;10.08.2013;0
355;10.09.2013;0
355;10.10.2013;0
355;10.11.2013;0.2
355;10.12.2013;5
355;10.13.2013;1.4
355;10.14.2013;0
355;10.15.2013;0
355;10.16.2013;3.5
355;10.17.2013;0.6
355;10.18.2013;0
355;10.19.2013;0
355;10.20.2013;0
355;10.21.2013;0
355;10.22.2013;0
355;10.23.2013;0
355;10.24.2013;0
355;10.25.2013;0.2
355;10.26.2013;0
355;10.27.2013;0
355;10.28.2013;0
355;10.29.2013;0
355;10.30.2013;3.3
355;10.31.2013;0
355;11.01.2013;0
355;11.02.2013;0
355;11.03.2013;1
355;11.04.2013;18.5
355;11.05.2013;10.3
355;11.06.2013;18.3
355;11.07.2013;0
355;11.08.2013;0
355;11.09.2013;0
355;11.10.2013;38.7
355;11.11.2013;12
355;11.12.2013;4.5
355;11.13.2013;0
355;11.14.2013;1.5
355;11.15.2013;1.5
355;11.16.2013;0
355;11.17.2013;0
355;11.18.2013;0
355;11.19.2013;0
355;11.20.2013;3.5
355;11.21.2013;12.4
355;11.22.2013;0.2
355;11.23.2013;10.6
355;11.24.2013;17.4
355;11.25.2013;7.3
355;11.26.2013;0
355;11.27.2013;0
355;11.28.2013;0
355;11.29.2013;0
355;11.30.2013;0
355;12.01.2013;0
355;12.02.2013;0
355;12.03.2013;0
355;12.04.2013;0
355;12.05.2013;0
355;12.06.2013;0
355;12.07.2013;0
355;12.08.2013;0
355;12.09.2013;0
355;12.10.2013;0
355;12.11.2013;0
355;12.12.2013;0
355;12.13.2013;0
355;12.14.2013;0
355;12.15.2013;0
355;12.16.2013;0
355;12.17.2013;0
355;12.18.2013;0
355;12.19.2013;0
355;12.20.2013;0
355;12.21.2013;0
355;12.22.2013;0.1
355;12.23.2013;0
355;12.24.2013;0
355;12.25.2013;0
355;12.26.2013;0.1
355;12.27.2013;9.3
355;12.28.2013;0.6
355;12.29.2013;0
355;12.30.2013;3.5
355;12.31.2013;0.5
355;01.01.2014;0.7
355;01.02.2014;0
355;01.03.2014;0
355;01.04.2014;0
355;01.05.2014;0.5
355;01.06.2014;5.3
355;01.07.2014;0
355;01.08.2014;0.3
355;01.09.2014;0
355;01.10.2014;0
355;01.11.2014;0
355;01.12.2014;0
355;01.13.2014;0
355;01.14.2014;0
355;01.15.2014;3
355;01.16.2014;0
355;01.17.2014;0
355;01.18.2014;0
355;01.19.2014;0
355;01.20.2014;2.2
355;01.21.2014;0.4
355;01.22.2014;0
355;01.23.2014;0.1
355;01.24.2014;2.9
355;01.25.2014;10
355;01.26.2014;0
355;01.27.2014;0.7
355;01.28.2014;0.9
355;01.29.2014;2.9
355;01.30.2014;0.5
355;01.31.2014;3.4
355;02.01.2014;2
355;02.02.2014;6.4
355;02.03.2014;6.8
355;02.04.2014;0
355;02.05.2014;0
355;02.06.2014;0
355;02.07.2014;0
355;02.08.2014;7.5
355;02.09.2014;0.2
355;02.10.2014;14.6
355;02.11.2014;2.3
355;02.12.2014;28.2
355;02.13.2014;5
355;02.14.2014;8
355;02.15.2014;0
355;02.16.2014;0
355;02.17.2014;15.1
355;02.18.2014;6.6
355;02.19.2014;0
355;02.20.2014;8.8
355;02.21.2014;0
355;02.22.2014;0
355;02.23.2014;4
355;02.24.2014;0.7
355;02.25.2014;0
355;02.26.2014;0
355;02.27.2014;0
355;02.28.2014;0
355;03.01.2014;0
355;03.02.2014;0
355;03.03.2014;0
355;03.04.2014;0.7
355;03.05.2014;0.7
355;03.06.2014;0
355;03.07.2014;0
355;03.08.2014;0
355;03.09.2014;0
355;03.10.2014;0
355;03.11.2014;0
355;03.12.2014;0
355;03.13.2014;0
355;03.14.2014;0
355;03.15.2014;0
355;03.16.2014;0
355;03.17.2014;0
355;03.18.2014;0
355;03.19.2014;0
355;03.20.2014;0
355;03.21.2014;0
355;03.22.2014;0
355;03.23.2014;0
355;03.24.2014;3.8
355;03.25.2014;0
355;03.26.2014;0.1
355;03.27.2014;0
355;03.28.2014;0.1
355;03.29.2014;0
355;03.30.2014;0
355;03.31.2014;0
355;04.01.2014;0
355;04.02.2014;0
355;04.03.2014;0
355;04.04.2014;0
355;04.05.2014;0
355;04.06.2014;0
355;04.07.2014;8.2
355;04.08.2014;0
355;04.09.2014;9.4
355;04.10.2014;0
355;04.11.2014;1
355;04.12.2014;0
355;04.13.2014;0
355;04.14.2014;0
355;04.15.2014;1.1
355;04.16.2014;0
355;04.17.2014;0.2
355;04.18.2014;0
355;04.19.2014;0
355;04.20.2014;4.4
355;04.21.2014;4.7
355;04.22.2014;10.5
355;04.23.2014;0
355;04.24.2014;0
355;04.25.2014;3.3
355;04.26.2014;3.8
355;04.27.2014;0
355;04.28.2014;0
355;04.29.2014;0.1
355;04.30.2014;1
355;05.01.2014;2.3
355;05.02.2014;0
355;05.03.2014;0.4
355;05.04.2014;0
355;05.05.2014;0
355;05.06.2014;0
355;05.07.2014;0
355;05.08.2014;8.2
355;05.09.2014;0
355;05.10.2014;6.6
355;05.11.2014;0
355;05.12.2014;28.8
355;05.13.2014;3.9
355;05.14.2014;13.9
355;05.15.2014;0
355;05.16.2014;12.2
355;05.17.2014;7.8
355;05.18.2014;1.3
355;05.19.2014;0.2
355;05.20.2014;0
355;05.21.2014;0
355;05.22.2014;0
355;05.23.2014;0
355;05.24.2014;4.1
355;05.25.2014;0
355;05.26.2014;0
355;05.27.2014;2.6
355;05.28.2014;0.1
355;05.29.2014;0
355;05.30.2014;0
355;05.31.2014;0
355;06.01.2014;0.1
355;06.02.2014;0
355;06.03.2014;0.9
355;06.04.2014;2.6
355;06.05.2014;0
355;06.06.2014;0
355;06.07.2014;0
355;06.08.2014;0
355;06.09.2014;0
355;06.10.2014;0
355;06.11.2014;0
355;06.12.2014;0
355;06.13.2014;1.2
355;06.14.2014;1.2
355;06.15.2014;0
355;06.16.2014;0
355;06.17.2014;0
355;06.18.2014;0
355;06.19.2014;0
355;06.20.2014;0
355;06.21.2014;1.3
355;06.22.2014;0
355;06.23.2014;0
355;06.24.2014;5.7
355;06.25.2014;14.6
355;06.26.2014;10.5
355;06.27.2014;0
355;06.28.2014;0
355;06.29.2014;0
355;06.30.2014;28.4
355;07.01.2014;5
355;07.02.2014;0
355;07.03.2014;12
355;07.04.2014;0
355;07.05.2014;0
355;07.06.2014;0
355;07.07.2014;0
355;07.08.2014;0
355;07.09.2014;0.4
355;07.10.2014;8.7
355;07.11.2014;13.9
355;07.12.2014;0.4
355;07.13.2014;0
355;07.14.2014;0
355;07.15.2014;3
355;07.16.2014;0
355;07.17.2014;0
355;07.18.2014;0.2
355;07.19.2014;0
355;07.20.2014;0
355;07.21.2014;0
355;07.22.2014;0.1
355;07.23.2014;11.4
355;07.24.2014;0.7
355;07.25.2014;0
355;07.26.2014;1.1
355;07.27.2014;2.1
355;07.28.2014;14.2
355;07.29.2014;4.9
355;07.30.2014;0
355;07.31.2014;44.3
355;08.01.2014;0.1
355;08.02.2014;0
355;08.03.2014;0
355;08.04.2014;0
355;08.05.2014;5.7
355;08.06.2014;0.8
355;08.07.2014;0
355;08.08.2014;0
355;08.09.2014;0
355;08.10.2014;15.7
355;08.11.2014;0
355;08.12.2014;0.1
355;08.13.2014;5
355;08.14.2014;33.5
355;08.15.2014;34.5
355;08.16.2014;0.5
355;08.17.2014;0.3
355;08.18.2014;0
355;08.19.2014;0
355;08.20.2014;0.8
355;08.21.2014;28
355;08.22.2014;0
355;08.23.2014;0
355;08.24.2014;4.8
355;08.25.2014;10.8
355;08.26.2014;0
355;08.27.2014;2
355;08.28.2014;3.4
355;08.29.2014;0
355;08.30.2014;0
355;08.31.2014;0
355;09.01.2014;50
355;09.02.2014;7.6
355;09.03.2014;21
355;09.04.2014;14.1
355;09.05.2014;0.3
355;09.06.2014;9.6
355;09.07.2014;1.2
355;09.08.2014;0.6
355;09.09.2014;0
355;09.10.2014;3.4
355;09.11.2014;4.8
355;09.12.2014;25.6
355;09.13.2014;34.3
355;09.14.2014;98.1
355;09.15.2014;1.6
355;09.16.2014;3.8
355;09.17.2014;1.9
355;09.18.2014;0
355;09.19.2014;0
355;09.20.2014;0
355;09.21.2014;0
355;09.22.2014;29.4
355;09.23.2014;0
355;09.24.2014;0
355;09.25.2014;0
355;09.26.2014;1.2
355;09.27.2014;1.4
355;09.28.2014;0
355;09.29.2014;0
355;09.30.2014;0
355;10.01.2014;0
355;10.02.2014;1.2
355;10.03.2014;0.1
355;10.04.2014;0
355;10.05.2014;0.2
355;10.06.2014;0
355;10.07.2014;0
355;10.08.2014;0
355;10.09.2014;0
355;10.10.2014;0
355;10.11.2014;0
355;10.12.2014;0
355;10.13.2014;0
355;10.14.2014;0
355;10.15.2014;0.4
355;10.16.2014;0
355;10.17.2014;0
355;10.18.2014;0.1
355;10.19.2014;0
355;10.20.2014;0
355;10.21.2014;0
355;10.22.2014;48.6
355;10.23.2014;2.7
355;10.24.2014;7.1
355;10.25.2014;0.2
355;10.26.2014;0
355;10.27.2014;0
355;10.28.2014;0
355;10.29.2014;0
355;10.30.2014;0
355;10.31.2014;0
355;11.01.2014;0
355;11.02.2014;0
355;11.03.2014;0
355;11.04.2014;0
355;11.05.2014;0
355;11.06.2014;4.4
355;11.07.2014;1.5
355;11.08.2014;2
355;11.09.2014;0.9
355;11.10.2014;0
355;11.11.2014;0
355;11.12.2014;0
355;11.13.2014;0.6
355;11.14.2014;0.6
355;11.15.2014;0
355;11.16.2014;0
355;11.17.2014;0
355;11.18.2014;19.2
355;11.19.2014;0
355;11.20.2014;0
355;11.21.2014;0
355;11.22.2014;0
355;11.23.2014;0
355;11.24.2014;0
355;11.25.2014;0
355;11.26.2014;0.1
355;11.27.2014;0
355;11.28.2014;0
355;11.29.2014;0
355;11.30.2014;0.5
355;12.01.2014;1.6
355;12.02.2014;7.5
355;12.03.2014;2.3
355;12.04.2014;1.5
355;12.05.2014;1.5
355;12.06.2014;0.4
355;12.07.2014;19.7
355;12.08.2014;13.4
355;12.09.2014;0
355;12.10.2014;0
355;12.11.2014;0
355;12.12.2014;0
355;12.13.2014;0
355;12.14.2014;0
355;12.15.2014;0
355;12.16.2014;0
355;12.17.2014;4.8
355;12.18.2014;0
355;12.19.2014;0
355;12.20.2014;0
355;12.21.2014;0
355;12.22.2014;0
355;12.23.2014;0
355;12.24.2014;0
355;12.25.2014;0
355;12.26.2014;0.9
355;12.27.2014;0
355;12.28.2014;8.3
355;12.29.2014;0.4
355;12.30.2014;0
355;12.31.2014;0
355;01.01.2015;0
355;01.02.2015;0
355;01.03.2015;0.8
355;01.04.2015;0.8
355;01.05.2015;0.1
355;01.06.2015;0
355;01.07.2015;0
355;01.08.2015;0
355;01.09.2015;0
355;01.10.2015;0
355;01.11.2015;0
355;01.12.2015;6.1
355;01.13.2015;0
355;01.14.2015;0
355;01.15.2015;0.2
355;01.16.2015;0
355;01.17.2015;0
355;01.18.2015;0.2
355;01.19.2015;0
355;01.20.2015;0
355;01.21.2015;1.1
355;01.22.2015;1.5
355;01.23.2015;0.1
355;01.24.2015;11
355;01.25.2015;1.1
355;01.26.2015;0
355;01.27.2015;0
355;01.28.2015;0
355;01.29.2015;0
355;01.30.2015;0.2
355;01.31.2015;13
355;02.01.2015;0
355;02.02.2015;4.4
355;02.03.2015;0
355;02.04.2015;0.9
355;02.05.2015;0
355;02.06.2015;0.4
355;02.07.2015;0
355;02.08.2015;0
355;02.09.2015;0.1
355;02.10.2015;1.2
355;02.11.2015;0
355;02.12.2015;0
355;02.13.2015;0
355;02.14.2015;0
355;02.15.2015;0
355;02.16.2015;0
355;02.17.2015;0
355;02.18.2015;0
355;02.19.2015;0
355;02.20.2015;0
355;02.21.2015;0
355;02.22.2015;0
355;02.23.2015;13.9
355;02.24.2015;2.2
355;02.25.2015;17.2
355;02.26.2015;0.1
355;02.27.2015;0
355;02.28.2015;0
355;03.01.2015;0
355;03.02.2015;0
355;03.03.2015;3.2
355;03.04.2015;0
355;03.05.2015;0
355;03.06.2015;0
355;03.07.2015;0
355;03.08.2015;0
355;03.09.2015;0
355;03.10.2015;0
355;03.11.2015;0
355;03.12.2015;0
355;03.13.2015;0
355;03.14.2015;0
355;03.15.2015;0
355;03.16.2015;0
355;03.17.2015;0
355;03.18.2015;0
355;03.19.2015;0
355;03.20.2015;0
355;03.21.2015;0
355;03.22.2015;0
355;03.23.2015;0
355;03.24.2015;0
355;03.25.2015;0
355;03.26.2015;6.2
355;03.27.2015;4.4
355;03.28.2015;7.1
355;03.29.2015;0
355;03.30.2015;0
355;03.31.2015;1.6
355;04.01.2015;0.9
355;04.02.2015;0
355;04.03.2015;0.2
355;04.04.2015;0
355;04.05.2015;0
355;04.06.2015;0
355;04.07.2015;0
355;04.08.2015;0
355;04.09.2015;0.3
355;04.10.2015;0
355;04.11.2015;0
355;04.12.2015;0.4
355;04.13.2015;0
355;04.14.2015;0
355;04.15.2015;0
355;04.16.2015;0
355;04.17.2015;0
355;04.18.2015;9
355;04.19.2015;0
355;04.20.2015;0
355;04.21.2015;0
355;04.22.2015;0
355;04.23.2015;0
355;04.24.2015;0
355;04.25.2015;0
355;04.26.2015;0
355;04.27.2015;0
355;04.28.2015;0
355;04.29.2015;6.2
355;04.30.2015;0
355;05.01.2015;0
355;05.02.2015;3.4
355;05.03.2015;5.6
355;05.04.2015;0.3
355;05.05.2015;0
355;05.06.2015;0
355;05.07.2015;0
355;05.08.2015;0
355;05.09.2015;0
355;05.10.2015;5.4
355;05.11.2015;0
355;05.12.2015;0
355;05.13.2015;0
355;05.14.2015;15.2
355;05.15.2015;2.3
355;05.16.2015;7.6
355;05.17.2015;0
355;05.18.2015;0
355;05.19.2015;0
355;05.20.2015;0
355;05.21.2015;5.1
355;05.22.2015;2.4
355;05.23.2015;64.9
355;05.24.2015;4.2
355;05.25.2015;0
355;05.26.2015;0
355;05.27.2015;0.1
355;05.28.2015;0
355;05.29.2015;0
355;05.30.2015;0
355;05.31.2015;6.2
355;06.01.2015;0
355;06.02.2015;0.4
355;06.03.2015;0
355;06.04.2015;0
355;06.05.2015;0
355;06.06.2015;0
355;06.07.2015;0
355;06.08.2015;0
355;06.09.2015;0
355;06.10.2015;0
355;06.11.2015;0
355;06.12.2015;0
355;06.13.2015;0
355;06.14.2015;0
355;06.15.2015;0.3
355;06.16.2015;8
355;06.17.2015;0.3
355;06.18.2015;0
355;06.19.2015;0
355;06.20.2015;2.1
355;06.21.2015;22.5
355;06.22.2015;0
355;06.23.2015;0
355;06.24.2015;27.6
355;06.25.2015;0.7
355;06.26.2015;0
355;06.27.2015;0
355;06.28.2015;10.1
355;06.29.2015;0
355;06.30.2015;0
355;07.01.2015;0
355;07.02.2015;0
355;07.03.2015;0
355;07.04.2015;0
355;07.05.2015;0
355;07.06.2015;0
355;07.07.2015;0
355;07.08.2015;0
355;07.09.2015;63.1
355;07.10.2015;0.8
355;07.11.2015;0
355;07.12.2015;0.9
355;07.13.2015;2.2
355;07.14.2015;1.2
355;07.15.2015;0
355;07.16.2015;0
355;07.17.2015;0
355;07.18.2015;0
355;07.19.2015;0
355;07.20.2015;0
355;07.21.2015;0
355;07.22.2015;0
355;07.23.2015;0
355;07.24.2015;0
355;07.25.2015;10.9
355;07.26.2015;25
355;07.27.2015;0.4
355;07.28.2015;2.5
355;07.29.2015;0.5
355;07.30.2015;4.9
355;07.31.2015;1.5
355;08.01.2015;0
355;08.02.2015;0.5
355;08.03.2015;0
355;08.04.2015;0
355;08.05.2015;0
355;08.06.2015;0
355;08.07.2015;0
355;08.08.2015;0
355;08.09.2015;0
355;08.10.2015;0
355;08.11.2015;0
355;08.12.2015;0
355;08.13.2015;0
355;08.14.2015;0
355;08.15.2015;0
355;08.16.2015;2.5
355;08.17.2015;13.9
355;08.18.2015;2.2
355;08.19.2015;0.2
355;08.20.2015;0.1
355;08.21.2015;1.7
355;08.22.2015;0
355;08.23.2015;0
355;08.24.2015;0
355;08.25.2015;0
355;08.26.2015;0
355;08.27.2015;0
355;08.28.2015;0
355;08.29.2015;0
355;08.30.2015;0
355;08.31.2015;0
355;09.01.2015;0
355;09.02.2015;0
355;09.03.2015;0.2
355;09.04.2015;2.2
355;09.05.2015;11.1
355;09.06.2015;12.6
355;09.07.2015;1.9
355;09.08.2015;0
355;09.09.2015;0
355;09.10.2015;0
355;09.11.2015;0.6
355;09.12.2015;0
355;09.13.2015;0
355;09.14.2015;0
355;09.15.2015;0
355;09.16.2015;1.9
355;09.17.2015;0
355;09.18.2015;0
355;09.19.2015;0.4
355;09.20.2015;2.2
355;09.21.2015;0
355;09.22.2015;0
355;09.23.2015;0
355;09.24.2015;0
355;09.25.2015;22.2
355;09.26.2015;35.2
355;09.27.2015;0
355;09.28.2015;0
355;09.29.2015;0
355;09.30.2015;0
355;10.01.2015;0
355;10.02.2015;0
355;10.03.2015;0
355;10.04.2015;0
355;10.05.2015;1.3
355;10.06.2015;0
355;10.07.2015;9.6
355;10.08.2015;2.1
355;10.09.2015;3.1
355;10.10.2015;0.5
355;10.11.2015;14.9
355;10.12.2015;13.7
355;10.13.2015;0
355;10.14.2015;12.4
355;10.15.2015;24.1
355;10.16.2015;32.1
355;10.17.2015;2.5
355;10.18.2015;0.4
355;10.19.2015;1.3
355;10.20.2015;24.4
355;10.21.2015;0
355;10.22.2015;0
355;10.23.2015;0
355;10.24.2015;0
355;10.25.2015;0
355;10.26.2015;0
355;10.27.2015;0
355;10.28.2015;0
355;10.29.2015;0.5
355;10.30.2015;0.1
355;10.31.2015;0
355;11.01.2015;0
355;11.02.2015;0
355;11.03.2015;0
355;11.04.2015;0
355;11.05.2015;0
355;11.06.2015;0
355;11.07.2015;0
355;11.08.2015;0
355;11.09.2015;0
355;11.10.2015;0
355;11.11.2015;0
355;11.12.2015;0
355;11.13.2015;0
355;11.14.2015;0
355;11.15.2015;0
355;11.16.2015;0
355;11.17.2015;0
355;11.18.2015;0
355;11.19.2015;0
355;11.20.2015;0
355;11.21.2015;8.5
355;11.22.2015;1.9
355;11.23.2015;0
355;11.24.2015;0
355;11.25.2015;0
355;11.26.2015;0
355;11.27.2015;0
355;11.28.2015;0
355;11.29.2015;0
355;11.30.2015;0
355;12.01.2015;0
355;12.02.2015;0
355;12.03.2015;0
355;12.04.2015;0
355;12.05.2015;0
355;12.06.2015;0
355;12.07.2015;0
355;12.08.2015;0
355;12.09.2015;0
355;12.10.2015;0.4
355;12.11.2015;0
355;12.12.2015;0
355;12.13.2015;0
355;12.14.2015;0
355;12.15.2015;0
355;12.16.2015;0.3
355;12.17.2015;0
355;12.18.2015;0
355;12.19.2015;0
355;12.20.2015;0
355;12.21.2015;0
355;12.22.2015;0
355;12.23.2015;0
355;12.24.2015;0
355;12.25.2015;0
355;12.26.2015;0
355;12.27.2015;0
355;12.28.2015;0
355;12.29.2015;0
355;12.30.2015;0
355;12.31.2015;0
355;01.01.2016;0
355;01.02.2016;0
355;01.03.2016;2.5
355;01.04.2016;0.7
355;01.05.2016;1.5
355;01.06.2016;0.7
355;01.07.2016;4
355;01.08.2016;0
355;01.09.2016;0.3
355;01.10.2016;2.6
355;01.11.2016;0
355;01.12.2016;21.5
355;01.13.2016;0
355;01.14.2016;0
355;01.15.2016;0
355;01.16.2016;0
355;01.17.2016;0
355;01.18.2016;0
355;01.19.2016;0
355;01.20.2016;0
355;01.21.2016;0
355;01.22.2016;0
355;01.23.2016;0
355;01.24.2016;0.1
355;01.25.2016;0
355;01.26.2016;0.7
355;01.27.2016;0
355;01.28.2016;0
355;01.29.2016;0
355;01.30.2016;0
355;01.31.2016;0
355;02.01.2016;0
355;02.02.2016;0
355;02.03.2016;0
355;02.04.2016;12.9
355;02.05.2016;0
355;02.06.2016;0
355;02.07.2016;0
355;02.08.2016;0
355;02.09.2016;0
355;02.10.2016;17.5
355;02.11.2016;14.8
355;02.12.2016;0
355;02.13.2016;10.8
355;02.14.2016;6.9
355;02.15.2016;9.3
355;02.16.2016;12
355;02.17.2016;1.6
355;02.18.2016;0.4
355;02.19.2016;15.1
355;02.20.2016;2.6
355;02.21.2016;0
355;02.22.2016;0
355;02.23.2016;0
355;02.24.2016;2.5
355;02.25.2016;0
355;02.26.2016;0.3
355;02.27.2016;0
355;02.28.2016;0
355;02.29.2016;2.2
355;03.01.2016;6.6
355;03.02.2016;0
355;03.03.2016;0.4
355;03.04.2016;10.9
355;03.05.2016;0
355;03.06.2016;0
355;03.07.2016;2.9
355;03.08.2016;8.8
355;03.09.2016;0
355;03.10.2016;0
355;03.11.2016;0.7
355;03.12.2016;4.6
355;03.13.2016;0
355;03.14.2016;0
355;03.15.2016;0
355;03.16.2016;2.1
355;03.17.2016;0
355;03.18.2016;0
355;03.19.2016;0
355;03.20.2016;0
355;03.21.2016;0
355;03.22.2016;0.8
355;03.23.2016;0.1
355;03.24.2016;0
355;03.25.2016;0
355;03.26.2016;0
355;03.27.2016;0
355;03.28.2016;0
355;03.29.2016;0
355;03.30.2016;0
355;03.31.2016;0
355;04.01.2016;0
355;04.02.2016;0
355;04.03.2016;0
355;04.04.2016;0
355;04.05.2016;0
355;04.06.2016;0
355;04.07.2016;0
355;04.08.2016;0
355;04.09.2016;10.4
355;04.10.2016;0
355;04.11.2016;0
355;04.12.2016;0
355;04.13.2016;0
355;04.14.2016;0
355;04.15.2016;1.2
355;04.16.2016;0
355;04.17.2016;0
355;04.18.2016;0
355;04.19.2016;0.3
355;04.20.2016;0
355;04.21.2016;0
355;04.22.2016;0
355;04.23.2016;0
355;04.24.2016;5.9
355;04.25.2016;0
355;04.26.2016;0
355;04.27.2016;0
355;04.28.2016;19.2
355;04.29.2016;0
355;04.30.2016;0
355;05.01.2016;0
355;05.02.2016;44.3
355;05.03.2016;6.2
355;05.04.2016;2.8
355;05.05.2016;1.4
355;05.06.2016;0
355;05.07.2016;0
355;05.08.2016;0
355;05.09.2016;0.4
355;05.10.2016;0
355;05.11.2016;0.5
355;05.12.2016;2.5
355;05.13.2016;11.2
355;05.14.2016;3.5
355;05.15.2016;13.3
355;05.16.2016;0.9
355;05.17.2016;1.1
355;05.18.2016;0.1
355;05.19.2016;0
355;05.20.2016;0
355;05.21.2016;0
355;05.22.2016;0
355;05.23.2016;0
355;05.24.2016;21.1
355;05.25.2016;12.8
355;05.26.2016;0.4
355;05.27.2016;0
355;05.28.2016;0
355;05.29.2016;0
355;05.30.2016;0.9
355;05.31.2016;0
355;06.01.2016;0
355;06.02.2016;0
355;06.03.2016;4.4
355;06.04.2016;10
355;06.05.2016;19.7
355;06.06.2016;0
355;06.07.2016;0
355;06.08.2016;0
355;06.09.2016;0
355;06.10.2016;3.6
355;06.11.2016;0.6
355;06.12.2016;2.3
355;06.13.2016;10.3
355;06.14.2016;0.6
355;06.15.2016;1.9
355;06.16.2016;2.7
355;06.17.2016;0
355;06.18.2016;0
355;06.19.2016;0
355;06.20.2016;33.4
355;06.21.2016;12.2
355;06.22.2016;0
355;06.23.2016;0
355;06.24.2016;0
355;06.25.2016;0
355;06.26.2016;6.7
355;06.27.2016;0
355;06.28.2016;1.9
355;06.29.2016;0
355;06.30.2016;0
355;07.01.2016;0
355;07.02.2016;0
355;07.03.2016;0
355;07.04.2016;0
355;07.05.2016;0
355;07.06.2016;0.3
355;07.07.2016;4.7
355;07.08.2016;0
355;07.09.2016;0
355;07.10.2016;0
355;07.11.2016;0
355;07.12.2016;0
355;07.13.2016;0
355;07.14.2016;55.8
355;07.15.2016;0
355;07.16.2016;0
355;07.17.2016;3.9
355;07.18.2016;0
355;07.19.2016;0.3
355;07.20.2016;0
355;07.21.2016;0
355;07.22.2016;9.6
355;07.23.2016;0
355;07.24.2016;0
355;07.25.2016;0
355;07.26.2016;0
355;07.27.2016;1.1
355;07.28.2016;5.5
355;07.29.2016;0.7
355;07.30.2016;0
355;07.31.2016;0
355;08.01.2016;6.3
355;08.02.2016;0
355;08.03.2016;0
355;08.04.2016;0
355;08.05.2016;0
355;08.06.2016;7.3
355;08.07.2016;0
355;08.08.2016;0
355;08.09.2016;0
355;08.10.2016;0.7
355;08.11.2016;19.3
355;08.12.2016;0
355;08.13.2016;0
355;08.14.2016;0
355;08.15.2016;0
355;08.16.2016;6.2
355;08.17.2016;0.7
355;08.18.2016;0
355;08.19.2016;0
355;08.20.2016;3
355;08.21.2016;0
355;08.22.2016;9.2
355;08.23.2016;0.2
355;08.24.2016;0
355;08.25.2016;0
355;08.26.2016;0
355;08.27.2016;0
355;08.28.2016;0
355;08.29.2016;0
355;08.30.2016;0.2
355;08.31.2016;0
355;09.01.2016;0
355;09.02.2016;0
355;09.03.2016;0.2
355;09.04.2016;0
355;09.05.2016;12.8
355;09.06.2016;2.3
355;09.07.2016;9
355;09.08.2016;0
355;09.09.2016;0
355;09.10.2016;0
355;09.11.2016;0
355;09.12.2016;0
355;09.13.2016;0
355;09.14.2016;0
355;09.15.2016;0
355;09.16.2016;0
355;09.17.2016;3.1
355;09.18.2016;0.3
355;09.19.2016;0.2
355;09.20.2016;0
355;09.21.2016;0
355;09.22.2016;0
355;09.23.2016;0
355;09.24.2016;0
355;09.25.2016;0
355;09.26.2016;0
355;09.27.2016;0
355;09.28.2016;0
355;09.29.2016;0
355;09.30.2016;0
355;10.01.2016;0
355;10.02.2016;0
355;10.03.2016;7.9
355;10.04.2016;1.8
355;10.05.2016;3
355;10.06.2016;0
355;10.07.2016;0
355;10.08.2016;0
355;10.09.2016;0.3
355;10.10.2016;0
355;10.11.2016;11.5
355;10.12.2016;0.3
355;10.13.2016;0
355;10.14.2016;0
355;10.15.2016;0
355;10.16.2016;4
355;10.17.2016;0
355;10.18.2016;0.2
355;10.19.2016;1.9
355;10.20.2016;11.6
355;10.21.2016;15.8
355;10.22.2016;0.6
355;10.23.2016;0
355;10.24.2016;0
355;10.25.2016;0
355;10.26.2016;19.7
355;10.27.2016;0
355;10.28.2016;0
355;10.29.2016;0
355;10.30.2016;0
355;10.31.2016;0
355;11.01.2016;0
355;11.02.2016;0
355;11.03.2016;2.6
355;11.04.2016;0
355;11.05.2016;0
355;11.06.2016;1.8
355;11.07.2016;35.6
355;11.08.2016;2.2
355;11.09.2016;8.6
355;11.10.2016;0
355;11.11.2016;0
355;11.12.2016;28.7
355;11.13.2016;5.5
355;11.14.2016;0
355;11.15.2016;0
355;11.16.2016;0
355;11.17.2016;1.1
355;11.18.2016;0.2
355;11.19.2016;0.1
355;11.20.2016;4.9
355;11.21.2016;0
355;11.22.2016;0
355;11.23.2016;0
355;11.24.2016;0
355;11.25.2016;0
355;11.26.2016;0
355;11.27.2016;0.2
355;11.28.2016;0
355;11.29.2016;0
355;11.30.2016;0
355;12.01.2016;0
355;12.02.2016;0
355;12.03.2016;0
355;12.04.2016;0
355;12.05.2016;0
355;12.06.2016;0
355;12.07.2016;0
355;12.08.2016;0
355;12.09.2016;0
355;12.10.2016;0
355;12.11.2016;0
355;12.12.2016;0
355;12.13.2016;0
355;12.14.2016;0
355;12.15.2016;0
355;12.16.2016;0
355;12.17.2016;0
355;12.18.2016;0
355;12.19.2016;0
355;12.20.2016;0
355;12.21.2016;0
355;12.22.2016;0
355;12.23.2016;0
355;12.24.2016;0
355;12.25.2016;0
355;12.26.2016;0
355;12.27.2016;0
355;12.28.2016;0
355;12.29.2016;2.2
355;12.30.2016;0
355;12.31.2016;0
355;01.01.2017;0
355;01.02.2017;0
355;01.03.2017;0
355;01.04.2017;0
355;01.05.2017;0
355;01.06.2017;0.3
355;01.07.2017;0
355;01.08.2017;0
355;01.09.2017;0.1
355;01.10.2017;0.2
355;01.11.2017;0
355;01.12.2017;0
355;01.13.2017;0
355;01.14.2017;22.7
355;01.15.2017;0
355;01.16.2017;0
355;01.17.2017;0
355;01.18.2017;0
355;01.19.2017;0
355;01.20.2017;0
355;01.21.2017;0
355;01.22.2017;0
355;01.23.2017;0
355;01.24.2017;0
355;01.25.2017;0
355;01.26.2017;0
355;01.27.2017;0
355;01.28.2017;0
355;01.29.2017;0
355;01.30.2017;0
355;01.31.2017;0
355;02.01.2017;1.8
355;02.02.2017;0
355;02.03.2017;0
355;02.04.2017;0
355;02.05.2017;11.2
355;02.06.2017;12
355;02.07.2017;14.7
355;02.08.2017;0
355;02.09.2017;0
355;02.10.2017;0
355;02.11.2017;0.1
355;02.12.2017;0
355;02.13.2017;0
355;02.14.2017;0
355;02.15.2017;0
355;02.16.2017;0
355;02.17.2017;0
355;02.18.2017;1.5
355;02.19.2017;0.3
355;02.20.2017;0
355;02.21.2017;0
355;02.22.2017;0
355;02.23.2017;0
355;02.24.2017;0
355;02.25.2017;4
355;02.26.2017;0
355;02.27.2017;0
355;02.28.2017;0
355;03.01.2017;7.4
355;03.02.2017;1.3
355;03.03.2017;0
355;03.04.2017;0
355;03.05.2017;0.3
355;03.06.2017;0
355;03.07.2017;5.1
355;03.08.2017;0
355;03.09.2017;0
355;03.10.2017;0.3
355;03.11.2017;0.1
355;03.12.2017;0
355;03.13.2017;0
355;03.14.2017;0
355;03.15.2017;0
355;03.16.2017;0
355;03.17.2017;0
355;03.18.2017;0
355;03.19.2017;0
355;03.20.2017;0
355;03.21.2017;0
355;03.22.2017;0
355;03.23.2017;0
355;03.24.2017;0
355;03.25.2017;0
355;03.26.2017;0
355;03.27.2017;0
355;03.28.2017;0
355;03.29.2017;0
355;03.30.2017;0
355;03.31.2017;0
355;04.01.2017;0
355;04.02.2017;0
355;04.03.2017;0
355;04.04.2017;0
355;04.05.2017;2.1
355;04.06.2017;0.6
355;04.07.2017;0
355;04.08.2017;0
355;04.09.2017;0
355;04.10.2017;0
355;04.11.2017;0
355;04.12.2017;0
355;04.13.2017;0
355;04.14.2017;0
355;04.15.2017;5.3
355;04.16.2017;0.1
355;04.17.2017;0.1
355;04.18.2017;0
355;04.19.2017;0.2
355;04.20.2017;0
355;04.21.2017;0
355;04.22.2017;0
355;04.23.2017;0.5
355;04.24.2017;0
355;04.25.2017;0
355;04.26.2017;0
355;04.27.2017;0.1
355;04.28.2017;10.7
355;04.29.2017;18
355;04.30.2017;0
355;05.01.2017;0
355;05.02.2017;0.2
355;05.03.2017;0.2
355;05.04.2017;6.7
355;05.05.2017;4.4
355;05.06.2017;2.8
355;05.07.2017;2.4
355;05.08.2017;0
355;05.09.2017;0.2
355;05.10.2017;0.3
355;05.11.2017;0
355;05.12.2017;0
355;05.13.2017;0
355;05.14.2017;8.6
355;05.15.2017;41.4
355;05.16.2017;8.4
355;05.17.2017;0
355;05.18.2017;0
355;05.19.2017;0
355;05.20.2017;0
355;05.21.2017;1.8
355;05.22.2017;0
355;05.23.2017;0
355;05.24.2017;8
355;05.25.2017;2.7
355;05.26.2017;0
355;05.27.2017;0
355;05.28.2017;0
355;05.29.2017;0
355;05.30.2017;0
355;05.31.2017;0
355;06.01.2017;0.2
355;06.02.2017;0.1
355;06.03.2017;50.2
355;06.04.2017;0
355;06.05.2017;2.6
355;06.06.2017;0
355;06.07.2017;2
355;06.08.2017;4.2
355;06.09.2017;0
355;06.10.2017;0
355;06.11.2017;3
355;06.12.2017;0
355;06.13.2017;3.8
355;06.14.2017;0
355;06.15.2017;0
355;06.16.2017;0
355;06.17.2017;0.3
355;06.18.2017;0
355;06.19.2017;0
355;06.20.2017;0
355;06.21.2017;0
355;06.22.2017;0.2
355;06.23.2017;0
355;06.24.2017;3.2
355;06.25.2017;0.5
355;06.26.2017;18
355;06.27.2017;0
355;06.28.2017;0
355;06.29.2017;14.5
355;06.30.2017;0
355;07.01.2017;0.5
355;07.02.2017;0
355;07.03.2017;1.2
355;07.04.2017;0
355;07.05.2017;0
355;07.06.2017;0
355;07.07.2017;0
355;07.08.2017;1
355;07.09.2017;0
355;07.10.2017;0.1
355;07.11.2017;0
355;07.12.2017;11
355;07.13.2017;3
355;07.14.2017;0
355;07.15.2017;0.2
355;07.16.2017;0
355;07.17.2017;0
355;07.18.2017;0
355;07.19.2017;0
355;07.20.2017;1
355;07.21.2017;0
355;07.22.2017;0
355;07.23.2017;0
355;07.24.2017;20.1
355;07.25.2017;17.8
355;07.26.2017;0
355;07.27.2017;13
355;07.28.2017;0.5
355;07.29.2017;0
355;07.30.2017;0
355;07.31.2017;0
355;08.01.2017;0
355;08.02.2017;0
355;08.03.2017;0.1
355;08.04.2017;0
355;08.05.2017;18.9
355;08.06.2017;0
355;08.07.2017;23.3
355;08.08.2017;0
355;08.09.2017;0
355;08.10.2017;0
355;08.11.2017;41.1
355;08.12.2017;0.3
355;08.13.2017;0.5
355;08.14.2017;0
355;08.15.2017;0
355;08.16.2017;0
355;08.17.2017;0
355;08.18.2017;0
355;08.19.2017;0
355;08.20.2017;16.4
355;08.21.2017;1.7
355;08.22.2017;0
355;08.23.2017;0
355;08.24.2017;0
355;08.25.2017;0
355;08.26.2017;0
355;08.27.2017;0
355;08.28.2017;13.9
355;08.29.2017;2.9
355;08.30.2017;0
355;08.31.2017;0
355;09.01.2017;0
355;09.02.2017;6.9
355;09.03.2017;10.5
355;09.04.2017;0.1
355;09.05.2017;0.1
355;09.06.2017;0
355;09.07.2017;18.5
355;09.08.2017;2.4
355;09.09.2017;0
355;09.10.2017;0
355;09.11.2017;0
355;09.12.2017;13.7
355;09.13.2017;2.5
355;09.14.2017;0
355;09.15.2017;23.5
355;09.16.2017;13.6
355;09.17.2017;31.8
355;09.18.2017;20.9
355;09.19.2017;37.8
355;09.20.2017;26.2
355;09.21.2017;1.1
355;09.22.2017;0
355;09.23.2017;0
355;09.24.2017;0
355;09.25.2017;0
355;09.26.2017;2.1
355;09.27.2017;0.7
355;09.28.2017;0
355;09.29.2017;0
355;09.30.2017;0
355;10.01.2017;0
355;10.02.2017;0
355;10.03.2017;0
355;10.04.2017;1.6
355;10.05.2017;0
355;10.06.2017;3.3
355;10.07.2017;1.8
355;10.08.2017;0
355;10.09.2017;0
355;10.10.2017;0
355;10.11.2017;0
355;10.12.2017;0
355;10.13.2017;0
355;10.14.2017;0
355;10.15.2017;0
355;10.16.2017;0
355;10.17.2017;0
355;10.18.2017;0
355;10.19.2017;0
355;10.20.2017;0
355;10.21.2017;0
355;10.22.2017;0
355;10.23.2017;30.4
355;10.24.2017;4.6
355;10.25.2017;0
355;10.26.2017;0
355;10.27.2017;0
355;10.28.2017;3.3
355;10.29.2017;0
355;10.30.2017;0
355;10.31.2017;0
355;11.01.2017;0
355;11.02.2017;0
355;11.03.2017;0
355;11.04.2017;0.7
355;11.05.2017;0
355;11.06.2017;0.8
355;11.07.2017;10.3
355;11.08.2017;7.2
355;11.09.2017;5.7
355;11.10.2017;0
355;11.11.2017;0.1
355;11.12.2017;0
355;11.13.2017;24.6
355;11.14.2017;0
355;11.15.2017;0
355;11.16.2017;0
355;11.17.2017;0
355;11.18.2017;1.7
355;11.19.2017;0
355;11.20.2017;0
355;11.21.2017;0
355;11.22.2017;0
355;11.23.2017;0
355;11.24.2017;0
355;11.25.2017;0
355;11.26.2017;26
355;11.27.2017;0.3
355;11.28.2017;0
355;11.29.2017;0
355;11.30.2017;21.3
355;12.01.2017;2.4
355;12.02.2017;1.2
355;12.03.2017;0
355;12.04.2017;0
355;12.05.2017;0
355;12.06.2017;0
355;12.07.2017;0
355;12.08.2017;0
355;12.09.2017;19.6
355;12.10.2017;0
355;12.11.2017;0
355;12.12.2017;1
355;12.13.2017;8.4
355;12.14.2017;0
355;12.15.2017;1.9
355;12.16.2017;19.9
355;12.17.2017;0.7
355;12.18.2017;0
355;12.19.2017;0
355;12.20.2017;0
355;12.21.2017;0
355;12.22.2017;0
355;12.23.2017;0
355;12.24.2017;0
355;12.25.2017;0
355;12.26.2017;0
355;12.27.2017;0
355;12.28.2017;0.8
355;12.29.2017;17.8
355;12.30.2017;0
355;12.31.2017;0
355;01.01.2018;0
355;01.02.2018;10.6
355;01.03.2018;0
355;01.04.2018;0
355;01.05.2018;0
355;01.06.2018;0
355;01.07.2018;0
355;01.08.2018;0
355;01.09.2018;0
355;01.10.2018;7
355;01.11.2018;2.7
355;01.12.2018;0
355;01.13.2018;0.2
355;01.14.2018;1.7
355;01.15.2018;2
355;01.16.2018;0
355;01.17.2018;0
355;01.18.2018;0.4
355;01.19.2018;0
355;01.20.2018;0.5
355;01.21.2018;0
355;01.22.2018;0
355;01.23.2018;0.1
355;01.24.2018;0
355;01.25.2018;0
355;01.26.2018;0
355;01.27.2018;0.2
355;01.28.2018;0
355;01.29.2018;0
355;01.30.2018;0
355;01.31.2018;0
355;02.01.2018;0
355;02.02.2018;10.7
355;02.03.2018;11.4
355;02.04.2018;2.6
355;02.05.2018;0
355;02.06.2018;0
355;02.07.2018;8.1
355;02.08.2018;17
355;02.09.2018;4.1
355;02.10.2018;0
355;02.11.2018;0
355;02.12.2018;0.3
355;02.13.2018;10.9
355;02.14.2018;0.1
355;02.15.2018;0
355;02.16.2018;0
355;02.17.2018;1
355;02.18.2018;3.7
355;02.19.2018;0
355;02.20.2018;4.8
355;02.21.2018;0.6
355;02.22.2018;0.9
355;02.23.2018;1.7
355;02.24.2018;6.6
355;02.25.2018;0.5
355;02.26.2018;0
355;02.27.2018;0.3
355;02.28.2018;0.1
355;03.01.2018;0
355;03.02.2018;0
355;03.03.2018;2.4
355;03.04.2018;0
355;03.05.2018;0
355;03.06.2018;10.4
355;03.07.2018;2.4
355;03.08.2018;3.7
355;03.09.2018;0
355;03.10.2018;0
355;03.11.2018;0
355;03.12.2018;0.1
355;03.13.2018;0
355;03.14.2018;9.5
355;03.15.2018;9.7
355;03.16.2018;8.7
355;03.17.2018;5.5
355;03.18.2018;14.3
355;03.19.2018;1.1
355;03.20.2018;1.4
355;03.21.2018;0
355;03.22.2018;0
355;03.23.2018;0
355;03.24.2018;0
355;03.25.2018;0
355;03.26.2018;0
355;03.27.2018;1.4
355;03.28.2018;5.4
355;03.29.2018;0
355;03.30.2018;12.7
355;03.31.2018;1
355;04.01.2018;6.9
355;04.02.2018;0
355;04.03.2018;0
355;04.04.2018;0
355;04.05.2018;0
355;04.06.2018;2.7
355;04.07.2018;0
355;04.08.2018;0.2
355;04.09.2018;0
355;04.10.2018;0.1
355;04.11.2018;0
355;04.12.2018;0
355;04.13.2018;2.8
355;04.14.2018;0
355;04.15.2018;0
355;04.16.2018;0.2
355;04.17.2018;3.8
355;04.18.2018;0
355;04.19.2018;0
355;04.20.2018;0
355;04.21.2018;0
355;04.22.2018;0
355;04.23.2018;0
355;04.24.2018;0
355;04.25.2018;0
355;04.26.2018;0
355;04.27.2018;15.3
355;04.28.2018;0
355;04.29.2018;0
355;04.30.2018;0
355;05.01.2018;0
355;05.02.2018;0
355;05.03.2018;50.6
355;05.04.2018;0.1
355;05.05.2018;20.3
355;05.06.2018;0.1
355;05.07.2018;0
355;05.08.2018;0
355;05.09.2018;2.7
355;05.10.2018;0
355;05.11.2018;16
355;05.12.2018;3.6
355;05.13.2018;0.6
355;05.14.2018;6.6
355;05.15.2018;11.1
355;05.16.2018;1.6
355;05.17.2018;0
355;05.18.2018;0.2
355;05.19.2018;0.1
355;05.20.2018;0
355;05.21.2018;16.1
355;05.22.2018;0
355;05.23.2018;0.6
355;05.24.2018;0
355;05.25.2018;0
355;05.26.2018;0
355;05.27.2018;0
355;05.28.2018;0
355;05.29.2018;0
355;05.30.2018;2.4
355;05.31.2018;0
355;06.01.2018;0
355;06.02.2018;2.2
355;06.03.2018;16.9
355;06.04.2018;1.9
355;06.05.2018;0
355;06.06.2018;0.4
355;06.07.2018;0
355;06.08.2018;1.6
355;06.09.2018;55.6
355;06.10.2018;0
355;06.11.2018;0
355;06.12.2018;0
355;06.13.2018;21.7
355;06.14.2018;37.6
355;06.15.2018;0.6
355;06.16.2018;0
355;06.17.2018;0
355;06.18.2018;0
355;06.19.2018;0
355;06.20.2018;0
355;06.21.2018;0
355;06.22.2018;4.1
355;06.23.2018;0.8
355;06.24.2018;0.3
355;06.25.2018;7.3
355;06.26.2018;0.2
355;06.27.2018;3.8
355;06.28.2018;3.4
355;06.29.2018;0.3
355;06.30.2018;0.2
355;07.01.2018;0
355;07.02.2018;0
355;07.03.2018;0
355;07.04.2018;5.6
355;07.05.2018;0
355;07.06.2018;13.6
355;07.07.2018;9.6
355;07.08.2018;0
355;07.09.2018;0
355;07.10.2018;0
355;07.11.2018;12.1
355;07.12.2018;6.4
355;07.13.2018;0
355;07.14.2018;0
355;07.15.2018;3.7
355;07.16.2018;0
355;07.17.2018;0
355;07.18.2018;0
355;07.19.2018;0
355;07.20.2018;0
355;07.21.2018;0
355;07.22.2018;2.9
355;07.23.2018;10
355;07.24.2018;0.6
355;07.25.2018;0
355;07.26.2018;1.8
355;07.27.2018;0.3
355;07.28.2018;0
355;07.29.2018;0
355;07.30.2018;0
355;07.31.2018;0
355;08.01.2018;0
355;08.02.2018;0
355;08.03.2018;8.6
355;08.04.2018;0
355;08.05.2018;0
355;08.06.2018;0
355;08.07.2018;0
355;08.08.2018;0.2
355;08.09.2018;0
355;08.10.2018;0
355;08.11.2018;3.9
355;08.12.2018;0
355;08.13.2018;0
355;08.14.2018;0
355;08.15.2018;12.5
355;08.16.2018;0
355;08.17.2018;0
355;08.18.2018;0
355;08.19.2018;0
355;08.20.2018;0
355;08.21.2018;0
355;08.22.2018;0
355;08.23.2018;0
355;08.24.2018;0
355;08.25.2018;20.3
355;08.26.2018;18.1
355;08.27.2018;1.8
355;08.28.2018;0
355;08.29.2018;0
355;08.30.2018;0
355;08.31.2018;0
355;09.01.2018;4.6
355;09.02.2018;13.6
355;09.03.2018;3.9
355;09.04.2018;15.4
355;09.05.2018;12.2
355;09.06.2018;0
355;09.07.2018;0
355;09.08.2018;0
355;09.09.2018;0
355;09.10.2018;0
355;09.11.2018;0
355;09.12.2018;0
355;09.13.2018;0
355;09.14.2018;0
355;09.15.2018;23.3
355;09.16.2018;0
355;09.17.2018;0
355;09.18.2018;0
355;09.19.2018;0
355;09.20.2018;0
355;09.21.2018;0
355;09.22.2018;0
355;09.23.2018;1.6
355;09.24.2018;8.2
355;09.25.2018;0
355;09.26.2018;0
355;09.27.2018;0
355;09.28.2018;0
355;09.29.2018;0
355;09.30.2018;0
355;10.01.2018;0
355;10.02.2018;2.2
355;10.03.2018;0
355;10.04.2018;0
355;10.05.2018;0
355;10.06.2018;0
355;10.07.2018;0.1
355;10.08.2018;0.3
355;10.09.2018;0
355;10.10.2018;0
355;10.11.2018;0
355;10.12.2018;0
355;10.13.2018;0
355;10.14.2018;0
355;10.15.2018;0
355;10.16.2018;0
355;10.17.2018;0
355;10.18.2018;0
355;10.19.2018;0.2
355;10.20.2018;0
355;10.21.2018;0
355;10.22.2018;0
355;10.23.2018;0
355;10.24.2018;0
355;10.25.2018;0.2
355;10.26.2018;0
355;10.27.2018;0
355;10.28.2018;0.3
355;10.29.2018;14.6
355;10.30.2018;1.3
355;10.31.2018;0.2
355;11.01.2018;0
355;11.02.2018;0.6
355;11.03.2018;5.6
355;11.04.2018;0
355;11.05.2018;0
355;11.06.2018;0
355;11.07.2018;0
355;11.08.2018;0
355;11.09.2018;0
355;11.10.2018;0
355;11.11.2018;0
355;11.12.2018;0
355;11.13.2018;0
355;11.14.2018;0
355;11.15.2018;0
355;11.16.2018;0
355;11.17.2018;0
355;11.18.2018;0
355;11.19.2018;1.1
355;11.20.2018;2.2
355;11.21.2018;7.8
355;11.22.2018;0
355;11.23.2018;0.3
355;11.24.2018;0
355;11.25.2018;3.3
355;11.26.2018;18.8
355;11.27.2018;17.7
355;11.28.2018;0.3
355;11.29.2018;0
355;11.30.2018;0
355;12.01.2018;0
355;12.02.2018;0
355;12.03.2018;0
355;12.04.2018;0
355;12.05.2018;0
355;12.06.2018;0
355;12.07.2018;0
355;12.08.2018;7.1
355;12.09.2018;0.4
355;12.10.2018;0
355;12.11.2018;0
355;12.12.2018;0
355;12.13.2018;0
355;12.14.2018;0
355;12.15.2018;1.4
355;12.16.2018;0
355;12.17.2018;0
355;12.18.2018;0
355;12.19.2018;0
355;12.20.2018;0
355;12.21.2018;0
355;12.22.2018;0
355;12.23.2018;0
355;12.24.2018;0
355;12.25.2018;0.1
355;12.26.2018;0
355;12.27.2018;0
355;12.28.2018;0
355;12.29.2018;0
355;12.30.2018;0
355;12.31.2018;0
355;01.01.2019;0
355;01.02.2019;0
355;01.03.2019;0
355;01.04.2019;0.1
355;01.05.2019;0
355;01.06.2019;0.2
355;01.07.2019;0
355;01.08.2019;0
355;01.09.2019;0
355;01.10.2019;0
355;01.11.2019;0.2
355;01.12.2019;0
355;01.13.2019;0
355;01.14.2019;0
355;01.15.2019;0
355;01.16.2019;0
355;01.17.2019;0
355;01.18.2019;7.8
355;01.19.2019;3.9
355;01.20.2019;0
355;01.21.2019;0
355;01.22.2019;0
355;01.23.2019;2.9
355;01.24.2019;0
355;01.25.2019;0
355;01.26.2019;0
355;01.27.2019;0
355;01.28.2019;3.7
355;01.29.2019;1.7
355;01.30.2019;0
355;01.31.2019;0
355;02.01.2019;0.2
355;02.02.2019;0
355;02.03.2019;0.2
355;02.04.2019;11.1
355;02.05.2019;0
355;02.06.2019;0
355;02.07.2019;0
355;02.08.2019;0
355;02.09.2019;0
355;02.10.2019;0
355;02.11.2019;10.7
355;02.12.2019;0
355;02.13.2019;0
355;02.14.2019;0
355;02.15.2019;0
355;02.16.2019;0
355;02.17.2019;0
355;02.18.2019;0
355;02.19.2019;0
355;02.20.2019;0
355;02.21.2019;0
355;02.22.2019;0.1
355;02.23.2019;0.5
355;02.24.2019;0
355;02.25.2019;0
355;02.26.2019;0
355;02.27.2019;0
355;02.28.2019;0
355;03.01.2019;0
355;03.02.2019;0.3
355;03.03.2019;0
355;03.04.2019;0
355;03.05.2019;12.2
355;03.06.2019;0
355;03.07.2019;0
355;03.08.2019;0
355;03.09.2019;0.3
355;03.10.2019;0
355;03.11.2019;0
355;03.12.2019;0.4
355;03.13.2019;0
355;03.14.2019;0.2
355;03.15.2019;0
355;03.16.2019;0
355;03.17.2019;0
355;03.18.2019;4.8
355;03.19.2019;10.8
355;03.20.2019;0
355;03.21.2019;0
355;03.22.2019;0
355;03.23.2019;0
355;03.24.2019;0
355;03.25.2019;0.2
355;03.26.2019;12.8
355;03.27.2019;0
355;03.28.2019;0
355;03.29.2019;0
355;03.30.2019;0
355;03.31.2019;0
355;04.01.2019;0
355;04.02.2019;0
355;04.03.2019;0
355;04.04.2019;0
355;04.05.2019;0
355;04.06.2019;9.8
355;04.07.2019;0
355;04.08.2019;0
355;04.09.2019;0
355;04.10.2019;0
355;04.11.2019;22.3
355;04.12.2019;22.4
355;04.13.2019;0
355;04.14.2019;2.4
355;04.15.2019;4
355;04.16.2019;0
355;04.17.2019;0
355;04.18.2019;0
355;04.19.2019;0
355;04.20.2019;0
355;04.21.2019;0
355;04.22.2019;0
355;04.23.2019;0
355;04.24.2019;3.2
355;04.25.2019;0
355;04.26.2019;0
355;04.27.2019;0
355;04.28.2019;3.1
355;04.29.2019;0
355;04.30.2019;0.1
355;05.01.2019;2.5
355;05.02.2019;0
355;05.03.2019;0
355;05.04.2019;13.6
355;05.05.2019;12.1
355;05.06.2019;10
355;05.07.2019;0.2
355;05.08.2019;0
355;05.09.2019;1.5
355;05.10.2019;6.7
355;05.11.2019;0.8
355;05.12.2019;0.5
355;05.13.2019;7.7
355;05.14.2019;3.8
355;05.15.2019;5.8
355;05.16.2019;13.5
355;05.17.2019;0.6
355;05.18.2019;0
355;05.19.2019;0.5
355;05.20.2019;0.9
355;05.21.2019;0.3
355;05.22.2019;0.3
355;05.23.2019;0.2
355;05.24.2019;0
355;05.25.2019;0
355;05.26.2019;0
355;05.27.2019;0.1
355;05.28.2019;7.8
355;05.29.2019;15.3
355;05.30.2019;46.5
355;05.31.2019;0.9
355;06.01.2019;0
355;06.02.2019;0
355;06.03.2019;0
355;06.04.2019;0
355;06.05.2019;0.1
355;06.06.2019;0
355;06.07.2019;0
355;06.08.2019;0
355;06.09.2019;0
355;06.10.2019;0
355;06.11.2019;0
355;06.12.2019;2.4
355;06.13.2019;0
355;06.14.2019;0
355;06.15.2019;0
355;06.16.2019;0
355;06.17.2019;2.7
355;06.18.2019;10.4
355;06.19.2019;0
355;06.20.2019;0
355;06.21.2019;0
355;06.22.2019;0
355;06.23.2019;62.6
355;06.24.2019;12.8
355;06.25.2019;0
355;06.26.2019;0
355;06.27.2019;0
355;06.28.2019;7.9
355;06.29.2019;0
355;06.30.2019;0
355;07.01.2019;0
355;07.02.2019;0
355;07.03.2019;45.5
355;07.04.2019;6
355;07.05.2019;0
355;07.06.2019;0
355;07.07.2019;0
355;07.08.2019;6
355;07.09.2019;2.4
355;07.10.2019;0
355;07.11.2019;0
355;07.12.2019;0.1
355;07.13.2019;3.4
355;07.14.2019;0.5
355;07.15.2019;0.3
355;07.16.2019;0
355;07.17.2019;0
355;07.18.2019;9.8
355;07.19.2019;4.8
355;07.20.2019;0
355;07.21.2019;0
355;07.22.2019;0.5
355;07.23.2019;0
355;07.24.2019;0
355;07.25.2019;0
355;07.26.2019;0
355;07.27.2019;0
355;07.28.2019;26
355;07.29.2019;7
355;07.30.2019;0
355;07.31.2019;0.1
355;08.01.2019;19
355;08.02.2019;0.1
355;08.03.2019;10.3
355;08.04.2019;31.5
355;08.05.2019;0
355;08.06.2019;0
355;08.07.2019;0
355;08.08.2019;0
355;08.09.2019;2.8
355;08.10.2019;0
355;08.11.2019;0
355;08.12.2019;0
355;08.13.2019;0
355;08.14.2019;25.2
355;08.15.2019;0
355;08.16.2019;0.2
355;08.17.2019;1.3
355;08.18.2019;0
355;08.19.2019;0
355;08.20.2019;0
355;08.21.2019;0
355;08.22.2019;0
355;08.23.2019;0
355;08.24.2019;0
355;08.25.2019;0
355;08.26.2019;2.6
355;08.27.2019;0
355;08.28.2019;0
355;08.29.2019;0
355;08.30.2019;0
355;08.31.2019;0
355;09.01.2019;0
355;09.02.2019;0
355;09.03.2019;7
355;09.04.2019;0
355;09.05.2019;0
355;09.06.2019;0
355;09.07.2019;13.9
355;09.08.2019;6
355;09.09.2019;10
355;09.10.2019;0
355;09.11.2019;0
355;09.12.2019;0
355;09.13.2019;0
355;09.14.2019;0
355;09.15.2019;0
355;09.16.2019;0
355;09.17.2019;0.2
355;09.18.2019;0
355;09.19.2019;0
355;09.20.2019;0
355;09.21.2019;0
355;09.22.2019;0
355;09.23.2019;0
355;09.24.2019;1.7
355;09.25.2019;0
355;09.26.2019;4.2
355;09.27.2019;0
355;09.28.2019;0
355;09.29.2019;0
355;09.30.2019;0
355;10.01.2019;0
355;10.02.2019;0
355;10.03.2019;14.2
355;10.04.2019;0
355;10.05.2019;0
355;10.06.2019;1.6
355;10.07.2019;0
355;10.08.2019;0
355;10.09.2019;0
355;10.10.2019;2.7
355;10.11.2019;5.7
355;10.12.2019;0
355;10.13.2019;0
355;10.14.2019;0
355;10.15.2019;0
355;10.16.2019;0
355;10.17.2019;0.4
355;10.18.2019;0
355;10.19.2019;0
355;10.20.2019;0
355;10.21.2019;0
355;10.22.2019;0
355;10.23.2019;0
355;10.24.2019;0
355;10.25.2019;0
355;10.26.2019;0
355;10.27.2019;0
355;10.28.2019;0
355;10.29.2019;0.9
355;10.30.2019;4.8
355;10.31.2019;2.4
355;11.01.2019;1.3
355;11.02.2019;0
355;11.03.2019;0.4
355;11.04.2019;9.4
355;11.05.2019;4.2
355;11.06.2019;21.4
355;11.07.2019;4.7
355;11.08.2019;0
355;11.09.2019;14.1
355;11.10.2019;2.1
355;11.11.2019;0
355;11.12.2019;0
355;11.13.2019;15.3
355;11.14.2019;16
355;11.15.2019;0
355;11.16.2019;13.5
355;11.17.2019;0.2
355;11.18.2019;5.7
355;11.19.2019;0.2
355;11.20.2019;0.1
355;11.21.2019;15.2
355;11.22.2019;0
355;11.23.2019;0
355;11.24.2019;0
355;11.25.2019;0
355;11.26.2019;0
355;11.27.2019;0
355;11.28.2019;5.5
355;11.29.2019;2.3
355;11.30.2019;0
355;12.01.2019;0
355;12.02.2019;2.9
355;12.03.2019;12.6
355;12.04.2019;0
355;12.05.2019;0
355;12.06.2019;0
355;12.07.2019;0
355;12.08.2019;0
355;12.09.2019;0
355;12.10.2019;8.9
355;12.11.2019;0
355;12.12.2019;0
355;12.13.2019;0.2
355;12.14.2019;9.5
355;12.15.2019;0
355;12.16.2019;0
355;12.17.2019;0
355;12.18.2019;0
355;12.19.2019;0
355;12.20.2019;0
355;12.21.2019;0
355;12.22.2019;10.8
355;12.23.2019;35
355;12.24.2019;0
355;12.25.2019;0
355;12.26.2019;0
355;12.27.2019;0
355;12.28.2019;0.1
355;12.29.2019;0
355;12.30.2019;0
355;12.31.2019;0
355;01.01.2020;0
355;01.02.2020;0
355;01.03.2020;0
355;01.04.2020;0
355;01.05.2020;0
355;01.06.2020;0
355;01.07.2020;0
355;01.08.2020;0
355;01.09.2020;0
355;01.10.2020;0
355;01.11.2020;0
355;01.12.2020;0
355;01.13.2020;0
355;01.14.2020;0
355;01.15.2020;0
355;01.16.2020;0
355;01.17.2020;0.2
355;01.18.2020;0.2
355;01.19.2020;0
355;01.20.2020;0
355;01.21.2020;0
355;01.22.2020;0
355;01.23.2020;0
355;01.24.2020;0
355;01.25.2020;0
355;01.26.2020;0
355;01.27.2020;0.4
355;01.28.2020;0
355;01.29.2020;5.6
355;01.30.2020;0
355;01.31.2020;0
355;02.01.2020;0
355;02.02.2020;0
355;02.03.2020;0
355;02.04.2020;0.1
355;02.05.2020;2.3
355;02.06.2020;0
355;02.07.2020;0
355;02.08.2020;0
355;02.09.2020;0
355;02.10.2020;0
355;02.11.2020;1.2
355;02.12.2020;0
355;02.13.2020;0
355;02.14.2020;0
355;02.15.2020;0
355;02.16.2020;0
355;02.17.2020;0
355;02.18.2020;0
355;02.19.2020;0
355;02.20.2020;0
355;02.21.2020;0
355;02.22.2020;0
355;02.23.2020;0
355;02.24.2020;0.1
355;02.25.2020;0
355;02.26.2020;6.6
355;02.27.2020;23.4
355;02.28.2020;0
355;02.29.2020;0
355;03.01.2020;0
355;03.02.2020;3.3
355;03.03.2020;0
355;03.04.2020;19.6
355;03.05.2020;0
355;03.06.2020;1.9
355;03.07.2020;2.8
355;03.08.2020;0
355;03.09.2020;0
355;03.10.2020;0
355;03.11.2020;0
355;03.12.2020;0
355;03.13.2020;0
355;03.14.2020;1.6
355;03.15.2020;0
355;03.16.2020;0
355;03.17.2020;0
355;03.18.2020;0
355;03.19.2020;0
355;03.20.2020;0
355;03.21.2020;0
355;03.22.2020;0
355;03.23.2020;0
355;03.24.2020;0
355;03.25.2020;0.8
355;03.26.2020;3.8
355;03.27.2020;0.8
355;03.28.2020;0
355;03.29.2020;0
355;03.30.2020;0
355;03.31.2020;0
355;04.01.2020;0
355;04.02.2020;0
355;04.03.2020;0
355;04.04.2020;0
355;04.05.2020;0
355;04.06.2020;0
355;04.07.2020;0
355;04.08.2020;0
355;04.09.2020;0
355;04.10.2020;0
355;04.11.2020;0
355;04.12.2020;0
355;04.13.2020;0
355;04.14.2020;5.6
355;04.15.2020;0
355;04.16.2020;0
355;04.17.2020;0
355;04.18.2020;0
355;04.19.2020;0.2
355;04.20.2020;4.9
355;04.21.2020;0
355;04.22.2020;0
355;04.23.2020;0
355;04.24.2020;0
355;04.25.2020;0
355;04.26.2020;1.3
355;04.27.2020;0
355;04.28.2020;7.6
355;04.29.2020;0
355;04.30.2020;8.4
355;05.01.2020;7.6
355;05.02.2020;1.2
355;05.03.2020;8.6
355;05.04.2020;0
355;05.05.2020;0.3
355;05.06.2020;4.3
355;05.07.2020;0
355;05.08.2020;0
355;05.09.2020;0
355;05.10.2020;0
355;05.11.2020;0
355;05.12.2020;7.1
355;05.13.2020;0.3
355;05.14.2020;0
355;05.15.2020;0
355;05.16.2020;0.2
355;05.17.2020;4.7
355;05.18.2020;1.7
355;05.19.2020;0.2
355;05.20.2020;4.6
355;05.21.2020;0
355;05.22.2020;0
355;05.23.2020;0.1
355;05.24.2020;6.6
355;05.25.2020;0
355;05.26.2020;14.9
355;05.27.2020;0
355;05.28.2020;0
355;05.29.2020;0
355;05.30.2020;0.1
355;05.31.2020;0
355;06.01.2020;2.2
355;06.02.2020;0
355;06.03.2020;0.8
355;06.04.2020;5.1
355;06.05.2020;0.7
355;06.06.2020;2.2
355;06.07.2020;0
355;06.08.2020;1.8
355;06.09.2020;1
355;06.10.2020;0
355;06.11.2020;0.8
355;06.12.2020;0
355;06.13.2020;0
355;06.14.2020;0
355;06.15.2020;23.7
355;06.16.2020;1.1
355;06.17.2020;0.8
355;06.18.2020;9.3
355;06.19.2020;2.6
355;06.20.2020;1.8
355;06.21.2020;11.7
355;06.22.2020;0.3
355;06.23.2020;0
355;06.24.2020;0
355;06.25.2020;1.6
355;06.26.2020;5.7
355;06.27.2020;0
355;06.28.2020;0
355;06.29.2020;0
355;06.30.2020;5.6
355;07.01.2020;0
355;07.02.2020;6.8
355;07.03.2020;4.4
355;07.04.2020;0.7
355;07.05.2020;0
355;07.06.2020;0
355;07.07.2020;20.6
355;07.08.2020;0
355;07.09.2020;0
355;07.10.2020;0
355;07.11.2020;0
355;07.12.2020;15.2
355;07.13.2020;0
355;07.14.2020;0
355;07.15.2020;0
355;07.16.2020;0
355;07.17.2020;9.1
355;07.18.2020;1.8
355;07.19.2020;0
355;07.20.2020;0
355;07.21.2020;0
355;07.22.2020;15.6
355;07.23.2020;0
355;07.24.2020;0.1
355;07.25.2020;32.5
355;07.26.2020;11
355;07.27.2020;0
355;07.28.2020;0
355;07.29.2020;0
355;07.30.2020;3.6
355;07.31.2020;0
355;08.01.2020;0
355;08.02.2020;0
355;08.03.2020;0.1
355;08.04.2020;23.9
355;08.05.2020;26.6
355;08.06.2020;9.5
355;08.07.2020;0
355;08.08.2020;0
355;08.09.2020;0
355;08.10.2020;0
355;08.11.2020;0
355;08.12.2020;0
355;08.13.2020;0
355;08.14.2020;36.4
355;08.15.2020;4.9
355;08.16.2020;11.7
355;08.17.2020;0
355;08.18.2020;33.9
355;08.19.2020;0
355;08.20.2020;0
355;08.21.2020;0
355;08.22.2020;0
355;08.23.2020;0.4
355;08.24.2020;0.3
355;08.25.2020;0.3
355;08.26.2020;0
355;08.27.2020;0
355;08.28.2020;0
355;08.29.2020;0
355;08.30.2020;0
355;08.31.2020;6.9
355;09.01.2020;25.5
355;09.02.2020;0
355;09.03.2020;0
355;09.04.2020;1.6
355;09.05.2020;0
355;09.06.2020;0
355;09.07.2020;0
355;09.08.2020;0
355;09.09.2020;0
355;09.10.2020;0
355;09.11.2020;0
355;09.12.2020;0
355;09.13.2020;0
355;09.14.2020;0
355;09.15.2020;0
355;09.16.2020;0
355;09.17.2020;0
355;09.18.2020;0
355;09.19.2020;0
355;09.20.2020;0
355;09.21.2020;0
355;09.22.2020;0
355;09.23.2020;0
355;09.24.2020;0
355;09.25.2020;1.8
355;09.26.2020;27.2
355;09.27.2020;0.6
355;09.28.2020;26.6
355;09.29.2020;0.5
355;09.30.2020;0
355;10.01.2020;0
355;10.02.2020;0
355;10.03.2020;0
355;10.04.2020;42.2
355;10.05.2020;0
355;10.06.2020;2.8
355;10.07.2020;4.9
355;10.08.2020;13.5
355;10.09.2020;0
355;10.10.2020;0
355;10.11.2020;2
355;10.12.2020;23.6
355;10.13.2020;3.6
355;10.14.2020;1.8
355;10.15.2020;1.2
355;10.16.2020;18.6
355;10.17.2020;2.2
355;10.18.2020;3.2
355;10.19.2020;0
355;10.20.2020;0
355;10.21.2020;0
355;10.22.2020;0
355;10.23.2020;0
355;10.24.2020;0
355;10.25.2020;0.4
355;10.26.2020;0
355;10.27.2020;0
355;10.28.2020;6.6
355;10.29.2020;0
355;10.30.2020;0.4
355;10.31.2020;0
355;11.01.2020;0
355;11.02.2020;0
355;11.03.2020;0
355;11.04.2020;0
355;11.05.2020;0
355;11.06.2020;0
355;11.07.2020;0
355;11.08.2020;0
355;11.09.2020;0.2
355;11.10.2020;0
355;11.11.2020;0.1
355;11.12.2020;0.2
355;11.13.2020;0
355;11.14.2020;0
355;11.15.2020;0.6
355;11.16.2020;0.1
355;11.17.2020;18.1
355;11.18.2020;0
355;11.19.2020;0
355;11.20.2020;3.3
355;11.21.2020;0.3
355;11.22.2020;0
355;11.23.2020;0
355;11.24.2020;0
355;11.25.2020;0
355;11.26.2020;0
355;11.27.2020;0
355;11.28.2020;0
355;11.29.2020;0
355;11.30.2020;0
355;12.01.2020;0
355;12.02.2020;0
355;12.03.2020;11.8
355;12.04.2020;2.7
355;12.05.2020;0
355;12.06.2020;0
355;12.07.2020;1.2
355;12.08.2020;0
355;12.09.2020;7
355;12.10.2020;36.8
355;12.11.2020;1.6
355;12.12.2020;0
355;12.13.2020;0
355;12.14.2020;0
355;12.15.2020;0
355;12.16.2020;0
355;12.17.2020;0
355;12.18.2020;0
355;12.19.2020;0.1
355;12.20.2020;0.5
355;12.21.2020;1.2
355;12.22.2020;0
355;12.23.2020;0.5
355;12.24.2020;0
355;12.25.2020;12.7
355;12.26.2020;4.2
355;12.27.2020;0
355;12.28.2020;0
355;12.29.2020;12.6
355;12.30.2020;2.5
355;12.31.2020;0
355;01.01.2021;0
355;01.02.2021;0.3
355;01.03.2021;4.9
355;01.04.2021;0.2
355;01.05.2021;0.9
355;01.06.2021;4.7
355;01.07.2021;0.5
355;01.08.2021;2.5
355;01.09.2021;1.7
355;01.10.2021;0
355;01.11.2021;0.4
355;01.12.2021;0
355;01.13.2021;0
355;01.14.2021;0
355;01.15.2021;0
355;01.16.2021;0
355;01.17.2021;0.1
355;01.18.2021;0
355;01.19.2021;0
355;01.20.2021;0
355;01.21.2021;0
355;01.22.2021;0
355;01.23.2021;0.6
355;01.24.2021;6.7
355;01.25.2021;2.2
355;01.26.2021;0
355;01.27.2021;0
355;01.28.2021;0
355;01.29.2021;0.2
355;01.30.2021;0
355;01.31.2021;6.1
355;02.01.2021;2
355;02.02.2021;0
355;02.03.2021;0
355;02.04.2021;0
355;02.05.2021;0
355;02.06.2021;0
355;02.07.2021;0
355;02.08.2021;4.4
355;02.09.2021;10.5
355;02.10.2021;2.2
355;02.11.2021;6.7
355;02.12.2021;0
355;02.13.2021;0
355;02.14.2021;0
355;02.15.2021;0
355;02.16.2021;0
355;02.17.2021;0
355;02.18.2021;0.4
355;02.19.2021;0
355;02.20.2021;0
355;02.21.2021;0
355;02.22.2021;0
355;02.23.2021;0
355;02.24.2021;0
355;02.25.2021;0
355;02.26.2021;0
355;02.27.2021;0
355;02.28.2021;0
355;03.01.2021;0
355;03.02.2021;0
355;03.03.2021;0
355;03.04.2021;0
355;03.05.2021;0
355;03.06.2021;0
355;03.07.2021;0
355;03.08.2021;0
355;03.09.2021;0
355;03.10.2021;0
355;03.11.2021;0
355;03.12.2021;0.2
355;03.13.2021;3.6
355;03.14.2021;0
355;03.15.2021;7.2
355;03.16.2021;0
355;03.17.2021;0
355;03.18.2021;0.2
355;03.19.2021;0
355;03.20.2021;0.1
355;03.21.2021;0
355;03.22.2021;0
355;03.23.2021;0.3
355;03.24.2021;0
355;03.25.2021;0
355;03.26.2021;0
355;03.27.2021;0
355;03.28.2021;0.3
355;03.29.2021;0
355;03.30.2021;0
355;03.31.2021;0
355;04.01.2021;0
355;04.02.2021;0
355;04.03.2021;2.3
355;04.04.2021;0
355;04.05.2021;0
355;04.06.2021;4.2
355;04.07.2021;0
355;04.08.2021;0
355;04.09.2021;0
355;04.10.2021;0
355;04.11.2021;0
355;04.12.2021;0
355;04.13.2021;21
355;04.14.2021;6.2
355;04.15.2021;0
355;04.16.2021;0
355;04.17.2021;0
355;04.18.2021;0
355;04.19.2021;1.4
355;04.20.2021;5.4
355;04.21.2021;4.2
355;04.22.2021;0
355;04.23.2021;1.2
355;04.24.2021;0
355;04.25.2021;0
355;04.26.2021;0
355;04.27.2021;0.6
355;04.28.2021;0
355;04.29.2021;0
355;04.30.2021;0.2
355;05.01.2021;0
355;05.02.2021;0.9
355;05.03.2021;3.6
355;05.04.2021;0
355;05.05.2021;0
355;05.06.2021;9.6
355;05.07.2021;0.6
355;05.08.2021;15.6
355;05.09.2021;0
355;05.10.2021;0
355;05.11.2021;0
355;05.12.2021;0.2
355;05.13.2021;11.9
355;05.14.2021;0
355;05.15.2021;3.6
355;05.16.2021;13.4
355;05.17.2021;17.6
355;05.18.2021;6.7
355;05.19.2021;13.6
355;05.20.2021;5.3
355;05.21.2021;0
355;05.22.2021;0
355;05.23.2021;3.4
355;05.24.2021;19.3
355;05.25.2021;2.9
355;05.26.2021;3.6
355;05.27.2021;0
355;05.28.2021;22.4
355;05.29.2021;0
355;05.30.2021;5.4
355;05.31.2021;0.6
355;06.01.2021;0
355;06.02.2021;0
355;06.03.2021;0
355;06.04.2021;0
355;06.05.2021;0
355;06.06.2021;0.2
355;06.07.2021;7.7
355;06.08.2021;0.2
355;06.09.2021;0
355;06.10.2021;0.6
355;06.11.2021;0.4
355;06.12.2021;6
355;06.13.2021;2.6
355;06.14.2021;0
355;06.15.2021;0
355;06.16.2021;0
355;06.17.2021;0
355;06.18.2021;0
355;06.19.2021;0
355;06.20.2021;0
355;06.21.2021;0
355;06.22.2021;0
355;06.23.2021;0
355;06.24.2021;0
355;06.25.2021;0
355;06.26.2021;7.6
355;06.27.2021;0
355;06.28.2021;0
355;06.29.2021;0
355;06.30.2021;0
355;07.01.2021;0.8
355;07.02.2021;5.4
355;07.03.2021;0
355;07.04.2021;0
355;07.05.2021;3.4
355;07.06.2021;0.1
355;07.07.2021;0
355;07.08.2021;0
355;07.09.2021;0
355;07.10.2021;0
355;07.11.2021;0
355;07.12.2021;19.4
355;07.13.2021;0
355;07.14.2021;0.1
355;07.15.2021;3
355;07.16.2021;0
355;07.17.2021;13.6
355;07.18.2021;2.6
355;07.19.2021;6.6
355;07.20.2021;0
355;07.21.2021;0
355;07.22.2021;0
355;07.23.2021;0
355;07.24.2021;0.8
355;07.25.2021;0
355;07.26.2021;0
355;07.27.2021;0
355;07.28.2021;0
355;07.29.2021;0
355;07.30.2021;0
355;07.31.2021;1.4
355;08.01.2021;3.4
355;08.02.2021;18.8
355;08.03.2021;3.3
355;08.04.2021;0
355;08.05.2021;5.1
355;08.06.2021;32.6
355;08.07.2021;1.2
355;08.08.2021;0
355;08.09.2021;0
355;08.10.2021;0
355;08.11.2021;0
355;08.12.2021;0
355;08.13.2021;0
355;08.14.2021;0
355;08.15.2021;0
355;08.16.2021;37.6
355;08.17.2021;20.2
355;08.18.2021;0.1
355;08.19.2021;0.6
355;08.20.2021;0
355;08.21.2021;0
355;08.22.2021;0
355;08.23.2021;10.3
355;08.24.2021;10.1
355;08.25.2021;2.4
355;08.26.2021;0
355;08.27.2021;40.3
355;08.28.2021;0
355;08.29.2021;0.7
355;08.30.2021;6.2
355;08.31.2021;0
355;09.01.2021;0
355;09.02.2021;0
355;09.03.2021;0
355;09.04.2021;0
355;09.05.2021;0
355;09.06.2021;0
355;09.07.2021;0
355;09.08.2021;0
355;09.09.2021;0
355;09.10.2021;0
355;09.11.2021;0
355;09.12.2021;0
355;09.13.2021;0
355;09.14.2021;0
355;09.15.2021;0
355;09.16.2021;0
355;09.17.2021;0
355;09.18.2021;25.4
355;09.19.2021;0
355;09.20.2021;20.7
355;09.21.2021;1.8
355;09.22.2021;0
355;09.23.2021;0
355;09.24.2021;0
355;09.25.2021;0
355;09.26.2021;0
355;09.27.2021;1
355;09.28.2021;9.4
355;09.29.2021;0
355;09.30.2021;40.3
355;10.01.2021;0
355;10.02.2021;0
355;10.03.2021;0
355;10.04.2021;0
355;10.05.2021;0
355;10.06.2021;1.4
355;10.07.2021;22
355;10.08.2021;13.6
355;10.09.2021;0
355;10.10.2021;0.8
355;10.11.2021;5.1
355;10.12.2021;0
355;10.13.2021;2.4
355;10.14.2021;0.1
355;10.15.2021;0
355;10.16.2021;0
355;10.17.2021;0
355;10.18.2021;0
355;10.19.2021;0
355;10.20.2021;0
355;10.21.2021;0
355;10.22.2021;4.3
355;10.23.2021;0.4
355;10.24.2021;0
355;10.25.2021;0
355;10.26.2021;0
355;10.27.2021;0
355;10.28.2021;0
355;10.29.2021;0
355;10.30.2021;0
355;10.31.2021;0
355;11.01.2021;0
355;11.02.2021;17.8
355;11.03.2021;2
355;11.04.2021;4.4
355;11.05.2021;0
355;11.06.2021;0
355;11.07.2021;0
355;11.08.2021;3.7
355;11.09.2021;4.4
355;11.10.2021;0
355;11.11.2021;0
355;11.12.2021;0.3
355;11.13.2021;0.2
355;11.14.2021;0.1
355;11.15.2021;2.8
355;11.16.2021;0
355;11.17.2021;0
355;11.18.2021;0.3
355;11.19.2021;0
355;11.20.2021;0
355;11.21.2021;0
355;11.22.2021;0.2
355;11.23.2021;0.5
355;11.24.2021;0
355;11.25.2021;0
355;11.26.2021;1.9
355;11.27.2021;16.8
355;11.28.2021;4.8
355;11.29.2021;13
355;11.30.2021;0.4
355;12.01.2021;0
355;12.02.2021;4.4
355;12.03.2021;14.4
355;12.04.2021;0
355;12.05.2021;0.5
355;12.06.2021;5.6
355;12.07.2021;0
355;12.08.2021;0
355;12.09.2021;6.9
355;12.10.2021;9.4
355;12.11.2021;0
355;12.12.2021;0
355;12.13.2021;0
355;12.14.2021;0.1
355;12.15.2021;0
355;12.16.2021;0
355;12.17.2021;0
355;12.18.2021;0
355;12.19.2021;0
355;12.20.2021;0
355;12.21.2021;0
355;12.22.2021;0
355;12.23.2021;0
355;12.24.2021;0
355;12.25.2021;0
355;12.26.2021;2.4
355;12.27.2021;0
355;12.28.2021;0
355;12.29.2021;5.9
355;12.30.2021;0.6
355;12.31.2021;0
355;01.01.2022;0
355;01.02.2022;0
355;01.03.2022;0
355;01.04.2022;0
355;01.05.2022;0
355;01.06.2022;25.4
355;01.07.2022;0
355;01.08.2022;0
355;01.09.2022;0
355;01.10.2022;0
355;01.11.2022;0
355;01.12.2022;0
355;01.13.2022;0
355;01.14.2022;0
355;01.15.2022;0
355;01.16.2022;0
355;01.17.2022;0
355;01.18.2022;0.2
355;01.19.2022;0
355;01.20.2022;0
355;01.21.2022;0
355;01.22.2022;0
355;01.23.2022;0
355;01.24.2022;1
355;01.25.2022;0.5
355;01.26.2022;0
355;01.27.2022;0
355;01.28.2022;0
355;01.29.2022;0
355;01.30.2022;0
355;01.31.2022;0
355;02.01.2022;0
355;02.02.2022;0
355;02.03.2022;0
355;02.04.2022;0
355;02.05.2022;0
355;02.06.2022;0
355;02.07.2022;2.3
355;02.08.2022;0
355;02.09.2022;0
355;02.10.2022;0
355;02.11.2022;0
355;02.12.2022;0
355;02.13.2022;0
355;02.14.2022;0
355;02.15.2022;0.1
355;02.16.2022;13.4
355;02.17.2022;0
355;02.18.2022;0
355;02.19.2022;0
355;02.20.2022;0
355;02.21.2022;0
355;02.22.2022;0.2
355;02.23.2022;0
355;02.24.2022;0
355;02.25.2022;0
355;02.26.2022;2.3
355;02.27.2022;1.7
355;02.28.2022;0
355;03.01.2022;0
355;03.02.2022;0
355;03.03.2022;0
355;03.04.2022;0
355;03.05.2022;0
355;03.06.2022;0
355;03.07.2022;0
355;03.08.2022;0
355;03.09.2022;0
355;03.10.2022;0
355;03.11.2022;0
355;03.12.2022;0
355;03.13.2022;0
355;03.14.2022;0
355;03.15.2022;0
355;03.16.2022;0
355;03.17.2022;0
355;03.18.2022;0
355;03.19.2022;0
355;03.20.2022;0
355;03.21.2022;0
355;03.22.2022;0
355;03.23.2022;0
355;03.24.2022;0
355;03.25.2022;0
355;03.26.2022;0
355;03.27.2022;0
355;03.28.2022;0
355;03.29.2022;0
355;03.30.2022;0
355;03.31.2022;4.8
355;04.01.2022;19.8
355;04.02.2022;2.8
355;04.03.2022;2.9
355;04.04.2022;0.2
355;04.05.2022;0
355;04.06.2022;0
355;04.07.2022;0
355;04.08.2022;0
355;04.09.2022;0
355;04.10.2022;12.5
355;04.11.2022;0
355;04.12.2022;0
355;04.13.2022;0
355;04.14.2022;0
355;04.15.2022;0
355;04.16.2022;2.9
355;04.17.2022;0
355;04.18.2022;0
355;04.19.2022;1
355;04.20.2022;10.6
355;04.21.2022;0
355;04.22.2022;1.7
355;04.23.2022;7.4
355;04.24.2022;0
355;04.25.2022;0
355;04.26.2022;0
355;04.27.2022;15.8
355;04.28.2022;2.1
355;04.29.2022;0
355;04.30.2022;0
355;05.01.2022;2.2
355;05.02.2022;0.9
355;05.03.2022;2.4
355;05.04.2022;0
355;05.05.2022;0
355;05.06.2022;0
355;05.07.2022;11.1
355;05.08.2022;3.6
355;05.09.2022;1.3
355;05.10.2022;3.3
355;05.11.2022;0
355;05.12.2022;0
355;05.13.2022;0
355;05.14.2022;1.3
355;05.15.2022;0
355;05.16.2022;0
355;05.17.2022;1.6
355;05.18.2022;0.1
355;05.19.2022;0
355;05.20.2022;0
355;05.21.2022;0
355;05.22.2022;0
355;05.23.2022;0
355;05.24.2022;4.7
355;05.25.2022;0
355;05.26.2022;28.6
355;05.27.2022;0
355;05.28.2022;14.6
355;05.29.2022;2.1
355;05.30.2022;2.6
355;05.31.2022;0.4
355;06.01.2022;0
355;06.02.2022;0
355;06.03.2022;1
355;06.04.2022;1.6
355;06.05.2022;3.1
355;06.06.2022;21.2
355;06.07.2022;0
355;06.08.2022;35.8
355;06.09.2022;1.8
355;06.10.2022;1.3
355;06.11.2022;0
355;06.12.2022;0
355;06.13.2022;0
355;06.14.2022;0.3
355;06.15.2022;0
355;06.16.2022;0
355;06.17.2022;1.8
355;06.18.2022;3.8
355;06.19.2022;0
355;06.20.2022;0
355;06.21.2022;0.6
355;06.22.2022;0
355;06.23.2022;32.6
355;06.24.2022;0.3
355;06.25.2022;0
355;06.26.2022;0
355;06.27.2022;0
355;06.28.2022;0
355;06.29.2022;0
355;06.30.2022;0
355;07.01.2022;0
355;07.02.2022;0
355;07.03.2022;0
355;07.04.2022;0
355;07.05.2022;24.2
355;07.06.2022;2
355;07.07.2022;0
355;07.08.2022;6.2
355;07.09.2022;0
355;07.10.2022;0
355;07.11.2022;0.8
355;07.12.2022;0
355;07.13.2022;0
355;07.14.2022;0.1
355;07.15.2022;0
355;07.16.2022;3
355;07.17.2022;1
355;07.18.2022;0
355;07.19.2022;0
355;07.20.2022;0
355;07.21.2022;0
355;07.22.2022;0
355;07.23.2022;0
355;07.24.2022;2.4
355;07.25.2022;0
355;07.26.2022;0
355;07.27.2022;2
355;07.28.2022;0.7
355;07.29.2022;0
355;07.30.2022;13.6
355;07.31.2022;17.4
355;08.01.2022;0
355;08.02.2022;3.4
355;08.03.2022;0
355;08.04.2022;0
355;08.05.2022;0
355;08.06.2022;0
355;08.07.2022;0
355;08.08.2022;0
355;08.09.2022;0.8
355;08.10.2022;0
355;08.11.2022;0
355;08.12.2022;0
355;08.13.2022;0
355;08.14.2022;7.4
355;08.15.2022;0
355;08.16.2022;0
355;08.17.2022;0
355;08.18.2022;0
355;08.19.2022;0
355;08.20.2022;3.6
355;08.21.2022;1.7
355;08.22.2022;7.6
355;08.23.2022;13.6
355;08.24.2022;0.1
355;08.25.2022;0
355;08.26.2022;0
355;08.27.2022;0
355;08.28.2022;26.7
355;08.29.2022;17.6
355;08.30.2022;0
355;08.31.2022;0
355;09.01.2022;9
355;09.02.2022;0
355;09.03.2022;0
355;09.04.2022;0
355;09.05.2022;0.3
355;09.06.2022;0
355;09.07.2022;7.6
355;09.08.2022;1.4
355;09.09.2022;2.2
355;09.10.2022;1.8
355;09.11.2022;2.7
355;09.12.2022;3.6
355;09.13.2022;0
355;09.14.2022;0
355;09.15.2022;0.8
355;09.16.2022;2.6
355;09.17.2022;24.9
355;09.18.2022;2.8
355;09.19.2022;1.4
355;09.20.2022;0
355;09.21.2022;0
355;09.22.2022;0
355;09.23.2022;0
355;09.24.2022;0
355;09.25.2022;0.7
355;09.26.2022;16.4
355;09.27.2022;3.9
355;09.28.2022;4.5
355;09.29.2022;3.4
355;09.30.2022;17.6
355;10.01.2022;1.4
355;10.02.2022;0.1
355;10.03.2022;1.8
355;10.04.2022;0
355;10.05.2022;0
355;10.06.2022;0
355;10.07.2022;0
355;10.08.2022;0
355;10.09.2022;0
355;10.10.2022;0
355;10.11.2022;0
355;10.12.2022;0
355;10.13.2022;0
355;10.14.2022;0
355;10.15.2022;0
355;10.16.2022;0
355;10.17.2022;0
355;10.18.2022;0
355;10.19.2022;0
355;10.20.2022;0
355;10.21.2022;0
355;10.22.2022;0
355;10.23.2022;5.6
355;10.24.2022;0
355;10.25.2022;1.4
355;10.26.2022;0.6
355;10.27.2022;0
355;10.28.2022;0
355;10.29.2022;0
355;10.30.2022;0
355;10.31.2022;0
355;11.01.2022;1
355;11.02.2022;0.2
355;11.03.2022;0.6
355;11.04.2022;0
355;11.05.2022;4.2
355;11.06.2022;0
355;11.07.2022;0
355;11.08.2022;0.4
355;11.09.2022;0
355;11.10.2022;0
355;11.11.2022;0.8
355;11.12.2022;0
355;11.13.2022;0
355;11.14.2022;0
355;11.15.2022;0.3
355;11.16.2022;0
355;11.17.2022;0.4
355;11.18.2022;0
355;11.19.2022;0.4
355;11.20.2022;8.6
355;11.21.2022;0.4
355;11.22.2022;0
355;11.23.2022;21.3
355;11.24.2022;0.6
355;11.25.2022;0
355;11.26.2022;0
355;11.27.2022;0
355;11.28.2022;0
355;11.29.2022;0
355;11.30.2022;0
355;12.01.2022;13.6
355;12.02.2022;3.4
355;12.03.2022;2.1
355;12.04.2022;1.6
355;12.05.2022;5.6
355;12.06.2022;6.6
355;12.07.2022;0
355;12.08.2022;0
355;12.09.2022;2.4
355;12.10.2022;8.4
355;12.11.2022;15.5
355;12.12.2022;0.1
355;12.13.2022;0
355;12.14.2022;0
355;12.15.2022;0
355;12.16.2022;6.4
355;12.17.2022;7.1
355;12.18.2022;0
355;12.19.2022;0
355;12.20.2022;0
355;12.21.2022;0
355;12.22.2022;0
355;12.23.2022;0
355;12.24.2022;0
355;12.25.2022;0
355;12.26.2022;0
355;12.27.2022;0
355;12.28.2022;0
355;12.29.2022;0
355;12.30.2022;0
355;12.31.2022;0
355;01.01.2023;0
355;01.02.2023;0
355;01.03.2023;0
355;01.04.2023;4.6
355;01.05.2023;0
355;01.06.2023;0
355;01.07.2023;0
355;01.08.2023;0
355;01.09.2023;0
355;01.10.2023;28.4
355;01.11.2023;0
355;01.12.2023;2.4
355;01.13.2023;0
355;01.14.2023;0
355;01.15.2023;0
355;01.16.2023;27.6
355;01.17.2023;9.7
355;01.18.2023;12.7
355;01.19.2023;8.8
355;01.20.2023;3.2
355;01.21.2023;0
355;01.22.2023;0.7
355;01.23.2023;1.7
355;01.24.2023;31.2
355;01.25.2023;2.6
355;01.26.2023;0
355;01.27.2023;0
355;01.28.2023;0.1
355;01.29.2023;0
355;01.30.2023;0
355;01.31.2023;0
355;02.01.2023;0
355;02.02.2023;0
355;02.03.2023;1.8
355;02.04.2023;0
355;02.05.2023;0.3
355;02.06.2023;0
355;02.07.2023;0
355;02.08.2023;0
355;02.09.2023;0
355;02.10.2023;0
355;02.11.2023;0
355;02.12.2023;0
355;02.13.2023;0
355;02.14.2023;0
355;02.15.2023;0
355;02.16.2023;0
355;02.17.2023;0
355;02.18.2023;0
355;02.19.2023;0
355;02.20.2023;0
355;02.21.2023;0
355;02.22.2023;0
355;02.23.2023;0
355;02.24.2023;0
355;02.25.2023;0
355;02.26.2023;4.9
355;02.27.2023;0
355;02.28.2023;0
355;03.01.2023;0
355;03.02.2023;0.3
355;03.03.2023;1.4
355;03.04.2023;0
355;03.05.2023;0
355;03.06.2023;0
355;03.07.2023;3.6
355;03.08.2023;1.6
355;03.09.2023;0
355;03.10.2023;0
355;03.11.2023;3.8
355;03.12.2023;0
355;03.13.2023;0
355;03.14.2023;0
355;03.15.2023;0
355;03.16.2023;0
355;03.17.2023;0
355;03.18.2023;0
355;03.19.2023;0
355;03.20.2023;0
355;03.21.2023;0.3
355;03.22.2023;0
355;03.23.2023;0
355;03.24.2023;0
355;03.25.2023;2.4
355;03.26.2023;4.8
355;03.27.2023;35.9
355;03.28.2023;0.1
355;03.29.2023;0
355;03.30.2023;0.1
355;03.31.2023;0.8
355;04.01.2023;2
355;04.02.2023;0.6
355;04.03.2023;0
355;04.04.2023;0
355;04.05.2023;0
355;04.06.2023;0
355;04.07.2023;0
355;04.08.2023;0
355;04.09.2023;2.7
355;04.10.2023;0.6
355;04.11.2023;0
355;04.12.2023;0.2
355;04.13.2023;0.6
355;04.14.2023;38.7
355;04.15.2023;11.6
355;04.16.2023;1.8
355;04.17.2023;2
355;04.18.2023;0
355;04.19.2023;0.2
355;04.20.2023;1.3
355;04.21.2023;0
355;04.22.2023;0
355;04.23.2023;0
355;04.24.2023;0
355;04.25.2023;6.8
355;04.26.2023;0
355;04.27.2023;0
355;04.28.2023;0
355;04.29.2023;0
355;04.30.2023;1
355;05.01.2023;0.6
355;05.02.2023;0.8
355;05.03.2023;12.2
355;05.04.2023;0.2
355;05.05.2023;0
355;05.06.2023;0
355;05.07.2023;0
355;05.08.2023;4.2
355;05.09.2023;0
355;05.10.2023;0
355;05.11.2023;0.1
355;05.12.2023;17.9
355;05.13.2023;7.4
355;05.14.2023;10.7
355;05.15.2023;15.9
355;05.16.2023;1.5
355;05.17.2023;44.1
355;05.18.2023;8.4
355;05.19.2023;0
355;05.20.2023;0
355;05.21.2023;0.9
355;05.22.2023;0
355;05.23.2023;0
355;05.24.2023;0.5
355;05.25.2023;0.4
355;05.26.2023;0
355;05.27.2023;0
355;05.28.2023;0
355;05.29.2023;0
355;05.30.2023;0
355;05.31.2023;0
355;06.01.2023;1.4
355;06.02.2023;0
355;06.03.2023;0
355;06.04.2023;1.5
355;06.05.2023;0.9
355;06.06.2023;6.6
355;06.07.2023;0.1
355;06.08.2023;0
355;06.09.2023;26.4
355;06.10.2023;0.3
355;06.11.2023;1.5
355;06.12.2023;1.6
355;06.13.2023;0
355;06.14.2023;0
355;06.15.2023;0
355;06.16.2023;0
355;06.17.2023;0
355;06.18.2023;0
355;06.19.2023;0
355;06.20.2023;0
355;06.21.2023;0
355;06.22.2023;2.4
355;06.23.2023;0
355;06.24.2023;16.4
355;06.25.2023;0
355;06.26.2023;0
355;06.27.2023;0
355;06.28.2023;22.6
355;06.29.2023;3.1
355;06.30.2023;0
355;07.01.2023;0
355;07.02.2023;5.8
355;07.03.2023;0
355;07.04.2023;7.4
355;07.05.2023;0
355;07.06.2023;1.8
355;07.07.2023;0
355;07.08.2023;0
355;07.09.2023;0
355;07.10.2023;0
355;07.11.2023;0
355;07.12.2023;0.9
355;07.13.2023;17.6
355;07.14.2023;19.6
355;07.15.2023;0
355;07.16.2023;0
355;07.17.2023;0
355;07.18.2023;1.1
355;07.19.2023;11.6
355;07.20.2023;3.3
355;07.21.2023;9.4
355;07.22.2023;5.6
355;07.23.2023;23.4
355;07.24.2023;0
355;07.25.2023;15.9
355;07.26.2023;33.4
355;07.27.2023;0.4
355;07.28.2023;0
355;07.29.2023;0
355;07.30.2023;3.4
355;07.31.2023;3.3
355;08.01.2023;0
355;08.02.2023;23.8
355;08.03.2023;0
355;08.04.2023;29.9
355;08.05.2023;31.1
355;08.06.2023;15.4
355;08.07.2023;2.7
355;08.08.2023;0
355;08.09.2023;0
355;08.10.2023;4.6
355;08.11.2023;6
355;08.12.2023;0
355;08.13.2023;0
355;08.14.2023;0
355;08.15.2023;0
355;08.16.2023;0
355;08.17.2023;0
355;08.18.2023;0
355;08.19.2023;0
355;08.20.2023;0
355;08.21.2023;0
355;08.22.2023;0
355;08.23.2023;0
355;08.24.2023;0
355;08.25.2023;0
355;08.26.2023;0
355;08.27.2023;0
355;08.28.2023;0
355;08.29.2023;1.4
355;08.30.2023;13.5
355;08.31.2023;8.4
355;09.01.2023;0
355;09.02.2023;0
355;09.03.2023;0
355;09.04.2023;0
355;09.05.2023;0
355;09.06.2023;0
355;09.07.2023;0
355;09.08.2023;0
355;09.09.2023;0
355;09.10.2023;0
355;09.11.2023;0
355;09.12.2023;0
355;09.13.2023;0
355;09.14.2023;0
355;09.15.2023;0.7
355;09.16.2023;0
355;09.17.2023;0
355;09.18.2023;0
355;09.19.2023;4
355;09.20.2023;0.6
355;09.21.2023;0
355;09.22.2023;0
355;09.23.2023;6.4
355;09.24.2023;18.1
355;09.25.2023;2.1
355;09.26.2023;0
355;09.27.2023;0
355;09.28.2023;0
355;09.29.2023;0
355;09.30.2023;0
355;10.01.2023;0
355;10.02.2023;0
355;10.03.2023;0
355;10.04.2023;0
355;10.05.2023;0
355;10.06.2023;0
355;10.07.2023;0
355;10.08.2023;0
355;10.09.2023;0
355;10.10.2023;0
355;10.11.2023;0
355;10.12.2023;0
355;10.13.2023;0
355;10.14.2023;0
355;10.15.2023;8.4
355;10.16.2023;3.3
355;10.17.2023;0
355;10.18.2023;0
355;10.19.2023;0
355;10.20.2023;0.5
355;10.21.2023;0.5
355;10.22.2023;0.2
355;10.23.2023;0
355;10.24.2023;0
355;10.25.2023;12.3
355;10.26.2023;0
355;10.27.2023;3.5
355;10.28.2023;24.5
355;10.29.2023;0.5
355;10.30.2023;0
355;10.31.2023;0.8
355;11.01.2023;25.6
355;11.02.2023;0
355;11.03.2023;7.8
355;11.04.2023;9.4
355;11.05.2023;6
355;11.06.2023;9.7
355;11.07.2023;0
355;11.08.2023;0
355;11.09.2023;0
355;11.10.2023;3.7
355;11.11.2023;7.8
355;11.12.2023;2.7
355;11.13.2023;0
355;11.14.2023;0
355;11.15.2023;0.7
355;11.16.2023;0
355;11.17.2023;0
355;11.18.2023;0
355;11.19.2023;0
355;11.20.2023;0
355;11.21.2023;2.7
355;11.22.2023;0.7
355;11.23.2023;0
355;11.24.2023;0
355;11.25.2023;0.4
355;11.26.2023;0
355;11.27.2023;0
355;11.28.2023;2.4
355;11.29.2023;2.7
355;11.30.2023;0
355;12.01.2023;2.8
355;12.02.2023;2.9
355;12.03.2023;20.1
355;12.04.2023;0
355;12.05.2023;0
355;12.06.2023;8.5
355;12.07.2023;1.8
355;12.08.2023;0
355;12.09.2023;0
355;12.10.2023;3.5
355;12.11.2023;0
355;12.12.2023;0
355;12.13.2023;7.8
355;12.14.2023;27.6
355;12.15.2023;0.2
355;12.16.2023;0
355;12.17.2023;0
355;12.18.2023;0
355;12.19.2023;0
355;12.20.2023;0
355;12.21.2023;0
355;12.22.2023;0
355;12.23.2023;0
355;12.24.2023;0
355;12.25.2023;0
355;12.26.2023;0
355;12.27.2023;0
355;12.28.2023;0
355;12.29.2023;0
355;12.30.2023;0
355;12.31.2023;0
